"1998 - 1999 County to County Migration Inflow",,,,,,,,
"(Aggregate money amounts are in thousands of dollars)",,,,,,,,
,,,,,,,,
,,,,,,,,
"Migration into",,"Migration from",,,,Number,Number,Aggregate
Maryland,,,,,,of,of,adjusted
State,County,State,County,State,"State totals, county totals,",returns,exemptions,gross
"FIPS Code",,,,,"and county by county detail",,,income
24,000,96,000,MD,"Total Mig - US & For",150327,280180,6097114
24,000,97,000,MD,"Total Mig - US",144930,270316,5966017
24,000,97,001,MD,"Total Mig - US Same St",75516,142090,2981187
24,000,97,003,MD,"Total Mig - US Diff St",69414,128226,2984829
24,000,98,000,MD,"Total Mig - Foreign",5397,9864,131098
24,001,96,000,MD,"Allegany County Tot Mig-US & For",943,1837,27313
24,001,97,000,MD,"Allegany County Tot Mig-US",933,1814,26973
24,001,97,001,MD,"Allegany County Tot Mig-Same St",285,522,8050
24,001,97,003,MD,"Allegany County Tot Mig-Diff St",648,1292,18923
24,001,98,000,MD,"Allegany County Tot Mig-Foreign",10,23,340
24,001,24,001,MD,"Allegany County Non-Migrants",24613,53230,862989
24,001,54,057,WV,"Mineral County",135,288,3595
24,001,24,023,MD,"Garrett County",68,120,2001
24,001,24,043,MD,"Washington County",55,111,1443
24,001,42,009,PA,"Bedford County",33,64,776
24,001,24,005,MD,"Baltimore County",22,44,797
24,001,24,031,MD,"Montgomery County",21,39,723
24,001,24,510,MD,Baltimore,20,30,478
24,001,24,003,MD,"Anne Arundel County",19,45,610
24,001,24,021,MD,"Frederick County",19,31,399
24,001,51,069,VA,"Frederick County",15,27,156
24,001,54,027,WV,"Hampshire County",14,23,364
24,001,42,111,PA,"Somerset County",13,18,232
24,001,24,033,MD,"Prince George's Coun",12,20,390
24,001,58,000,SS,"Other Flows - Same State",49,82,1209
24,001,59,000,DS,"Other Flows - Diff State",438,872,13800
24,001,59,001,DS,"Other Flows - Northeast",94,169,2905
24,001,59,003,DS,"Other Flows - Midwest",68,132,1925
24,001,59,005,DS,"Other Flows - South",245,507,7790
24,001,59,007,DS,"Other Flows - West",31,64,1179
24,001,57,009,FR,"Foreign - Other flows",10,23,340
24,003,96,000,MD,"Anne Arundel Co Tot Mig-US & For",16039,30511,745228
24,003,97,000,MD,"Anne Arundel Co Tot Mig-US",15398,28995,721014
24,003,97,001,MD,"Anne Arundel Co Tot Mig-Same St",8215,15090,373219
24,003,97,003,MD,"Anne Arundel Co Tot Mig-Diff St",7183,13905,347794
24,003,98,000,MD,"Anne Arundel Co Tot Mig-Foreign",641,1516,24214
24,003,24,003,MD,"Anne Arundel Co Non-Migrants",175355,380727,10227946
24,003,24,033,MD,"Prince George's Coun",2437,4591,115610
24,003,24,005,MD,"Baltimore County",1482,2687,57826
24,003,24,510,MD,Baltimore,1197,2399,42004
24,003,24,027,MD,"Howard County",946,1732,47329
24,003,24,031,MD,"Montgomery County",706,1190,48190
24,003,57,005,FR,"Foreign - APO/FPO ZIPs",570,1391,20465
24,003,24,009,MD,"Calvert County",324,552,11740
24,003,51,059,VA,"Fairfax County",314,572,21498
24,003,11,001,DC,"District Of Columbia",240,423,15494
24,003,24,035,MD,"Queen Anne's County",206,355,11623
24,003,24,017,MD,"Charles County",165,289,9030
24,003,24,025,MD,"Harford County",150,266,6939
24,003,15,003,HI,"Honolulu County",134,406,5565
24,003,24,013,MD,"Carroll County",123,210,5091
24,003,06,073,CA,"San Diego County",94,205,4245
24,003,51,013,VA,"Arlington County",91,131,5411
24,003,51,153,VA,"Prince William Count",80,167,4235
24,003,24,021,MD,"Frederick County",78,133,4418
24,003,51,810,VA,"Virginia Beach",76,205,3274
24,003,51,510,VA,Alexandria,74,109,4790
24,003,42,003,PA,"Allegheny County",72,108,4254
24,003,06,053,CA,"Monterey County",69,156,2212
24,003,12,033,FL,"Escambia County",68,142,1735
24,003,37,051,NC,"Cumberland County",68,184,2102
24,003,48,029,TX,"Bexar County",68,154,3214
24,003,24,037,MD,"St Mary's County",64,127,2414
24,003,12,011,FL,"Broward County",63,133,3092
24,003,24,041,MD,"Talbot County",62,100,2517
24,003,57,001,FR,"Foreign - Overseas",60,102,3306
24,003,24,045,MD,"Wicomico County",55,97,2380
24,003,06,037,CA,"Los Angeles County",53,92,2595
24,003,04,013,AZ,"Maricopa County",51,115,2425
24,003,12,031,FL,"Duval County",51,102,2124
24,003,17,031,IL,"Cook County",51,83,2328
24,003,10,003,DE,"New Castle County",49,83,1925
24,003,48,201,TX,"Harris County",49,92,4594
24,003,44,005,RI,"Newport County",48,65,1191
24,003,08,041,CO,"El Paso County",47,118,2252
24,003,42,091,PA,"Montgomery County",47,81,2070
24,003,25,017,MA,"Middlesex County",44,85,2934
24,003,24,047,MD,"Worcester County",43,67,1346
24,003,04,003,AZ,"Cochise County",40,86,1157
24,003,36,103,NY,"Suffolk County",39,81,3282
24,003,51,710,VA,Norfolk,39,80,1543
24,003,24,011,MD,"Caroline County",38,63,1054
24,003,42,029,PA,"Chester County",38,67,2508
24,003,42,133,PA,"York County",38,70,1549
24,003,10,005,DE,"Sussex County",37,53,1106
24,003,12,057,FL,"Hillsborough County",37,70,6598
24,003,12,099,FL,"Palm Beach County",37,61,2679
24,003,36,061,NY,"New York County",37,59,2959
24,003,24,029,MD,"Kent County",36,49,790
24,003,42,101,PA,"Philadelphia County",35,61,1102
24,003,48,027,TX,"Bell County",35,82,1085
24,003,48,113,TX,"Dallas County",35,66,1942
24,003,06,059,CA,"Orange County",34,63,2955
24,003,12,025,FL,"Dade County",33,56,1207
24,003,39,035,OH,"Cuyahoga County",33,43,1437
24,003,48,451,TX,"Tom Green County",33,62,733
24,003,12,103,FL,"Pinellas County",32,53,796
24,003,42,045,PA,"Delaware County",32,56,1489
24,003,34,025,NJ,"Monmouth County",31,70,1119
24,003,37,183,NC,"Wake County",31,52,1416
24,003,42,017,PA,"Bucks County",31,74,2486
24,003,13,245,GA,"Richmond County",30,67,822
24,003,37,133,NC,"Onslow County",30,70,888
24,003,53,033,WA,"King County",30,56,1331
24,003,09,001,CT,"Fairfield County",29,55,2885
24,003,36,047,NY,"Kings County",29,54,794
24,003,36,059,NY,"Nassau County",29,62,1487
24,003,36,081,NY,"Queens County",29,52,644
24,003,24,019,MD,"Dorchester County",28,49,601
24,003,37,119,NC,"Mecklenburg County",28,62,1789
24,003,48,439,TX,"Tarrant County",28,48,1840
24,003,12,009,FL,"Brevard County",27,57,1370
24,003,26,125,MI,"Oakland County",27,56,1721
24,003,34,005,NJ,"Burlington County",27,50,1413
24,003,36,067,NY,"Onondaga County",27,49,1016
24,003,51,107,VA,"Loudoun County",27,55,2012
24,003,48,141,TX,"El Paso County",26,74,890
24,003,12,095,FL,"Orange County",25,43,1841
24,003,13,121,GA,"Fulton County",25,41,1546
24,003,24,001,MD,"Allegany County",25,47,804
24,003,34,007,NJ,"Camden County",25,40,1276
24,003,34,023,NJ,"Middlesex County",24,49,1177
24,003,36,029,NY,"Erie County",24,37,1077
24,003,51,700,VA,"Newport News",24,65,905
24,003,39,049,OH,"Franklin County",23,44,1336
24,003,51,087,VA,"Henrico County",23,39,1209
24,003,06,071,CA,"San Bernardino Count",22,53,669
24,003,09,009,CT,"New Haven County",22,42,1281
24,003,12,127,FL,"Volusia County",22,32,851
24,003,32,003,NV,"Clark County",22,43,928
24,003,42,071,PA,"Lancaster County",22,38,803
24,003,51,041,VA,"Chesterfield County",22,43,1068
24,003,06,001,CA,"Alameda County",21,39,1081
24,003,13,067,GA,"Cobb County",21,35,810
24,003,42,043,PA,"Dauphin County",21,34,757
24,003,51,550,VA,Chesapeake,21,50,621
24,003,06,075,CA,"San Francisco County",20,32,1161
24,003,10,001,DE,"Kent County",20,37,766
24,003,33,015,NH,"Rockingham County",20,38,1474
24,003,34,003,NJ,"Bergen County",20,30,913
24,003,34,027,NJ,"Morris County",20,38,1450
24,003,35,001,NM,"Bernalillo County",20,38,936
24,003,36,045,NY,"Jefferson County",20,60,939
24,003,36,119,NY,"Westchester County",20,37,1449
24,003,39,061,OH,"Hamilton County",20,35,1063
24,003,02,020,AK,"Anchorage Borough",19,60,799
24,003,13,089,GA,"De Kalb County",19,31,1159
24,003,25,021,MA,"Norfolk County",19,33,995
24,003,42,041,PA,"Cumberland County",19,34,976
24,003,51,650,VA,Hampton,19,31,593
24,003,12,087,FL,"Monroe County",18,40,526
24,003,24,015,MD,"Cecil County",18,33,676
24,003,24,043,MD,"Washington County",18,33,574
24,003,26,163,MI,"Wayne County",18,38,767
24,003,34,013,NJ,"Essex County",18,35,1006
24,003,34,029,NJ,"Ocean County",18,22,699
24,003,45,019,SC,"Charleston County",18,28,514
24,003,04,019,AZ,"Pima County",17,39,796
24,003,06,085,CA,"Santa Clara County",17,37,738
24,003,09,003,CT,"Hartford County",17,30,1659
24,003,12,101,FL,"Pasco County",17,23,499
24,003,25,009,MA,"Essex County",17,30,1197
24,003,27,053,MN,"Hennepin County",17,31,1624
24,003,36,055,NY,"Monroe County",17,25,966
24,003,48,085,TX,"Collin County",17,31,898
24,003,53,053,WA,"Pierce County",17,40,910
24,003,09,011,CT,"New London County",16,35,627
24,003,12,115,FL,"Sarasota County",16,22,590
24,003,25,025,MA,"Suffolk County",16,19,806
24,003,34,031,NJ,"Passaic County",16,33,873
24,003,39,113,OH,"Montgomery County",16,26,671
24,003,42,027,PA,"Centre County",16,34,593
24,003,48,121,TX,"Denton County",16,28,918
24,003,08,059,CO,"Jefferson County",15,28,607
24,003,36,005,NY,"Bronx County",15,31,257
24,003,36,071,NY,"Orange County",15,28,508
24,003,42,055,PA,"Franklin County",15,24,520
24,003,45,051,SC,"Horry County",15,25,538
24,003,47,157,TN,"Shelby County",15,27,845
24,003,12,001,FL,"Alachua County",14,17,346
24,003,12,117,FL,"Seminole County",14,32,701
24,003,21,111,KY,"Jefferson County",14,20,691
24,003,34,021,NJ,"Mercer County",14,26,969
24,003,34,035,NJ,"Somerset County",14,29,1129
24,003,37,063,NC,"Durham County",14,24,523
24,003,42,011,PA,"Berks County",14,17,458
24,003,42,049,PA,"Erie County",14,27,368
24,003,42,077,PA,"Lehigh County",14,19,430
24,003,12,019,FL,"Clay County",13,29,553
24,003,12,109,FL,"St Johns County",13,21,589
24,003,12,111,FL,"St Lucie County",13,26,437
24,003,13,051,GA,"Chatham County",13,24,512
24,003,13,215,GA,"Muscogee County",13,35,403
24,003,26,099,MI,"Macomb County",13,30,666
24,003,28,047,MS,"Harrison County",13,32,479
24,003,34,017,NJ,"Hudson County",13,22,606
24,003,36,085,NY,"Richmond County",13,23,626
24,003,42,001,PA,"Adams County",13,17,333
24,003,06,067,CA,"Sacramento County",12,25,370
24,003,13,135,GA,"Gwinnett County",12,18,331
24,003,21,047,KY,"Christian County",12,40,306
24,003,22,051,LA,"Jefferson Parish",12,19,439
24,003,22,103,LA,"St Tammany Parish",12,36,536
24,003,23,005,ME,"Cumberland County",12,23,711
24,003,25,027,MA,"Worcester County",12,23,636
24,003,29,095,MO,"Jackson County",12,19,920
24,003,29,189,MO,"St Louis County",12,26,1620
24,003,34,039,NJ,"Union County",12,19,645
24,003,37,049,NC,"Craven County",12,25,536
24,003,37,067,NC,"Forsyth County",12,34,1880
24,003,37,081,NC,"Guilford County",12,22,640
24,003,40,031,OK,"Comanche County",12,43,491
24,003,42,021,PA,"Cambria County",12,22,524
24,003,01,097,AL,"Mobile County",11,26,333
24,003,06,013,CA,"Contra Costa County",11,23,1095
24,003,06,019,CA,"Fresno County",11,20,393
24,003,08,031,CO,"Denver County",11,18,611
24,003,09,007,CT,"Middlesex County",11,20,595
24,003,12,071,FL,"Lee County",11,13,173
24,003,17,097,IL,"Lake County",11,25,2172
24,003,22,071,LA,"Orleans Parish",11,29,334
24,003,25,001,MA,"Barnstable County",11,28,646
24,003,25,023,MA,"Plymouth County",11,17,549
24,003,36,027,NY,"Dutchess County",11,20,421
24,003,41,051,OR,"Multnomah County",11,16,357
24,003,45,063,SC,"Lexington County",11,23,480
24,003,45,079,SC,"Richland County",11,21,395
24,003,47,037,TN,"Davidson County",11,17,512
24,003,51,760,VA,Richmond,11,17,376
24,003,54,003,WV,"Berkeley County",11,22,403
24,003,01,089,AL,"Madison County",10,19,304
24,003,02,090,AK,"Fairbanks North Star",10,32,373
24,003,06,081,CA,"San Mateo County",10,14,1412
24,003,06,111,CA,"Ventura County",10,22,683
24,003,12,091,FL,"Okaloosa County",10,27,288
24,003,13,179,GA,"Liberty County",10,29,324
24,003,17,043,IL,"Du Page County",10,18,979
24,003,31,153,NE,"Sarpy County",10,35,691
24,003,33,011,NH,"Hillsborough County",10,26,578
24,003,39,153,OH,"Summit County",10,18,829
24,003,40,143,OK,"Tulsa County",10,21,2338
24,003,42,069,PA,"Lackawanna County",10,15,273
24,003,42,095,PA,"Northampton County",10,17,460
24,003,48,355,TX,"Nueces County",10,29,640
24,003,48,453,TX,"Travis County",10,18,1262
24,003,51,003,VA,"Albemarle County",10,15,414
24,003,51,179,VA,"Stafford County",10,16,636
24,003,54,039,WV,"Kanawha County",10,17,712
24,003,54,061,WV,"Monongalia County",10,19,298
24,003,58,000,SS,"Other Flows - Same State",14,21,262
24,003,59,000,DS,"Other Flows - Diff State",2080,3926,80375
24,003,59,001,DS,"Other Flows - Northeast",376,635,15173
24,003,59,003,DS,"Other Flows - Midwest",460,864,20031
24,003,59,005,DS,"Other Flows - South",955,1852,34096
24,003,59,007,DS,"Other Flows - West",289,575,11075
24,003,57,009,FR,"Foreign - Other flows",11,23,444
24,005,96,000,MD,"Baltimore Count Tot Mig-US & For",22441,40473,828292
24,005,97,000,MD,"Baltimore Count Tot Mig-US",21982,39780,819634
24,005,97,001,MD,"Baltimore Count Tot Mig-Same St",15460,28854,554996
24,005,97,003,MD,"Baltimore Count Tot Mig-Diff St",6522,10926,264638
24,005,98,000,MD,"Baltimore Count Tot Mig-Foreign",459,693,8659
24,005,24,005,MD,"Baltimore Count Non-Migrants",282273,587841,15274186
24,005,24,510,MD,Baltimore,9335,18693,323913
24,005,24,003,MD,"Anne Arundel County",1424,2430,49292
24,005,24,025,MD,"Harford County",1267,2189,49879
24,005,24,027,MD,"Howard County",1260,2087,56132
24,005,24,013,MD,"Carroll County",729,1186,26075
24,005,24,033,MD,"Prince George's Coun",406,687,13653
24,005,24,031,MD,"Montgomery County",392,593,16152
24,005,42,133,PA,"York County",263,434,9167
24,005,24,021,MD,"Frederick County",125,184,4362
24,005,51,059,VA,"Fairfax County",118,190,6288
24,005,42,003,PA,"Allegheny County",110,161,4619
24,005,10,003,DE,"New Castle County",96,139,4055
24,005,42,101,PA,"Philadelphia County",96,156,2748
24,005,11,001,DC,"District Of Columbia",93,127,3046
24,005,57,005,FR,"Foreign - APO/FPO ZIPs",84,162,2493
24,005,17,031,IL,"Cook County",83,172,5317
24,005,36,081,NY,"Queens County",83,160,2237
24,005,06,037,CA,"Los Angeles County",81,139,3858
24,005,24,047,MD,"Worcester County",79,107,2299
24,005,36,047,NY,"Kings County",74,140,2099
24,005,42,091,PA,"Montgomery County",74,136,4756
24,005,12,011,FL,"Broward County",69,107,2547
24,005,24,045,MD,"Wicomico County",67,119,1886
24,005,36,061,NY,"New York County",66,87,3919
24,005,36,103,NY,"Suffolk County",65,105,2458
24,005,36,059,NY,"Nassau County",61,96,1822
24,005,42,029,PA,"Chester County",61,97,3408
24,005,24,015,MD,"Cecil County",59,87,1623
24,005,42,071,PA,"Lancaster County",56,84,1618
24,005,25,017,MA,"Middlesex County",54,90,2904
24,005,06,073,CA,"San Diego County",52,85,1735
24,005,34,023,NJ,"Middlesex County",51,80,2469
24,005,36,005,NY,"Bronx County",48,79,958
24,005,24,017,MD,"Charles County",47,67,1168
24,005,36,029,NY,"Erie County",46,64,1288
24,005,34,013,NJ,"Essex County",45,83,1848
24,005,34,003,NJ,"Bergen County",44,74,2185
24,005,36,119,NY,"Westchester County",44,64,2030
24,005,48,201,TX,"Harris County",44,83,1860
24,005,42,043,PA,"Dauphin County",43,60,1244
24,005,51,810,VA,"Virginia Beach",42,89,1896
24,005,34,005,NJ,"Burlington County",41,65,1748
24,005,34,027,NJ,"Morris County",41,64,2126
24,005,36,055,NY,"Monroe County",41,83,1421
24,005,42,001,PA,"Adams County",41,56,1383
24,005,09,001,CT,"Fairfield County",39,73,1908
24,005,42,041,PA,"Cumberland County",39,50,2427
24,005,42,045,PA,"Delaware County",38,64,1876
24,005,34,007,NJ,"Camden County",37,60,1445
24,005,42,017,PA,"Bucks County",37,59,1803
24,005,51,013,VA,"Arlington County",36,64,1788
24,005,10,005,DE,"Sussex County",35,59,1021
24,005,39,035,OH,"Cuyahoga County",35,48,1256
24,005,51,153,VA,"Prince William Count",35,57,1329
24,005,12,099,FL,"Palm Beach County",34,60,1894
24,005,24,009,MD,"Calvert County",34,39,977
24,005,24,035,MD,"Queen Anne's County",34,48,1177
24,005,24,037,MD,"St Mary's County",34,62,1068
24,005,24,041,MD,"Talbot County",34,56,1272
24,005,24,043,MD,"Washington County",34,53,1044
24,005,37,119,NC,"Mecklenburg County",34,52,2020
24,005,04,013,AZ,"Maricopa County",33,73,1634
24,005,51,087,VA,"Henrico County",33,58,1788
24,005,24,001,MD,"Allegany County",32,54,811
24,005,37,183,NC,"Wake County",32,63,1660
24,005,12,103,FL,"Pinellas County",31,53,1526
24,005,25,025,MA,"Suffolk County",31,44,1062
24,005,37,081,NC,"Guilford County",31,50,2544
24,005,09,003,CT,"Hartford County",30,47,1955
24,005,13,121,GA,"Fulton County",30,53,2163
24,005,51,710,VA,Norfolk,30,55,541
24,005,42,077,PA,"Lehigh County",29,42,1027
24,005,51,760,VA,Richmond,29,45,1048
24,005,12,025,FL,"Dade County",28,44,706
24,005,13,089,GA,"De Kalb County",27,39,783
24,005,25,021,MA,"Norfolk County",27,46,1317
24,005,36,067,NY,"Onondaga County",27,35,715
24,005,12,031,FL,"Duval County",26,47,1026
24,005,12,057,FL,"Hillsborough County",26,44,1213
24,005,12,095,FL,"Orange County",26,47,1226
24,005,42,079,PA,"Luzerne County",26,31,841
24,005,09,009,CT,"New Haven County",25,42,1362
24,005,34,025,NJ,"Monmouth County",25,33,1032
24,005,48,113,TX,"Dallas County",25,45,911
24,005,29,189,MO,"St Louis County",24,46,2985
24,005,39,049,OH,"Franklin County",24,33,1104
24,005,39,061,OH,"Hamilton County",24,40,1542
24,005,48,029,TX,"Bexar County",24,47,873
24,005,13,135,GA,"Gwinnett County",23,49,1438
24,005,34,021,NJ,"Mercer County",23,32,843
24,005,06,001,CA,"Alameda County",22,29,857
24,005,12,127,FL,"Volusia County",22,37,584
24,005,13,067,GA,"Cobb County",22,51,861
24,005,26,125,MI,"Oakland County",22,33,1325
24,005,37,051,NC,"Cumberland County",22,42,482
24,005,42,011,PA,"Berks County",22,35,773
24,005,10,001,DE,"Kent County",21,29,390
24,005,25,009,MA,"Essex County",21,32,621
24,005,26,163,MI,"Wayne County",21,38,1306
24,005,37,133,NC,"Onslow County",21,32,343
24,005,42,055,PA,"Franklin County",21,33,587
24,005,48,439,TX,"Tarrant County",21,44,1066
24,005,15,003,HI,"Honolulu County",20,39,678
24,005,42,069,PA,"Lackawanna County",20,29,674
24,005,51,700,VA,"Newport News",20,30,476
24,005,06,059,CA,"Orange County",19,28,662
24,005,06,075,CA,"San Francisco County",19,29,638
24,005,24,029,MD,"Kent County",19,26,695
24,005,37,067,NC,"Forsyth County",19,29,759
24,005,42,027,PA,"Centre County",19,27,532
24,005,48,027,TX,"Bell County",19,37,382
24,005,12,071,FL,"Lee County",18,33,670
24,005,37,063,NC,"Durham County",18,32,987
24,005,51,510,VA,Alexandria,18,24,663
24,005,18,097,IN,"Marion County",17,27,698
24,005,21,111,KY,"Jefferson County",17,32,733
24,005,32,003,NV,"Clark County",17,32,430
24,005,34,035,NJ,"Somerset County",17,38,1814
24,005,36,007,NY,"Broome County",17,23,622
24,005,47,037,TN,"Davidson County",16,33,556
24,005,54,061,WV,"Monongalia County",16,21,465
24,005,22,051,LA,"Jefferson Parish",15,31,737
24,005,24,023,MD,"Garrett County",15,23,383
24,005,24,039,MD,"Somerset County",15,34,513
24,005,34,029,NJ,"Ocean County",15,29,501
24,005,34,031,NJ,"Passaic County",15,29,632
24,005,34,039,NJ,"Union County",15,30,1064
24,005,42,129,PA,"Westmoreland County",15,25,418
24,005,51,041,VA,"Chesterfield County",15,35,734
24,005,53,033,WA,"King County",15,27,1426
24,005,12,101,FL,"Pasco County",14,25,518
24,005,33,011,NH,"Hillsborough County",14,16,487
24,005,34,009,NJ,"Cape May County",14,19,507
24,005,35,001,NM,"Bernalillo County",14,25,488
24,005,36,001,NY,"Albany County",14,21,472
24,005,08,013,CO,"Boulder County",13,22,596
24,005,12,009,FL,"Brevard County",13,28,991
24,005,44,007,RI,"Providence County",13,23,367
24,005,48,453,TX,"Travis County",13,29,907
24,005,51,003,VA,"Albemarle County",13,17,385
24,005,51,650,VA,Hampton,13,19,276
24,005,06,085,CA,"Santa Clara County",12,27,1223
24,005,12,115,FL,"Sarasota County",12,16,396
24,005,22,071,LA,"Orleans Parish",12,22,370
24,005,29,095,MO,"Jackson County",12,15,550
24,005,34,001,NJ,"Atlantic County",12,14,276
24,005,34,017,NJ,"Hudson County",12,25,426
24,005,42,081,PA,"Lycoming County",12,16,287
24,005,55,079,WI,"Milwaukee County",12,19,379
24,005,01,073,AL,"Jefferson County",11,18,510
24,005,06,071,CA,"San Bernardino Count",11,21,361
24,005,08,005,CO,"Arapahoe County",11,16,242
24,005,08,041,CO,"El Paso County",11,28,311
24,005,09,011,CT,"New London County",11,20,230
24,005,12,087,FL,"Monroe County",11,22,348
24,005,17,043,IL,"Du Page County",11,20,872
24,005,31,055,NE,"Douglas County",11,21,446
24,005,36,027,NY,"Dutchess County",11,15,414
24,005,36,065,NY,"Oneida County",11,16,312
24,005,36,085,NY,"Richmond County",11,17,438
24,005,36,101,NY,"Steuben County",11,17,246
24,005,39,153,OH,"Summit County",11,22,550
24,005,45,079,SC,"Richland County",11,34,627
24,005,49,035,UT,"Salt Lake County",11,19,642
24,005,51,107,VA,"Loudoun County",11,16,561
24,005,51,550,VA,Chesapeake,11,26,464
24,005,04,019,AZ,"Pima County",10,18,177
24,005,12,097,FL,"Osceola County",10,17,227
24,005,17,097,IL,"Lake County",10,22,643
24,005,25,027,MA,"Worcester County",10,12,346
24,005,26,099,MI,"Macomb County",10,15,410
24,005,26,161,MI,"Washtenaw County",10,21,357
24,005,36,087,NY,"Rockland County",10,12,239
24,005,42,013,PA,"Blair County",10,12,286
24,005,42,095,PA,"Northampton County",10,18,323
24,005,45,045,SC,"Greenville County",10,23,588
24,005,47,157,TN,"Shelby County",10,15,468
24,005,51,121,VA,"Montgomery County",10,15,227
24,005,58,000,SS,"Other Flows - Same State",19,30,621
24,005,59,000,DS,"Other Flows - Diff State",1888,3218,69037
24,005,59,001,DS,"Other Flows - Northeast",442,659,17120
24,005,59,003,DS,"Other Flows - Midwest",374,638,15340
24,005,59,005,DS,"Other Flows - South",843,1516,27246
24,005,59,007,DS,"Other Flows - West",229,405,9331
24,005,57,009,FR,"Foreign - Other flows",375,531,6166
24,009,96,000,MD,"Calvert County Tot Mig-US & For",2234,4770,114774
24,009,97,000,MD,"Calvert County Tot Mig-US",2196,4663,113279
24,009,97,001,MD,"Calvert County Tot Mig-Same St",1458,3136,69252
24,009,97,003,MD,"Calvert County Tot Mig-Diff St",738,1527,44027
24,009,98,000,MD,"Calvert County Tot Mig-Foreign",38,107,1495
24,009,24,009,MD,"Calvert County Non-Migrants",24111,57688,1359427
24,009,24,033,MD,"Prince George's Coun",527,1210,26729
24,009,24,003,MD,"Anne Arundel County",313,645,13959
24,009,24,037,MD,"St Mary's County",256,550,10467
24,009,24,017,MD,"Charles County",151,318,6204
24,009,24,031,MD,"Montgomery County",83,153,6691
24,009,51,059,VA,"Fairfax County",69,136,5014
24,009,24,027,MD,"Howard County",39,79,2413
24,009,11,001,DC,"District Of Columbia",31,46,1166
24,009,51,153,VA,"Prince William Count",22,46,1369
24,009,24,510,MD,Baltimore,19,42,614
24,009,24,005,MD,"Baltimore County",18,35,509
24,009,51,510,VA,Alexandria,15,31,1463
24,009,51,810,VA,"Virginia Beach",15,38,659
24,009,06,073,CA,"San Diego County",14,35,678
24,009,51,013,VA,"Arlington County",13,18,859
24,009,51,107,VA,"Loudoun County",12,21,535
24,009,12,011,FL,"Broward County",10,16,735
24,009,24,021,MD,"Frederick County",10,23,421
24,009,58,000,SS,"Other Flows - Same State",42,81,1246
24,009,59,000,DS,"Other Flows - Diff State",537,1140,31549
24,009,59,001,DS,"Other Flows - Northeast",147,300,7614
24,009,59,003,DS,"Other Flows - Midwest",59,124,10550
24,009,59,005,DS,"Other Flows - South",267,546,10115
24,009,59,007,DS,"Other Flows - West",64,170,3269
24,009,57,009,FR,"Foreign - Other flows",38,107,1495
24,011,96,000,MD,"Caroline County Tot Mig-US & For",788,1601,22479
24,011,97,000,MD,"Caroline County Tot Mig-US",788,1601,22479
24,011,97,001,MD,"Caroline County Tot Mig-Same St",543,1114,15785
24,011,97,003,MD,"Caroline County Tot Mig-Diff St",245,487,6694
24,011,24,011,MD,"Caroline County Non-Migrants",10434,23332,363171
24,011,24,041,MD,"Talbot County",166,342,3913
24,011,24,035,MD,"Queen Anne's County",89,199,2691
24,011,24,003,MD,"Anne Arundel County",85,205,3267
24,011,24,019,MD,"Dorchester County",82,160,1866
24,011,10,005,DE,"Sussex County",45,88,883
24,011,10,001,DE,"Kent County",43,94,965
24,011,24,029,MD,"Kent County",18,28,415
24,011,24,005,MD,"Baltimore County",16,32,678
24,011,24,033,MD,"Prince George's Coun",16,27,645
24,011,24,045,MD,"Wicomico County",16,29,380
24,011,24,510,MD,Baltimore,14,20,485
24,011,58,000,SS,"Other Flows - Same State",41,72,1445
24,011,59,000,DS,"Other Flows - Diff State",157,305,4847
24,013,96,000,MD,"Carroll County Tot Mig-US & For",3887,8310,196721
24,013,97,000,MD,"Carroll County Tot Mig-US",3849,8204,194958
24,013,97,001,MD,"Carroll County Tot Mig-Same St",2916,6177,149761
24,013,97,003,MD,"Carroll County Tot Mig-Diff St",933,2027,45197
24,013,98,000,MD,"Carroll County Tot Mig-Foreign",38,106,1763
24,013,24,013,MD,"Carroll County Non-Migrants",55391,132060,3005402
24,013,24,005,MD,"Baltimore County",1292,2698,64807
24,013,24,027,MD,"Howard County",474,1054,30543
24,013,24,031,MD,"Montgomery County",233,494,11773
24,013,24,510,MD,Baltimore,230,425,10041
24,013,24,021,MD,"Frederick County",221,477,8375
24,013,24,003,MD,"Anne Arundel County",208,484,11148
24,013,24,033,MD,"Prince George's Coun",99,222,6589
24,013,42,001,PA,"Adams County",85,155,2714
24,013,42,133,PA,"York County",65,133,2159
24,013,24,025,MD,"Harford County",52,121,2818
24,013,24,043,MD,"Washington County",26,55,756
24,013,57,005,FR,"Foreign - APO/FPO ZIPs",26,84,1477
24,013,51,059,VA,"Fairfax County",18,36,1081
24,013,24,047,MD,"Worcester County",14,18,410
24,013,42,003,PA,"Allegheny County",12,35,805
24,013,51,153,VA,"Prince William Count",11,23,547
24,013,54,003,WV,"Berkeley County",11,15,348
24,013,12,057,FL,"Hillsborough County",10,21,721
24,013,24,001,MD,"Allegany County",10,18,197
24,013,58,000,SS,"Other Flows - Same State",57,111,2306
24,013,59,000,DS,"Other Flows - Diff State",721,1609,36822
24,013,59,001,DS,"Other Flows - Northeast",203,443,10793
24,013,59,003,DS,"Other Flows - Midwest",92,227,5889
24,013,59,005,DS,"Other Flows - South",343,734,15780
24,013,59,007,DS,"Other Flows - West",83,205,4359
24,013,57,009,FR,"Foreign - Other flows",12,22,286
24,015,96,000,MD,"Cecil County Tot Mig-US & For",2258,4654,90154
24,015,97,000,MD,"Cecil County Tot Mig-US",2246,4634,90015
24,015,97,001,MD,"Cecil County Tot Mig-Same St",728,1548,26761
24,015,97,003,MD,"Cecil County Tot Mig-Diff St",1518,3086,63254
24,015,98,000,MD,"Cecil County Tot Mig-Foreign",12,20,139
24,015,24,015,MD,"Cecil County Non-Migrants",28428,65151,1310608
24,015,10,003,DE,"New Castle County",601,1212,26050
24,015,24,025,MD,"Harford County",435,956,15436
24,015,24,005,MD,"Baltimore County",111,228,4725
24,015,42,029,PA,"Chester County",109,214,5881
24,015,42,045,PA,"Delaware County",56,104,1929
24,015,24,510,MD,Baltimore,43,100,1433
24,015,10,001,DE,"Kent County",32,57,1208
24,015,42,071,PA,"Lancaster County",32,69,789
24,015,24,029,MD,"Kent County",27,47,820
24,015,42,101,PA,"Philadelphia County",26,67,1194
24,015,42,091,PA,"Montgomery County",23,38,1110
24,015,10,005,DE,"Sussex County",17,29,406
24,015,24,003,MD,"Anne Arundel County",15,25,601
24,015,24,045,MD,"Wicomico County",15,27,386
24,015,34,005,NJ,"Burlington County",14,24,688
24,015,34,033,NJ,"Salem County",13,22,401
24,015,24,027,MD,"Howard County",12,31,682
24,015,24,033,MD,"Prince George's Coun",12,18,351
24,015,42,017,PA,"Bucks County",12,25,883
24,015,42,133,PA,"York County",12,28,414
24,015,34,015,NJ,"Gloucester County",10,23,579
24,015,58,000,SS,"Other Flows - Same State",58,116,2327
24,015,59,000,DS,"Other Flows - Diff State",561,1174,21723
24,015,59,001,DS,"Other Flows - Northeast",187,375,7767
24,015,59,003,DS,"Other Flows - Midwest",69,140,3140
24,015,59,005,DS,"Other Flows - South",251,556,8975
24,015,59,007,DS,"Other Flows - West",54,103,1841
24,015,57,009,FR,"Foreign - Other flows",12,20,139
24,017,96,000,MD,"Charles County Tot Mig-US & For",3986,8323,151198
24,017,97,000,MD,"Charles County Tot Mig-US",3874,8009,147450
24,017,97,001,MD,"Charles County Tot Mig-Same St",2337,4761,87124
24,017,97,003,MD,"Charles County Tot Mig-Diff St",1537,3248,60326
24,017,98,000,MD,"Charles County Tot Mig-Foreign",112,314,3748
24,017,24,017,MD,"Charles County Non-Migrants",42054,96205,2145352
24,017,24,033,MD,"Prince George's Coun",1533,3259,58870
24,017,24,037,MD,"St Mary's County",319,626,11043
24,017,11,001,DC,"District Of Columbia",184,428,6754
24,017,51,059,VA,"Fairfax County",144,284,7939
24,017,24,009,MD,"Calvert County",138,257,4590
24,017,24,003,MD,"Anne Arundel County",107,190,3753
24,017,24,031,MD,"Montgomery County",85,164,3132
24,017,51,510,VA,Alexandria,45,76,1869
24,017,51,153,VA,"Prince William Count",37,72,1422
24,017,24,027,MD,"Howard County",33,58,1780
24,017,24,005,MD,"Baltimore County",29,53,1154
24,017,24,510,MD,Baltimore,29,51,782
24,017,51,099,VA,"King George County",26,62,732
24,017,48,029,TX,"Bexar County",20,43,832
24,017,06,073,CA,"San Diego County",18,40,628
24,017,51,013,VA,"Arlington County",18,35,867
24,017,51,810,VA,"Virginia Beach",17,56,653
24,017,15,003,HI,"Honolulu County",16,51,738
24,017,24,021,MD,"Frederick County",14,22,538
24,017,51,193,VA,"Westmoreland County",13,19,274
24,017,51,700,VA,"Newport News",12,37,413
24,017,12,057,FL,"Hillsborough County",11,19,299
24,017,34,005,NJ,"Burlington County",11,33,441
24,017,36,103,NY,"Suffolk County",11,25,315
24,017,42,003,PA,"Allegheny County",11,18,207
24,017,42,017,PA,"Bucks County",11,21,578
24,017,45,051,SC,"Horry County",11,14,184
24,017,06,059,CA,"Orange County",10,26,388
24,017,08,041,CO,"El Paso County",10,19,314
24,017,12,031,FL,"Duval County",10,23,458
24,017,37,051,NC,"Cumberland County",10,25,300
24,017,42,129,PA,"Westmoreland County",10,17,163
24,017,58,000,SS,"Other Flows - Same State",50,81,1481
24,017,59,000,DS,"Other Flows - Diff State",871,1805,33555
24,017,59,001,DS,"Other Flows - Northeast",203,363,9977
24,017,59,003,DS,"Other Flows - Midwest",99,222,3534
24,017,59,005,DS,"Other Flows - South",445,922,14820
24,017,59,007,DS,"Other Flows - West",124,298,5224
24,017,57,009,FR,"Foreign - Other flows",112,314,3748
24,019,96,000,MD,"Dorchester Coun Tot Mig-US & For",596,1107,19143
24,019,97,000,MD,"Dorchester Coun Tot Mig-US",584,1093,18976
24,019,97,001,MD,"Dorchester Coun Tot Mig-Same St",379,736,11347
24,019,97,003,MD,"Dorchester Coun Tot Mig-Diff St",205,357,7629
24,019,98,000,MD,"Dorchester Coun Tot Mig-Foreign",12,14,167
24,019,24,019,MD,"Dorchester Coun Non-Migrants",11073,22753,368710
24,019,24,041,MD,"Talbot County",97,187,1929
24,019,24,011,MD,"Caroline County",93,179,2130
24,019,24,045,MD,"Wicomico County",41,80,2166
24,019,10,005,DE,"Sussex County",34,61,784
24,019,24,003,MD,"Anne Arundel County",29,54,1443
24,019,24,005,MD,"Baltimore County",28,55,934
24,019,24,033,MD,"Prince George's Coun",15,30,355
24,019,24,510,MD,Baltimore,15,30,290
24,019,24,035,MD,"Queen Anne's County",14,25,395
24,019,58,000,SS,"Other Flows - Same State",47,96,1706
24,019,59,000,DS,"Other Flows - Diff State",171,296,6845
24,019,59,001,DS,"Other Flows - Northeast",47,78,1722
24,019,59,003,DS,"Other Flows - Midwest",15,25,467
24,019,59,005,DS,"Other Flows - South",92,161,3895
24,019,59,007,DS,"Other Flows - West",17,32,762
24,019,57,009,FR,"Foreign - Other flows",12,14,167
24,021,96,000,MD,"Frederick Count Tot Mig-US & For",5534,11129,249433
24,021,97,000,MD,"Frederick Count Tot Mig-US",5363,10774,245288
24,021,97,001,MD,"Frederick Count Tot Mig-Same St",2939,5936,138004
24,021,97,003,MD,"Frederick Count Tot Mig-Diff St",2424,4838,107284
24,021,98,000,MD,"Frederick Count Tot Mig-Foreign",171,355,4144
24,021,24,021,MD,"Frederick Count Non-Migrants",67524,154316,3630129
24,021,24,031,MD,"Montgomery County",1357,2832,68952
24,021,24,043,MD,"Washington County",362,674,12227
24,021,24,013,MD,"Carroll County",313,581,11371
24,021,24,005,MD,"Baltimore County",199,416,10984
24,021,24,027,MD,"Howard County",188,386,10811
24,021,24,033,MD,"Prince George's Coun",177,368,8678
24,021,24,003,MD,"Anne Arundel County",131,275,6243
24,021,57,005,FR,"Foreign - APO/FPO ZIPs",114,252,3302
24,021,51,059,VA,"Fairfax County",87,165,5105
24,021,24,510,MD,Baltimore,74,142,2749
24,021,42,055,PA,"Franklin County",67,129,1972
24,021,54,037,WV,"Jefferson County",66,111,2492
24,021,42,001,PA,"Adams County",65,110,2030
24,021,11,001,DC,"District Of Columbia",53,80,1983
24,021,51,107,VA,"Loudoun County",50,103,2630
24,021,54,003,WV,"Berkeley County",41,81,1369
24,021,24,001,MD,"Allegany County",33,51,981
24,021,24,025,MD,"Harford County",23,49,1190
24,021,42,041,PA,"Cumberland County",23,32,1009
24,021,51,153,VA,"Prince William Count",23,61,840
24,021,51,810,VA,"Virginia Beach",23,43,566
24,021,24,017,MD,"Charles County",21,42,1030
24,021,42,133,PA,"York County",21,43,748
24,021,04,013,AZ,"Maricopa County",19,37,799
24,021,42,003,PA,"Allegheny County",19,35,680
24,021,06,073,CA,"San Diego County",18,33,693
24,021,13,245,GA,"Richmond County",18,37,485
24,021,42,091,PA,"Montgomery County",18,49,1049
24,021,48,029,TX,"Bexar County",18,47,1067
24,021,12,103,FL,"Pinellas County",17,29,872
24,021,24,009,MD,"Calvert County",16,41,834
24,021,37,051,NC,"Cumberland County",16,36,467
24,021,15,003,HI,"Honolulu County",15,47,779
24,021,25,017,MA,"Middlesex County",15,35,881
24,021,37,133,NC,"Onslow County",15,34,431
24,021,10,003,DE,"New Castle County",14,29,833
24,021,48,201,TX,"Harris County",14,43,844
24,021,51,013,VA,"Arlington County",14,21,542
24,021,51,069,VA,"Frederick County",14,32,522
24,021,12,011,FL,"Broward County",13,23,859
24,021,12,057,FL,"Hillsborough County",13,25,384
24,021,12,099,FL,"Palm Beach County",13,26,602
24,021,36,055,NY,"Monroe County",13,36,744
24,021,42,027,PA,"Centre County",13,25,587
24,021,17,031,IL,"Cook County",12,23,682
24,021,36,081,NY,"Queens County",12,18,545
24,021,42,017,PA,"Bucks County",12,26,604
24,021,42,021,PA,"Cambria County",12,24,338
24,021,48,439,TX,"Tarrant County",12,31,692
24,021,51,510,VA,Alexandria,12,22,546
24,021,06,037,CA,"Los Angeles County",11,19,463
24,021,06,059,CA,"Orange County",11,30,559
24,021,08,041,CO,"El Paso County",11,28,559
24,021,42,129,PA,"Westmoreland County",11,16,314
24,021,48,027,TX,"Bell County",11,22,274
24,021,51,179,VA,"Stafford County",11,17,360
24,021,06,001,CA,"Alameda County",10,28,824
24,021,12,115,FL,"Sarasota County",10,12,345
24,021,13,121,GA,"Fulton County",10,13,331
24,021,37,183,NC,"Wake County",10,26,634
24,021,39,035,OH,"Cuyahoga County",10,14,351
24,021,47,037,TN,"Davidson County",10,14,341
24,021,51,710,VA,Norfolk,10,20,294
24,021,54,039,WV,"Kanawha County",10,13,419
24,021,54,061,WV,"Monongalia County",10,17,692
24,021,58,000,SS,"Other Flows - Same State",45,79,1953
24,021,59,000,DS,"Other Flows - Diff State",1368,2768,62252
24,021,59,001,DS,"Other Flows - Northeast",383,703,17366
24,021,59,003,DS,"Other Flows - Midwest",233,502,11824
24,021,59,005,DS,"Other Flows - South",587,1229,25458
24,021,59,007,DS,"Other Flows - West",165,334,7604
24,021,57,009,FR,"Foreign - Other flows",57,103,842
24,023,96,000,MD,"Garrett County Tot Mig-US & For",454,924,19544
24,023,97,000,MD,"Garrett County Tot Mig-US",454,924,19544
24,023,97,001,MD,"Garrett County Tot Mig-Same St",177,381,6394
24,023,97,003,MD,"Garrett County Tot Mig-Diff St",277,543,13150
24,023,24,023,MD,"Garrett County Non-Migrants",9700,22837,317498
24,023,24,001,MD,"Allegany County",65,143,1724
24,023,24,005,MD,"Baltimore County",21,51,966
24,023,54,077,WV,"Preston County",21,45,456
24,023,42,111,PA,"Somerset County",18,45,428
24,023,42,003,PA,"Allegheny County",15,26,1307
24,023,54,023,WV,"Grant County",15,38,327
24,023,24,003,MD,"Anne Arundel County",14,24,597
24,023,24,031,MD,"Montgomery County",11,24,624
24,023,24,021,MD,"Frederick County",10,20,380
24,023,24,043,MD,"Washington County",10,24,365
24,023,58,000,SS,"Other Flows - Same State",46,95,1739
24,023,59,000,DS,"Other Flows - Diff State",208,389,10631
24,023,59,001,DS,"Other Flows - Northeast",48,92,1800
24,023,59,003,DS,"Other Flows - Midwest",25,48,1548
24,023,59,005,DS,"Other Flows - South",116,216,6665
24,023,59,007,DS,"Other Flows - West",19,33,617
24,025,96,000,MD,"Harford County Tot Mig-US & For",5731,11969,241042
24,025,97,000,MD,"Harford County Tot Mig-US",5526,11402,234471
24,025,97,001,MD,"Harford County Tot Mig-Same St",3409,6725,142171
24,025,97,003,MD,"Harford County Tot Mig-Diff St",2117,4677,92300
24,025,98,000,MD,"Harford County Tot Mig-Foreign",205,567,6571
24,025,24,025,MD,"Harford County Non-Migrants",75450,174849,3985755
24,025,24,005,MD,"Baltimore County",2065,4083,89886
24,025,24,510,MD,Baltimore,645,1327,25753
24,025,24,015,MD,"Cecil County",235,433,6833
24,025,57,005,FR,"Foreign - APO/FPO ZIPs",190,532,5869
24,025,24,003,MD,"Anne Arundel County",146,290,6078
24,025,42,133,PA,"York County",115,212,3798
24,025,24,027,MD,"Howard County",82,145,3716
24,025,10,003,DE,"New Castle County",54,100,2755
24,025,24,013,MD,"Carroll County",52,97,2951
24,025,24,033,MD,"Prince George's Coun",37,61,1311
24,025,24,031,MD,"Montgomery County",35,75,2092
24,025,42,029,PA,"Chester County",29,62,1643
24,025,51,059,VA,"Fairfax County",29,65,1750
24,025,15,003,HI,"Honolulu County",25,73,695
24,025,37,051,NC,"Cumberland County",25,66,1072
24,025,42,091,PA,"Montgomery County",24,43,1081
24,025,42,101,PA,"Philadelphia County",24,48,1061
24,025,42,017,PA,"Bucks County",22,45,1529
24,025,24,021,MD,"Frederick County",21,41,750
24,025,42,071,PA,"Lancaster County",20,33,695
24,025,06,071,CA,"San Bernardino Count",19,63,711
24,025,06,073,CA,"San Diego County",18,37,521
24,025,08,041,CO,"El Paso County",17,55,605
24,025,36,081,NY,"Queens County",17,40,587
24,025,48,027,TX,"Bell County",17,44,490
24,025,42,003,PA,"Allegheny County",16,26,898
24,025,50,025,VT,"Windham County",16,35,647
24,025,24,047,MD,"Worcester County",15,22,274
24,025,36,047,NY,"Kings County",15,25,471
24,025,10,005,DE,"Sussex County",14,27,423
24,025,34,021,NJ,"Mercer County",14,20,607
24,025,11,001,DC,"District Of Columbia",13,34,289
24,025,12,057,FL,"Hillsborough County",13,34,655
24,025,24,017,MD,"Charles County",13,26,527
24,025,36,061,NY,"New York County",13,17,536
24,025,36,103,NY,"Suffolk County",13,31,730
24,025,37,133,NC,"Onslow County",13,28,285
24,025,48,029,TX,"Bexar County",13,32,439
24,025,48,141,TX,"El Paso County",13,32,309
24,025,51,810,VA,"Virginia Beach",13,32,580
24,025,53,053,WA,"Pierce County",13,38,379
24,025,12,011,FL,"Broward County",12,30,998
24,025,24,045,MD,"Wicomico County",12,24,370
24,025,12,031,FL,"Duval County",11,25,373
24,025,12,095,FL,"Orange County",11,28,224
24,025,13,215,GA,"Muscogee County",11,30,254
24,025,34,007,NJ,"Camden County",11,30,754
24,025,42,045,PA,"Delaware County",11,16,494
24,025,17,031,IL,"Cook County",10,22,610
24,025,24,035,MD,"Queen Anne's County",10,19,310
24,025,48,201,TX,"Harris County",10,21,432
24,025,51,041,VA,"Chesterfield County",10,24,448
24,025,58,000,SS,"Other Flows - Same State",41,82,1318
24,025,59,000,DS,"Other Flows - Diff State",1373,3054,61471
24,025,59,001,DS,"Other Flows - Northeast",429,860,18686
24,025,59,003,DS,"Other Flows - Midwest",186,464,12158
24,025,59,005,DS,"Other Flows - South",600,1329,23139
24,025,59,007,DS,"Other Flows - West",158,401,7487
24,025,57,009,FR,"Foreign - Other flows",15,35,702
24,027,96,000,MD,"Howard County Tot Mig-US & For",10760,20658,562012
24,027,97,000,MD,"Howard County Tot Mig-US",10518,20142,550936
24,027,97,001,MD,"Howard County Tot Mig-Same St",6815,13067,342174
24,027,97,003,MD,"Howard County Tot Mig-Diff St",3703,7075,208763
24,027,98,000,MD,"Howard County Tot Mig-Foreign",242,516,11076
24,027,24,027,MD,"Howard County Non-Migrants",76205,177260,5692660
24,027,24,005,MD,"Baltimore County",1933,3802,104051
24,027,24,033,MD,"Prince George's Coun",1378,2748,67351
24,027,24,031,MD,"Montgomery County",1104,2143,60951
24,027,24,003,MD,"Anne Arundel County",1040,1895,45934
24,027,24,510,MD,Baltimore,626,1128,27929
24,027,24,013,MD,"Carroll County",292,577,16071
24,027,51,059,VA,"Fairfax County",175,312,10585
24,027,57,005,FR,"Foreign - APO/FPO ZIPs",157,352,8364
24,027,24,021,MD,"Frederick County",107,197,5477
24,027,24,025,MD,"Harford County",101,187,5183
24,027,11,001,DC,"District Of Columbia",97,165,3923
24,027,17,031,IL,"Cook County",53,83,3279
24,027,06,037,CA,"Los Angeles County",52,95,2553
24,027,51,013,VA,"Arlington County",52,79,3594
24,027,42,003,PA,"Allegheny County",50,102,3290
24,027,24,017,MD,"Charles County",49,73,1972
24,027,15,003,HI,"Honolulu County",35,68,1330
24,027,48,201,TX,"Harris County",34,80,2282
24,027,51,510,VA,Alexandria,34,48,2068
24,027,12,011,FL,"Broward County",32,59,1753
24,027,24,009,MD,"Calvert County",32,44,1158
24,027,25,017,MA,"Middlesex County",32,75,2401
24,027,42,091,PA,"Montgomery County",32,72,1892
24,027,42,101,PA,"Philadelphia County",30,45,1394
24,027,37,183,NC,"Wake County",29,41,1241
24,027,36,061,NY,"New York County",28,44,1186
24,027,42,133,PA,"York County",28,52,1084
24,027,51,153,VA,"Prince William Count",28,55,1473
24,027,51,810,VA,"Virginia Beach",28,47,1348
24,027,13,121,GA,"Fulton County",27,49,2103
24,027,24,043,MD,"Washington County",27,52,1103
24,027,34,023,NJ,"Middlesex County",27,47,1656
24,027,36,081,NY,"Queens County",27,56,1104
24,027,36,103,NY,"Suffolk County",27,48,1542
24,027,42,029,PA,"Chester County",26,66,2330
24,027,04,013,AZ,"Maricopa County",25,42,1394
24,027,06,073,CA,"San Diego County",25,43,965
24,027,12,099,FL,"Palm Beach County",25,52,1390
24,027,36,047,NY,"Kings County",25,56,747
24,027,36,059,NY,"Nassau County",25,39,1373
24,027,37,119,NC,"Mecklenburg County",23,32,1033
24,027,39,049,OH,"Franklin County",22,39,1294
24,027,51,107,VA,"Loudoun County",22,40,1427
24,027,24,037,MD,"St Mary's County",21,26,638
24,027,24,045,MD,"Wicomico County",21,37,777
24,027,06,059,CA,"Orange County",20,50,1484
24,027,34,005,NJ,"Burlington County",20,35,1060
24,027,42,017,PA,"Bucks County",20,42,1201
24,027,48,029,TX,"Bexar County",20,43,1491
24,027,09,001,CT,"Fairfield County",19,49,1963
24,027,10,003,DE,"New Castle County",19,33,1009
24,027,13,067,GA,"Cobb County",19,45,1145
24,027,24,047,MD,"Worcester County",19,39,796
24,027,34,007,NJ,"Camden County",19,37,1626
24,027,36,029,NY,"Erie County",19,29,703
24,027,42,045,PA,"Delaware County",19,37,847
24,027,51,087,VA,"Henrico County",19,38,1300
24,027,06,085,CA,"Santa Clara County",18,38,1545
24,027,12,025,FL,"Dade County",18,34,716
24,027,12,095,FL,"Orange County",18,30,820
24,027,25,025,MA,"Suffolk County",18,30,1353
24,027,34,025,NJ,"Monmouth County",18,36,1108
24,027,34,027,NJ,"Morris County",18,39,4373
24,027,39,035,OH,"Cuyahoga County",17,26,794
24,027,53,033,WA,"King County",17,20,683
24,027,12,103,FL,"Pinellas County",16,34,973
24,027,26,125,MI,"Oakland County",16,46,1912
24,027,34,003,NJ,"Bergen County",16,38,815
24,027,34,013,NJ,"Essex County",16,35,843
24,027,06,071,CA,"San Bernardino Count",15,27,731
24,027,10,005,DE,"Sussex County",15,25,405
24,027,12,031,FL,"Duval County",15,26,815
24,027,24,035,MD,"Queen Anne's County",15,28,939
24,027,34,021,NJ,"Mercer County",15,22,813
24,027,48,113,TX,"Dallas County",15,26,683
24,027,51,700,VA,"Newport News",15,35,687
24,027,08,005,CO,"Arapahoe County",14,31,784
24,027,09,003,CT,"Hartford County",14,35,1183
24,027,17,043,IL,"Du Page County",14,36,1063
24,027,36,001,NY,"Albany County",14,21,505
24,027,36,005,NY,"Bronx County",14,20,478
24,027,36,119,NY,"Westchester County",14,29,987
24,027,42,043,PA,"Dauphin County",14,23,661
24,027,13,089,GA,"De Kalb County",13,22,619
24,027,32,003,NV,"Clark County",13,21,537
24,027,36,067,NY,"Onondaga County",13,20,523
24,027,37,051,NC,"Cumberland County",13,35,738
24,027,42,027,PA,"Centre County",13,23,542
24,027,48,439,TX,"Tarrant County",13,32,914
24,027,51,041,VA,"Chesterfield County",13,26,657
24,027,55,025,WI,"Dane County",13,24,781
24,027,08,041,CO,"El Paso County",12,21,497
24,027,12,057,FL,"Hillsborough County",12,29,1063
24,027,24,001,MD,"Allegany County",12,20,368
24,027,34,035,NJ,"Somerset County",12,24,864
24,027,37,081,NC,"Guilford County",12,32,698
24,027,42,071,PA,"Lancaster County",12,25,495
24,027,55,079,WI,"Milwaukee County",12,29,912
24,027,06,067,CA,"Sacramento County",11,21,699
24,027,09,007,CT,"Middlesex County",11,22,829
24,027,12,033,FL,"Escambia County",11,24,355
24,027,13,135,GA,"Gwinnett County",11,31,698
24,027,17,097,IL,"Lake County",11,34,2394
24,027,25,021,MA,"Norfolk County",11,16,550
24,027,27,053,MN,"Hennepin County",11,21,477
24,027,29,189,MO,"St Louis County",11,30,2293
24,027,34,017,NJ,"Hudson County",11,14,464
24,027,42,021,PA,"Cambria County",11,11,281
24,027,49,035,UT,"Salt Lake County",11,21,1149
24,027,06,001,CA,"Alameda County",10,27,606
24,027,12,071,FL,"Lee County",10,17,358
24,027,20,091,KS,"Johnson County",10,21,480
24,027,24,041,MD,"Talbot County",10,15,403
24,027,26,161,MI,"Washtenaw County",10,22,469
24,027,34,015,NJ,"Gloucester County",10,20,569
24,027,35,001,NM,"Bernalillo County",10,25,602
24,027,36,055,NY,"Monroe County",10,17,469
24,027,37,063,NC,"Durham County",10,15,473
24,027,42,001,PA,"Adams County",10,20,381
24,027,42,055,PA,"Franklin County",10,20,350
24,027,42,079,PA,"Luzerne County",10,15,915
24,027,47,037,TN,"Davidson County",10,18,409
24,027,48,121,TX,"Denton County",10,26,655
24,027,51,121,VA,"Montgomery County",10,13,237
24,027,51,550,VA,Chesapeake,10,20,558
24,027,51,760,VA,Richmond,10,15,458
24,027,58,000,SS,"Other Flows - Same State",28,56,1072
24,027,59,000,DS,"Other Flows - Diff State",1464,2825,76152
24,027,59,001,DS,"Other Flows - Northeast",365,625,17964
24,027,59,003,DS,"Other Flows - Midwest",274,588,16353
24,027,59,005,DS,"Other Flows - South",630,1232,32280
24,027,59,007,DS,"Other Flows - West",195,380,9556
24,027,57,009,FR,"Foreign - Other flows",85,164,2711
24,029,96,000,MD,"Kent County Tot Mig-US & For",533,1024,24368
24,029,97,000,MD,"Kent County Tot Mig-US",533,1024,24368
24,029,97,001,MD,"Kent County Tot Mig-Same St",230,465,9170
24,029,97,003,MD,"Kent County Tot Mig-Diff St",303,559,15198
24,029,24,029,MD,"Kent County Non-Migrants",7982,16648,361806
24,029,24,035,MD,"Queen Anne's County",88,193,2660
24,029,10,003,DE,"New Castle County",35,60,1190
24,029,24,015,MD,"Cecil County",31,65,1291
24,029,10,001,DE,"Kent County",23,42,582
24,029,24,005,MD,"Baltimore County",20,38,740
24,029,24,011,MD,"Caroline County",17,37,655
24,029,24,003,MD,"Anne Arundel County",16,31,1072
24,029,42,029,PA,"Chester County",13,29,1288
24,029,24,031,MD,"Montgomery County",11,14,598
24,029,24,041,MD,"Talbot County",10,20,470
24,029,58,000,SS,"Other Flows - Same State",37,67,1685
24,029,59,000,DS,"Other Flows - Diff State",232,428,12138
24,029,59,001,DS,"Other Flows - Northeast",110,214,7577
24,029,59,003,DS,"Other Flows - Midwest",11,24,514
24,029,59,005,DS,"Other Flows - South",96,169,3671
24,029,59,007,DS,"Other Flows - West",15,21,376
24,031,96,000,MD,"Montgomery Coun Tot Mig-US & For",25648,44460,1231565
24,031,97,000,MD,"Montgomery Coun Tot Mig-US",24104,41966,1194467
24,031,97,001,MD,"Montgomery Coun Tot Mig-Same St",7474,13473,306255
24,031,97,003,MD,"Montgomery Coun Tot Mig-Diff St",16630,28493,888212
24,031,98,000,MD,"Montgomery Coun Tot Mig-Foreign",1544,2494,37097
24,031,24,031,MD,"Montgomery Coun Non-Migrants",300855,640038,21635671
24,031,24,033,MD,"Prince George's Coun",4169,7947,146302
24,031,11,001,DC,"District Of Columbia",3079,5270,157486
24,031,51,059,VA,"Fairfax County",1121,1885,74309
24,031,24,027,MD,"Howard County",777,1354,41938
24,031,24,021,MD,"Frederick County",684,1208,32821
24,031,51,013,VA,"Arlington County",620,895,35114
24,031,24,003,MD,"Anne Arundel County",469,807,22809
24,031,24,005,MD,"Baltimore County",421,671,21782
24,031,57,005,FR,"Foreign - APO/FPO ZIPs",348,790,16737
24,031,24,510,MD,Baltimore,312,436,12946
24,031,51,510,VA,Alexandria,307,496,16440
24,031,06,037,CA,"Los Angeles County",262,479,12157
24,031,36,061,NY,"New York County",209,303,13940
24,031,17,031,IL,"Cook County",208,348,11429
24,031,25,017,MA,"Middlesex County",173,280,8861
24,031,42,003,PA,"Allegheny County",169,260,8745
24,031,42,101,PA,"Philadelphia County",161,231,7613
24,031,06,073,CA,"San Diego County",149,291,7477
24,031,51,153,VA,"Prince William Count",139,260,6016
24,031,36,047,NY,"Kings County",135,242,11244
24,031,12,011,FL,"Broward County",128,212,3951
24,031,24,013,MD,"Carroll County",125,210,6797
24,031,12,025,FL,"Dade County",123,216,5034
24,031,36,081,NY,"Queens County",122,254,4472
24,031,24,017,MD,"Charles County",104,190,4687
24,031,42,091,PA,"Montgomery County",101,181,8340
24,031,48,201,TX,"Harris County",101,211,5436
24,031,37,183,NC,"Wake County",95,165,5210
24,031,48,029,TX,"Bexar County",95,218,5461
24,031,36,059,NY,"Nassau County",93,147,6130
24,031,36,103,NY,"Suffolk County",91,151,4239
24,031,25,025,MA,"Suffolk County",90,131,4820
24,031,13,121,GA,"Fulton County",88,133,7073
24,031,09,001,CT,"Fairfield County",86,159,8799
24,031,51,107,VA,"Loudoun County",84,131,4262
24,031,51,810,VA,"Virginia Beach",83,166,3604
24,031,06,059,CA,"Orange County",82,184,5606
24,031,34,003,NJ,"Bergen County",82,139,4685
24,031,36,119,NY,"Westchester County",82,201,8588
24,031,13,089,GA,"De Kalb County",81,132,3506
24,031,12,099,FL,"Palm Beach County",80,120,6939
24,031,48,113,TX,"Dallas County",76,143,5075
24,031,06,085,CA,"Santa Clara County",75,148,5647
24,031,53,033,WA,"King County",73,120,9541
24,031,24,043,MD,"Washington County",72,118,2566
24,031,36,029,NY,"Erie County",71,102,3695
24,031,39,035,OH,"Cuyahoga County",68,132,3314
24,031,51,710,VA,Norfolk,68,114,1971
24,031,06,075,CA,"San Francisco County",67,96,3540
24,031,15,003,HI,"Honolulu County",67,166,3533
24,031,34,023,NJ,"Middlesex County",67,116,4041
24,031,04,013,AZ,"Maricopa County",65,109,2688
24,031,06,001,CA,"Alameda County",65,108,4116
24,031,09,003,CT,"Hartford County",65,123,4276
24,031,24,025,MD,"Harford County",65,114,3381
24,031,36,055,NY,"Monroe County",65,112,4723
24,031,24,009,MD,"Calvert County",63,110,2616
24,031,42,045,PA,"Delaware County",62,108,2985
24,031,27,053,MN,"Hennepin County",61,103,3525
24,031,37,119,NC,"Mecklenburg County",61,98,3253
24,031,51,087,VA,"Henrico County",61,94,3498
24,031,10,003,DE,"New Castle County",60,92,2615
24,031,12,095,FL,"Orange County",60,114,3120
24,031,42,029,PA,"Chester County",60,106,3643
24,031,36,005,NY,"Bronx County",56,107,1766
24,031,42,017,PA,"Bucks County",56,86,3139
24,031,34,017,NJ,"Hudson County",55,78,2075
24,031,09,009,CT,"New Haven County",54,94,2637
24,031,12,057,FL,"Hillsborough County",54,83,2938
24,031,37,063,NC,"Durham County",52,92,2260
24,031,39,049,OH,"Franklin County",51,83,2306
24,031,48,453,TX,"Travis County",51,78,2058
24,031,25,021,MA,"Norfolk County",50,83,4157
24,031,34,013,NJ,"Essex County",50,79,2941
24,031,12,103,FL,"Pinellas County",49,85,2716
24,031,42,027,PA,"Centre County",49,78,1679
24,031,04,019,AZ,"Pima County",47,88,2384
24,031,34,005,NJ,"Burlington County",45,72,2180
24,031,37,133,NC,"Onslow County",45,94,1341
24,031,06,013,CA,"Contra Costa County",44,94,3595
24,031,12,031,FL,"Duval County",43,83,1727
24,031,24,037,MD,"St Mary's County",43,74,2083
24,031,36,067,NY,"Onondaga County",43,69,1656
24,031,37,135,NC,"Orange County",43,68,1674
24,031,39,061,OH,"Hamilton County",43,70,2112
24,031,13,067,GA,"Cobb County",42,71,2523
24,031,34,027,NJ,"Morris County",42,80,4303
24,031,35,001,NM,"Bernalillo County",42,70,1341
24,031,26,161,MI,"Washtenaw County",41,69,1977
24,031,29,189,MO,"St Louis County",41,66,6698
24,031,34,007,NJ,"Camden County",41,68,2642
24,031,34,021,NJ,"Mercer County",41,77,2986
24,031,37,051,NC,"Cumberland County",40,85,1555
24,031,08,041,CO,"El Paso County",39,77,1919
24,031,42,043,PA,"Dauphin County",39,61,1831
24,031,42,133,PA,"York County",39,52,1587
24,031,51,760,VA,Richmond,39,48,1453
24,031,34,025,NJ,"Monmouth County",38,61,1602
24,031,08,013,CO,"Boulder County",37,56,1583
24,031,25,027,MA,"Worcester County",37,78,3503
24,031,26,163,MI,"Wayne County",37,62,2048
24,031,44,007,RI,"Providence County",37,55,1487
24,031,48,439,TX,"Tarrant County",37,82,2859
24,031,24,045,MD,"Wicomico County",36,49,765
24,031,34,035,NJ,"Somerset County",36,58,2941
24,031,17,043,IL,"Du Page County",35,73,2800
24,031,24,001,MD,"Allegany County",35,47,1156
24,031,26,125,MI,"Oakland County",35,54,1730
24,031,49,035,UT,"Salt Lake County",35,86,2121
24,031,47,157,TN,"Shelby County",34,80,3398
24,031,22,071,LA,"Orleans Parish",33,56,1197
24,031,47,037,TN,"Davidson County",33,53,1655
24,031,51,121,VA,"Montgomery County",33,44,989
24,031,24,047,MD,"Worcester County",32,50,1234
24,031,48,085,TX,"Collin County",32,74,4036
24,031,12,117,FL,"Seminole County",31,68,1864
24,031,18,097,IN,"Marion County",31,54,2069
24,031,06,067,CA,"Sacramento County",30,51,1337
24,031,10,005,DE,"Sussex County",30,44,1136
24,031,32,003,NV,"Clark County",30,53,3064
24,031,42,079,PA,"Luzerne County",30,46,1186
24,031,45,019,SC,"Charleston County",30,40,1022
24,031,54,061,WV,"Monongalia County",30,51,1412
24,031,08,005,CO,"Arapahoe County",29,69,2095
24,031,34,031,NJ,"Passaic County",29,61,1414
24,031,12,009,FL,"Brevard County",28,50,1130
24,031,08,031,CO,"Denver County",27,42,1942
24,031,29,510,MO,"St Louis",27,42,1188
24,031,34,039,NJ,"Union County",27,53,1362
24,031,53,053,WA,"Pierce County",27,54,976
24,031,06,065,CA,"Riverside County",26,40,940
24,031,06,071,CA,"San Bernardino Count",26,55,1103
24,031,12,001,FL,"Alachua County",26,43,1038
24,031,45,079,SC,"Richland County",26,47,863
24,031,54,037,WV,"Jefferson County",26,46,1283
24,031,55,025,WI,"Dane County",26,41,1431
24,031,06,081,CA,"San Mateo County",25,47,2381
24,031,13,135,GA,"Gwinnett County",25,53,1522
24,031,25,009,MA,"Essex County",25,43,2601
24,031,37,081,NC,"Guilford County",25,39,753
24,031,39,113,OH,"Montgomery County",25,45,1197
24,031,42,041,PA,"Cumberland County",25,42,1302
24,031,42,071,PA,"Lancaster County",25,33,767
24,031,42,129,PA,"Westmoreland County",25,43,1053
24,031,51,650,VA,Hampton,25,36,741
24,031,09,011,CT,"New London County",24,43,789
24,031,12,073,FL,"Leon County",24,38,923
24,031,36,001,NY,"Albany County",24,46,1307
24,031,36,071,NY,"Orange County",24,40,1388
24,031,45,051,SC,"Horry County",24,38,695
24,031,51,540,VA,Charlottesville,24,36,955
24,031,06,111,CA,"Ventura County",23,44,1227
24,031,17,097,IL,"Lake County",23,54,4056
24,031,33,011,NH,"Hillsborough County",23,27,670
24,031,37,129,NC,"New Hanover County",23,33,1037
24,031,51,041,VA,"Chesterfield County",23,33,726
24,031,51,700,VA,"Newport News",23,34,812
24,031,55,079,WI,"Milwaukee County",23,32,873
24,031,01,073,AL,"Jefferson County",22,49,946
24,031,51,003,VA,"Albemarle County",22,39,750
24,031,21,067,KY,"Fayette County",21,42,1209
24,031,08,059,CO,"Jefferson County",20,36,4915
24,031,12,115,FL,"Sarasota County",20,28,1457
24,031,12,127,FL,"Volusia County",20,26,607
24,031,20,091,KS,"Johnson County",20,39,1495
24,031,34,029,NJ,"Ocean County",20,31,718
24,031,36,109,NY,"Tompkins County",20,35,1186
24,031,42,021,PA,"Cambria County",20,25,671
24,031,42,077,PA,"Lehigh County",20,35,940
24,031,51,550,VA,Chesapeake,20,54,1078
24,031,06,053,CA,"Monterey County",19,31,567
24,031,18,157,IN,"Tippecanoe County",19,33,641
24,031,22,051,LA,"Jefferson Parish",19,35,659
24,031,42,001,PA,"Adams County",19,27,716
24,031,42,049,PA,"Erie County",19,30,638
24,031,51,061,VA,"Fauquier County",19,28,1145
24,031,13,051,GA,"Chatham County",18,26,505
24,031,25,023,MA,"Plymouth County",18,34,1205
24,031,27,123,MN,"Ramsey County",18,32,647
24,031,34,001,NJ,"Atlantic County",18,35,542
24,031,36,027,NY,"Dutchess County",18,32,828
24,031,39,153,OH,"Summit County",18,27,972
24,031,41,051,OR,"Multnomah County",18,26,802
24,031,48,141,TX,"El Paso County",18,44,764
24,031,49,049,UT,"Utah County",18,47,625
24,031,51,095,VA,"James City County",18,28,907
24,031,51,179,VA,"Stafford County",18,35,743
24,031,51,610,VA,"Falls Church",18,27,931
24,031,17,019,IL,"Champaign County",17,24,495
24,031,23,005,ME,"Cumberland County",17,53,1252
24,031,24,035,MD,"Queen Anne's County",17,22,757
24,031,40,143,OK,"Tulsa County",17,38,1006
24,031,51,177,VA,"Spotsylvania County",17,29,792
24,031,51,740,VA,Portsmouth,17,30,475
24,031,12,033,FL,"Escambia County",16,32,843
24,031,12,071,FL,"Lee County",16,24,454
24,031,18,105,IN,"Monroe County",16,20,429
24,031,26,065,MI,"Ingham County",16,25,844
24,031,36,007,NY,"Broome County",16,27,1910
24,031,37,067,NC,"Forsyth County",16,26,473
24,031,40,109,OK,"Oklahoma County",16,31,889
24,031,42,055,PA,"Franklin County",16,21,675
24,031,42,069,PA,"Lackawanna County",16,16,466
24,031,45,013,SC,"Beaufort County",16,33,548
24,031,20,045,KS,"Douglas County",15,21,644
24,031,25,005,MA,"Bristol County",15,25,387
24,031,42,125,PA,"Washington County",15,19,414
24,031,48,027,TX,"Bell County",15,24,304
24,031,54,039,WV,"Kanawha County",15,30,661
24,031,12,081,FL,"Manatee County",14,20,726
24,031,12,105,FL,"Polk County",14,24,484
24,031,13,059,GA,"Clarke County",14,21,361
24,031,21,111,KY,"Jefferson County",14,22,703
24,031,22,033,LA,"East Baton Rouge Par",14,23,1018
24,031,24,041,MD,"Talbot County",14,15,434
24,031,29,095,MO,"Jackson County",14,20,369
24,031,33,015,NH,"Rockingham County",14,19,549
24,031,39,095,OH,"Lucas County",14,17,646
24,031,47,093,TN,"Knox County",14,20,493
24,031,48,041,TX,"Brazos County",14,22,531
24,031,54,003,WV,"Berkeley County",14,22,532
24,031,57,003,FR,"Foreign - Puerto Rico",14,33,618
24,031,06,041,CA,"Marin County",13,17,870
24,031,25,001,MA,"Barnstable County",13,16,493
24,031,25,013,MA,"Hampden County",13,18,451
24,031,32,031,NV,"Washoe County",13,22,511
24,031,36,087,NY,"Rockland County",13,25,981
24,031,50,007,VT,"Chittenden County",13,18,429
24,031,02,020,AK,"Anchorage Borough",12,32,452
24,031,05,119,AR,"Pulaski County",12,26,634
24,031,06,019,CA,"Fresno County",12,23,543
24,031,06,083,CA,"Santa Barbara County",12,17,500
24,031,08,069,CO,"Larimer County",12,17,465
24,031,18,141,IN,"St Joseph County",12,24,1158
24,031,19,103,IA,"Johnson County",12,18,662
24,031,25,015,MA,"Hampshire County",12,20,714
24,031,36,045,NY,"Jefferson County",12,23,424
24,031,37,147,NC,"Pitt County",12,18,165
24,031,40,027,OK,"Cleveland County",12,24,444
24,031,42,063,PA,"Indiana County",12,14,267
24,031,48,167,TX,"Galveston County",12,23,564
24,031,51,600,VA,Fairfax,12,24,540
24,031,01,089,AL,"Madison County",11,14,279
24,031,09,007,CT,"Middlesex County",11,19,557
24,031,10,001,DE,"Kent County",11,14,476
24,031,12,085,FL,"Martin County",11,18,452
24,031,26,021,MI,"Berrien County",11,22,245
24,031,34,009,NJ,"Cape May County",11,17,368
24,031,36,091,NY,"Saratoga County",11,19,499
24,031,39,009,OH,"Athens County",11,17,243
24,031,42,019,PA,"Butler County",11,25,657
24,031,42,095,PA,"Northampton County",11,15,621
24,031,45,045,SC,"Greenville County",11,17,488
24,031,51,630,VA,Fredericksburg,11,20,291
24,031,53,035,WA,"Kitsap County",11,25,428
24,031,01,101,AL,"Montgomery County",10,17,458
24,031,13,063,GA,"Clayton County",10,15,300
24,031,13,245,GA,"Richmond County",10,18,323
24,031,24,023,MD,"Garrett County",10,15,448
24,031,26,081,MI,"Kent County",10,13,249
24,031,35,013,NM,"Dona Ana County",10,16,433
24,031,36,085,NY,"Richmond County",10,16,431
24,031,41,039,OR,"Lane County",10,17,251
24,031,42,011,PA,"Berks County",10,16,397
24,031,48,157,TX,"Fort Bend County",10,17,1076
24,031,48,303,TX,"Lubbock County",10,13,320
24,031,51,161,VA,"Roanoke County",10,18,445
24,031,51,165,VA,"Rockingham County",10,14,426
24,031,53,063,WA,"Spokane County",10,17,210
24,031,53,067,WA,"Thurston County",10,22,374
24,031,58,000,SS,"Other Flows - Same State",26,36,734
24,031,59,000,DS,"Other Flows - Diff State",2099,3625,89952
24,031,59,001,DS,"Other Flows - Northeast",398,571,14054
24,031,59,003,DS,"Other Flows - Midwest",490,817,20540
24,031,59,005,DS,"Other Flows - South",887,1617,38214
24,031,59,007,DS,"Other Flows - West",324,620,17145
24,031,57,009,FR,"Foreign - Other flows",1182,1671,19743
24,033,96,000,MD,"Prince George's Tot Mig-US & For",23073,43160,671268
24,033,97,000,MD,"Prince George's Tot Mig-US",21927,41253,651326
24,033,97,001,MD,"Prince George's Tot Mig-Same St",7486,13429,238161
24,033,97,003,MD,"Prince George's Tot Mig-Diff St",14441,27824,413165
24,033,98,000,MD,"Prince George's Tot Mig-Foreign",1146,1907,19942
24,033,24,033,MD,"Prince George's Non-Migrants",274063,579189,12313722
24,033,11,001,DC,"District Of Columbia",5794,12256,156997
24,033,24,031,MD,"Montgomery County",3556,6571,109557
24,033,24,003,MD,"Anne Arundel County",1208,2170,43864
24,033,51,059,VA,"Fairfax County",830,1501,30378
24,033,24,027,MD,"Howard County",716,1217,25054
24,033,24,017,MD,"Charles County",660,1209,19320
24,033,57,005,FR,"Foreign - APO/FPO ZIPs",559,1246,16201
24,033,24,005,MD,"Baltimore County",362,606,11252
24,033,51,510,VA,Alexandria,358,633,12286
24,033,24,510,MD,Baltimore,298,503,8647
24,033,51,013,VA,"Arlington County",279,474,9861
24,033,51,153,VA,"Prince William Count",200,386,6091
24,033,24,009,MD,"Calvert County",191,343,6248
24,033,36,047,NY,"Kings County",158,287,3651
24,033,24,037,MD,"St Mary's County",139,255,4554
24,033,06,037,CA,"Los Angeles County",128,239,3428
24,033,42,101,PA,"Philadelphia County",109,174,3333
24,033,36,081,NY,"Queens County",99,183,2706
24,033,17,031,IL,"Cook County",88,143,3338
24,033,51,810,VA,"Virginia Beach",80,172,2295
24,033,24,021,MD,"Frederick County",79,140,2161
24,033,36,061,NY,"New York County",78,142,1979
24,033,37,051,NC,"Cumberland County",75,161,1738
24,033,06,073,CA,"San Diego County",72,168,2086
24,033,42,003,PA,"Allegheny County",69,102,1742
24,033,48,029,TX,"Bexar County",65,134,2316
24,033,13,089,GA,"De Kalb County",64,112,1967
24,033,15,003,HI,"Honolulu County",64,172,2219
24,033,36,005,NY,"Bronx County",64,135,1542
24,033,12,025,FL,"Dade County",61,116,1549
24,033,51,710,VA,Norfolk,60,117,1341
24,033,12,011,FL,"Broward County",59,113,2033
24,033,48,201,TX,"Harris County",55,90,1567
24,033,24,045,MD,"Wicomico County",53,76,1329
24,033,36,059,NY,"Nassau County",50,87,1801
24,033,51,650,VA,Hampton,50,90,1446
24,033,37,183,NC,"Wake County",47,77,1495
24,033,42,091,PA,"Montgomery County",47,70,1898
24,033,34,013,NJ,"Essex County",46,79,1566
24,033,24,013,MD,"Carroll County",45,63,1358
24,033,13,121,GA,"Fulton County",44,65,1008
24,033,10,003,DE,"New Castle County",41,56,1346
24,033,36,103,NY,"Suffolk County",41,48,1032
24,033,37,081,NC,"Guilford County",41,54,856
24,033,37,119,NC,"Mecklenburg County",40,80,1127
24,033,37,133,NC,"Onslow County",40,81,961
24,033,25,017,MA,"Middlesex County",39,53,1472
24,033,36,119,NY,"Westchester County",39,54,1181
24,033,37,063,NC,"Durham County",39,70,987
24,033,48,113,TX,"Dallas County",39,69,1229
24,033,51,760,VA,Richmond,39,72,927
24,033,04,013,AZ,"Maricopa County",38,66,1063
24,033,34,023,NJ,"Middlesex County",37,70,1238
24,033,13,067,GA,"Cobb County",35,65,1198
24,033,39,035,OH,"Cuyahoga County",35,61,1103
24,033,51,107,VA,"Loudoun County",35,57,1538
24,033,08,041,CO,"El Paso County",34,81,1302
24,033,12,057,FL,"Hillsborough County",34,58,1238
24,033,12,095,FL,"Orange County",34,55,739
24,033,24,025,MD,"Harford County",34,46,1100
24,033,25,025,MA,"Suffolk County",34,53,962
24,033,34,017,NJ,"Hudson County",34,61,1131
24,033,51,700,VA,"Newport News",34,60,762
24,033,09,003,CT,"Hartford County",31,44,977
24,033,26,163,MI,"Wayne County",31,45,968
24,033,34,005,NJ,"Burlington County",31,63,1276
24,033,39,049,OH,"Franklin County",30,44,951
24,033,42,017,PA,"Bucks County",30,50,743
24,033,51,087,VA,"Henrico County",30,43,865
24,033,06,085,CA,"Santa Clara County",29,50,833
24,033,22,071,LA,"Orleans Parish",29,52,513
24,033,53,033,WA,"King County",29,35,1174
24,033,06,001,CA,"Alameda County",28,45,1077
24,033,12,099,FL,"Palm Beach County",28,46,781
24,033,48,027,TX,"Bell County",28,56,697
24,033,34,007,NJ,"Camden County",27,38,967
24,033,34,025,NJ,"Monmouth County",27,44,823
24,033,12,103,FL,"Pinellas County",26,41,705
24,033,36,029,NY,"Erie County",26,36,610
24,033,42,045,PA,"Delaware County",26,42,1056
24,033,51,041,VA,"Chesterfield County",26,57,857
24,033,02,020,AK,"Anchorage Borough",25,63,666
24,033,06,059,CA,"Orange County",25,51,631
24,033,09,001,CT,"Fairfield County",25,39,509
24,033,10,001,DE,"Kent County",25,45,872
24,033,12,031,FL,"Duval County",25,50,767
24,033,42,029,PA,"Chester County",25,31,622
24,033,04,019,AZ,"Pima County",24,48,644
24,033,24,035,MD,"Queen Anne's County",24,50,801
24,033,45,079,SC,"Richland County",24,42,602
24,033,51,550,VA,Chesapeake,24,45,654
24,033,12,009,FL,"Brevard County",23,45,695
24,033,12,033,FL,"Escambia County",23,39,523
24,033,12,073,FL,"Leon County",23,30,535
24,033,34,027,NJ,"Morris County",23,33,1085
24,033,40,109,OK,"Oklahoma County",23,56,825
24,033,44,007,RI,"Providence County",23,38,495
24,033,48,439,TX,"Tarrant County",23,55,871
24,033,24,041,MD,"Talbot County",22,36,534
24,033,34,003,NJ,"Bergen County",22,28,746
24,033,36,055,NY,"Monroe County",22,31,537
24,033,51,179,VA,"Stafford County",22,53,770
24,033,51,740,VA,Portsmouth,22,49,550
24,033,01,101,AL,"Montgomery County",21,53,1055
24,033,09,009,CT,"New Haven County",21,35,644
24,033,28,047,MS,"Harrison County",21,47,549
24,033,42,043,PA,"Dauphin County",21,34,708
24,033,12,091,FL,"Okaloosa County",20,42,840
24,033,36,001,NY,"Albany County",20,30,472
24,033,45,085,SC,"Sumter County",20,44,366
24,033,06,071,CA,"San Bernardino Count",19,40,336
24,033,24,043,MD,"Washington County",19,33,441
24,033,26,125,MI,"Oakland County",19,34,771
24,033,27,053,MN,"Hennepin County",19,31,718
24,033,39,061,OH,"Hamilton County",19,31,691
24,033,42,071,PA,"Lancaster County",19,25,449
24,033,42,133,PA,"York County",19,31,453
24,033,06,019,CA,"Fresno County",18,34,443
24,033,22,051,LA,"Jefferson Parish",18,26,595
24,033,24,047,MD,"Worcester County",18,27,566
24,033,36,067,NY,"Onondaga County",18,27,372
24,033,48,453,TX,"Travis County",18,31,752
24,033,06,067,CA,"Sacramento County",17,42,669
24,033,32,003,NV,"Clark County",17,25,500
24,033,34,035,NJ,"Somerset County",17,24,856
24,033,35,001,NM,"Bernalillo County",17,38,465
24,033,45,019,SC,"Charleston County",17,32,443
24,033,51,177,VA,"Spotsylvania County",17,39,754
24,033,10,005,DE,"Sussex County",16,25,476
24,033,13,135,GA,"Gwinnett County",16,30,825
24,033,21,047,KY,"Christian County",16,38,378
24,033,34,001,NJ,"Atlantic County",16,30,575
24,033,13,215,GA,"Muscogee County",15,30,556
24,033,17,163,IL,"St Clair County",15,37,553
24,033,34,039,NJ,"Union County",15,21,291
24,033,37,067,NC,"Forsyth County",15,19,397
24,033,42,051,PA,"Fayette County",15,22,330
24,033,47,157,TN,"Shelby County",15,22,282
24,033,48,485,TX,"Wichita County",15,39,535
24,033,51,600,VA,Fairfax,15,18,436
24,033,53,053,WA,"Pierce County",15,39,431
24,033,01,089,AL,"Madison County",14,22,369
24,033,06,053,CA,"Monterey County",14,26,611
24,033,09,011,CT,"New London County",14,32,474
24,033,13,179,GA,"Liberty County",14,26,404
24,033,24,015,MD,"Cecil County",14,18,412
24,033,26,161,MI,"Washtenaw County",14,21,376
24,033,34,031,NJ,"Passaic County",14,26,347
24,033,36,045,NY,"Jefferson County",14,21,234
24,033,39,113,OH,"Montgomery County",14,31,585
24,033,42,011,PA,"Berks County",14,23,357
24,033,48,085,TX,"Collin County",14,22,643
24,033,51,770,VA,Roanoke,14,21,231
24,033,54,061,WV,"Monongalia County",14,29,451
24,033,55,025,WI,"Dane County",14,23,348
24,033,02,090,AK,"Fairbanks North Star",13,30,327
24,033,06,013,CA,"Contra Costa County",13,19,259
24,033,06,065,CA,"Riverside County",13,27,429
24,033,12,001,FL,"Alachua County",13,23,332
24,033,31,153,NE,"Sarpy County",13,44,478
24,033,34,021,NJ,"Mercer County",13,27,383
24,033,37,191,NC,"Wayne County",13,36,407
24,033,45,013,SC,"Beaufort County",13,31,349
24,033,45,075,SC,"Orangeburg County",13,17,242
24,033,45,083,SC,"Spartanburg County",13,32,221
24,033,47,037,TN,"Davidson County",13,28,412
24,033,48,141,TX,"El Paso County",13,35,313
24,033,51,061,VA,"Fauquier County",13,28,259
24,033,12,127,FL,"Volusia County",12,19,226
24,033,13,051,GA,"Chatham County",12,24,243
24,033,17,097,IL,"Lake County",12,21,199
24,033,22,033,LA,"East Baton Rouge Par",12,20,232
24,033,24,001,MD,"Allegany County",12,19,234
24,033,24,039,MD,"Somerset County",12,15,206
24,033,29,189,MO,"St Louis County",12,20,535
24,033,45,051,SC,"Horry County",12,27,167
24,033,47,093,TN,"Knox County",12,15,314
24,033,48,441,TX,"Taylor County",12,29,253
24,033,51,121,VA,"Montgomery County",12,16,265
24,033,51,199,VA,"York County",12,21,306
24,033,51,730,VA,Petersburg,12,20,239
24,033,53,035,WA,"Kitsap County",12,33,390
24,033,06,029,CA,"Kern County",11,30,281
24,033,06,075,CA,"San Francisco County",11,15,256
24,033,06,111,CA,"Ventura County",11,21,368
24,033,13,063,GA,"Clayton County",11,20,257
24,033,29,095,MO,"Jackson County",11,16,338
24,033,37,049,NC,"Craven County",11,28,221
24,033,37,147,NC,"Pitt County",11,18,303
24,033,42,027,PA,"Centre County",11,15,255
24,033,42,129,PA,"Westmoreland County",11,16,274
24,033,51,003,VA,"Albemarle County",11,14,250
24,033,51,193,VA,"Westmoreland County",11,24,298
24,033,55,079,WI,"Milwaukee County",11,16,475
24,033,57,003,FR,"Foreign - Puerto Rico",11,24,303
24,033,01,073,AL,"Jefferson County",10,14,280
24,033,05,119,AR,"Pulaski County",10,19,158
24,033,06,095,CA,"Solano County",10,25,342
24,033,12,117,FL,"Seminole County",10,19,172
24,033,13,245,GA,"Richmond County",10,33,166
24,033,17,043,IL,"Du Page County",10,20,506
24,033,18,097,IN,"Marion County",10,18,228
24,033,25,021,MA,"Norfolk County",10,13,199
24,033,36,065,NY,"Oneida County",10,12,177
24,033,36,071,NY,"Orange County",10,13,206
24,033,37,065,NC,"Edgecombe County",10,23,189
24,033,37,083,NC,"Halifax County",10,21,120
24,033,38,035,ND,"Grand Forks County",10,22,375
24,033,39,057,OH,"Greene County",10,19,513
24,033,42,021,PA,"Cambria County",10,15,154
24,033,42,041,PA,"Cumberland County",10,16,365
24,033,42,077,PA,"Lehigh County",10,14,242
24,033,45,045,SC,"Greenville County",10,16,244
24,033,49,057,UT,"Weber County",10,18,331
24,033,51,137,VA,"Orange County",10,20,220
24,033,51,683,VA,Manassas,10,25,194
24,033,54,003,WV,"Berkeley County",10,13,227
24,033,58,000,SS,"Other Flows - Same State",24,32,526
24,033,59,000,DS,"Other Flows - Diff State",2005,3549,52289
24,033,59,001,DS,"Other Flows - Northeast",343,540,9075
24,033,59,003,DS,"Other Flows - Midwest",361,614,9846
24,033,59,005,DS,"Other Flows - South",1065,1923,26128
24,033,59,007,DS,"Other Flows - West",236,472,7240
24,033,57,009,FR,"Foreign - Other flows",576,637,3437
24,035,96,000,MD,"Queen Anne's Co Tot Mig-US & For",1276,2538,76403
24,035,97,000,MD,"Queen Anne's Co Tot Mig-US",1276,2538,76403
24,035,97,001,MD,"Queen Anne's Co Tot Mig-Same St",966,1944,52016
24,035,97,003,MD,"Queen Anne's Co Tot Mig-Diff St",310,594,24386
24,035,24,035,MD,"Queen Anne's Co Non-Migrants",12446,27882,692703
24,035,24,003,MD,"Anne Arundel County",412,837,21931
24,035,24,033,MD,"Prince George's Coun",99,218,7075
24,035,24,029,MD,"Kent County",86,156,2091
24,035,24,011,MD,"Caroline County",66,149,1982
24,035,24,005,MD,"Baltimore County",63,133,5703
24,035,24,041,MD,"Talbot County",54,100,1666
24,035,24,031,MD,"Montgomery County",48,92,4671
24,035,24,510,MD,Baltimore,38,78,1392
24,035,24,027,MD,"Howard County",30,57,2376
24,035,10,001,DE,"Kent County",19,33,479
24,035,11,001,DC,"District Of Columbia",13,18,831
24,035,24,025,MD,"Harford County",13,22,622
24,035,24,045,MD,"Wicomico County",12,19,500
24,035,10,003,DE,"New Castle County",10,23,523
24,035,51,059,VA,"Fairfax County",10,19,1285
24,035,58,000,SS,"Other Flows - Same State",45,83,2009
24,035,59,000,DS,"Other Flows - Diff State",258,501,21268
24,035,59,001,DS,"Other Flows - Northeast",99,196,4468
24,035,59,003,DS,"Other Flows - Midwest",21,37,1773
24,035,59,005,DS,"Other Flows - South",108,221,5508
24,035,59,007,DS,"Other Flows - West",30,47,9519
24,037,96,000,MD,"St Mary's Count Tot Mig-US & For",2612,5656,100848
24,037,97,000,MD,"St Mary's Count Tot Mig-US",2437,5240,95782
24,037,97,001,MD,"St Mary's Count Tot Mig-Same St",935,1869,36580
24,037,97,003,MD,"St Mary's Count Tot Mig-Diff St",1502,3371,59202
24,037,98,000,MD,"St Mary's Count Tot Mig-Foreign",175,416,5066
24,037,24,037,MD,"St Mary's Count Non-Migrants",28168,65224,1366416
24,037,24,017,MD,"Charles County",382,789,14696
24,037,24,009,MD,"Calvert County",194,378,7145
24,037,24,033,MD,"Prince George's Coun",178,381,7124
24,037,57,005,FR,"Foreign - APO/FPO ZIPs",162,381,4632
24,037,51,810,VA,"Virginia Beach",73,191,2757
24,037,12,031,FL,"Duval County",68,181,2140
24,037,51,059,VA,"Fairfax County",65,140,4852
24,037,06,073,CA,"San Diego County",51,132,2451
24,037,24,003,MD,"Anne Arundel County",49,114,2522
24,037,24,031,MD,"Montgomery County",39,57,1927
24,037,51,153,VA,"Prince William Count",32,80,2461
24,037,11,001,DC,"District Of Columbia",28,48,1344
24,037,12,033,FL,"Escambia County",28,53,655
24,037,24,005,MD,"Baltimore County",28,38,1074
24,037,51,710,VA,Norfolk,25,59,786
24,037,12,019,FL,"Clay County",24,84,962
24,037,15,003,HI,"Honolulu County",22,69,757
24,037,42,017,PA,"Bucks County",22,50,1220
24,037,51,550,VA,Chesapeake,21,58,868
24,037,37,133,NC,"Onslow County",20,40,501
24,037,06,053,CA,"Monterey County",19,64,1174
24,037,53,029,WA,"Island County",18,57,736
24,037,51,510,VA,Alexandria,16,22,881
24,037,24,510,MD,Baltimore,14,22,280
24,037,37,049,NC,"Craven County",14,41,778
24,037,29,189,MO,"St Louis County",13,25,849
24,037,42,091,PA,"Montgomery County",13,25,593
24,037,23,005,ME,"Cumberland County",11,28,472
24,037,40,109,OK,"Oklahoma County",11,31,266
24,037,48,355,TX,"Nueces County",11,32,533
24,037,06,029,CA,"Kern County",10,33,613
24,037,06,031,CA,"Kings County",10,38,235
24,037,10,003,DE,"New Castle County",10,26,540
24,037,23,023,ME,"Sagadahoc County",10,32,337
24,037,24,027,MD,"Howard County",10,23,341
24,037,36,103,NY,"Suffolk County",10,13,200
24,037,51,013,VA,"Arlington County",10,19,700
24,037,58,000,SS,"Other Flows - Same State",41,67,1471
24,037,59,000,DS,"Other Flows - Diff State",837,1700,28540
24,037,59,001,DS,"Other Flows - Northeast",216,399,7762
24,037,59,003,DS,"Other Flows - Midwest",131,271,4413
24,037,59,005,DS,"Other Flows - South",375,801,12721
24,037,59,007,DS,"Other Flows - West",115,229,3644
24,037,57,009,FR,"Foreign - Other flows",13,35,434
24,039,96,000,MD,"Somerset County Tot Mig-US & For",492,976,13291
24,039,97,000,MD,"Somerset County Tot Mig-US",492,976,13291
24,039,97,001,MD,"Somerset County Tot Mig-Same St",322,642,8734
24,039,97,003,MD,"Somerset County Tot Mig-Diff St",170,334,4557
24,039,24,039,MD,"Somerset County Non-Migrants",6884,14339,202096
24,039,24,045,MD,"Wicomico County",171,354,4138
24,039,24,047,MD,"Worcester County",57,129,1448
24,039,24,005,MD,"Baltimore County",16,35,437
24,039,24,003,MD,"Anne Arundel County",14,26,817
24,039,51,001,VA,"Accomack County",14,27,274
24,039,24,510,MD,Baltimore,12,19,317
24,039,58,000,SS,"Other Flows - Same State",52,79,1578
24,039,59,000,DS,"Other Flows - Diff State",156,307,4283
24,039,59,001,DS,"Other Flows - Northeast",51,95,1527
24,039,59,003,DS,"Other Flows - Midwest",16,32,395
24,039,59,005,DS,"Other Flows - South",78,158,2113
24,039,59,007,DS,"Other Flows - West",11,22,248
24,041,96,000,MD,"Talbot County Tot Mig-US & For",1069,1956,78746
24,041,97,000,MD,"Talbot County Tot Mig-US",1059,1939,78499
24,041,97,001,MD,"Talbot County Tot Mig-Same St",614,1135,30898
24,041,97,003,MD,"Talbot County Tot Mig-Diff St",445,804,47601
24,041,98,000,MD,"Talbot County Tot Mig-Foreign",10,17,247
24,041,24,041,MD,"Talbot County Non-Migrants",12143,25336,651603
24,041,24,011,MD,"Caroline County",145,282,4267
24,041,24,035,MD,"Queen Anne's County",97,170,3312
24,041,24,019,MD,"Dorchester County",89,152,5968
24,041,24,003,MD,"Anne Arundel County",68,137,3785
24,041,24,005,MD,"Baltimore County",45,90,2599
24,041,24,031,MD,"Montgomery County",30,54,4306
24,041,24,510,MD,Baltimore,25,42,1030
24,041,24,029,MD,"Kent County",19,30,543
24,041,24,027,MD,"Howard County",18,35,1293
24,041,24,033,MD,"Prince George's Coun",18,36,906
24,041,51,059,VA,"Fairfax County",18,28,1556
24,041,11,001,DC,"District Of Columbia",15,25,1601
24,041,24,045,MD,"Wicomico County",14,23,466
24,041,10,005,DE,"Sussex County",12,15,320
24,041,24,025,MD,"Harford County",11,23,694
24,041,10,001,DE,"Kent County",10,18,350
24,041,24,013,MD,"Carroll County",10,17,487
24,041,58,000,SS,"Other Flows - Same State",25,44,1242
24,041,59,000,DS,"Other Flows - Diff State",390,718,43775
24,041,59,001,DS,"Other Flows - Northeast",146,272,15223
24,041,59,003,DS,"Other Flows - Midwest",40,64,16867
24,041,59,005,DS,"Other Flows - South",159,305,8916
24,041,59,007,DS,"Other Flows - West",45,77,2768
24,041,57,009,FR,"Foreign - Other flows",10,17,247
24,043,96,000,MD,"Washington Coun Tot Mig-US & For",2449,4823,83452
24,043,97,000,MD,"Washington Coun Tot Mig-US",2408,4743,82478
24,043,97,001,MD,"Washington Coun Tot Mig-Same St",1034,2060,36673
24,043,97,003,MD,"Washington Coun Tot Mig-Diff St",1374,2683,45805
24,043,98,000,MD,"Washington Coun Tot Mig-Foreign",41,80,974
24,043,24,043,MD,"Washington Coun Non-Migrants",46210,99104,1899384
24,043,24,021,MD,"Frederick County",544,1110,19210
24,043,42,055,PA,"Franklin County",203,362,5611
24,043,54,003,WV,"Berkeley County",150,282,3633
24,043,24,031,MD,"Montgomery County",129,260,5310
24,043,24,001,MD,"Allegany County",75,121,1770
24,043,24,005,MD,"Baltimore County",50,83,1815
24,043,24,033,MD,"Prince George's Coun",47,104,1900
24,043,24,013,MD,"Carroll County",38,74,1306
24,043,24,003,MD,"Anne Arundel County",35,67,1225
24,043,54,037,WV,"Jefferson County",35,58,977
24,043,42,057,PA,"Fulton County",34,75,771
24,043,57,005,FR,"Foreign - APO/FPO ZIPs",31,60,641
24,043,24,510,MD,Baltimore,25,61,655
24,043,24,027,MD,"Howard County",24,52,1130
24,043,54,065,WV,"Morgan County",23,54,601
24,043,51,059,VA,"Fairfax County",21,37,987
24,043,24,023,MD,"Garrett County",17,27,691
24,043,42,001,PA,"Adams County",16,34,476
24,043,06,037,CA,"Los Angeles County",12,32,290
24,043,06,073,CA,"San Diego County",12,28,382
24,043,42,133,PA,"York County",12,14,258
24,043,51,107,VA,"Loudoun County",12,25,368
24,043,24,025,MD,"Harford County",11,24,551
24,043,34,023,NJ,"Middlesex County",11,20,522
24,043,42,071,PA,"Lancaster County",11,23,493
24,043,12,103,FL,"Pinellas County",10,18,252
24,043,42,003,PA,"Allegheny County",10,12,255
24,043,42,013,PA,"Blair County",10,14,305
24,043,42,041,PA,"Cumberland County",10,16,419
24,043,48,029,TX,"Bexar County",10,29,393
24,043,58,000,SS,"Other Flows - Same State",39,77,1108
24,043,59,000,DS,"Other Flows - Diff State",772,1550,28813
24,043,59,001,DS,"Other Flows - Northeast",189,338,6164
24,043,59,003,DS,"Other Flows - Midwest",101,210,5221
24,043,59,005,DS,"Other Flows - South",372,743,13038
24,043,59,007,DS,"Other Flows - West",110,259,4390
24,043,57,009,FR,"Foreign - Other flows",10,20,333
24,045,96,000,MD,"Wicomico County Tot Mig-US & For",1893,3611,56157
24,045,97,000,MD,"Wicomico County Tot Mig-US",1872,3575,55659
24,045,97,001,MD,"Wicomico County Tot Mig-Same St",948,1750,26509
24,045,97,003,MD,"Wicomico County Tot Mig-Diff St",924,1825,29150
24,045,98,000,MD,"Wicomico County Tot Mig-Foreign",21,36,498
24,045,24,045,MD,"Wicomico County Non-Migrants",28158,60540,1147177
24,045,24,047,MD,"Worcester County",323,618,8491
24,045,24,039,MD,"Somerset County",215,416,5263
24,045,10,005,DE,"Sussex County",189,383,4611
24,045,24,019,MD,"Dorchester County",57,121,2093
24,045,24,003,MD,"Anne Arundel County",55,78,1661
24,045,24,005,MD,"Baltimore County",53,100,1802
24,045,24,033,MD,"Prince George's Coun",31,59,1133
24,045,51,001,VA,"Accomack County",30,49,590
24,045,24,011,MD,"Caroline County",29,51,670
24,045,10,001,DE,"Kent County",25,44,756
24,045,24,031,MD,"Montgomery County",24,37,937
24,045,24,510,MD,Baltimore,24,50,446
24,045,24,041,MD,"Talbot County",23,30,619
24,045,10,003,DE,"New Castle County",21,48,697
24,045,24,021,MD,"Frederick County",16,31,371
24,045,24,017,MD,"Charles County",15,29,453
24,045,24,027,MD,"Howard County",12,16,285
24,045,24,025,MD,"Harford County",11,19,344
24,045,24,035,MD,"Queen Anne's County",11,14,333
24,045,42,133,PA,"York County",11,25,566
24,045,58,000,SS,"Other Flows - Same State",49,81,1605
24,045,59,000,DS,"Other Flows - Diff State",648,1276,21931
24,045,59,001,DS,"Other Flows - Northeast",228,427,7411
24,045,59,003,DS,"Other Flows - Midwest",79,169,3609
24,045,59,005,DS,"Other Flows - South",280,556,8899
24,045,59,007,DS,"Other Flows - West",61,124,2011
24,045,57,009,FR,"Foreign - Other flows",21,36,498
24,047,96,000,MD,"Worcester Count Tot Mig-US & For",1865,3269,81206
24,047,97,000,MD,"Worcester Count Tot Mig-US",1853,3244,80956
24,047,97,001,MD,"Worcester Count Tot Mig-Same St",1031,1823,47324
24,047,97,003,MD,"Worcester Count Tot Mig-Diff St",822,1421,33632
24,047,98,000,MD,"Worcester Count Tot Mig-Foreign",12,25,250
24,047,24,047,MD,"Worcester Count Non-Migrants",18124,35882,727384
24,047,24,045,MD,"Wicomico County",287,519,9579
24,047,24,005,MD,"Baltimore County",179,303,7828
24,047,24,003,MD,"Anne Arundel County",110,204,4606
24,047,10,005,DE,"Sussex County",90,152,2076
24,047,24,031,MD,"Montgomery County",79,139,5034
24,047,24,033,MD,"Prince George's Coun",78,132,4224
24,047,24,510,MD,Baltimore,55,87,2837
24,047,51,001,VA,"Accomack County",55,109,1123
24,047,24,039,MD,"Somerset County",45,95,1029
24,047,24,027,MD,"Howard County",38,65,2000
24,047,24,025,MD,"Harford County",36,60,1675
24,047,51,059,VA,"Fairfax County",32,50,1516
24,047,24,013,MD,"Carroll County",25,44,926
24,047,10,003,DE,"New Castle County",23,38,4858
24,047,24,021,MD,"Frederick County",16,28,567
24,047,10,001,DE,"Kent County",14,24,387
24,047,42,017,PA,"Bucks County",14,30,742
24,047,42,101,PA,"Philadelphia County",12,23,517
24,047,12,099,FL,"Palm Beach County",11,13,457
24,047,24,019,MD,"Dorchester County",11,18,3228
24,047,42,045,PA,"Delaware County",11,18,580
24,047,42,091,PA,"Montgomery County",11,21,510
24,047,24,009,MD,"Calvert County",10,24,536
24,047,24,035,MD,"Queen Anne's County",10,14,402
24,047,24,041,MD,"Talbot County",10,17,1573
24,047,42,003,PA,"Allegheny County",10,15,283
24,047,42,029,PA,"Chester County",10,18,376
24,047,58,000,SS,"Other Flows - Same State",42,74,1279
24,047,59,000,DS,"Other Flows - Diff State",529,910,20207
24,047,59,001,DS,"Other Flows - Northeast",250,408,10062
24,047,59,003,DS,"Other Flows - Midwest",35,64,1044
24,047,59,005,DS,"Other Flows - South",198,366,7979
24,047,59,007,DS,"Other Flows - West",46,72,1121
24,047,57,009,FR,"Foreign - Other flows",12,25,250
24,510,96,000,MD,"Baltimore Tot Mig-US & For",13766,22441,412480
24,510,97,000,MD,"Baltimore Tot Mig-US",13287,21836,408535
24,510,97,001,MD,"Baltimore Tot Mig-Same St",8815,15453,263830
24,510,97,003,MD,"Baltimore Tot Mig-Diff St",4472,6383,144704
24,510,98,000,MD,"Baltimore Tot Mig-Foreign",479,605,3945
24,510,24,510,MD,"Baltimore Non-Migrants",196044,400485,6250040
24,510,24,005,MD,"Baltimore County",5988,11002,173614
24,510,24,003,MD,"Anne Arundel County",945,1626,24766
24,510,24,027,MD,"Howard County",452,733,17708
24,510,24,025,MD,"Harford County",343,543,10075
24,510,24,031,MD,"Montgomery County",327,415,17382
24,510,24,033,MD,"Prince George's Coun",275,439,6941
24,510,11,001,DC,"District Of Columbia",174,237,7033
24,510,24,013,MD,"Carroll County",130,172,4640
24,510,36,061,NY,"New York County",92,114,6338
24,510,42,101,PA,"Philadelphia County",90,121,2531
24,510,51,059,VA,"Fairfax County",89,111,3204
24,510,17,031,IL,"Cook County",73,105,3261
24,510,36,047,NY,"Kings County",72,127,1830
24,510,06,037,CA,"Los Angeles County",67,82,3489
24,510,42,133,PA,"York County",63,76,1796
24,510,51,013,VA,"Arlington County",62,77,2824
24,510,36,081,NY,"Queens County",61,108,1504
24,510,57,005,FR,"Foreign - APO/FPO ZIPs",60,138,1533
24,510,24,021,MD,"Frederick County",58,70,1826
24,510,10,003,DE,"New Castle County",56,66,2481
24,510,42,003,PA,"Allegheny County",55,67,1506
24,510,06,075,CA,"San Francisco County",46,49,1312
24,510,24,045,MD,"Wicomico County",43,74,915
24,510,25,017,MA,"Middlesex County",41,62,1569
24,510,36,059,NY,"Nassau County",37,48,1198
24,510,06,073,CA,"San Diego County",36,55,1103
24,510,13,121,GA,"Fulton County",36,53,1264
24,510,48,201,TX,"Harris County",36,65,1077
24,510,06,001,CA,"Alameda County",35,47,1376
24,510,51,510,VA,Alexandria,34,45,1948
24,510,51,710,VA,Norfolk,34,64,931
24,510,36,119,NY,"Westchester County",33,46,3067
24,510,24,047,MD,"Worcester County",32,44,705
24,510,42,029,PA,"Chester County",32,40,1117
24,510,42,091,PA,"Montgomery County",32,45,1236
24,510,13,089,GA,"De Kalb County",31,48,674
24,510,12,025,FL,"Dade County",30,43,675
24,510,42,045,PA,"Delaware County",30,47,998
24,510,53,033,WA,"King County",30,38,961
24,510,36,005,NY,"Bronx County",29,59,426
24,510,42,043,PA,"Dauphin County",29,35,602
24,510,12,011,FL,"Broward County",27,41,865
24,510,25,025,MA,"Suffolk County",27,36,893
24,510,36,055,NY,"Monroe County",27,33,955
24,510,37,119,NC,"Mecklenburg County",27,43,1834
24,510,42,071,PA,"Lancaster County",27,32,995
24,510,24,017,MD,"Charles County",26,31,740
24,510,24,043,MD,"Washington County",26,41,425
24,510,36,103,NY,"Suffolk County",26,29,653
24,510,24,037,MD,"St Mary's County",25,46,480
24,510,36,029,NY,"Erie County",25,29,574
24,510,51,087,VA,"Henrico County",25,34,852
24,510,34,007,NJ,"Camden County",24,27,529
24,510,34,013,NJ,"Essex County",24,36,1059
24,510,37,063,NC,"Durham County",24,35,1347
24,510,08,031,CO,"Denver County",23,35,817
24,510,51,760,VA,Richmond,23,35,799
24,510,04,013,AZ,"Maricopa County",22,25,691
24,510,12,099,FL,"Palm Beach County",22,26,506
24,510,24,035,MD,"Queen Anne's County",22,32,480
24,510,24,041,MD,"Talbot County",22,29,1150
24,510,34,005,NJ,"Burlington County",22,33,521
24,510,34,025,NJ,"Monmouth County",22,34,630
24,510,39,049,OH,"Franklin County",22,29,581
24,510,09,001,CT,"Fairfield County",21,29,565
24,510,34,039,NJ,"Union County",21,23,803
24,510,37,183,NC,"Wake County",21,25,360
24,510,09,009,CT,"New Haven County",20,26,935
24,510,12,057,FL,"Hillsborough County",20,24,654
24,510,24,001,MD,"Allegany County",20,36,440
24,510,24,009,MD,"Calvert County",20,27,460
24,510,39,035,OH,"Cuyahoga County",20,30,699
24,510,42,017,PA,"Bucks County",20,27,745
24,510,51,153,VA,"Prince William Count",20,33,601
24,510,51,810,VA,"Virginia Beach",20,33,642
24,510,12,095,FL,"Orange County",19,28,410
24,510,39,061,OH,"Hamilton County",19,24,734
24,510,10,005,DE,"Sussex County",18,29,349
24,510,22,071,LA,"Orleans Parish",18,22,375
24,510,24,015,MD,"Cecil County",18,23,409
24,510,34,021,NJ,"Mercer County",18,24,740
24,510,48,453,TX,"Travis County",18,21,610
24,510,09,003,CT,"Hartford County",17,24,899
24,510,24,019,MD,"Dorchester County",17,31,333
24,510,26,125,MI,"Oakland County",17,19,714
24,510,26,161,MI,"Washtenaw County",17,21,376
24,510,34,017,NJ,"Hudson County",17,22,512
24,510,51,041,VA,"Chesterfield County",17,29,691
24,510,51,700,VA,"Newport News",17,28,250
24,510,15,003,HI,"Honolulu County",16,25,501
24,510,34,003,NJ,"Bergen County",16,23,959
24,510,37,051,NC,"Cumberland County",16,23,317
24,510,48,113,TX,"Dallas County",16,18,768
24,510,06,085,CA,"Santa Clara County",15,18,385
24,510,34,023,NJ,"Middlesex County",15,17,563
24,510,47,037,TN,"Davidson County",15,25,535
24,510,51,003,VA,"Albemarle County",15,21,506
24,510,10,001,DE,"Kent County",14,21,246
24,510,26,163,MI,"Wayne County",14,23,500
24,510,29,189,MO,"St Louis County",14,19,368
24,510,34,027,NJ,"Morris County",14,20,1060
24,510,36,067,NY,"Onondaga County",14,19,343
24,510,45,079,SC,"Richland County",14,21,330
24,510,48,029,TX,"Bexar County",14,14,305
24,510,55,079,WI,"Milwaukee County",14,23,323
24,510,08,041,CO,"El Paso County",13,23,298
24,510,12,103,FL,"Pinellas County",13,17,391
24,510,25,021,MA,"Norfolk County",13,23,723
24,510,32,003,NV,"Clark County",13,22,328
24,510,37,133,NC,"Onslow County",13,31,208
24,510,42,077,PA,"Lehigh County",13,19,408
24,510,13,067,GA,"Cobb County",12,16,469
24,510,18,097,IN,"Marion County",12,16,251
24,510,24,039,MD,"Somerset County",12,16,163
24,510,27,053,MN,"Hennepin County",12,16,349
24,510,35,001,NM,"Bernalillo County",12,16,448
24,510,41,051,OR,"Multnomah County",12,17,307
24,510,45,085,SC,"Sumter County",12,25,111
24,510,55,025,WI,"Dane County",12,15,423
24,510,06,067,CA,"Sacramento County",11,11,164
24,510,08,013,CO,"Boulder County",11,14,315
24,510,12,001,FL,"Alachua County",11,13,257
24,510,12,031,FL,"Duval County",11,18,191
24,510,17,043,IL,"Du Page County",11,15,448
24,510,36,001,NY,"Albany County",11,16,352
24,510,36,087,NY,"Rockland County",11,12,311
24,510,37,081,NC,"Guilford County",11,16,387
24,510,47,157,TN,"Shelby County",11,16,435
24,510,48,027,TX,"Bell County",11,24,226
24,510,48,439,TX,"Tarrant County",11,12,354
24,510,06,059,CA,"Orange County",10,14,322
24,510,21,067,KY,"Fayette County",10,16,596
24,510,21,111,KY,"Jefferson County",10,12,423
24,510,25,013,MA,"Hampden County",10,13,268
24,510,29,510,MO,"St Louis",10,14,293
24,510,37,067,NC,"Forsyth County",10,12,259
24,510,42,027,PA,"Centre County",10,10,160
24,510,45,051,SC,"Horry County",10,17,179
24,510,51,650,VA,Hampton,10,17,146
24,510,53,053,WA,"Pierce County",10,21,186
24,510,54,003,WV,"Berkeley County",10,14,351
24,510,58,000,SS,"Other Flows - Same State",14,23,180
24,510,59,000,DS,"Other Flows - Diff State",1444,2157,38265
24,510,59,001,DS,"Other Flows - Northeast",392,532,11607
24,510,59,003,DS,"Other Flows - Midwest",243,324,6936
24,510,59,005,DS,"Other Flows - South",630,1039,13965
24,510,59,007,DS,"Other Flows - West",179,262,5757
24,510,57,009,FR,"Foreign - Other flows",419,467,2412
