"1995-1996 County To County Migration Outflows",,,,,,Arkansas,,
"(Aggregate money amounts in thousands of dollars)",,,,,,,,
,,,,,,,,
"Migration from",,"Migration into",,,,Number,Number,Aggregate
Arkansas,,,,,,of,of,adjusted
State,County,State,County,State,"State totals, county totals,",Returns,Exemptions,Gross
"FIPS Code",,,,,"and county by county detail",,,Income
,,,,,,,,
05,000,96,000,AR,"Total Mig - US & For",60568,129104,1483519
05,000,97,000,AR,"Total Mig - US",60047,128093,1471809
05,000,97,001,AR,"Total Mig - US Same St",33374,71909,779917
05,000,97,003,AR,"Total Mig - US Diff St",26673,56184,691892
05,000,98,000,AR,"Total Mig - Foreign",521,1011,11709
05,001,96,000,AR,"Arkansas County Tot Mig-US & For",406,818,8202
05,001,97,000,AR,"Arkansas County Tot Mig-US",406,818,8202
05,001,97,001,AR,"Arkansas County Tot Mig-Same St",287,594,5874
05,001,97,003,AR,"Arkansas County Tot Mig-Diff St",119,224,2329
05,001,05,001,AR,"Arkansas County Non-Migrants",7376,16846,234817
05,001,05,119,AR,"Pulaski County",57,95,1071
05,001,05,085,AR,"Lonoke County",30,73,601
05,001,05,069,AR,"Jefferson County",29,60,431
05,001,05,117,AR,"Prairie County",20,38,305
05,001,05,045,AR,"Faulkner County",16,31,442
05,001,05,095,AR,"Monroe County",13,30,316
05,001,05,143,AR,"Washington County",12,16,214
05,001,05,031,AR,"Craighead County",11,24,414
05,001,58,000,SS,"Other Flows - Same State",99,227,2080
05,001,59,000,DS,"Other Flows - Diff State",119,224,2329
05,003,96,000,AR,"Ashley County Tot Mig-US & For",422,980,11369
05,003,97,000,AR,"Ashley County Tot Mig-US",422,980,11369
05,003,97,001,AR,"Ashley County Tot Mig-Same St",196,456,4550
05,003,97,003,AR,"Ashley County Tot Mig-Diff St",226,524,6819
05,003,05,003,AR,"Ashley County Non-Migrants",7514,18477,251755
05,003,22,067,LA,"Morehouse Parish",33,83,741
05,003,05,043,AR,"Drew County",29,73,644
05,003,05,017,AR,"Chicot County",26,59,590
05,003,05,139,AR,"Union County",24,68,654
05,003,05,119,AR,"Pulaski County",18,27,353
05,003,22,073,LA,"Ouachita Parish",17,35,531
05,003,58,000,SS,"Other Flows - Same State",99,229,2309
05,003,59,000,DS,"Other Flows - Diff State",176,406,5547
05,005,96,000,AR,"Baxter County Tot Mig-US & For",875,1732,18092
05,005,97,000,AR,"Baxter County Tot Mig-US",875,1732,18092
05,005,97,001,AR,"Baxter County Tot Mig-Same St",349,728,6425
05,005,97,003,AR,"Baxter County Tot Mig-Diff St",526,1004,11667
05,005,05,005,AR,"Baxter County Non-Migrants",12218,25980,344599
05,005,05,089,AR,"Marion County",104,216,1917
05,005,05,065,AR,"Izard County",32,74,550
05,005,05,143,AR,"Washington County",23,37,257
05,005,29,153,MO,"Ozark County",19,43,335
05,005,05,009,AR,"Boone County",18,38,364
05,005,05,031,AR,"Craighead County",17,25,278
05,005,05,045,AR,"Faulkner County",17,35,503
05,005,05,119,AR,"Pulaski County",17,27,282
05,005,17,031,IL,"Cook County",17,30,368
05,005,29,077,MO,"Greene County",17,29,412
05,005,05,049,AR,"Fulton County",14,28,244
05,005,29,091,MO,"Howell County",14,25,324
05,005,05,007,AR,"Benton County",13,33,292
05,005,47,157,TN,"Shelby County",11,24,265
05,005,58,000,SS,"Other Flows - Same State",94,215,1736
05,005,59,000,DS,"Other Flows - Diff State",448,853,9963
05,005,59,001,DS,"Other Flows - Northeast",16,32,358
05,005,59,003,DS,"Other Flows - Midwest",191,365,4051
05,005,59,005,DS,"Other Flows - South",157,311,3664
05,005,59,007,DS,"Other Flows - West",84,145,1891
05,007,96,000,AR,"Benton County Tot Mig-US & For",3434,7453,91605
05,007,97,000,AR,"Benton County Tot Mig-US",3414,7407,91153
05,007,97,001,AR,"Benton County Tot Mig-Same St",1180,2536,26795
05,007,97,003,AR,"Benton County Tot Mig-Diff St",2234,4871,64358
05,007,98,000,AR,"Benton County Tot Mig-Foreign",20,46,451
05,007,05,007,AR,"Benton County Non-Migrants",41819,96732,1470603
05,007,05,143,AR,"Washington County",763,1613,17221
05,007,29,119,MO,"Mcdonald County",138,324,2792
05,007,40,041,OK,"Delaware County",114,290,2267
05,007,29,009,MO,"Barry County",87,231,1828
05,007,40,143,OK,"Tulsa County",81,163,2205
05,007,40,001,OK,"Adair County",73,177,1809
05,007,05,015,AR,"Carroll County",48,95,920
05,007,05,131,AR,"Sebastian County",48,102,1006
05,007,05,119,AR,"Pulaski County",44,72,1189
05,007,05,087,AR,"Madison County",37,105,740
05,007,48,113,TX,"Dallas County",31,49,1441
05,007,40,109,OK,"Oklahoma County",30,63,851
05,007,04,013,AZ,"Maricopa County",28,49,1135
05,007,29,077,MO,"Greene County",28,53,730
05,007,05,033,AR,"Crawford County",26,64,575
05,007,20,091,KS,"Johnson County",26,58,796
05,007,20,173,KS,"Sedgwick County",26,51,521
05,007,29,097,MO,"Jasper County",26,55,546
05,007,48,439,TX,"Tarrant County",26,60,636
05,007,06,037,CA,"Los Angeles County",25,60,476
05,007,32,003,NV,"Clark County",22,45,735
05,007,40,021,OK,"Cherokee County",22,45,535
05,007,05,115,AR,"Pope County",20,44,479
05,007,29,095,MO,"Jackson County",20,35,578
05,007,29,145,MO,"Newton County",20,45,707
05,007,05,045,AR,"Faulkner County",16,31,343
05,007,06,073,CA,"San Diego County",16,25,342
05,007,48,201,TX,"Harris County",16,35,412
05,007,05,009,AR,"Boone County",15,31,376
05,007,29,109,MO,"Lawrence County",15,32,257
05,007,47,157,TN,"Shelby County",14,34,1068
05,007,05,005,AR,"Baxter County",13,25,287
05,007,17,031,IL,"Cook County",13,30,284
05,007,40,097,OK,"Mayes County",13,33,233
05,007,40,131,OK,"Rogers County",12,30,219
05,007,48,029,TX,"Bexar County",12,26,337
05,007,05,051,AR,"Garland County",11,35,536
05,007,05,145,AR,"White County",11,27,247
05,007,48,085,TX,"Collin County",11,35,596
05,007,05,031,AR,"Craighead County",10,17,310
05,007,08,041,CO,"El Paso County",10,26,485
05,007,47,037,TN,"Davidson County",10,17,285
05,007,48,121,TX,"Denton County",10,31,409
05,007,57,005,FR,"Foreign - APO/FPO ZIPs",10,21,143
05,007,58,000,SS,"Other Flows - Same State",118,275,2567
05,007,59,000,DS,"Other Flows - Diff State",1259,2664,38843
05,007,59,001,DS,"Other Flows - Northeast",57,123,2596
05,007,59,003,DS,"Other Flows - Midwest",434,881,12409
05,007,59,005,DS,"Other Flows - South",579,1264,18390
05,007,59,007,DS,"Other Flows - West",189,396,5448
05,007,57,009,FR,"Foreign - Other flows",10,25,309
05,009,96,000,AR,"Boone County Tot Mig-US & For",862,1817,18192
05,009,97,000,AR,"Boone County Tot Mig-US",862,1817,18192
05,009,97,001,AR,"Boone County Tot Mig-Same St",407,928,8758
05,009,97,003,AR,"Boone County Tot Mig-Diff St",455,889,9435
05,009,05,009,AR,"Boone County Non-Migrants",10438,24243,300753
05,009,05,015,AR,"Carroll County",71,144,1173
05,009,05,101,AR,"Newton County",61,142,1226
05,009,05,143,AR,"Washington County",59,108,1474
05,009,29,213,MO,"Taney County",53,107,916
05,009,05,089,AR,"Marion County",46,136,854
05,009,05,007,AR,"Benton County",26,65,648
05,009,29,077,MO,"Greene County",20,40,417
05,009,05,005,AR,"Baxter County",17,37,355
05,009,05,119,AR,"Pulaski County",17,33,549
05,009,29,209,MO,"Stone County",13,25,216
05,009,05,045,AR,"Faulkner County",12,16,151
05,009,05,129,AR,"Searcy County",12,27,125
05,009,58,000,SS,"Other Flows - Same State",86,220,2203
05,009,59,000,DS,"Other Flows - Diff State",369,717,7885
05,009,59,001,DS,"Other Flows - Northeast",19,36,949
05,009,59,003,DS,"Other Flows - Midwest",125,260,2150
05,009,59,005,DS,"Other Flows - South",155,290,3528
05,009,59,007,DS,"Other Flows - West",70,131,1259
05,011,96,000,AR,"Bradley County Tot Mig-US & For",230,527,4541
05,011,97,000,AR,"Bradley County Tot Mig-US",230,527,4541
05,011,97,001,AR,"Bradley County Tot Mig-Same St",169,391,3198
05,011,97,003,AR,"Bradley County Tot Mig-Diff St",61,136,1343
05,011,05,011,AR,"Bradley County Non-Migrants",3813,8988,104688
05,011,05,043,AR,"Drew County",43,100,790
05,011,05,119,AR,"Pulaski County",18,38,384
05,011,05,025,AR,"Cleveland County",14,31,371
05,011,05,069,AR,"Jefferson County",12,20,159
05,011,05,003,AR,"Ashley County",10,33,180
05,011,58,000,SS,"Other Flows - Same State",72,169,1313
05,011,59,000,DS,"Other Flows - Diff State",61,136,1343
05,013,96,000,AR,"Calhoun County Tot Mig-US & For",127,282,2545
05,013,97,000,AR,"Calhoun County Tot Mig-US",127,282,2545
05,013,97,001,AR,"Calhoun County Tot Mig-Same St",95,204,1993
05,013,97,003,AR,"Calhoun County Tot Mig-Diff St",32,78,553
05,013,05,013,AR,"Calhoun County Non-Migrants",1667,3937,43632
05,013,05,139,AR,"Union County",20,48,429
05,013,05,039,AR,"Dallas County",19,39,320
05,013,05,103,AR,"Ouachita County",17,34,308
05,013,58,000,SS,"Other Flows - Same State",39,83,936
05,013,59,000,DS,"Other Flows - Diff State",32,78,553
05,015,96,000,AR,"Carroll County Tot Mig-US & For",615,1291,12175
05,015,97,000,AR,"Carroll County Tot Mig-US",615,1291,12175
05,015,97,001,AR,"Carroll County Tot Mig-Same St",259,542,4821
05,015,97,003,AR,"Carroll County Tot Mig-Diff St",356,749,7354
05,015,05,015,AR,"Carroll County Non-Migrants",6895,15262,167035
05,015,05,009,AR,"Boone County",76,156,1170
05,015,05,143,AR,"Washington County",50,95,940
05,015,05,007,AR,"Benton County",43,92,964
05,015,29,009,MO,"Barry County",27,64,693
05,015,05,087,AR,"Madison County",14,39,198
05,015,29,209,MO,"Stone County",13,22,205
05,015,40,143,OK,"Tulsa County",13,22,337
05,015,58,000,SS,"Other Flows - Same State",76,160,1549
05,015,59,000,DS,"Other Flows - Diff State",303,641,6118
05,017,96,000,AR,"Chicot County Tot Mig-US & For",353,779,8357
05,017,97,000,AR,"Chicot County Tot Mig-US",353,779,8357
05,017,97,001,AR,"Chicot County Tot Mig-Same St",208,466,5571
05,017,97,003,AR,"Chicot County Tot Mig-Diff St",145,313,2785
05,017,05,017,AR,"Chicot County Non-Migrants",4048,9586,94040
05,017,05,119,AR,"Pulaski County",39,61,880
05,017,05,003,AR,"Ashley County",32,85,627
05,017,05,041,AR,"Desha County",28,70,608
05,017,05,043,AR,"Drew County",20,54,1191
05,017,28,151,MS,"Washington County",16,29,406
05,017,05,051,AR,"Garland County",13,28,413
05,017,05,069,AR,"Jefferson County",10,25,160
05,017,58,000,SS,"Other Flows - Same State",66,143,1691
05,017,59,000,DS,"Other Flows - Diff State",129,284,2380
05,019,96,000,AR,"Clark County Tot Mig-US & For",604,1260,13043
05,019,97,000,AR,"Clark County Tot Mig-US",604,1260,13043
05,019,97,001,AR,"Clark County Tot Mig-Same St",387,813,7944
05,019,97,003,AR,"Clark County Tot Mig-Diff St",217,447,5099
05,019,05,019,AR,"Clark County Non-Migrants",6849,15685,198866
05,019,05,059,AR,"Hot Spring County",66,149,1498
05,019,05,119,AR,"Pulaski County",48,83,988
05,019,05,051,AR,"Garland County",45,89,1108
05,019,05,109,AR,"Pike County",29,62,496
05,019,05,103,AR,"Ouachita County",19,43,198
05,019,05,099,AR,"Nevada County",15,37,257
05,019,05,125,AR,"Saline County",15,31,385
05,019,05,045,AR,"Faulkner County",12,24,189
05,019,47,157,TN,"Shelby County",12,18,218
05,019,05,057,AR,"Hempstead County",11,23,158
05,019,48,113,TX,"Dallas County",10,19,186
05,019,58,000,SS,"Other Flows - Same State",127,272,2666
05,019,59,000,DS,"Other Flows - Diff State",195,410,4696
05,019,59,001,DS,"Other Flows - Northeast",10,19,401
05,019,59,003,DS,"Other Flows - Midwest",41,82,827
05,019,59,005,DS,"Other Flows - South",114,246,2981
05,019,59,007,DS,"Other Flows - West",30,63,487
05,021,96,000,AR,"Clay County Tot Mig-US & For",406,894,6963
05,021,97,000,AR,"Clay County Tot Mig-US",406,894,6963
05,021,97,001,AR,"Clay County Tot Mig-Same St",197,435,3580
05,021,97,003,AR,"Clay County Tot Mig-Diff St",209,459,3384
05,021,05,021,AR,"Clay County Non-Migrants",5421,12334,137326
05,021,05,055,AR,"Greene County",66,137,1481
05,021,05,031,AR,"Craighead County",40,79,749
05,021,05,121,AR,"Randolph County",34,83,749
05,021,29,069,MO,"Dunklin County",34,78,485
05,021,29,023,MO,"Butler County",23,53,435
05,021,58,000,SS,"Other Flows - Same State",57,136,601
05,021,59,000,DS,"Other Flows - Diff State",152,328,2464
05,023,96,000,AR,"Cleburne County Tot Mig-US & For",514,1018,12097
05,023,97,000,AR,"Cleburne County Tot Mig-US",514,1018,12097
05,023,97,001,AR,"Cleburne County Tot Mig-Same St",325,666,8251
05,023,97,003,AR,"Cleburne County Tot Mig-Diff St",189,352,3846
05,023,05,023,AR,"Cleburne County Non-Migrants",7203,16415,197039
05,023,05,045,AR,"Faulkner County",57,103,1090
05,023,05,145,AR,"White County",53,130,993
05,023,05,119,AR,"Pulaski County",44,77,2712
05,023,05,063,AR,"Independence County",26,54,510
05,023,05,137,AR,"Stone County",13,28,200
05,023,05,141,AR,"Van Buren County",13,21,160
05,023,05,143,AR,"Washington County",12,22,232
05,023,05,085,AR,"Lonoke County",10,24,141
05,023,58,000,SS,"Other Flows - Same State",97,207,2213
05,023,59,000,DS,"Other Flows - Diff State",189,352,3846
05,025,96,000,AR,"Cleveland Count Tot Mig-US & For",186,384,4684
05,025,97,000,AR,"Cleveland Count Tot Mig-US",186,384,4684
05,025,97,001,AR,"Cleveland Count Tot Mig-Same St",151,316,3799
05,025,97,003,AR,"Cleveland Count Tot Mig-Diff St",35,68,886
05,025,05,025,AR,"Cleveland Count Non-Migrants",2629,6434,77205
05,025,05,069,AR,"Jefferson County",48,101,1440
05,025,05,039,AR,"Dallas County",15,36,381
05,025,05,119,AR,"Pulaski County",15,22,374
05,025,05,079,AR,"Lincoln County",11,22,132
05,025,05,011,AR,"Bradley County",10,23,268
05,025,58,000,SS,"Other Flows - Same State",52,112,1202
05,025,59,000,DS,"Other Flows - Diff State",35,68,886
05,027,96,000,AR,"Columbia County Tot Mig-US & For",580,1226,12942
05,027,97,000,AR,"Columbia County Tot Mig-US",580,1226,12942
05,027,97,001,AR,"Columbia County Tot Mig-Same St",264,559,5664
05,027,97,003,AR,"Columbia County Tot Mig-Diff St",316,667,7278
05,027,05,027,AR,"Columbia County Non-Migrants",8694,20286,279409
05,027,05,139,AR,"Union County",42,95,972
05,027,05,103,AR,"Ouachita County",39,80,844
05,027,22,119,LA,"Webster Parish",36,91,1128
05,027,05,119,AR,"Pulaski County",28,44,466
05,027,05,073,AR,"Lafayette County",24,58,422
05,027,48,113,TX,"Dallas County",23,38,325
05,027,05,091,AR,"Miller County",16,31,330
05,027,48,037,TX,"Bowie County",16,27,259
05,027,05,057,AR,"Hempstead County",15,30,277
05,027,22,027,LA,"Claiborne Parish",15,37,366
05,027,22,017,LA,"Caddo Parish",13,22,285
05,027,48,201,TX,"Harris County",13,24,446
05,027,05,051,AR,"Garland County",10,21,356
05,027,58,000,SS,"Other Flows - Same State",90,200,1998
05,027,59,000,DS,"Other Flows - Diff State",200,428,4469
05,029,96,000,AR,"Conway County Tot Mig-US & For",443,938,9993
05,029,97,000,AR,"Conway County Tot Mig-US",443,938,9993
05,029,97,001,AR,"Conway County Tot Mig-Same St",335,722,6690
05,029,97,003,AR,"Conway County Tot Mig-Diff St",108,216,3304
05,029,05,029,AR,"Conway County Non-Migrants",6053,13906,163136
05,029,05,045,AR,"Faulkner County",98,202,2125
05,029,05,105,AR,"Perry County",55,125,1037
05,029,05,115,AR,"Pope County",54,126,1130
05,029,05,119,AR,"Pulaski County",44,75,753
05,029,05,141,AR,"Van Buren County",15,35,241
05,029,58,000,SS,"Other Flows - Same State",69,159,1404
05,029,59,000,DS,"Other Flows - Diff State",108,216,3304
05,031,96,000,AR,"Craighead Count Tot Mig-US & For",1729,3506,41656
05,031,97,000,AR,"Craighead Count Tot Mig-US",1719,3485,41485
05,031,97,001,AR,"Craighead Count Tot Mig-Same St",986,2064,21283
05,031,97,003,AR,"Craighead Count Tot Mig-Diff St",733,1421,20202
05,031,98,000,AR,"Craighead Count Tot Mig-Foreign",10,21,171
05,031,05,031,AR,"Craighead Count Non-Migrants",22946,52264,802957
05,031,05,111,AR,"Poinsett County",142,322,2463
05,031,05,055,AR,"Greene County",139,291,3165
05,031,47,157,TN,"Shelby County",94,160,2233
05,031,05,119,AR,"Pulaski County",84,138,1872
05,031,05,093,AR,"Mississippi County",73,157,1382
05,031,05,075,AR,"Lawrence County",60,145,1039
05,031,05,135,AR,"Sharp County",36,67,717
05,031,05,121,AR,"Randolph County",33,73,868
05,031,05,045,AR,"Faulkner County",28,50,739
05,031,05,067,AR,"Jackson County",28,60,444
05,031,05,063,AR,"Independence County",27,56,536
05,031,05,035,AR,"Crittenden County",25,57,809
05,031,05,037,AR,"Cross County",25,58,704
05,031,48,113,TX,"Dallas County",24,42,674
05,031,05,005,AR,"Baxter County",23,49,656
05,031,05,143,AR,"Washington County",19,37,391
05,031,05,145,AR,"White County",19,37,404
05,031,05,021,AR,"Clay County",18,37,325
05,031,05,085,AR,"Lonoke County",16,32,382
05,031,05,007,AR,"Benton County",15,38,313
05,031,05,051,AR,"Garland County",15,25,320
05,031,05,069,AR,"Jefferson County",13,22,350
05,031,05,123,AR,"St Francis County",12,23,277
05,031,05,131,AR,"Sebastian County",11,17,281
05,031,48,439,TX,"Tarrant County",11,22,389
05,031,05,065,AR,"Izard County",10,20,122
05,031,05,125,AR,"Saline County",10,22,493
05,031,47,037,TN,"Davidson County",10,22,353
05,031,58,000,SS,"Other Flows - Same State",105,231,2231
05,031,59,000,DS,"Other Flows - Diff State",594,1175,16553
05,031,59,001,DS,"Other Flows - Northeast",21,42,429
05,031,59,003,DS,"Other Flows - Midwest",184,357,4574
05,031,59,005,DS,"Other Flows - South",299,608,9259
05,031,59,007,DS,"Other Flows - West",90,168,2290
05,031,57,009,FR,"Foreign - Other flows",10,21,171
05,033,96,000,AR,"Crawford County Tot Mig-US & For",1203,2643,24743
05,033,97,000,AR,"Crawford County Tot Mig-US",1203,2643,24743
05,033,97,001,AR,"Crawford County Tot Mig-Same St",774,1639,15693
05,033,97,003,AR,"Crawford County Tot Mig-Diff St",429,1004,9050
05,033,05,033,AR,"Crawford County Non-Migrants",14751,35822,425540
05,033,05,131,AR,"Sebastian County",540,1094,10117
05,033,40,135,OK,"Sequoyah County",53,122,1017
05,033,05,007,AR,"Benton County",39,93,1111
05,033,05,143,AR,"Washington County",39,78,781
05,033,40,079,OK,"Le Flore County",39,112,960
05,033,05,047,AR,"Franklin County",28,70,664
05,033,05,083,AR,"Logan County",22,51,466
05,033,05,115,AR,"Pope County",13,23,250
05,033,05,119,AR,"Pulaski County",12,21,276
05,033,48,113,TX,"Dallas County",10,19,355
05,033,58,000,SS,"Other Flows - Same State",81,209,2029
05,033,59,000,DS,"Other Flows - Diff State",327,751,6718
05,035,96,000,AR,"Crittenden Coun Tot Mig-US & For",1175,2606,27933
05,035,97,000,AR,"Crittenden Coun Tot Mig-US",1175,2606,27933
05,035,97,001,AR,"Crittenden Coun Tot Mig-Same St",411,982,9738
05,035,97,003,AR,"Crittenden Coun Tot Mig-Diff St",764,1624,18195
05,035,05,035,AR,"Crittenden Coun Non-Migrants",15242,36426,434518
05,035,47,157,TN,"Shelby County",341,673,8849
05,035,05,123,AR,"St Francis County",60,142,1213
05,035,05,037,AR,"Cross County",47,121,1023
05,035,05,031,AR,"Craighead County",46,94,1152
05,035,05,111,AR,"Poinsett County",39,91,719
05,035,28,033,MS,"De Soto County",38,77,1088
05,035,05,093,AR,"Mississippi County",33,83,708
05,035,05,119,AR,"Pulaski County",20,42,488
05,035,05,023,AR,"Cleburne County",15,35,297
05,035,48,113,TX,"Dallas County",12,20,169
05,035,05,055,AR,"Greene County",11,25,290
05,035,05,145,AR,"White County",11,33,280
05,035,05,045,AR,"Faulkner County",10,20,230
05,035,58,000,SS,"Other Flows - Same State",119,296,3337
05,035,59,000,DS,"Other Flows - Diff State",373,854,8088
05,037,96,000,AR,"Cross County Tot Mig-US & For",410,935,8287
05,037,97,000,AR,"Cross County Tot Mig-US",410,935,8287
05,037,97,001,AR,"Cross County Tot Mig-Same St",274,638,5563
05,037,97,003,AR,"Cross County Tot Mig-Diff St",136,297,2724
05,037,05,037,AR,"Cross County Non-Migrants",5811,13905,161963
05,037,05,123,AR,"St Francis County",70,159,1296
05,037,05,035,AR,"Crittenden County",38,94,805
05,037,05,111,AR,"Poinsett County",26,60,355
05,037,05,031,AR,"Craighead County",25,57,239
05,037,47,157,TN,"Shelby County",22,36,450
05,037,05,145,AR,"White County",14,36,341
05,037,05,119,AR,"Pulaski County",13,19,330
05,037,58,000,SS,"Other Flows - Same State",88,213,2197
05,037,59,000,DS,"Other Flows - Diff State",114,261,2274
05,039,96,000,AR,"Dallas County Tot Mig-US & For",215,496,4763
05,039,97,000,AR,"Dallas County Tot Mig-US",215,496,4763
05,039,97,001,AR,"Dallas County Tot Mig-Same St",177,420,3899
05,039,97,003,AR,"Dallas County Tot Mig-Diff St",38,76,864
05,039,05,039,AR,"Dallas County Non-Migrants",2793,6605,76420
05,039,05,103,AR,"Ouachita County",41,110,793
05,039,05,025,AR,"Cleveland County",20,47,433
05,039,05,019,AR,"Clark County",16,38,293
05,039,05,119,AR,"Pulaski County",15,29,452
05,039,05,013,AR,"Calhoun County",14,38,401
05,039,58,000,SS,"Other Flows - Same State",71,158,1528
05,039,59,000,DS,"Other Flows - Diff State",38,76,864
05,041,96,000,AR,"Desha County Tot Mig-US & For",372,839,8161
05,041,97,000,AR,"Desha County Tot Mig-US",372,839,8161
05,041,97,001,AR,"Desha County Tot Mig-Same St",270,628,6304
05,041,97,003,AR,"Desha County Tot Mig-Diff St",102,211,1857
05,041,05,041,AR,"Desha County Non-Migrants",4767,11498,128352
05,041,05,043,AR,"Drew County",52,133,1214
05,041,05,079,AR,"Lincoln County",41,97,727
05,041,05,017,AR,"Chicot County",27,72,515
05,041,05,069,AR,"Jefferson County",27,59,416
05,041,05,119,AR,"Pulaski County",26,46,402
05,041,05,003,AR,"Ashley County",13,31,217
05,041,05,001,AR,"Arkansas County",12,25,245
05,041,58,000,SS,"Other Flows - Same State",72,165,2568
05,041,59,000,DS,"Other Flows - Diff State",102,211,1857
05,043,96,000,AR,"Drew County Tot Mig-US & For",444,963,9972
05,043,97,000,AR,"Drew County Tot Mig-US",444,963,9972
05,043,97,001,AR,"Drew County Tot Mig-Same St",327,702,7283
05,043,97,003,AR,"Drew County Tot Mig-Diff St",117,261,2689
05,043,05,043,AR,"Drew County Non-Migrants",5084,11833,145567
05,043,05,011,AR,"Bradley County",55,123,1169
05,043,05,041,AR,"Desha County",44,101,1023
05,043,05,119,AR,"Pulaski County",32,50,553
05,043,05,003,AR,"Ashley County",30,73,688
05,043,05,069,AR,"Jefferson County",22,44,443
05,043,05,017,AR,"Chicot County",17,40,459
05,043,05,079,AR,"Lincoln County",14,46,362
05,043,05,051,AR,"Garland County",11,21,266
05,043,05,025,AR,"Cleveland County",10,26,248
05,043,05,045,AR,"Faulkner County",10,14,180
05,043,05,143,AR,"Washington County",10,19,295
05,043,58,000,SS,"Other Flows - Same State",72,145,1598
05,043,59,000,DS,"Other Flows - Diff State",117,261,2689
05,045,96,000,AR,"Faulkner County Tot Mig-US & For",2173,4399,56272
05,045,97,000,AR,"Faulkner County Tot Mig-US",2148,4356,55804
05,045,97,001,AR,"Faulkner County Tot Mig-Same St",1492,2946,36799
05,045,97,003,AR,"Faulkner County Tot Mig-Diff St",656,1410,19005
05,045,98,000,AR,"Faulkner County Tot Mig-Foreign",25,43,468
05,045,05,045,AR,"Faulkner County Non-Migrants",24372,58132,894137
05,045,05,119,AR,"Pulaski County",685,1262,17158
05,045,05,029,AR,"Conway County",81,171,1999
05,045,05,085,AR,"Lonoke County",62,151,1838
05,045,05,145,AR,"White County",60,137,1342
05,045,05,105,AR,"Perry County",58,124,1513
05,045,05,141,AR,"Van Buren County",58,115,1307
05,045,05,023,AR,"Cleburne County",57,107,1173
05,045,05,143,AR,"Washington County",41,83,1000
05,045,05,115,AR,"Pope County",38,98,1175
05,045,05,051,AR,"Garland County",35,58,715
05,045,05,125,AR,"Saline County",31,50,758
05,045,47,157,TN,"Shelby County",25,38,651
05,045,05,131,AR,"Sebastian County",18,41,581
05,045,48,113,TX,"Dallas County",18,25,658
05,045,05,069,AR,"Jefferson County",16,32,485
05,045,05,129,AR,"Searcy County",14,23,192
05,045,48,439,TX,"Tarrant County",14,25,425
05,045,05,031,AR,"Craighead County",13,30,333
05,045,05,007,AR,"Benton County",12,24,878
05,045,05,063,AR,"Independence County",11,23,258
05,045,22,033,LA,"East Baton Rouge Par",11,16,213
05,045,04,013,AZ,"Maricopa County",10,20,447
05,045,05,043,AR,"Drew County",10,24,244
05,045,05,149,AR,"Yell County",10,26,276
05,045,58,000,SS,"Other Flows - Same State",182,367,3577
05,045,59,000,DS,"Other Flows - Diff State",578,1286,16610
05,045,59,001,DS,"Other Flows - Northeast",27,62,948
05,045,59,003,DS,"Other Flows - Midwest",140,341,3922
05,045,59,005,DS,"Other Flows - South",324,716,9686
05,045,59,007,DS,"Other Flows - West",87,167,2054
05,045,57,009,FR,"Foreign - Other flows",25,43,468
05,047,96,000,AR,"Franklin County Tot Mig-US & For",351,756,7967
05,047,97,000,AR,"Franklin County Tot Mig-US",351,756,7967
05,047,97,001,AR,"Franklin County Tot Mig-Same St",243,531,5863
05,047,97,003,AR,"Franklin County Tot Mig-Diff St",108,225,2104
05,047,05,047,AR,"Franklin County Non-Migrants",4871,11604,129369
05,047,05,131,AR,"Sebastian County",56,126,1302
05,047,05,083,AR,"Logan County",41,87,683
05,047,05,071,AR,"Johnson County",38,81,741
05,047,05,033,AR,"Crawford County",37,93,737
05,047,05,143,AR,"Washington County",12,22,216
05,047,05,119,AR,"Pulaski County",10,19,1266
05,047,58,000,SS,"Other Flows - Same State",49,103,917
05,047,59,000,DS,"Other Flows - Diff State",108,225,2104
05,049,96,000,AR,"Fulton County Tot Mig-US & For",237,524,5441
05,049,97,000,AR,"Fulton County Tot Mig-US",237,524,5441
05,049,97,001,AR,"Fulton County Tot Mig-Same St",129,285,3142
05,049,97,003,AR,"Fulton County Tot Mig-Diff St",108,239,2299
05,049,05,049,AR,"Fulton County Non-Migrants",2755,6586,58094
05,049,05,005,AR,"Baxter County",32,81,536
05,049,05,135,AR,"Sharp County",25,59,302
05,049,05,065,AR,"Izard County",19,33,264
05,049,29,149,MO,"Oregon County",17,35,273
05,049,29,091,MO,"Howell County",16,34,292
05,049,58,000,SS,"Other Flows - Same State",53,112,2040
05,049,59,000,DS,"Other Flows - Diff State",75,170,1734
05,051,96,000,AR,"Garland County Tot Mig-US & For",1733,3377,40007
05,051,97,000,AR,"Garland County Tot Mig-US",1714,3339,39597
05,051,97,001,AR,"Garland County Tot Mig-Same St",774,1571,17399
05,051,97,003,AR,"Garland County Tot Mig-Diff St",940,1768,22198
05,051,98,000,AR,"Garland County Tot Mig-Foreign",19,38,410
05,051,05,051,AR,"Garland County Non-Migrants",28319,60566,914188
05,051,05,119,AR,"Pulaski County",167,291,4301
05,051,05,059,AR,"Hot Spring County",120,270,2716
05,051,05,019,AR,"Clark County",50,86,803
05,051,05,125,AR,"Saline County",48,101,1358
05,051,05,143,AR,"Washington County",39,62,718
05,051,48,113,TX,"Dallas County",35,63,765
05,051,05,109,AR,"Pike County",33,66,809
05,051,05,097,AR,"Montgomery County",28,70,592
05,051,47,157,TN,"Shelby County",28,47,597
05,051,04,013,AZ,"Maricopa County",19,26,417
05,051,05,045,AR,"Faulkner County",19,45,507
05,051,06,037,CA,"Los Angeles County",17,33,340
05,051,17,031,IL,"Cook County",17,25,353
05,051,05,131,AR,"Sebastian County",16,30,392
05,051,48,439,TX,"Tarrant County",16,31,300
05,051,05,113,AR,"Polk County",15,37,319
05,051,05,115,AR,"Pope County",14,29,273
05,051,48,037,TX,"Bowie County",14,25,296
05,051,05,007,AR,"Benton County",13,27,363
05,051,05,103,AR,"Ouachita County",13,27,193
05,051,48,201,TX,"Harris County",13,23,413
05,051,05,069,AR,"Jefferson County",11,27,274
05,051,29,077,MO,"Greene County",11,17,209
05,051,40,143,OK,"Tulsa County",11,19,254
05,051,48,453,TX,"Travis County",11,18,310
05,051,05,031,AR,"Craighead County",10,26,252
05,051,05,061,AR,"Howard County",10,24,238
05,051,06,073,CA,"San Diego County",10,19,253
05,051,20,173,KS,"Sedgwick County",10,19,314
05,051,58,000,SS,"Other Flows - Same State",168,353,3291
05,051,59,000,DS,"Other Flows - Diff State",728,1403,17377
05,051,59,001,DS,"Other Flows - Northeast",22,44,598
05,051,59,003,DS,"Other Flows - Midwest",175,337,4105
05,051,59,005,DS,"Other Flows - South",405,786,9510
05,051,59,007,DS,"Other Flows - West",126,236,3165
05,051,57,009,FR,"Foreign - Other flows",19,38,410
05,053,96,000,AR,"Grant County Tot Mig-US & For",431,979,10639
05,053,97,000,AR,"Grant County Tot Mig-US",431,979,10639
05,053,97,001,AR,"Grant County Tot Mig-Same St",312,700,7841
05,053,97,003,AR,"Grant County Tot Mig-Diff St",119,279,2798
05,053,05,053,AR,"Grant County Non-Migrants",5279,12693,178603
05,053,05,119,AR,"Pulaski County",85,173,2081
05,053,05,069,AR,"Jefferson County",67,156,1695
05,053,05,125,AR,"Saline County",36,84,935
05,053,05,059,AR,"Hot Spring County",30,83,844
05,053,05,051,AR,"Garland County",11,20,198
05,053,58,000,SS,"Other Flows - Same State",83,184,2088
05,053,59,000,DS,"Other Flows - Diff State",119,279,2798
05,055,96,000,AR,"Greene County Tot Mig-US & For",607,1377,11908
05,055,97,000,AR,"Greene County Tot Mig-US",607,1377,11908
05,055,97,001,AR,"Greene County Tot Mig-Same St",348,792,7234
05,055,97,003,AR,"Greene County Tot Mig-Diff St",259,585,4674
05,055,05,055,AR,"Greene County Non-Migrants",10773,25290,316496
05,055,05,031,AR,"Craighead County",119,261,2206
05,055,05,021,AR,"Clay County",72,176,1367
05,055,29,069,MO,"Dunklin County",29,75,452
05,055,05,093,AR,"Mississippi County",21,44,282
05,055,05,121,AR,"Randolph County",19,50,441
05,055,05,119,AR,"Pulaski County",15,28,228
05,055,05,075,AR,"Lawrence County",13,29,210
05,055,47,157,TN,"Shelby County",13,21,269
05,055,58,000,SS,"Other Flows - Same State",89,204,2500
05,055,59,000,DS,"Other Flows - Diff State",217,489,3953
05,057,96,000,AR,"Hempstead Count Tot Mig-US & For",540,1201,11087
05,057,97,000,AR,"Hempstead Count Tot Mig-US",540,1201,11087
05,057,97,001,AR,"Hempstead Count Tot Mig-Same St",331,740,6430
05,057,97,003,AR,"Hempstead Count Tot Mig-Diff St",209,461,4657
05,057,05,057,AR,"Hempstead Count Non-Migrants",6812,15939,181316
05,057,05,099,AR,"Nevada County",63,162,1180
05,057,05,061,AR,"Howard County",48,104,826
05,057,05,119,AR,"Pulaski County",34,65,708
05,057,05,091,AR,"Miller County",28,66,821
05,057,48,037,TX,"Bowie County",24,46,437
05,057,05,027,AR,"Columbia County",19,35,316
05,057,05,073,AR,"Lafayette County",18,45,278
05,057,05,109,AR,"Pike County",15,39,327
05,057,05,007,AR,"Benton County",10,21,198
05,057,05,019,AR,"Clark County",10,19,134
05,057,05,133,AR,"Sevier County",10,25,122
05,057,58,000,SS,"Other Flows - Same State",76,159,1520
05,057,59,000,DS,"Other Flows - Diff State",185,415,4220
05,059,96,000,AR,"Hot Spring Coun Tot Mig-US & For",526,1197,12251
05,059,97,000,AR,"Hot Spring Coun Tot Mig-US",526,1197,12251
05,059,97,001,AR,"Hot Spring Coun Tot Mig-Same St",358,822,8539
05,059,97,003,AR,"Hot Spring Coun Tot Mig-Diff St",168,375,3712
05,059,05,059,AR,"Hot Spring Coun Non-Migrants",8056,18807,231701
05,059,05,051,AR,"Garland County",107,250,2697
05,059,05,119,AR,"Pulaski County",51,91,1049
05,059,05,019,AR,"Clark County",43,103,997
05,059,05,125,AR,"Saline County",36,88,867
05,059,05,053,AR,"Grant County",31,73,648
05,059,58,000,SS,"Other Flows - Same State",90,217,2281
05,059,59,000,DS,"Other Flows - Diff State",168,375,3712
05,061,96,000,AR,"Howard County Tot Mig-US & For",309,638,5636
05,061,97,000,AR,"Howard County Tot Mig-US",309,638,5636
05,061,97,001,AR,"Howard County Tot Mig-Same St",207,435,4063
05,061,97,003,AR,"Howard County Tot Mig-Diff St",102,203,1574
05,061,05,061,AR,"Howard County Non-Migrants",4511,10726,119854
05,061,05,057,AR,"Hempstead County",42,88,655
05,061,05,109,AR,"Pike County",28,67,487
05,061,05,133,AR,"Sevier County",21,54,359
05,061,05,091,AR,"Miller County",17,35,309
05,061,48,037,TX,"Bowie County",13,29,168
05,061,05,143,AR,"Washington County",12,17,211
05,061,05,019,AR,"Clark County",11,16,181
05,061,05,081,AR,"Little River County",10,26,203
05,061,05,119,AR,"Pulaski County",10,15,206
05,061,58,000,SS,"Other Flows - Same State",56,117,1452
05,061,59,000,DS,"Other Flows - Diff State",89,174,1405
05,063,96,000,AR,"Independence Co Tot Mig-US & For",780,1684,18486
05,063,97,000,AR,"Independence Co Tot Mig-US",780,1684,18486
05,063,97,001,AR,"Independence Co Tot Mig-Same St",508,1100,10676
05,063,97,003,AR,"Independence Co Tot Mig-Diff St",272,584,7809
05,063,05,063,AR,"Independence Co Non-Migrants",10648,25360,311463
05,063,05,135,AR,"Sharp County",61,141,908
05,063,05,031,AR,"Craighead County",49,95,892
05,063,05,067,AR,"Jackson County",49,100,690
05,063,05,145,AR,"White County",48,117,991
05,063,05,119,AR,"Pulaski County",40,66,609
05,063,05,023,AR,"Cleburne County",39,90,884
05,063,05,065,AR,"Izard County",31,71,654
05,063,05,143,AR,"Washington County",22,34,586
05,063,05,075,AR,"Lawrence County",14,31,253
05,063,05,137,AR,"Stone County",14,29,270
05,063,05,045,AR,"Faulkner County",11,20,368
05,063,58,000,SS,"Other Flows - Same State",130,306,3570
05,063,59,000,DS,"Other Flows - Diff State",272,584,7809
05,063,59,001,DS,"Other Flows - Northeast",11,22,211
05,063,59,003,DS,"Other Flows - Midwest",77,166,1919
05,063,59,005,DS,"Other Flows - South",146,319,4224
05,063,59,007,DS,"Other Flows - West",38,77,1455
05,065,96,000,AR,"Izard County Tot Mig-US & For",297,616,5133
05,065,97,000,AR,"Izard County Tot Mig-US",297,616,5133
05,065,97,001,AR,"Izard County Tot Mig-Same St",174,358,3072
05,065,97,003,AR,"Izard County Tot Mig-Diff St",123,258,2061
05,065,05,065,AR,"Izard County Non-Migrants",3469,7955,79852
05,065,05,135,AR,"Sharp County",29,61,454
05,065,05,063,AR,"Independence County",26,63,457
05,065,05,005,AR,"Baxter County",22,49,442
05,065,05,049,AR,"Fulton County",20,37,271
05,065,05,137,AR,"Stone County",10,14,109
05,065,58,000,SS,"Other Flows - Same State",67,134,1338
05,065,59,000,DS,"Other Flows - Diff State",123,258,2061
05,067,96,000,AR,"Jackson County Tot Mig-US & For",443,994,9123
05,067,97,000,AR,"Jackson County Tot Mig-US",443,994,9123
05,067,97,001,AR,"Jackson County Tot Mig-Same St",342,774,7211
05,067,97,003,AR,"Jackson County Tot Mig-Diff St",101,220,1912
05,067,05,067,AR,"Jackson County Non-Migrants",5704,13284,157312
05,067,05,063,AR,"Independence County",61,140,1387
05,067,05,145,AR,"White County",60,130,1027
05,067,05,031,AR,"Craighead County",51,100,1259
05,067,05,119,AR,"Pulaski County",32,66,623
05,067,05,075,AR,"Lawrence County",15,32,235
05,067,05,111,AR,"Poinsett County",14,41,293
05,067,05,143,AR,"Washington County",11,17,165
05,067,05,147,AR,"Woodruff County",11,21,164
05,067,47,157,TN,"Shelby County",10,19,225
05,067,58,000,SS,"Other Flows - Same State",87,227,2058
05,067,59,000,DS,"Other Flows - Diff State",91,201,1687
05,069,96,000,AR,"Jefferson Count Tot Mig-US & For",1720,3726,43606
05,069,97,000,AR,"Jefferson Count Tot Mig-US",1702,3701,43343
05,069,97,001,AR,"Jefferson Count Tot Mig-Same St",1052,2322,27113
05,069,97,003,AR,"Jefferson Count Tot Mig-Diff St",650,1379,16230
05,069,98,000,AR,"Jefferson Count Tot Mig-Foreign",18,25,264
05,069,05,069,AR,"Jefferson Count Non-Migrants",25758,59639,800581
05,069,05,119,AR,"Pulaski County",278,546,6436
05,069,05,053,AR,"Grant County",93,248,2771
05,069,05,025,AR,"Cleveland County",77,204,2329
05,069,05,079,AR,"Lincoln County",65,145,1347
05,069,05,143,AR,"Washington County",48,91,1259
05,069,05,051,AR,"Garland County",47,110,1538
05,069,48,113,TX,"Dallas County",39,72,582
05,069,05,001,AR,"Arkansas County",34,63,762
05,069,05,085,AR,"Lonoke County",34,78,594
05,069,05,045,AR,"Faulkner County",33,82,1066
05,069,47,157,TN,"Shelby County",32,64,897
05,069,05,125,AR,"Saline County",26,67,660
05,069,05,043,AR,"Drew County",21,43,553
05,069,05,007,AR,"Benton County",19,50,528
05,069,48,201,TX,"Harris County",17,30,390
05,069,05,041,AR,"Desha County",15,23,198
05,069,17,031,IL,"Cook County",15,32,219
05,069,05,011,AR,"Bradley County",13,27,302
05,069,05,019,AR,"Clark County",13,26,245
05,069,05,131,AR,"Sebastian County",12,25,457
05,069,05,003,AR,"Ashley County",11,29,193
05,069,05,023,AR,"Cleburne County",11,26,389
05,069,05,145,AR,"White County",11,22,278
05,069,06,073,CA,"San Diego County",11,16,248
05,069,29,095,MO,"Jackson County",11,20,103
05,069,40,109,OK,"Oklahoma County",11,23,238
05,069,05,031,AR,"Craighead County",10,18,356
05,069,05,035,AR,"Crittenden County",10,25,237
05,069,05,095,AR,"Monroe County",10,21,134
05,069,48,439,TX,"Tarrant County",10,20,252
05,069,58,000,SS,"Other Flows - Same State",161,353,4479
05,069,59,000,DS,"Other Flows - Diff State",504,1102,13301
05,069,59,001,DS,"Other Flows - Northeast",21,44,603
05,069,59,003,DS,"Other Flows - Midwest",120,267,2991
05,069,59,005,DS,"Other Flows - South",310,683,8723
05,069,59,007,DS,"Other Flows - West",53,108,984
05,069,57,009,FR,"Foreign - Other flows",18,25,264
05,071,96,000,AR,"Johnson County Tot Mig-US & For",461,1031,8900
05,071,97,000,AR,"Johnson County Tot Mig-US",461,1031,8900
05,071,97,001,AR,"Johnson County Tot Mig-Same St",269,587,5099
05,071,97,003,AR,"Johnson County Tot Mig-Diff St",192,444,3800
05,071,05,071,AR,"Johnson County Non-Migrants",6018,14235,157255
05,071,05,115,AR,"Pope County",71,157,1310
05,071,05,047,AR,"Franklin County",31,71,450
05,071,05,131,AR,"Sebastian County",27,63,706
05,071,05,083,AR,"Logan County",24,57,443
05,071,05,119,AR,"Pulaski County",17,27,284
05,071,05,101,AR,"Newton County",11,26,178
05,071,05,143,AR,"Washington County",11,22,162
05,071,05,033,AR,"Crawford County",10,21,192
05,071,58,000,SS,"Other Flows - Same State",67,143,1376
05,071,59,000,DS,"Other Flows - Diff State",192,444,3800
05,073,96,000,AR,"Lafayette Count Tot Mig-US & For",156,348,3072
05,073,97,000,AR,"Lafayette Count Tot Mig-US",156,348,3072
05,073,97,001,AR,"Lafayette Count Tot Mig-Same St",89,203,1838
05,073,97,003,AR,"Lafayette Count Tot Mig-Diff St",67,145,1234
05,073,05,073,AR,"Lafayette Count Non-Migrants",1879,4359,43699
05,073,05,027,AR,"Columbia County",33,80,954
05,073,05,091,AR,"Miller County",15,38,233
05,073,05,057,AR,"Hempstead County",10,26,121
05,073,58,000,SS,"Other Flows - Same State",31,59,530
05,073,59,000,DS,"Other Flows - Diff State",67,145,1234
05,075,96,000,AR,"Lawrence County Tot Mig-US & For",432,904,8460
05,075,97,000,AR,"Lawrence County Tot Mig-US",432,904,8460
05,075,97,001,AR,"Lawrence County Tot Mig-Same St",300,643,5970
05,075,97,003,AR,"Lawrence County Tot Mig-Diff St",132,261,2490
05,075,05,075,AR,"Lawrence County Non-Migrants",5562,13180,134676
05,075,05,031,AR,"Craighead County",85,176,1770
05,075,05,121,AR,"Randolph County",62,139,954
05,075,05,055,AR,"Greene County",25,61,593
05,075,05,063,AR,"Independence County",18,45,392
05,075,05,135,AR,"Sharp County",16,28,299
05,075,58,000,SS,"Other Flows - Same State",94,194,1962
05,075,59,000,DS,"Other Flows - Diff State",132,261,2490
05,077,96,000,AR,"Lee County Tot Mig-US & For",316,710,5182
05,077,97,000,AR,"Lee County Tot Mig-US",316,710,5182
05,077,97,001,AR,"Lee County Tot Mig-Same St",226,519,3792
05,077,97,003,AR,"Lee County Tot Mig-Diff St",90,191,1390
05,077,05,077,AR,"Lee County Non-Migrants",3674,8776,85536
05,077,05,123,AR,"St Francis County",47,121,909
05,077,05,107,AR,"Phillips County",44,110,789
05,077,05,119,AR,"Pulaski County",33,69,440
05,077,05,031,AR,"Craighead County",16,36,103
05,077,47,157,TN,"Shelby County",12,23,242
05,077,05,035,AR,"Crittenden County",11,23,133
05,077,05,143,AR,"Washington County",11,20,94
05,077,58,000,SS,"Other Flows - Same State",64,140,1323
05,077,59,000,DS,"Other Flows - Diff State",78,168,1147
05,079,96,000,AR,"Lincoln County Tot Mig-US & For",227,511,4071
05,079,97,000,AR,"Lincoln County Tot Mig-US",227,511,4071
05,079,97,001,AR,"Lincoln County Tot Mig-Same St",177,392,3223
05,079,97,003,AR,"Lincoln County Tot Mig-Diff St",50,119,848
05,079,05,079,AR,"Lincoln County Non-Migrants",3194,7783,83004
05,079,05,069,AR,"Jefferson County",72,160,1307
05,079,05,041,AR,"Desha County",21,48,356
05,079,05,043,AR,"Drew County",17,35,303
05,079,05,119,AR,"Pulaski County",10,15,137
05,079,58,000,SS,"Other Flows - Same State",57,134,1120
05,079,59,000,DS,"Other Flows - Diff State",50,119,848
05,081,96,000,AR,"Little River Co Tot Mig-US & For",333,750,7704
05,081,97,000,AR,"Little River Co Tot Mig-US",333,750,7704
05,081,97,001,AR,"Little River Co Tot Mig-Same St",155,362,3814
05,081,97,003,AR,"Little River Co Tot Mig-Diff St",178,388,3890
05,081,05,081,AR,"Little River Co Non-Migrants",4296,10217,123713
05,081,05,091,AR,"Miller County",62,154,1502
05,081,48,037,TX,"Bowie County",54,123,1087
05,081,05,061,AR,"Howard County",16,32,280
05,081,05,133,AR,"Sevier County",14,43,279
05,081,40,089,OK,"Mccurtain County",11,23,160
05,081,58,000,SS,"Other Flows - Same State",63,133,1753
05,081,59,000,DS,"Other Flows - Diff State",113,242,2643
05,083,96,000,AR,"Logan County Tot Mig-US & For",475,1047,8960
05,083,97,000,AR,"Logan County Tot Mig-US",475,1047,8960
05,083,97,001,AR,"Logan County Tot Mig-Same St",326,725,6567
05,083,97,003,AR,"Logan County Tot Mig-Diff St",149,322,2394
05,083,05,083,AR,"Logan County Non-Migrants",6618,15607,161409
05,083,05,131,AR,"Sebastian County",74,137,1719
05,083,05,047,AR,"Franklin County",45,109,794
05,083,05,071,AR,"Johnson County",30,80,605
05,083,05,115,AR,"Pope County",30,69,621
05,083,05,149,AR,"Yell County",26,58,585
05,083,05,143,AR,"Washington County",16,30,343
05,083,05,033,AR,"Crawford County",15,36,284
05,083,05,119,AR,"Pulaski County",15,23,369
05,083,05,007,AR,"Benton County",14,33,248
05,083,05,127,AR,"Scott County",13,29,196
05,083,58,000,SS,"Other Flows - Same State",48,121,803
05,083,59,000,DS,"Other Flows - Diff State",149,322,2394
05,085,96,000,AR,"Lonoke County Tot Mig-US & For",1307,2932,33985
05,085,97,000,AR,"Lonoke County Tot Mig-US",1290,2887,33391
05,085,97,001,AR,"Lonoke County Tot Mig-Same St",932,2006,22655
05,085,97,003,AR,"Lonoke County Tot Mig-Diff St",358,881,10736
05,085,98,000,AR,"Lonoke County Tot Mig-Foreign",17,45,594
05,085,05,085,AR,"Lonoke County Non-Migrants",14368,35333,495434
05,085,05,119,AR,"Pulaski County",488,963,11213
05,085,05,145,AR,"White County",108,262,3022
05,085,05,045,AR,"Faulkner County",75,157,2121
05,085,05,069,AR,"Jefferson County",29,72,442
05,085,05,117,AR,"Prairie County",27,68,720
05,085,05,143,AR,"Washington County",22,44,461
05,085,05,001,AR,"Arkansas County",21,43,427
05,085,05,125,AR,"Saline County",17,40,413
05,085,47,157,TN,"Shelby County",12,24,353
05,085,05,023,AR,"Cleburne County",11,28,363
05,085,58,000,SS,"Other Flows - Same State",134,329,3475
05,085,59,000,DS,"Other Flows - Diff State",346,857,10383
05,085,59,001,DS,"Other Flows - Northeast",10,31,522
05,085,59,003,DS,"Other Flows - Midwest",75,184,2026
05,085,59,005,DS,"Other Flows - South",203,494,5889
05,085,59,007,DS,"Other Flows - West",58,148,1946
05,085,57,009,FR,"Foreign - Other flows",17,45,594
05,087,96,000,AR,"Madison County Tot Mig-US & For",349,807,6812
05,087,97,000,AR,"Madison County Tot Mig-US",349,807,6812
05,087,97,001,AR,"Madison County Tot Mig-Same St",261,615,5611
05,087,97,003,AR,"Madison County Tot Mig-Diff St",88,192,1201
05,087,05,087,AR,"Madison County Non-Migrants",4101,9945,95470
05,087,05,143,AR,"Washington County",148,322,3357
05,087,05,007,AR,"Benton County",48,124,1231
05,087,05,015,AR,"Carroll County",30,83,449
05,087,58,000,SS,"Other Flows - Same State",35,86,573
05,087,59,000,DS,"Other Flows - Diff State",88,192,1201
05,089,96,000,AR,"Marion County Tot Mig-US & For",413,809,7266
05,089,97,000,AR,"Marion County Tot Mig-US",413,809,7266
05,089,97,001,AR,"Marion County Tot Mig-Same St",240,506,4303
05,089,97,003,AR,"Marion County Tot Mig-Diff St",173,303,2962
05,089,05,089,AR,"Marion County Non-Migrants",4127,9273,97618
05,089,05,005,AR,"Baxter County",83,168,1469
05,089,05,009,AR,"Boone County",59,131,1049
05,089,05,143,AR,"Washington County",14,29,222
05,089,58,000,SS,"Other Flows - Same State",84,178,1564
05,089,59,000,DS,"Other Flows - Diff State",173,303,2962
05,091,96,000,AR,"Miller County Tot Mig-US & For",1093,2374,29862
05,091,97,000,AR,"Miller County Tot Mig-US",1093,2374,29862
05,091,97,001,AR,"Miller County Tot Mig-Same St",203,430,9158
05,091,97,003,AR,"Miller County Tot Mig-Diff St",890,1944,20704
05,091,05,091,AR,"Miller County Non-Migrants",10918,25970,338545
05,091,48,037,TX,"Bowie County",520,1191,12590
05,091,48,067,TX,"Cass County",32,60,900
05,091,05,081,AR,"Little River County",31,67,722
05,091,05,119,AR,"Pulaski County",31,54,825
05,091,48,113,TX,"Dallas County",31,49,638
05,091,05,057,AR,"Hempstead County",19,46,407
05,091,48,439,TX,"Tarrant County",19,43,360
05,091,22,017,LA,"Caddo Parish",18,36,460
05,091,48,201,TX,"Harris County",13,19,195
05,091,05,061,AR,"Howard County",11,17,311
05,091,05,073,AR,"Lafayette County",10,33,244
05,091,58,000,SS,"Other Flows - Same State",101,213,6649
05,091,59,000,DS,"Other Flows - Diff State",257,546,5561
05,093,96,000,AR,"Mississippi Cou Tot Mig-US & For",1087,2403,24776
05,093,97,000,AR,"Mississippi Cou Tot Mig-US",1087,2403,24776
05,093,97,001,AR,"Mississippi Cou Tot Mig-Same St",425,941,9533
05,093,97,003,AR,"Mississippi Cou Tot Mig-Diff St",662,1462,15243
05,093,05,093,AR,"Mississippi Cou Non-Migrants",16425,39481,498490
05,093,05,031,AR,"Craighead County",134,278,2403
05,093,47,157,TN,"Shelby County",70,125,1725
05,093,29,155,MO,"Pemiscot County",57,129,1338
05,093,05,111,AR,"Poinsett County",44,100,832
05,093,05,035,AR,"Crittenden County",29,76,752
05,093,05,055,AR,"Greene County",27,63,718
05,093,05,119,AR,"Pulaski County",26,46,538
05,093,29,069,MO,"Dunklin County",21,44,536
05,093,05,045,AR,"Faulkner County",16,39,534
05,093,05,145,AR,"White County",15,22,234
05,093,05,143,AR,"Washington County",12,17,177
05,093,17,031,IL,"Cook County",12,25,136
05,093,47,045,TN,"Dyer County",12,30,542
05,093,58,000,SS,"Other Flows - Same State",122,300,3346
05,093,59,000,DS,"Other Flows - Diff State",490,1109,10966
05,093,59,001,DS,"Other Flows - Northeast",20,47,560
05,093,59,003,DS,"Other Flows - Midwest",130,293,2711
05,093,59,005,DS,"Other Flows - South",304,694,7192
05,093,59,007,DS,"Other Flows - West",36,75,502
05,095,96,000,AR,"Monroe County Tot Mig-US & For",271,577,4362
05,095,97,000,AR,"Monroe County Tot Mig-US",271,577,4362
05,095,97,001,AR,"Monroe County Tot Mig-Same St",206,438,3474
05,095,97,003,AR,"Monroe County Tot Mig-Diff St",65,139,888
05,095,05,095,AR,"Monroe County Non-Migrants",3139,7384,72305
05,095,05,119,AR,"Pulaski County",31,64,414
05,095,05,001,AR,"Arkansas County",28,52,589
05,095,05,123,AR,"St Francis County",18,37,317
05,095,05,077,AR,"Lee County",15,38,186
05,095,05,147,AR,"Woodruff County",11,23,169
05,095,05,145,AR,"White County",10,29,135
05,095,58,000,SS,"Other Flows - Same State",93,195,1664
05,095,59,000,DS,"Other Flows - Diff State",65,139,888
05,097,96,000,AR,"Montgomery Coun Tot Mig-US & For",147,285,2717
05,097,97,000,AR,"Montgomery Coun Tot Mig-US",147,285,2717
05,097,97,001,AR,"Montgomery Coun Tot Mig-Same St",94,184,1792
05,097,97,003,AR,"Montgomery Coun Tot Mig-Diff St",53,101,925
05,097,05,097,AR,"Montgomery Coun Non-Migrants",2057,4773,48762
05,097,05,051,AR,"Garland County",24,40,379
05,097,05,109,AR,"Pike County",14,28,399
05,097,05,113,AR,"Polk County",13,33,209
05,097,58,000,SS,"Other Flows - Same State",43,83,806
05,097,59,000,DS,"Other Flows - Diff State",53,101,925
05,099,96,000,AR,"Nevada County Tot Mig-US & For",232,511,5039
05,099,97,000,AR,"Nevada County Tot Mig-US",232,511,5039
05,099,97,001,AR,"Nevada County Tot Mig-Same St",155,331,3331
05,099,97,003,AR,"Nevada County Tot Mig-Diff St",77,180,1708
05,099,05,099,AR,"Nevada County Non-Migrants",2955,6893,73290
05,099,05,057,AR,"Hempstead County",63,138,1373
05,099,05,019,AR,"Clark County",13,25,184
05,099,05,027,AR,"Columbia County",11,23,175
05,099,05,061,AR,"Howard County",10,21,129
05,099,58,000,SS,"Other Flows - Same State",58,124,1469
05,099,59,000,DS,"Other Flows - Diff State",77,180,1708
05,101,96,000,AR,"Newton County Tot Mig-US & For",226,516,3701
05,101,97,000,AR,"Newton County Tot Mig-US",226,516,3701
05,101,97,001,AR,"Newton County Tot Mig-Same St",154,366,2665
05,101,97,003,AR,"Newton County Tot Mig-Diff St",72,150,1036
05,101,05,101,AR,"Newton County Non-Migrants",2238,5521,46308
05,101,05,009,AR,"Boone County",81,200,1433
05,101,05,115,AR,"Pope County",12,26,159
05,101,58,000,SS,"Other Flows - Same State",61,140,1073
05,101,59,000,DS,"Other Flows - Diff State",72,150,1036
05,103,96,000,AR,"Ouachita County Tot Mig-US & For",620,1366,15512
05,103,97,000,AR,"Ouachita County Tot Mig-US",620,1366,15512
05,103,97,001,AR,"Ouachita County Tot Mig-Same St",371,831,8714
05,103,97,003,AR,"Ouachita County Tot Mig-Diff St",249,535,6798
05,103,05,103,AR,"Ouachita County Non-Migrants",9136,21724,266378
05,103,05,119,AR,"Pulaski County",65,130,1089
05,103,05,139,AR,"Union County",59,129,1373
05,103,05,027,AR,"Columbia County",29,78,697
05,103,05,019,AR,"Clark County",21,47,645
05,103,05,039,AR,"Dallas County",20,50,507
05,103,05,069,AR,"Jefferson County",20,40,436
05,103,48,113,TX,"Dallas County",16,34,321
05,103,05,013,AR,"Calhoun County",15,33,322
05,103,05,007,AR,"Benton County",13,33,301
05,103,05,051,AR,"Garland County",12,34,465
05,103,05,053,AR,"Grant County",11,24,297
05,103,05,143,AR,"Washington County",11,22,198
05,103,48,037,TX,"Bowie County",11,27,156
05,103,58,000,SS,"Other Flows - Same State",95,211,2384
05,103,59,000,DS,"Other Flows - Diff State",222,474,6321
05,103,59,001,DS,"Other Flows - Northeast",10,28,510
05,103,59,003,DS,"Other Flows - Midwest",42,86,1026
05,103,59,005,DS,"Other Flows - South",136,280,3960
05,103,59,007,DS,"Other Flows - West",34,80,825
05,105,96,000,AR,"Perry County Tot Mig-US & For",212,453,4492
05,105,97,000,AR,"Perry County Tot Mig-US",212,453,4492
05,105,97,001,AR,"Perry County Tot Mig-Same St",170,370,3515
05,105,97,003,AR,"Perry County Tot Mig-Diff St",42,83,976
05,105,05,105,AR,"Perry County Non-Migrants",2953,7087,77165
05,105,05,045,AR,"Faulkner County",50,95,858
05,105,05,119,AR,"Pulaski County",26,52,662
05,105,05,029,AR,"Conway County",20,48,521
05,105,05,115,AR,"Pope County",14,35,335
05,105,05,149,AR,"Yell County",13,36,211
05,105,58,000,SS,"Other Flows - Same State",47,104,928
05,105,59,000,DS,"Other Flows - Diff State",42,83,976
05,107,96,000,AR,"Phillips County Tot Mig-US & For",512,1143,10007
05,107,97,000,AR,"Phillips County Tot Mig-US",512,1143,10007
05,107,97,001,AR,"Phillips County Tot Mig-Same St",265,597,5606
05,107,97,003,AR,"Phillips County Tot Mig-Diff St",247,546,4401
05,107,05,107,AR,"Phillips County Non-Migrants",7231,17704,165999
05,107,05,077,AR,"Lee County",65,165,1384
05,107,05,119,AR,"Pulaski County",51,110,709
05,107,47,157,TN,"Shelby County",46,88,785
05,107,05,031,AR,"Craighead County",15,28,638
05,107,28,027,MS,"Coahoma County",14,32,277
05,107,28,033,MS,"De Soto County",13,23,272
05,107,05,095,AR,"Monroe County",12,26,211
05,107,05,123,AR,"St Francis County",12,21,200
05,107,05,143,AR,"Washington County",11,22,175
05,107,05,035,AR,"Crittenden County",10,22,191
05,107,58,000,SS,"Other Flows - Same State",89,203,2098
05,107,59,000,DS,"Other Flows - Diff State",174,403,3067
05,109,96,000,AR,"Pike County Tot Mig-US & For",250,546,4584
05,109,97,000,AR,"Pike County Tot Mig-US",250,546,4584
05,109,97,001,AR,"Pike County Tot Mig-Same St",176,381,3340
05,109,97,003,AR,"Pike County Tot Mig-Diff St",74,165,1245
05,109,05,109,AR,"Pike County Non-Migrants",3177,7581,80307
05,109,05,051,AR,"Garland County",34,78,630
05,109,05,061,AR,"Howard County",30,73,723
05,109,05,019,AR,"Clark County",25,50,450
05,109,05,097,AR,"Montgomery County",17,42,307
05,109,58,000,SS,"Other Flows - Same State",70,138,1229
05,109,59,000,DS,"Other Flows - Diff State",74,165,1245
05,111,96,000,AR,"Poinsett County Tot Mig-US & For",473,1038,9432
05,111,97,000,AR,"Poinsett County Tot Mig-US",473,1038,9432
05,111,97,001,AR,"Poinsett County Tot Mig-Same St",356,790,7529
05,111,97,003,AR,"Poinsett County Tot Mig-Diff St",117,248,1902
05,111,05,111,AR,"Poinsett County Non-Migrants",7301,17054,195711
05,111,05,031,AR,"Craighead County",173,366,3961
05,111,05,035,AR,"Crittenden County",29,68,597
05,111,05,093,AR,"Mississippi County",28,55,455
05,111,05,037,AR,"Cross County",22,53,472
05,111,47,157,TN,"Shelby County",18,31,412
05,111,58,000,SS,"Other Flows - Same State",104,248,2044
05,111,59,000,DS,"Other Flows - Diff State",99,217,1490
05,113,96,000,AR,"Polk County Tot Mig-US & For",380,815,6667
05,113,97,000,AR,"Polk County Tot Mig-US",380,815,6667
05,113,97,001,AR,"Polk County Tot Mig-Same St",162,341,3188
05,113,97,003,AR,"Polk County Tot Mig-Diff St",218,474,3479
05,113,05,113,AR,"Polk County Non-Migrants",5495,13116,127104
05,113,05,133,AR,"Sevier County",19,38,358
05,113,05,131,AR,"Sebastian County",15,24,-206
05,113,05,127,AR,"Scott County",13,27,181
05,113,05,143,AR,"Washington County",12,22,412
05,113,40,089,OK,"Mccurtain County",11,24,99
05,113,05,051,AR,"Garland County",10,20,344
05,113,05,097,AR,"Montgomery County",10,28,201
05,113,05,119,AR,"Pulaski County",10,18,213
05,113,58,000,SS,"Other Flows - Same State",73,164,1687
05,113,59,000,DS,"Other Flows - Diff State",207,450,3379
05,115,96,000,AR,"Pope County Tot Mig-US & For",1253,2682,29366
05,115,97,000,AR,"Pope County Tot Mig-US",1253,2682,29366
05,115,97,001,AR,"Pope County Tot Mig-Same St",715,1534,15626
05,115,97,003,AR,"Pope County Tot Mig-Diff St",538,1148,13740
05,115,05,115,AR,"Pope County Non-Migrants",15143,36106,488206
05,115,05,149,AR,"Yell County",164,355,3450
05,115,05,071,AR,"Johnson County",73,162,1672
05,115,05,119,AR,"Pulaski County",70,127,1626
05,115,05,143,AR,"Washington County",53,105,1329
05,115,05,029,AR,"Conway County",51,115,970
05,115,05,007,AR,"Benton County",36,68,838
05,115,05,045,AR,"Faulkner County",33,76,825
05,115,05,131,AR,"Sebastian County",31,67,667
05,115,05,083,AR,"Logan County",24,52,395
05,115,05,051,AR,"Garland County",15,35,322
05,115,05,105,AR,"Perry County",12,25,256
05,115,05,033,AR,"Crawford County",10,27,289
05,115,05,101,AR,"Newton County",10,20,232
05,115,05,141,AR,"Van Buren County",10,26,175
05,115,58,000,SS,"Other Flows - Same State",123,274,2580
05,115,59,000,DS,"Other Flows - Diff State",538,1148,13740
05,115,59,001,DS,"Other Flows - Northeast",22,61,428
05,115,59,003,DS,"Other Flows - Midwest",114,232,3445
05,115,59,005,DS,"Other Flows - South",306,665,7791
05,115,59,007,DS,"Other Flows - West",96,190,2075
05,117,96,000,AR,"Prairie County Tot Mig-US & For",196,418,4166
05,117,97,000,AR,"Prairie County Tot Mig-US",196,418,4166
05,117,97,001,AR,"Prairie County Tot Mig-Same St",162,350,3431
05,117,97,003,AR,"Prairie County Tot Mig-Diff St",34,68,736
05,117,05,117,AR,"Prairie County Non-Migrants",2771,6394,76403
05,117,05,085,AR,"Lonoke County",28,58,403
05,117,05,119,AR,"Pulaski County",24,48,588
05,117,05,145,AR,"White County",20,60,543
05,117,05,001,AR,"Arkansas County",18,39,481
05,117,05,095,AR,"Monroe County",13,27,263
05,117,58,000,SS,"Other Flows - Same State",59,118,1153
05,117,59,000,DS,"Other Flows - Diff State",34,68,736
05,119,96,000,AR,"Pulaski County Tot Mig-US & For",9375,19443,294531
05,119,97,000,AR,"Pulaski County Tot Mig-US",9182,19027,288721
05,119,97,001,AR,"Pulaski County Tot Mig-Same St",4690,9973,138023
05,119,97,003,AR,"Pulaski County Tot Mig-Diff St",4492,9054,150698
05,119,98,000,AR,"Pulaski County Tot Mig-Foreign",193,416,5809
05,119,05,119,AR,"Pulaski County Non-Migrants",123217,264363,4822976
05,119,05,125,AR,"Saline County",850,1876,24435
05,119,05,045,AR,"Faulkner County",840,1795,27951
05,119,05,085,AR,"Lonoke County",724,1691,22110
05,119,05,143,AR,"Washington County",232,393,6588
05,119,05,145,AR,"White County",214,451,6322
05,119,48,113,TX,"Dallas County",211,349,6229
05,119,05,051,AR,"Garland County",197,397,6837
05,119,47,157,TN,"Shelby County",190,339,6204
05,119,05,069,AR,"Jefferson County",165,330,3543
05,119,57,005,FR,"Foreign - APO/FPO ZIPs",162,355,4065
05,119,05,105,AR,"Perry County",94,190,2519
05,119,48,439,TX,"Tarrant County",94,199,3794
05,119,05,053,AR,"Grant County",92,211,2649
05,119,48,201,TX,"Harris County",83,166,3048
05,119,05,023,AR,"Cleburne County",82,168,2315
05,119,05,031,AR,"Craighead County",81,158,2647
05,119,05,007,AR,"Benton County",74,168,2755
05,119,05,131,AR,"Sebastian County",73,165,2814
05,119,05,115,AR,"Pope County",72,137,1963
05,119,40,143,OK,"Tulsa County",66,113,1934
05,119,04,013,AZ,"Maricopa County",58,110,1706
05,119,17,031,IL,"Cook County",58,97,1165
05,119,40,109,OK,"Oklahoma County",53,101,1309
05,119,06,037,CA,"Los Angeles County",52,87,1386
05,119,05,059,AR,"Hot Spring County",51,127,1822
05,119,47,037,TN,"Davidson County",47,77,1523
05,119,05,063,AR,"Independence County",45,93,1466
05,119,48,085,TX,"Collin County",45,88,2000
05,119,05,139,AR,"Union County",40,73,960
05,119,05,029,AR,"Conway County",39,87,918
05,119,05,107,AR,"Phillips County",39,82,625
05,119,48,029,TX,"Bexar County",38,78,1353
05,119,29,189,MO,"St Louis County",36,77,1809
05,119,48,121,TX,"Denton County",35,67,1200
05,119,20,173,KS,"Sedgwick County",34,79,2117
05,119,22,017,LA,"Caddo Parish",34,60,1272
05,119,05,141,AR,"Van Buren County",33,66,1481
05,119,48,037,TX,"Bowie County",33,57,901
05,119,05,103,AR,"Ouachita County",32,70,638
05,119,06,073,CA,"San Diego County",32,67,719
05,119,05,001,AR,"Arkansas County",31,54,742
05,119,13,121,GA,"Fulton County",31,50,2290
05,119,48,453,TX,"Travis County",31,63,970
05,119,29,095,MO,"Jackson County",30,63,738
05,119,05,019,AR,"Clark County",28,60,778
05,119,32,003,NV,"Clark County",28,47,723
05,119,13,067,GA,"Cobb County",27,52,841
05,119,31,055,NE,"Douglas County",27,66,922
05,119,05,093,AR,"Mississippi County",25,46,424
05,119,48,027,TX,"Bell County",25,48,594
05,119,01,073,AL,"Jefferson County",24,44,989
05,119,05,009,AR,"Boone County",23,49,782
05,119,12,057,FL,"Hillsborough County",23,54,1346
05,119,05,003,AR,"Ashley County",22,51,386
05,119,13,089,GA,"De Kalb County",22,41,555
05,119,15,003,HI,"Honolulu County",22,41,771
05,119,20,091,KS,"Johnson County",22,51,1222
05,119,53,033,WA,"King County",22,36,416
05,119,05,117,AR,"Prairie County",21,40,401
05,119,12,031,FL,"Duval County",21,40,732
05,119,05,035,AR,"Crittenden County",20,45,504
05,119,21,111,KY,"Jefferson County",20,50,703
05,119,48,441,TX,"Taylor County",20,36,570
05,119,05,043,AR,"Drew County",19,33,453
05,119,05,067,AR,"Jackson County",19,35,352
05,119,05,123,AR,"St Francis County",19,42,381
05,119,08,041,CO,"El Paso County",19,49,653
05,119,12,127,FL,"Volusia County",19,41,288
05,119,29,077,MO,"Greene County",19,32,488
05,119,55,079,WI,"Milwaukee County",19,50,1211
05,119,05,041,AR,"Desha County",18,35,399
05,119,05,095,AR,"Monroe County",18,34,311
05,119,17,043,IL,"Du Page County",18,42,1093
05,119,22,033,LA,"East Baton Rouge Par",18,34,938
05,119,22,073,LA,"Ouachita Parish",18,41,634
05,119,28,047,MS,"Harrison County",18,31,343
05,119,48,423,TX,"Smith County",18,40,703
05,119,51,059,VA,"Fairfax County",18,40,985
05,119,05,057,AR,"Hempstead County",17,34,568
05,119,08,031,CO,"Denver County",17,29,537
05,119,13,135,GA,"Gwinnett County",17,36,849
05,119,24,031,MD,"Montgomery County",17,26,790
05,119,37,183,NC,"Wake County",17,40,1123
05,119,01,097,AL,"Mobile County",16,27,511
05,119,05,017,AR,"Chicot County",16,33,196
05,119,05,033,AR,"Crawford County",16,35,573
05,119,05,037,AR,"Cross County",16,34,281
05,119,05,091,AR,"Miller County",16,37,316
05,119,22,015,LA,"Bossier Parish",16,28,563
05,119,35,001,NM,"Bernalillo County",16,41,672
05,119,37,051,NC,"Cumberland County",16,35,348
05,119,47,093,TN,"Knox County",16,40,577
05,119,04,019,AZ,"Pima County",15,24,415
05,119,05,027,AR,"Columbia County",15,33,398
05,119,05,055,AR,"Greene County",15,26,410
05,119,05,077,AR,"Lee County",15,37,149
05,119,06,001,CA,"Alameda County",15,29,586
05,119,12,091,FL,"Okaloosa County",15,36,444
05,119,13,063,GA,"Clayton County",15,29,250
05,119,22,051,LA,"Jefferson Parish",15,23,644
05,119,28,049,MS,"Hinds County",15,40,400
05,119,39,153,OH,"Summit County",15,37,900
05,119,05,149,AR,"Yell County",14,36,381
05,119,06,059,CA,"Orange County",14,25,360
05,119,08,005,CO,"Arapahoe County",14,22,346
05,119,12,033,FL,"Escambia County",14,27,651
05,119,12,095,FL,"Orange County",14,28,867
05,119,26,163,MI,"Wayne County",14,22,319
05,119,49,035,UT,"Salt Lake County",14,27,248
05,119,05,015,AR,"Carroll County",13,24,502
05,119,06,065,CA,"Riverside County",13,28,233
05,119,06,071,CA,"San Bernardino Count",13,33,233
05,119,12,099,FL,"Palm Beach County",13,24,608
05,119,12,113,FL,"Santa Rosa County",13,24,310
05,119,27,053,MN,"Hennepin County",13,37,727
05,119,37,119,NC,"Mecklenburg County",13,23,406
05,119,53,053,WA,"Pierce County",13,35,335
05,119,02,020,AK,"Anchorage Borough",12,38,374
05,119,05,005,AR,"Baxter County",12,23,395
05,119,05,011,AR,"Bradley County",12,20,394
05,119,05,039,AR,"Dallas County",12,29,191
05,119,12,025,FL,"Dade County",12,16,390
05,119,17,201,IL,"Winnebago County",12,23,298
05,119,36,061,NY,"New York County",12,16,611
05,119,51,650,VA,Hampton,12,44,500
05,119,02,090,AK,"Fairbanks North Star",11,34,233
05,119,05,083,AR,"Logan County",11,28,216
05,119,05,113,AR,"Polk County",11,20,240
05,119,06,075,CA,"San Francisco County",11,15,291
05,119,08,059,CO,"Jefferson County",11,23,469
05,119,12,011,FL,"Broward County",11,16,248
05,119,17,163,IL,"St Clair County",11,28,230
05,119,20,209,KS,"Wyandotte County",11,25,140
05,119,24,033,MD,"Prince George's Coun",11,17,157
05,119,25,017,MA,"Middlesex County",11,14,356
05,119,28,033,MS,"De Soto County",11,19,254
05,119,29,510,MO,"St Louis",11,17,274
05,119,48,485,TX,"Wichita County",11,28,373
05,119,01,101,AL,"Montgomery County",10,21,433
05,119,05,135,AR,"Sharp County",10,15,110
05,119,12,009,FL,"Brevard County",10,24,496
05,119,22,019,LA,"Calcasieu Parish",10,20,359
05,119,29,019,MO,"Boone County",10,19,263
05,119,29,097,MO,"Jasper County",10,20,383
05,119,34,005,NJ,"Burlington County",10,22,264
05,119,39,049,OH,"Franklin County",10,28,625
05,119,47,187,TN,"Williamson County",10,28,798
05,119,48,141,TX,"El Paso County",10,23,250
05,119,51,013,VA,"Arlington County",10,13,345
05,119,58,000,SS,"Other Flows - Same State",137,257,3430
05,119,59,000,DS,"Other Flows - Diff State",2005,4195,64644
05,119,59,001,DS,"Other Flows - Northeast",159,271,5374
05,119,59,003,DS,"Other Flows - Midwest",526,1102,16318
05,119,59,005,DS,"Other Flows - South",1053,2313,35215
05,119,59,007,DS,"Other Flows - West",267,509,7736
05,119,57,009,FR,"Foreign - Other flows",31,61,1744
05,121,96,000,AR,"Randolph County Tot Mig-US & For",324,717,6046
05,121,97,000,AR,"Randolph County Tot Mig-US",324,717,6046
05,121,97,001,AR,"Randolph County Tot Mig-Same St",178,402,3105
05,121,97,003,AR,"Randolph County Tot Mig-Diff St",146,315,2940
05,121,05,121,AR,"Randolph County Non-Migrants",4969,11988,125315
05,121,05,075,AR,"Lawrence County",41,97,697
05,121,05,031,AR,"Craighead County",33,56,562
05,121,05,021,AR,"Clay County",30,83,464
05,121,05,055,AR,"Greene County",22,47,380
05,121,58,000,SS,"Other Flows - Same State",52,119,1002
05,121,59,000,DS,"Other Flows - Diff State",146,315,2940
05,123,96,000,AR,"St Francis Coun Tot Mig-US & For",571,1325,11492
05,123,97,000,AR,"St Francis Coun Tot Mig-US",571,1325,11492
05,123,97,001,AR,"St Francis Coun Tot Mig-Same St",366,859,7067
05,123,97,003,AR,"St Francis Coun Tot Mig-Diff St",205,466,4425
05,123,05,123,AR,"St Francis Coun Non-Migrants",7846,19010,194520
05,123,05,037,AR,"Cross County",67,183,1845
05,123,05,035,AR,"Crittenden County",58,146,919
05,123,05,119,AR,"Pulaski County",55,101,876
05,123,47,157,TN,"Shelby County",42,88,960
05,123,05,077,AR,"Lee County",31,67,212
05,123,05,031,AR,"Craighead County",27,51,495
05,123,05,095,AR,"Monroe County",20,51,305
05,123,05,111,AR,"Poinsett County",10,21,145
05,123,05,145,AR,"White County",10,28,309
05,123,58,000,SS,"Other Flows - Same State",88,211,1961
05,123,59,000,DS,"Other Flows - Diff State",163,378,3465
05,125,96,000,AR,"Saline County Tot Mig-US & For",1607,3404,44619
05,125,97,000,AR,"Saline County Tot Mig-US",1607,3404,44619
05,125,97,001,AR,"Saline County Tot Mig-Same St",1207,2508,32040
05,125,97,003,AR,"Saline County Tot Mig-Diff St",400,896,12579
05,125,05,125,AR,"Saline County Non-Migrants",18742,44887,715278
05,125,05,119,AR,"Pulaski County",658,1291,16452
05,125,05,051,AR,"Garland County",86,176,2562
05,125,05,059,AR,"Hot Spring County",71,169,2023
05,125,05,045,AR,"Faulkner County",65,138,2041
05,125,05,053,AR,"Grant County",50,112,1272
05,125,05,085,AR,"Lonoke County",30,67,985
05,125,05,143,AR,"Washington County",20,38,706
05,125,47,157,TN,"Shelby County",19,38,671
05,125,05,145,AR,"White County",17,33,384
05,125,05,069,AR,"Jefferson County",16,29,359
05,125,05,019,AR,"Clark County",15,32,424
05,125,05,131,AR,"Sebastian County",10,17,307
05,125,58,000,SS,"Other Flows - Same State",169,406,4525
05,125,59,000,DS,"Other Flows - Diff State",381,858,11907
05,125,59,001,DS,"Other Flows - Northeast",15,38,415
05,125,59,003,DS,"Other Flows - Midwest",70,156,2101
05,125,59,005,DS,"Other Flows - South",242,549,8054
05,125,59,007,DS,"Other Flows - West",54,115,1337
05,127,96,000,AR,"Scott County Tot Mig-US & For",253,546,4789
05,127,97,000,AR,"Scott County Tot Mig-US",253,546,4789
05,127,97,001,AR,"Scott County Tot Mig-Same St",153,322,3133
05,127,97,003,AR,"Scott County Tot Mig-Diff St",100,224,1656
05,127,05,127,AR,"Scott County Non-Migrants",3329,7988,75456
05,127,05,131,AR,"Sebastian County",67,137,1418
05,127,05,113,AR,"Polk County",21,45,278
05,127,05,083,AR,"Logan County",18,34,294
05,127,40,079,OK,"Le Flore County",17,38,291
05,127,58,000,SS,"Other Flows - Same State",47,106,1144
05,127,59,000,DS,"Other Flows - Diff State",83,186,1365
05,129,96,000,AR,"Searcy County Tot Mig-US & For",170,370,2875
05,129,97,000,AR,"Searcy County Tot Mig-US",170,370,2875
05,129,97,001,AR,"Searcy County Tot Mig-Same St",114,247,1841
05,129,97,003,AR,"Searcy County Tot Mig-Diff St",56,123,1034
05,129,05,129,AR,"Searcy County Non-Migrants",2156,5052,39232
05,129,05,009,AR,"Boone County",21,46,379
05,129,05,141,AR,"Van Buren County",15,30,243
05,129,05,089,AR,"Marion County",13,22,199
05,129,05,045,AR,"Faulkner County",10,21,203
05,129,58,000,SS,"Other Flows - Same State",55,128,815
05,129,59,000,DS,"Other Flows - Diff State",56,123,1034
05,131,96,000,AR,"Sebastian Count Tot Mig-US & For",2989,6397,73274
05,131,97,000,AR,"Sebastian Count Tot Mig-US",2969,6365,73011
05,131,97,001,AR,"Sebastian Count Tot Mig-Same St",1413,3000,34359
05,131,97,003,AR,"Sebastian Count Tot Mig-Diff St",1556,3365,38652
05,131,98,000,AR,"Sebastian Count Tot Mig-Foreign",20,32,263
05,131,05,131,AR,"Sebastian Count Non-Migrants",34442,77709,1228409
05,131,05,033,AR,"Crawford County",643,1402,14163
05,131,40,079,OK,"Le Flore County",220,505,4063
05,131,40,135,OK,"Sequoyah County",181,420,3822
05,131,05,143,AR,"Washington County",140,230,3472
05,131,05,083,AR,"Logan County",79,181,1797
05,131,05,047,AR,"Franklin County",78,169,1740
05,131,05,119,AR,"Pulaski County",75,125,2175
05,131,05,007,AR,"Benton County",74,172,3973
05,131,40,143,OK,"Tulsa County",68,150,1583
05,131,05,127,AR,"Scott County",59,124,1166
05,131,40,109,OK,"Oklahoma County",43,81,698
05,131,48,113,TX,"Dallas County",35,63,1509
05,131,05,115,AR,"Pope County",29,70,652
05,131,05,045,AR,"Faulkner County",25,47,545
05,131,48,439,TX,"Tarrant County",25,50,521
05,131,05,051,AR,"Garland County",21,53,621
05,131,47,157,TN,"Shelby County",21,54,608
05,131,05,071,AR,"Johnson County",19,51,291
05,131,05,149,AR,"Yell County",19,44,341
05,131,48,201,TX,"Harris County",18,38,414
05,131,40,101,OK,"Muskogee County",17,40,614
05,131,05,113,AR,"Polk County",16,35,481
05,131,40,027,OK,"Cleveland County",14,22,222
05,131,29,077,MO,"Greene County",13,21,407
05,131,40,061,OK,"Haskell County",12,26,244
05,131,06,037,CA,"Los Angeles County",11,20,624
05,131,06,059,CA,"Orange County",10,19,237
05,131,48,085,TX,"Collin County",10,17,324
05,131,58,000,SS,"Other Flows - Same State",136,297,2940
05,131,59,000,DS,"Other Flows - Diff State",858,1839,22761
05,131,59,001,DS,"Other Flows - Northeast",31,69,999
05,131,59,003,DS,"Other Flows - Midwest",201,423,5479
05,131,59,005,DS,"Other Flows - South",458,1014,12736
05,131,59,007,DS,"Other Flows - West",168,333,3547
05,131,57,009,FR,"Foreign - Other flows",20,32,263
05,133,96,000,AR,"Sevier County Tot Mig-US & For",363,833,7047
05,133,97,000,AR,"Sevier County Tot Mig-US",363,833,7047
05,133,97,001,AR,"Sevier County Tot Mig-Same St",185,421,3703
05,133,97,003,AR,"Sevier County Tot Mig-Diff St",178,412,3343
05,133,05,133,AR,"Sevier County Non-Migrants",4219,10448,106859
05,133,40,089,OK,"Mccurtain County",33,76,542
05,133,05,061,AR,"Howard County",30,59,595
05,133,05,081,AR,"Little River County",29,68,594
05,133,05,091,AR,"Miller County",21,50,536
05,133,05,113,AR,"Polk County",18,43,197
05,133,48,037,TX,"Bowie County",15,36,291
05,133,05,143,AR,"Washington County",10,20,247
05,133,58,000,SS,"Other Flows - Same State",77,181,1533
05,133,59,000,DS,"Other Flows - Diff State",130,300,2511
05,135,96,000,AR,"Sharp County Tot Mig-US & For",418,901,7693
05,135,97,000,AR,"Sharp County Tot Mig-US",418,901,7693
05,135,97,001,AR,"Sharp County Tot Mig-Same St",233,525,4404
05,135,97,003,AR,"Sharp County Tot Mig-Diff St",185,376,3289
05,135,05,135,AR,"Sharp County Non-Migrants",4338,9778,104451
05,135,05,063,AR,"Independence County",56,130,903
05,135,05,031,AR,"Craighead County",24,54,358
05,135,05,049,AR,"Fulton County",24,61,456
05,135,05,065,AR,"Izard County",23,54,406
05,135,05,075,AR,"Lawrence County",21,53,387
05,135,58,000,SS,"Other Flows - Same State",85,173,1894
05,135,59,000,DS,"Other Flows - Diff State",185,376,3289
05,137,96,000,AR,"Stone County Tot Mig-US & For",228,481,3374
05,137,97,000,AR,"Stone County Tot Mig-US",228,481,3374
05,137,97,001,AR,"Stone County Tot Mig-Same St",134,283,1905
05,137,97,003,AR,"Stone County Tot Mig-Diff St",94,198,1469
05,137,05,137,AR,"Stone County Non-Migrants",3019,7125,64348
05,137,05,065,AR,"Izard County",14,34,224
05,137,05,063,AR,"Independence County",13,24,163
05,137,05,141,AR,"Van Buren County",10,24,205
05,137,58,000,SS,"Other Flows - Same State",97,201,1313
05,137,59,000,DS,"Other Flows - Diff State",94,198,1469
05,139,96,000,AR,"Union County Tot Mig-US & For",829,1815,25672
05,139,97,000,AR,"Union County Tot Mig-US",829,1815,25672
05,139,97,001,AR,"Union County Tot Mig-Same St",355,768,9409
05,139,97,003,AR,"Union County Tot Mig-Diff St",474,1047,16263
05,139,05,139,AR,"Union County Non-Migrants",14874,35068,514094
05,139,05,119,AR,"Pulaski County",76,135,1626
05,139,05,103,AR,"Ouachita County",53,108,1019
05,139,22,111,LA,"Union Parish",42,92,714
05,139,05,027,AR,"Columbia County",27,51,728
05,139,22,073,LA,"Ouachita Parish",21,48,437
05,139,05,003,AR,"Ashley County",19,49,361
05,139,05,051,AR,"Garland County",17,38,512
05,139,48,113,TX,"Dallas County",17,27,458
05,139,05,007,AR,"Benton County",14,38,540
05,139,05,143,AR,"Washington County",14,27,309
05,139,22,027,LA,"Claiborne Parish",14,35,266
05,139,05,013,AR,"Calhoun County",12,27,196
05,139,05,069,AR,"Jefferson County",11,24,276
05,139,22,015,LA,"Bossier Parish",11,20,215
05,139,48,201,TX,"Harris County",10,23,442
05,139,58,000,SS,"Other Flows - Same State",112,271,3843
05,139,59,000,DS,"Other Flows - Diff State",359,802,13731
05,141,96,000,AR,"Van Buren Count Tot Mig-US & For",312,652,6217
05,141,97,000,AR,"Van Buren Count Tot Mig-US",312,652,6217
05,141,97,001,AR,"Van Buren Count Tot Mig-Same St",195,428,3657
05,141,97,003,AR,"Van Buren Count Tot Mig-Diff St",117,224,2560
05,141,05,141,AR,"Van Buren Count Non-Migrants",4205,9549,100264
05,141,05,045,AR,"Faulkner County",52,124,1152
05,141,05,023,AR,"Cleburne County",14,30,410
05,141,05,119,AR,"Pulaski County",14,20,259
05,141,05,029,AR,"Conway County",12,26,206
05,141,05,115,AR,"Pope County",12,25,235
05,141,58,000,SS,"Other Flows - Same State",91,203,1395
05,141,59,000,DS,"Other Flows - Diff State",117,224,2560
05,143,96,000,AR,"Washington Coun Tot Mig-US & For",3990,8118,110512
05,143,97,000,AR,"Washington Coun Tot Mig-US",3966,8079,110189
05,143,97,001,AR,"Washington Coun Tot Mig-Same St",2000,4164,49669
05,143,97,003,AR,"Washington Coun Tot Mig-Diff St",1966,3915,60521
05,143,98,000,AR,"Washington Coun Tot Mig-Foreign",24,39,323
05,143,05,143,AR,"Washington Coun Non-Migrants",41021,92479,1411755
05,143,05,007,AR,"Benton County",1040,2274,27781
05,143,05,119,AR,"Pulaski County",163,275,4367
05,143,05,087,AR,"Madison County",137,311,3010
05,143,05,131,AR,"Sebastian County",117,201,2312
05,143,40,143,OK,"Tulsa County",62,112,1297
05,143,48,113,TX,"Dallas County",55,79,1033
05,143,05,045,AR,"Faulkner County",45,84,940
05,143,05,033,AR,"Crawford County",44,95,1009
05,143,40,001,OK,"Adair County",40,101,710
05,143,05,009,AR,"Boone County",36,76,787
05,143,05,015,AR,"Carroll County",35,75,790
05,143,05,115,AR,"Pope County",34,61,913
05,143,47,157,TN,"Shelby County",32,58,645
05,143,48,439,TX,"Tarrant County",32,67,777
05,143,29,077,MO,"Greene County",31,64,716
05,143,29,097,MO,"Jasper County",25,56,1024
05,143,04,013,AZ,"Maricopa County",24,40,544
05,143,05,031,AR,"Craighead County",24,44,499
05,143,29,119,MO,"Mcdonald County",24,49,500
05,143,05,145,AR,"White County",23,45,477
05,143,06,037,CA,"Los Angeles County",22,34,572
05,143,48,201,TX,"Harris County",22,41,2141
05,143,29,009,MO,"Barry County",21,51,473
05,143,48,085,TX,"Collin County",21,41,701
05,143,05,071,AR,"Johnson County",20,47,435
05,143,48,453,TX,"Travis County",20,24,291
05,143,05,051,AR,"Garland County",18,37,443
05,143,05,005,AR,"Baxter County",16,28,332
05,143,05,069,AR,"Jefferson County",16,23,260
05,143,05,125,AR,"Saline County",15,23,427
05,143,20,091,KS,"Johnson County",15,28,640
05,143,40,027,OK,"Cleveland County",15,39,299
05,143,40,109,OK,"Oklahoma County",15,31,316
05,143,17,031,IL,"Cook County",14,19,424
05,143,48,121,TX,"Denton County",14,31,575
05,143,05,047,AR,"Franklin County",13,32,203
05,143,05,083,AR,"Logan County",13,27,357
05,143,29,189,MO,"St Louis County",13,21,468
05,143,32,003,NV,"Clark County",13,23,103
05,143,40,041,OK,"Delaware County",12,32,229
05,143,47,037,TN,"Davidson County",12,21,303
05,143,05,139,AR,"Union County",11,29,344
05,143,29,095,MO,"Jackson County",11,21,125
05,143,40,021,OK,"Cherokee County",11,26,266
05,143,40,101,OK,"Muskogee County",11,27,181
05,143,57,005,FR,"Foreign - APO/FPO ZIPs",11,18,164
05,143,06,073,CA,"San Diego County",10,17,162
05,143,20,173,KS,"Sedgwick County",10,24,187
05,143,58,000,SS,"Other Flows - Same State",180,377,3984
05,143,59,000,DS,"Other Flows - Diff State",1359,2738,44820
05,143,59,001,DS,"Other Flows - Northeast",80,122,1565
05,143,59,003,DS,"Other Flows - Midwest",378,750,10042
05,143,59,005,DS,"Other Flows - South",649,1387,28172
05,143,59,007,DS,"Other Flows - West",252,479,5041
05,143,57,009,FR,"Foreign - Other flows",13,21,159
05,145,96,000,AR,"White County Tot Mig-US & For",1298,2821,26489
05,145,97,000,AR,"White County Tot Mig-US",1288,2803,26354
05,145,97,001,AR,"White County Tot Mig-Same St",769,1682,15833
05,145,97,003,AR,"White County Tot Mig-Diff St",519,1121,10521
05,145,98,000,AR,"White County Tot Mig-Foreign",10,18,135
05,145,05,145,AR,"White County Non-Migrants",17933,42832,532918
05,145,05,119,AR,"Pulaski County",141,242,3178
05,145,05,085,AR,"Lonoke County",100,207,2471
05,145,05,023,AR,"Cleburne County",87,221,1624
05,145,05,045,AR,"Faulkner County",55,133,1313
05,145,05,067,AR,"Jackson County",48,115,851
05,145,05,063,AR,"Independence County",42,113,994
05,145,05,031,AR,"Craighead County",34,72,482
05,145,05,147,AR,"Woodruff County",32,70,445
05,145,47,157,TN,"Shelby County",29,49,680
05,145,05,117,AR,"Prairie County",25,59,525
05,145,05,007,AR,"Benton County",24,47,653
05,145,05,143,AR,"Washington County",18,42,235
05,145,05,037,AR,"Cross County",13,32,213
05,145,05,115,AR,"Pope County",11,18,293
05,145,48,439,TX,"Tarrant County",10,21,245
05,145,58,000,SS,"Other Flows - Same State",139,311,2557
05,145,59,000,DS,"Other Flows - Diff State",480,1051,9596
05,145,59,001,DS,"Other Flows - Northeast",15,22,265
05,145,59,003,DS,"Other Flows - Midwest",127,275,2353
05,145,59,005,DS,"Other Flows - South",266,610,5772
05,145,59,007,DS,"Other Flows - West",72,144,1207
05,145,57,009,FR,"Foreign - Other flows",10,18,135
05,147,96,000,AR,"Woodruff County Tot Mig-US & For",159,317,2732
05,147,97,000,AR,"Woodruff County Tot Mig-US",159,317,2732
05,147,97,001,AR,"Woodruff County Tot Mig-Same St",129,257,2229
05,147,97,003,AR,"Woodruff County Tot Mig-Diff St",30,60,502
05,147,05,147,AR,"Woodruff County Non-Migrants",2334,5382,53141
05,147,05,145,AR,"White County",36,74,539
05,147,05,067,AR,"Jackson County",15,40,248
05,147,05,095,AR,"Monroe County",13,27,197
05,147,05,119,AR,"Pulaski County",11,19,109
05,147,58,000,SS,"Other Flows - Same State",54,97,1137
05,147,59,000,DS,"Other Flows - Diff State",30,60,502
05,149,96,000,AR,"Yell County Tot Mig-US & For",509,1133,9191
05,149,97,000,AR,"Yell County Tot Mig-US",509,1133,9191
05,149,97,001,AR,"Yell County Tot Mig-Same St",366,823,6707
05,149,97,003,AR,"Yell County Tot Mig-Diff St",143,310,2484
05,149,05,149,AR,"Yell County Non-Migrants",5610,13022,144077
05,149,05,115,AR,"Pope County",177,411,3162
05,149,05,083,AR,"Logan County",23,56,457
05,149,05,119,AR,"Pulaski County",15,24,298
05,149,05,131,AR,"Sebastian County",15,38,327
05,149,05,143,AR,"Washington County",14,26,243
05,149,05,029,AR,"Conway County",12,26,207
05,149,05,105,AR,"Perry County",12,24,196
05,149,05,045,AR,"Faulkner County",10,15,237
05,149,05,071,AR,"Johnson County",10,25,149
05,149,58,000,SS,"Other Flows - Same State",78,178,1430
05,149,59,000,DS,"Other Flows - Diff State",143,310,2484
