"1995-1996 County To County Migration Outflows",,,,,,NewMexico,,
"(Aggregate money amounts in thousands of dollars)",,,,,,,,
,,,,,,,,
"Migration from",,"Migration into",,,,Number,Number,Aggregate
NewMexico,,,,,,of,of,adjusted
State,County,State,County,State,"State totals, county totals,",Returns,Exemptions,Gross
"FIPS Code",,,,,"and county by county detail",,,Income
,,,,,,,,
35,000,96,000,NM,"Total Mig - US & For",49280,104434,1311479
35,000,97,000,NM,"Total Mig - US",48146,102008,1286100
35,000,97,001,NM,"Total Mig - US Same St",18973,39930,457116
35,000,97,003,NM,"Total Mig - US Diff St",29173,62078,828984
35,000,98,000,NM,"Total Mig - Foreign",1134,2426,25379
35,001,96,000,NM,"Bernalillo Coun Tot Mig-US & For",15537,31054,494588
35,001,97,000,NM,"Bernalillo Coun Tot Mig-US",15218,30336,485597
35,001,97,001,NM,"Bernalillo Coun Tot Mig-Same St",5642,11714,159495
35,001,97,003,NM,"Bernalillo Coun Tot Mig-Diff St",9576,18622,326102
35,001,98,000,NM,"Bernalillo Coun Tot Mig-Foreign",319,718,8991
35,001,35,001,NM,"Bernalillo Coun Non-Migrants",187044,392443,6966555
35,001,35,043,NM,"Sandoval County",1748,3554,59518
35,001,35,061,NM,"Valencia County",1100,2505,27127
35,001,35,049,NM,"Santa Fe County",826,1745,27637
35,001,04,013,AZ,"Maricopa County",726,1450,32178
35,001,32,003,NV,"Clark County",255,511,8559
35,001,35,013,NM,"Dona Ana County",249,448,5682
35,001,06,037,CA,"Los Angeles County",224,350,5112
35,001,57,005,FR,"Foreign - APO/FPO ZIPs",222,524,6075
35,001,48,141,TX,"El Paso County",221,469,5787
35,001,35,057,NM,"Torrance County",209,492,4978
35,001,35,045,NM,"San Juan County",202,398,4665
35,001,06,073,CA,"San Diego County",183,342,5308
35,001,35,031,NM,"Mckinley County",177,383,2821
35,001,08,041,CO,"El Paso County",159,354,6090
35,001,48,113,TX,"Dallas County",159,281,5167
35,001,48,453,TX,"Travis County",146,260,4794
35,001,48,029,TX,"Bexar County",140,302,4754
35,001,08,031,CO,"Denver County",135,208,2963
35,001,35,039,NM,"Rio Arriba County",126,247,2691
35,001,48,439,TX,"Tarrant County",122,259,4966
35,001,53,033,WA,"King County",122,167,3130
35,001,35,006,NM,"Cibola County",120,273,2628
35,001,04,019,AZ,"Pima County",113,223,3692
35,001,48,201,TX,"Harris County",113,208,4028
35,001,08,005,CO,"Arapahoe County",108,211,3994
35,001,06,085,CA,"Santa Clara County",106,168,4929
35,001,35,055,NM,"Taos County",101,157,2314
35,001,08,059,CO,"Jefferson County",98,193,3509
35,001,06,059,CA,"Orange County",87,177,3188
35,001,17,031,IL,"Cook County",87,135,2339
35,001,35,035,NM,"Otero County",86,179,2060
35,001,35,047,NM,"San Miguel County",85,156,2121
35,001,41,067,OR,"Washington County",84,208,5234
35,001,49,035,UT,"Salt Lake County",78,170,2325
35,001,35,005,NM,"Chaves County",76,161,1600
35,001,35,053,NM,"Socorro County",71,119,1426
35,001,06,001,CA,"Alameda County",67,100,1869
35,001,41,051,OR,"Multnomah County",66,102,1846
35,001,40,109,OK,"Oklahoma County",60,131,1804
35,001,48,303,TX,"Lubbock County",60,105,1948
35,001,08,013,CO,"Boulder County",59,91,1668
35,001,48,085,TX,"Collin County",59,133,4127
35,001,06,065,CA,"Riverside County",58,118,1513
35,001,08,001,CO,"Adams County",58,112,1830
35,001,06,071,CA,"San Bernardino Count",57,126,1371
35,001,35,015,NM,"Eddy County",55,138,1628
35,001,35,028,NM,"Los Alamos County",55,96,1940
35,001,51,059,VA,"Fairfax County",53,108,3043
35,001,27,053,MN,"Hennepin County",51,74,1607
35,001,35,009,NM,"Curry County",50,104,742
35,001,16,001,ID,"Ada County",49,108,2100
35,001,06,067,CA,"Sacramento County",46,80,1348
35,001,06,075,CA,"San Francisco County",46,54,1336
35,001,12,009,FL,"Brevard County",44,91,1430
35,001,12,091,FL,"Okaloosa County",43,113,1650
35,001,35,051,NM,"Sierra County",43,78,1339
35,001,08,069,CO,"Larimer County",42,80,1284
35,001,25,017,MA,"Middlesex County",42,63,1162
35,001,35,027,NM,"Lincoln County",42,68,1534
35,001,48,121,TX,"Denton County",42,85,1763
35,001,40,143,OK,"Tulsa County",41,78,1070
35,001,48,375,TX,"Potter County",39,72,907
35,001,35,025,NM,"Lea County",36,78,925
35,001,02,020,AK,"Anchorage Borough",35,77,1171
35,001,12,095,FL,"Orange County",35,55,943
35,001,35,007,NM,"Colfax County",35,57,980
35,001,35,017,NM,"Grant County",35,67,748
35,001,53,053,WA,"Pierce County",35,77,1020
35,001,36,061,NY,"New York County",34,40,684
35,001,04,005,AZ,"Coconino County",33,63,1163
35,001,08,067,CO,"La Plata County",33,59,1422
35,001,24,031,MD,"Montgomery County",33,53,1583
35,001,15,003,HI,"Honolulu County",32,57,754
35,001,12,025,FL,"Dade County",29,43,483
35,001,12,113,FL,"Santa Rosa County",29,70,1036
35,001,08,035,CO,"Douglas County",28,70,2397
35,001,39,049,OH,"Franklin County",28,49,600
35,001,11,001,DC,"District Of Columbia",27,31,1216
35,001,12,057,FL,"Hillsborough County",27,49,1028
35,001,04,001,AZ,"Apache County",26,51,558
35,001,06,013,CA,"Contra Costa County",26,41,819
35,001,12,011,FL,"Broward County",26,54,1192
35,001,51,013,VA,"Arlington County",26,43,1217
35,001,53,063,WA,"Spokane County",26,57,882
35,001,06,111,CA,"Ventura County",25,57,741
35,001,32,031,NV,"Washoe County",25,45,819
35,001,48,491,TX,"Williamson County",25,62,1638
35,001,41,005,OR,"Clackamas County",24,55,1086
35,001,48,027,TX,"Bell County",24,51,879
35,001,04,025,AZ,"Yavapai County",23,44,1531
35,001,31,055,NE,"Douglas County",23,44,710
35,001,40,027,OK,"Cleveland County",23,42,616
35,001,26,125,MI,"Oakland County",22,38,757
35,001,26,163,MI,"Wayne County",22,39,583
35,001,35,041,NM,"Roosevelt County",22,40,390
35,001,48,381,TX,"Randall County",22,46,937
35,001,49,049,UT,"Utah County",22,43,718
35,001,06,053,CA,"Monterey County",21,53,585
35,001,20,091,KS,"Johnson County",21,34,693
35,001,24,033,MD,"Prince George's Coun",21,54,595
35,001,29,095,MO,"Jackson County",21,36,625
35,001,39,113,OH,"Montgomery County",21,51,1015
35,001,47,037,TN,"Davidson County",21,32,628
35,001,48,355,TX,"Nueces County",21,44,881
35,001,08,077,CO,"Mesa County",20,37,748
35,001,12,031,FL,"Duval County",20,42,524
35,001,06,081,CA,"San Mateo County",19,33,737
35,001,13,089,GA,"De Kalb County",19,32,499
35,001,20,173,KS,"Sedgwick County",19,43,436
35,001,04,015,AZ,"Mohave County",18,32,368
35,001,05,119,AR,"Pulaski County",18,30,568
35,001,06,083,CA,"Santa Barbara County",18,29,654
35,001,08,037,CO,"Eagle County",18,32,289
35,001,08,101,CO,"Pueblo County",18,42,359
35,001,09,001,CT,"Fairfield County",18,31,1087
35,001,12,103,FL,"Pinellas County",18,26,524
35,001,17,097,IL,"Lake County",18,36,889
35,001,35,037,NM,"Quay County",18,31,387
35,001,37,119,NC,"Mecklenburg County",18,36,791
35,001,37,183,NC,"Wake County",18,35,1875
35,001,48,441,TX,"Taylor County",18,47,635
35,001,51,153,VA,"Prince William Count",18,37,577
35,001,55,025,WI,"Dane County",18,30,436
35,001,29,189,MO,"St Louis County",17,33,818
35,001,35,019,NM,"Guadalupe County",17,36,357
35,001,37,051,NC,"Cumberland County",17,32,294
35,001,39,057,OH,"Greene County",17,46,679
35,001,42,091,PA,"Montgomery County",17,40,823
35,001,48,329,TX,"Midland County",17,33,735
35,001,53,011,WA,"Clark County",17,38,864
35,001,53,061,WA,"Snohomish County",17,29,534
35,001,01,101,AL,"Montgomery County",16,49,626
35,001,04,003,AZ,"Cochise County",16,38,567
35,001,09,009,CT,"New Haven County",16,33,661
35,001,12,099,FL,"Palm Beach County",16,29,2640
35,001,17,043,IL,"Du Page County",16,25,606
35,001,35,029,NM,"Luna County",16,34,362
35,001,36,103,NY,"Suffolk County",16,23,319
35,001,39,035,OH,"Cuyahoga County",16,32,377
35,001,55,079,WI,"Milwaukee County",16,39,477
35,001,06,019,CA,"Fresno County",15,36,414
35,001,13,121,GA,"Fulton County",15,23,475
35,001,41,039,OR,"Lane County",15,22,204
35,001,42,003,PA,"Allegheny County",15,25,446
35,001,48,167,TX,"Galveston County",15,23,392
35,001,04,017,AZ,"Navajo County",14,28,398
35,001,06,077,CA,"San Joaquin County",14,30,485
35,001,08,123,CO,"Weld County",14,30,338
35,001,13,067,GA,"Cobb County",14,27,602
35,001,22,051,LA,"Jefferson Parish",14,16,534
35,001,22,071,LA,"Orleans Parish",14,21,679
35,001,26,161,MI,"Washtenaw County",14,20,463
35,001,41,047,OR,"Marion County",14,30,385
35,001,47,157,TN,"Shelby County",14,26,529
35,001,51,810,VA,"Virginia Beach",14,33,396
35,001,06,087,CA,"Santa Cruz County",13,14,311
35,001,13,135,GA,"Gwinnett County",13,28,675
35,001,25,025,MA,"Suffolk County",13,13,288
35,001,30,013,MT,"Cascade County",13,30,423
35,001,36,047,NY,"Kings County",13,16,167
35,001,48,451,TX,"Tom Green County",13,25,305
35,001,53,035,WA,"Kitsap County",13,17,348
35,001,04,021,AZ,"Pinal County",12,24,386
35,001,08,083,CO,"Montezuma County",12,23,347
35,001,12,071,FL,"Lee County",12,24,558
35,001,18,097,IN,"Marion County",12,24,466
35,001,19,153,IA,"Polk County",12,24,452
35,001,23,005,ME,"Cumberland County",12,20,466
35,001,24,005,MD,"Baltimore County",12,23,289
35,001,25,021,MA,"Norfolk County",12,24,295
35,001,26,099,MI,"Macomb County",12,16,240
35,001,28,047,MS,"Harrison County",12,26,345
35,001,30,031,MT,"Gallatin County",12,25,335
35,001,33,011,NH,"Hillsborough County",12,30,640
35,001,35,033,NM,"Mora County",12,21,272
35,001,36,055,NY,"Monroe County",12,30,610
35,001,45,045,SC,"Greenville County",12,18,335
35,001,46,103,SD,"Pennington County",12,26,399
35,001,49,011,UT,"Davis County",12,33,389
35,001,49,057,UT,"Weber County",12,30,367
35,001,53,067,WA,"Thurston County",12,27,287
35,001,56,021,WY,"Laramie County",12,26,371
35,001,01,097,AL,"Mobile County",11,17,357
35,001,08,007,CO,"Archuleta County",11,22,442
35,001,12,005,FL,"Bay County",11,24,340
35,001,12,033,FL,"Escambia County",11,26,472
35,001,22,033,LA,"East Baton Rouge Par",11,18,223
35,001,31,153,NE,"Sarpy County",11,28,357
35,001,36,029,NY,"Erie County",11,22,148
35,001,42,101,PA,"Philadelphia County",11,14,314
35,001,48,135,TX,"Ector County",11,23,228
35,001,51,107,VA,"Loudoun County",11,34,698
35,001,55,133,WI,"Waukesha County",11,22,304
35,001,02,090,AK,"Fairbanks North Star",10,22,314
35,001,06,095,CA,"Solano County",10,21,310
35,001,06,097,CA,"Sonoma County",10,20,238
35,001,12,127,FL,"Volusia County",10,20,313
35,001,13,215,GA,"Muscogee County",10,19,348
35,001,18,141,IN,"St Joseph County",10,21,178
35,001,20,177,KS,"Shawnee County",10,23,338
35,001,22,017,LA,"Caddo Parish",10,19,300
35,001,24,003,MD,"Anne Arundel County",10,22,397
35,001,29,077,MO,"Greene County",10,26,422
35,001,34,003,NJ,"Bergen County",10,15,240
35,001,35,003,NM,"Catron County",10,15,178
35,001,37,021,NC,"Buncombe County",10,11,184
35,001,38,035,ND,"Grand Forks County",10,21,220
35,001,47,093,TN,"Knox County",10,19,595
35,001,48,373,TX,"Polk County",10,20,458
35,001,50,007,VT,"Chittenden County",10,19,508
35,001,51,510,VA,Alexandria,10,18,319
35,001,58,000,SS,"Other Flows - Same State",20,34,444
35,001,59,000,DS,"Other Flows - Diff State",2630,5302,81762
35,001,59,001,DS,"Other Flows - Northeast",341,592,10839
35,001,59,003,DS,"Other Flows - Midwest",654,1317,19007
35,001,59,005,DS,"Other Flows - South",1110,2377,35717
35,001,59,007,DS,"Other Flows - West",525,1016,16199
35,001,57,009,FR,"Foreign - Other flows",97,194,2915
35,003,96,000,NM,"Catron County Tot Mig-US & For",96,206,1688
35,003,97,000,NM,"Catron County Tot Mig-US",96,206,1688
35,003,97,001,NM,"Catron County Tot Mig-Same St",37,84,598
35,003,97,003,NM,"Catron County Tot Mig-Diff St",59,122,1090
35,003,35,003,NM,"Catron County Non-Migrants",791,1763,13539
35,003,58,000,SS,"Other Flows - Same State",37,84,598
35,003,59,000,DS,"Other Flows - Diff State",59,122,1090
35,005,96,000,NM,"Chaves County Tot Mig-US & For",1374,2978,29504
35,005,97,000,NM,"Chaves County Tot Mig-US",1374,2978,29504
35,005,97,001,NM,"Chaves County Tot Mig-Same St",523,1112,10492
35,005,97,003,NM,"Chaves County Tot Mig-Diff St",851,1866,19012
35,005,35,005,NM,"Chaves County Non-Migrants",17801,43434,479920
35,005,35,015,NM,"Eddy County",113,289,2086
35,005,35,001,NM,"Bernalillo County",110,192,2027
35,005,35,013,NM,"Dona Ana County",56,110,1119
35,005,35,027,NM,"Lincoln County",42,75,825
35,005,04,013,AZ,"Maricopa County",35,73,553
35,005,48,303,TX,"Lubbock County",35,76,1220
35,005,35,009,NM,"Curry County",34,71,523
35,005,35,025,NM,"Lea County",31,67,667
35,005,48,113,TX,"Dallas County",25,49,594
35,005,48,141,TX,"El Paso County",24,62,635
35,005,48,439,TX,"Tarrant County",22,35,395
35,005,35,035,NM,"Otero County",21,48,470
35,005,48,135,TX,"Ector County",21,49,442
35,005,35,041,NM,"Roosevelt County",19,36,266
35,005,35,049,NM,"Santa Fe County",17,39,558
35,005,32,003,NV,"Clark County",15,34,343
35,005,06,037,CA,"Los Angeles County",13,30,188
35,005,35,061,NM,"Valencia County",13,22,352
35,005,06,073,CA,"San Diego County",12,21,268
35,005,35,045,NM,"San Juan County",12,33,496
35,005,48,329,TX,"Midland County",12,32,414
35,005,04,019,AZ,"Pima County",11,20,190
35,005,48,375,TX,"Potter County",11,28,151
35,005,48,201,TX,"Harris County",10,19,297
35,005,58,000,SS,"Other Flows - Same State",55,130,1103
35,005,59,000,DS,"Other Flows - Diff State",605,1338,13324
35,005,59,001,DS,"Other Flows - Northeast",27,45,622
35,005,59,003,DS,"Other Flows - Midwest",102,238,2613
35,005,59,005,DS,"Other Flows - South",280,634,6501
35,005,59,007,DS,"Other Flows - West",196,421,3588
35,006,96,000,NM,"Cibola County Tot Mig-US & For",568,1279,12210
35,006,97,000,NM,"Cibola County Tot Mig-US",568,1279,12210
35,006,97,001,NM,"Cibola County Tot Mig-Same St",345,795,6482
35,006,97,003,NM,"Cibola County Tot Mig-Diff St",223,484,5728
35,006,35,006,NM,"Cibola County Non-Migrants",6049,15041,152162
35,006,35,001,NM,"Bernalillo County",126,256,2288
35,006,35,031,NM,"Mckinley County",83,215,1210
35,006,04,013,AZ,"Maricopa County",27,55,459
35,006,35,061,NM,"Valencia County",24,76,619
35,006,35,013,NM,"Dona Ana County",15,35,252
35,006,35,049,NM,"Santa Fe County",14,26,209
35,006,35,043,NM,"Sandoval County",11,20,290
35,006,35,017,NM,"Grant County",10,26,329
35,006,58,000,SS,"Other Flows - Same State",62,141,1286
35,006,59,000,DS,"Other Flows - Diff State",196,429,5269
35,007,96,000,NM,"Colfax County Tot Mig-US & For",387,764,7600
35,007,97,000,NM,"Colfax County Tot Mig-US",387,764,7600
35,007,97,001,NM,"Colfax County Tot Mig-Same St",130,230,-271
35,007,97,003,NM,"Colfax County Tot Mig-Diff St",257,534,7871
35,007,35,007,NM,"Colfax County Non-Migrants",4402,9930,121684
35,007,35,001,NM,"Bernalillo County",31,44,490
35,007,08,071,CO,"Las Animas County",12,30,161
35,007,35,047,NM,"San Miguel County",12,24,208
35,007,04,013,AZ,"Maricopa County",11,14,252
35,007,58,000,SS,"Other Flows - Same State",87,162,-969
35,007,59,000,DS,"Other Flows - Diff State",234,490,7457
35,007,59,001,DS,"Other Flows - Northeast",12,25,341
35,007,59,003,DS,"Other Flows - Midwest",28,60,979
35,007,59,005,DS,"Other Flows - South",83,171,2769
35,007,59,007,DS,"Other Flows - West",111,234,3368
35,009,96,000,NM,"Curry County Tot Mig-US & For",1986,4691,48656
35,009,97,000,NM,"Curry County Tot Mig-US",1751,4156,43821
35,009,97,001,NM,"Curry County Tot Mig-Same St",359,733,7260
35,009,97,003,NM,"Curry County Tot Mig-Diff St",1392,3423,36561
35,009,98,000,NM,"Curry County Tot Mig-Foreign",235,535,4835
35,009,35,009,NM,"Curry County Non-Migrants",13484,33526,367336
35,009,35,041,NM,"Roosevelt County",119,239,1859
35,009,35,001,NM,"Bernalillo County",57,105,1293
35,009,48,303,TX,"Lubbock County",44,109,1270
35,009,02,020,AK,"Anchorage Borough",40,129,875
35,009,04,013,AZ,"Maricopa County",36,79,903
35,009,48,029,TX,"Bexar County",33,97,921
35,009,48,369,TX,"Parmer County",33,72,614
35,009,35,035,NM,"Otero County",25,67,801
35,009,04,019,AZ,"Pima County",24,63,736
35,009,12,091,FL,"Okaloosa County",23,78,851
35,009,48,375,TX,"Potter County",23,56,478
35,009,35,005,NM,"Chaves County",22,37,455
35,009,48,439,TX,"Tarrant County",22,54,571
35,009,02,090,AK,"Fairbanks North Star",21,52,466
35,009,37,191,NC,"Wayne County",21,49,905
35,009,48,113,TX,"Dallas County",18,40,422
35,009,48,381,TX,"Randall County",18,51,538
35,009,32,003,NV,"Clark County",16,47,742
35,009,35,013,NM,"Dona Ana County",16,26,396
35,009,48,453,TX,"Travis County",15,33,294
35,009,08,041,CO,"El Paso County",14,37,420
35,009,48,141,TX,"El Paso County",13,29,395
35,009,35,025,NM,"Lea County",12,24,252
35,009,35,037,NM,"Quay County",12,25,281
35,009,35,011,NM,"De Baca County",11,25,204
35,009,35,027,NM,"Lincoln County",11,18,189
35,009,35,061,NM,"Valencia County",11,22,384
35,009,48,485,TX,"Wichita County",11,22,281
35,009,48,017,TX,"Bailey County",10,30,138
35,009,58,000,SS,"Other Flows - Same State",63,145,1145
35,009,59,000,DS,"Other Flows - Diff State",957,2296,24741
35,009,59,001,DS,"Other Flows - Northeast",60,132,1570
35,009,59,003,DS,"Other Flows - Midwest",212,549,5226
35,009,59,005,DS,"Other Flows - South",485,1172,13103
35,009,59,007,DS,"Other Flows - West",200,443,4842
35,009,57,009,FR,"Foreign - Other flows",235,535,4835
35,011,96,000,NM,"De Baca County Tot Mig-US & For",56,150,899
35,011,97,000,NM,"De Baca County Tot Mig-US",56,150,899
35,011,35,011,NM,"De Baca County Non-Migrants",699,1623,13543
35,013,96,000,NM,"Dona Ana County Tot Mig-US & For",4403,9535,96964
35,013,97,000,NM,"Dona Ana County Tot Mig-US",4300,9315,95079
35,013,97,001,NM,"Dona Ana County Tot Mig-Same St",1121,2193,22065
35,013,97,003,NM,"Dona Ana County Tot Mig-Diff St",3179,7122,73014
35,013,98,000,NM,"Dona Ana County Tot Mig-Foreign",103,220,1885
35,013,35,013,NM,"Dona Ana County Non-Migrants",46273,114047,1326012
35,013,48,141,TX,"El Paso County",755,1988,14450
35,013,35,001,NM,"Bernalillo County",339,585,6881
35,013,04,013,AZ,"Maricopa County",190,342,3858
35,013,35,035,NM,"Otero County",104,228,2237
35,013,57,005,FR,"Foreign - APO/FPO ZIPs",86,183,1675
35,013,35,049,NM,"Santa Fe County",73,125,1618
35,013,35,029,NM,"Luna County",70,169,1062
35,013,35,017,NM,"Grant County",64,125,870
35,013,32,003,NV,"Clark County",63,124,1514
35,013,48,113,TX,"Dallas County",57,100,1068
35,013,06,037,CA,"Los Angeles County",53,96,935
35,013,04,019,AZ,"Pima County",52,103,1335
35,013,48,201,TX,"Harris County",51,84,1222
35,013,35,045,NM,"San Juan County",45,90,654
35,013,35,051,NM,"Sierra County",45,105,750
35,013,35,043,NM,"Sandoval County",44,88,972
35,013,35,015,NM,"Eddy County",42,94,838
35,013,35,027,NM,"Lincoln County",42,72,1256
35,013,35,005,NM,"Chaves County",41,105,882
35,013,08,041,CO,"El Paso County",40,83,898
35,013,06,073,CA,"San Diego County",38,73,891
35,013,08,031,CO,"Denver County",36,79,620
35,013,48,029,TX,"Bexar County",35,94,932
35,013,48,439,TX,"Tarrant County",35,58,730
35,013,48,453,TX,"Travis County",33,55,760
35,013,06,085,CA,"Santa Clara County",32,59,735
35,013,35,061,NM,"Valencia County",32,73,729
35,013,08,005,CO,"Arapahoe County",30,53,891
35,013,48,085,TX,"Collin County",29,56,971
35,013,35,025,NM,"Lea County",28,66,467
35,013,35,053,NM,"Socorro County",21,46,658
35,013,48,303,TX,"Lubbock County",21,38,353
35,013,51,059,VA,"Fairfax County",19,49,797
35,013,53,033,WA,"King County",19,41,390
35,013,53,053,WA,"Pierce County",18,57,409
35,013,08,001,CO,"Adams County",17,39,439
35,013,06,071,CA,"San Bernardino Count",16,36,219
35,013,08,059,CO,"Jefferson County",16,36,390
35,013,35,028,NM,"Los Alamos County",16,27,421
35,013,40,143,OK,"Tulsa County",16,34,276
35,013,15,003,HI,"Honolulu County",14,25,251
35,013,17,031,IL,"Cook County",14,37,311
35,013,35,009,NM,"Curry County",14,28,258
35,013,35,041,NM,"Roosevelt County",14,19,137
35,013,48,215,TX,"Hidalgo County",14,32,424
35,013,04,003,AZ,"Cochise County",13,38,398
35,013,08,123,CO,"Weld County",13,40,207
35,013,25,017,MA,"Middlesex County",13,32,379
35,013,06,059,CA,"Orange County",12,19,308
35,013,08,069,CO,"Larimer County",12,24,249
35,013,35,031,NM,"Mckinley County",12,18,107
35,013,48,121,TX,"Denton County",12,19,290
35,013,48,491,TX,"Williamson County",12,27,488
35,013,06,001,CA,"Alameda County",11,19,276
35,013,08,035,CO,"Douglas County",11,28,484
35,013,13,215,GA,"Muscogee County",11,34,342
35,013,35,055,NM,"Taos County",11,16,213
35,013,40,109,OK,"Oklahoma County",11,23,187
35,013,04,021,AZ,"Pinal County",10,30,178
35,013,35,006,NM,"Cibola County",10,15,132
35,013,35,007,NM,"Colfax County",10,18,133
35,013,58,000,SS,"Other Flows - Same State",44,81,788
35,013,59,000,DS,"Other Flows - Diff State",1325,2918,33163
35,013,59,001,DS,"Other Flows - Northeast",105,207,2574
35,013,59,003,DS,"Other Flows - Midwest",296,696,7469
35,013,59,005,DS,"Other Flows - South",564,1261,14719
35,013,59,007,DS,"Other Flows - West",360,754,8401
35,013,57,009,FR,"Foreign - Other flows",17,37,210
35,015,96,000,NM,"Eddy County Tot Mig-US & For",1086,2519,28091
35,015,97,000,NM,"Eddy County Tot Mig-US",1086,2519,28091
35,015,97,001,NM,"Eddy County Tot Mig-Same St",408,1002,11105
35,015,97,003,NM,"Eddy County Tot Mig-Diff St",678,1517,16986
35,015,35,015,NM,"Eddy County Non-Migrants",15431,38600,482225
35,015,35,005,NM,"Chaves County",97,250,1834
35,015,35,025,NM,"Lea County",65,176,1520
35,015,35,001,NM,"Bernalillo County",61,120,3023
35,015,35,013,NM,"Dona Ana County",44,94,1014
35,015,04,013,AZ,"Maricopa County",27,71,685
35,015,48,135,TX,"Ector County",25,63,547
35,015,48,141,TX,"El Paso County",24,59,461
35,015,35,027,NM,"Lincoln County",23,50,507
35,015,48,303,TX,"Lubbock County",22,46,572
35,015,35,035,NM,"Otero County",18,50,379
35,015,48,329,TX,"Midland County",17,38,465
35,015,48,113,TX,"Dallas County",15,31,252
35,015,35,045,NM,"San Juan County",13,48,597
35,015,04,019,AZ,"Pima County",12,28,220
35,015,35,049,NM,"Santa Fe County",12,21,204
35,015,35,009,NM,"Curry County",11,29,243
35,015,35,041,NM,"Roosevelt County",11,32,220
35,015,35,061,NM,"Valencia County",11,18,222
35,015,48,439,TX,"Tarrant County",11,16,184
35,015,48,453,TX,"Travis County",11,26,300
35,015,32,003,NV,"Clark County",10,17,171
35,015,58,000,SS,"Other Flows - Same State",42,114,1343
35,015,59,000,DS,"Other Flows - Diff State",504,1122,13129
35,015,59,001,DS,"Other Flows - Northeast",15,25,376
35,015,59,003,DS,"Other Flows - Midwest",69,139,1559
35,015,59,005,DS,"Other Flows - South",260,610,7051
35,015,59,007,DS,"Other Flows - West",160,348,4143
35,017,96,000,NM,"Grant County Tot Mig-US & For",626,1301,13865
35,017,97,000,NM,"Grant County Tot Mig-US",626,1301,13865
35,017,97,001,NM,"Grant County Tot Mig-Same St",224,467,4988
35,017,97,003,NM,"Grant County Tot Mig-Diff St",402,834,8877
35,017,35,017,NM,"Grant County Non-Migrants",9151,21823,262607
35,017,35,013,NM,"Dona Ana County",65,143,1185
35,017,04,013,AZ,"Maricopa County",42,76,821
35,017,04,019,AZ,"Pima County",40,80,846
35,017,35,001,NM,"Bernalillo County",33,58,950
35,017,35,029,NM,"Luna County",33,70,944
35,017,04,003,AZ,"Cochise County",13,32,206
35,017,06,073,CA,"San Diego County",13,27,298
35,017,04,009,AZ,"Graham County",11,32,296
35,017,35,045,NM,"San Juan County",11,24,248
35,017,35,035,NM,"Otero County",10,26,175
35,017,58,000,SS,"Other Flows - Same State",72,146,1486
35,017,59,000,DS,"Other Flows - Diff State",283,587,6410
35,019,96,000,NM,"Guadalupe Count Tot Mig-US & For",108,214,1672
35,019,97,000,NM,"Guadalupe Count Tot Mig-US",108,214,1672
35,019,97,001,NM,"Guadalupe Count Tot Mig-Same St",84,168,1403
35,019,97,003,NM,"Guadalupe Count Tot Mig-Diff St",24,46,269
35,019,35,019,NM,"Guadalupe Count Non-Migrants",1295,3001,24394
35,019,35,001,NM,"Bernalillo County",22,29,328
35,019,35,047,NM,"San Miguel County",13,30,235
35,019,35,009,NM,"Curry County",11,28,117
35,019,35,037,NM,"Quay County",10,22,134
35,019,58,000,SS,"Other Flows - Same State",28,59,588
35,019,59,000,DS,"Other Flows - Diff State",24,46,269
35,021,96,000,NM,"Harding County Tot Mig-US & For",22,42,325
35,021,97,000,NM,"Harding County Tot Mig-US",22,42,325
35,021,35,021,NM,"Harding County Non-Migrants",260,602,5319
35,023,96,000,NM,"Hidalgo County Tot Mig-US & For",153,358,2851
35,023,97,000,NM,"Hidalgo County Tot Mig-US",153,358,2851
35,023,97,001,NM,"Hidalgo County Tot Mig-Same St",61,146,1467
35,023,97,003,NM,"Hidalgo County Tot Mig-Diff St",92,212,1384
35,023,35,023,NM,"Hidalgo County Non-Migrants",1697,4553,42799
35,023,35,017,NM,"Grant County",18,36,431
35,023,04,003,AZ,"Cochise County",13,35,201
35,023,35,013,NM,"Dona Ana County",12,24,280
35,023,35,029,NM,"Luna County",12,39,242
35,023,04,013,AZ,"Maricopa County",10,25,141
35,023,58,000,SS,"Other Flows - Same State",19,47,515
35,023,59,000,DS,"Other Flows - Diff State",69,152,1042
35,025,96,000,NM,"Lea County Tot Mig-US & For",1348,3261,34842
35,025,97,000,NM,"Lea County Tot Mig-US",1348,3261,34842
35,025,97,001,NM,"Lea County Tot Mig-Same St",332,817,8191
35,025,97,003,NM,"Lea County Tot Mig-Diff St",1016,2444,26651
35,025,35,025,NM,"Lea County Non-Migrants",16224,42448,493097
35,025,35,015,NM,"Eddy County",77,216,2116
35,025,48,135,TX,"Ector County",71,157,1714
35,025,48,303,TX,"Lubbock County",63,120,1466
35,025,35,001,NM,"Bernalillo County",55,104,1177
35,025,48,329,TX,"Midland County",51,154,2280
35,025,35,005,NM,"Chaves County",39,108,959
35,025,48,141,TX,"El Paso County",32,83,601
35,025,35,013,NM,"Dona Ana County",28,58,841
35,025,48,113,TX,"Dallas County",26,55,604
35,025,48,501,TX,"Yoakum County",25,66,552
35,025,35,041,NM,"Roosevelt County",21,46,430
35,025,48,201,TX,"Harris County",20,46,936
35,025,48,165,TX,"Gaines County",19,55,723
35,025,04,013,AZ,"Maricopa County",17,43,360
35,025,35,009,NM,"Curry County",16,35,407
35,025,35,027,NM,"Lincoln County",16,30,513
35,025,48,451,TX,"Tom Green County",13,30,249
35,025,48,003,TX,"Andrews County",12,29,393
35,025,48,495,TX,"Winkler County",12,36,348
35,025,35,035,NM,"Otero County",11,26,184
35,025,35,045,NM,"San Juan County",11,32,274
35,025,48,219,TX,"Hockley County",10,26,362
35,025,48,375,TX,"Potter County",10,28,170
35,025,48,475,TX,"Ward County",10,31,339
35,025,58,000,SS,"Other Flows - Same State",58,162,1290
35,025,59,000,DS,"Other Flows - Diff State",625,1485,15556
35,027,96,000,NM,"Lincoln County Tot Mig-US & For",542,1031,11984
35,027,97,000,NM,"Lincoln County Tot Mig-US",542,1031,11984
35,027,97,001,NM,"Lincoln County Tot Mig-Same St",247,477,5026
35,027,97,003,NM,"Lincoln County Tot Mig-Diff St",295,554,6958
35,027,35,027,NM,"Lincoln County Non-Migrants",4958,10956,134035
35,027,35,035,NM,"Otero County",57,111,1117
35,027,35,005,NM,"Chaves County",39,92,809
35,027,48,141,TX,"El Paso County",31,58,412
35,027,35,013,NM,"Dona Ana County",29,46,681
35,027,35,001,NM,"Bernalillo County",27,38,364
35,027,48,303,TX,"Lubbock County",15,24,298
35,027,04,013,AZ,"Maricopa County",13,22,344
35,027,35,015,NM,"Eddy County",11,22,345
35,027,32,003,NV,"Clark County",10,19,281
35,027,58,000,SS,"Other Flows - Same State",84,168,1709
35,027,59,000,DS,"Other Flows - Diff State",226,431,5624
35,028,96,000,NM,"Los Alamos Coun Tot Mig-US & For",877,1586,39158
35,028,97,000,NM,"Los Alamos Coun Tot Mig-US",858,1560,38669
35,028,97,001,NM,"Los Alamos Coun Tot Mig-Same St",347,621,15235
35,028,97,003,NM,"Los Alamos Coun Tot Mig-Diff St",511,939,23435
35,028,98,000,NM,"Los Alamos Coun Tot Mig-Foreign",19,26,489
35,028,35,028,NM,"Los Alamos Coun Non-Migrants",7094,16636,459427
35,028,35,001,NM,"Bernalillo County",120,203,4913
35,028,35,049,NM,"Santa Fe County",82,137,3786
35,028,35,043,NM,"Sandoval County",48,99,2712
35,028,35,039,NM,"Rio Arriba County",36,75,1540
35,028,04,013,AZ,"Maricopa County",27,45,1467
35,028,06,037,CA,"Los Angeles County",17,34,780
35,028,35,013,NM,"Dona Ana County",15,18,238
35,028,08,013,CO,"Boulder County",13,19,468
35,028,48,113,TX,"Dallas County",12,18,499
35,028,08,059,CO,"Jefferson County",11,17,460
35,028,48,453,TX,"Travis County",10,18,469
35,028,58,000,SS,"Other Flows - Same State",46,89,2047
35,028,59,000,DS,"Other Flows - Diff State",421,788,19292
35,028,59,001,DS,"Other Flows - Northeast",43,92,2141
35,028,59,003,DS,"Other Flows - Midwest",60,104,2585
35,028,59,005,DS,"Other Flows - South",134,273,6643
35,028,59,007,DS,"Other Flows - West",184,319,7923
35,028,57,009,FR,"Foreign - Other flows",19,26,489
35,029,96,000,NM,"Luna County Tot Mig-US & For",607,1477,9900
35,029,97,000,NM,"Luna County Tot Mig-US",607,1477,9900
35,029,97,001,NM,"Luna County Tot Mig-Same St",226,534,3723
35,029,97,003,NM,"Luna County Tot Mig-Diff St",381,943,6177
35,029,35,029,NM,"Luna County Non-Migrants",6663,17396,130810
35,029,35,013,NM,"Dona Ana County",86,185,1357
35,029,04,013,AZ,"Maricopa County",49,143,584
35,029,35,017,NM,"Grant County",40,98,731
35,029,48,141,TX,"El Paso County",39,111,618
35,029,35,001,NM,"Bernalillo County",27,66,474
35,029,04,019,AZ,"Pima County",20,41,243
35,029,35,023,NM,"Hidalgo County",11,37,78
35,029,58,000,SS,"Other Flows - Same State",62,148,1083
35,029,59,000,DS,"Other Flows - Diff State",273,648,4732
35,029,59,001,DS,"Other Flows - Northeast",15,27,300
35,029,59,003,DS,"Other Flows - Midwest",38,86,693
35,029,59,005,DS,"Other Flows - South",96,235,1752
35,029,59,007,DS,"Other Flows - West",124,300,1987
35,031,96,000,NM,"Mckinley County Tot Mig-US & For",2250,5730,42923
35,031,97,000,NM,"Mckinley County Tot Mig-US",2237,5715,42796
35,031,97,001,NM,"Mckinley County Tot Mig-Same St",987,2506,18328
35,031,97,003,NM,"Mckinley County Tot Mig-Diff St",1250,3209,24468
35,031,98,000,NM,"Mckinley County Tot Mig-Foreign",13,15,127
35,031,35,031,NM,"Mckinley County Non-Migrants",22202,61555,486453
35,031,04,001,AZ,"Apache County",534,1561,8670
35,031,35,045,NM,"San Juan County",491,1414,8366
35,031,35,001,NM,"Bernalillo County",239,450,4445
35,031,04,013,AZ,"Maricopa County",118,233,2015
35,031,04,017,AZ,"Navajo County",83,275,1564
35,031,35,006,NM,"Cibola County",70,204,1375
35,031,04,005,AZ,"Coconino County",60,175,1135
35,031,35,043,NM,"Sandoval County",59,157,1195
35,031,35,013,NM,"Dona Ana County",29,54,629
35,031,49,035,UT,"Salt Lake County",27,51,467
35,031,35,061,NM,"Valencia County",23,48,649
35,031,35,049,NM,"Santa Fe County",13,20,341
35,031,32,003,NV,"Clark County",11,22,250
35,031,35,039,NM,"Rio Arriba County",11,30,225
35,031,04,019,AZ,"Pima County",10,23,237
35,031,06,073,CA,"San Diego County",10,16,134
35,031,58,000,SS,"Other Flows - Same State",52,129,1103
35,031,59,000,DS,"Other Flows - Diff State",397,853,9995
35,031,59,001,DS,"Other Flows - Northeast",20,43,598
35,031,59,003,DS,"Other Flows - Midwest",79,179,2004
35,031,59,005,DS,"Other Flows - South",134,287,3904
35,031,59,007,DS,"Other Flows - West",164,344,3489
35,031,57,009,FR,"Foreign - Other flows",13,15,127
35,033,96,000,NM,"Mora County Tot Mig-US & For",68,132,1428
35,033,97,000,NM,"Mora County Tot Mig-US",68,132,1428
35,033,97,001,NM,"Mora County Tot Mig-Same St",49,96,1009
35,033,97,003,NM,"Mora County Tot Mig-Diff St",19,36,419
35,033,35,033,NM,"Mora County Non-Migrants",1385,3117,22757
35,033,35,047,NM,"San Miguel County",23,44,428
35,033,58,000,SS,"Other Flows - Same State",26,52,581
35,033,59,000,DS,"Other Flows - Diff State",19,36,419
35,035,96,000,NM,"Otero County Tot Mig-US & For",2295,5429,57616
35,035,97,000,NM,"Otero County Tot Mig-US",2034,4864,52179
35,035,97,001,NM,"Otero County Tot Mig-Same St",436,979,11634
35,035,97,003,NM,"Otero County Tot Mig-Diff St",1598,3885,40545
35,035,98,000,NM,"Otero County Tot Mig-Foreign",261,565,5437
35,035,35,035,NM,"Otero County Non-Migrants",16719,40856,468837
35,035,57,005,FR,"Foreign - APO/FPO ZIPs",243,509,5002
35,035,35,013,NM,"Dona Ana County",154,323,3843
35,035,35,001,NM,"Bernalillo County",90,182,3036
35,035,48,141,TX,"El Paso County",90,240,1986
35,035,35,027,NM,"Lincoln County",61,148,1340
35,035,04,013,AZ,"Maricopa County",40,103,1124
35,035,48,029,TX,"Bexar County",39,113,940
35,035,32,003,NV,"Clark County",32,76,695
35,035,04,019,AZ,"Pima County",30,80,955
35,035,08,041,CO,"El Paso County",30,64,947
35,035,12,091,FL,"Okaloosa County",22,61,860
35,035,35,005,NM,"Chaves County",18,47,378
35,035,06,037,CA,"Los Angeles County",17,30,455
35,035,48,113,TX,"Dallas County",17,34,381
35,035,40,109,OK,"Oklahoma County",16,50,465
35,035,02,090,AK,"Fairbanks North Star",14,32,302
35,035,06,073,CA,"San Diego County",13,24,201
35,035,35,015,NM,"Eddy County",13,45,347
35,035,35,061,NM,"Valencia County",13,31,452
35,035,02,020,AK,"Anchorage Borough",12,33,360
35,035,12,057,FL,"Hillsborough County",12,32,431
35,035,48,439,TX,"Tarrant County",12,33,429
35,035,51,059,VA,"Fairfax County",12,34,624
35,035,06,071,CA,"San Bernardino Count",11,21,196
35,035,08,005,CO,"Arapahoe County",11,24,271
35,035,48,027,TX,"Bell County",11,23,213
35,035,48,485,TX,"Wichita County",11,34,304
35,035,48,201,TX,"Harris County",10,14,193
35,035,48,303,TX,"Lubbock County",10,27,219
35,035,49,011,UT,"Davis County",10,37,194
35,035,53,033,WA,"King County",10,19,249
35,035,58,000,SS,"Other Flows - Same State",87,203,2239
35,035,59,000,DS,"Other Flows - Diff State",1106,2647,27553
35,035,59,001,DS,"Other Flows - Northeast",82,175,1837
35,035,59,003,DS,"Other Flows - Midwest",249,608,6434
35,035,59,005,DS,"Other Flows - South",547,1329,13718
35,035,59,007,DS,"Other Flows - West",228,535,5564
35,035,57,009,FR,"Foreign - Other flows",18,56,435
35,037,96,000,NM,"Quay County Tot Mig-US & For",300,659,6937
35,037,97,000,NM,"Quay County Tot Mig-US",300,659,6937
35,037,97,001,NM,"Quay County Tot Mig-Same St",136,309,2716
35,037,97,003,NM,"Quay County Tot Mig-Diff St",164,350,4221
35,037,35,037,NM,"Quay County Non-Migrants",3086,7038,69267
35,037,35,001,NM,"Bernalillo County",27,55,615
35,037,35,009,NM,"Curry County",22,42,328
35,037,35,041,NM,"Roosevelt County",15,42,226
35,037,48,375,TX,"Potter County",10,17,155
35,037,58,000,SS,"Other Flows - Same State",72,170,1547
35,037,59,000,DS,"Other Flows - Diff State",154,333,4067
35,039,96,000,NM,"Rio Arriba Coun Tot Mig-US & For",760,1451,14280
35,039,97,000,NM,"Rio Arriba Coun Tot Mig-US",760,1451,14280
35,039,97,001,NM,"Rio Arriba Coun Tot Mig-Same St",548,1040,10043
35,039,97,003,NM,"Rio Arriba Coun Tot Mig-Diff St",212,411,4236
35,039,35,039,NM,"Rio Arriba Coun Non-Migrants",12411,28732,322132
35,039,35,049,NM,"Santa Fe County",197,346,4042
35,039,35,001,NM,"Bernalillo County",117,202,3200
35,039,35,045,NM,"San Juan County",56,158,828
35,039,35,055,NM,"Taos County",34,65,696
35,039,35,028,NM,"Los Alamos County",29,54,1017
35,039,35,043,NM,"Sandoval County",23,41,-1549
35,039,35,013,NM,"Dona Ana County",18,28,352
35,039,35,031,NM,"Mckinley County",12,17,100
35,039,35,047,NM,"San Miguel County",12,22,228
35,039,35,061,NM,"Valencia County",12,21,345
35,039,58,000,SS,"Other Flows - Same State",38,86,784
35,039,59,000,DS,"Other Flows - Diff State",212,411,4236
35,039,59,001,DS,"Other Flows - Northeast",18,23,444
35,039,59,003,DS,"Other Flows - Midwest",20,39,497
35,039,59,005,DS,"Other Flows - South",51,113,1028
35,039,59,007,DS,"Other Flows - West",123,236,2268
35,041,96,000,NM,"Roosevelt Count Tot Mig-US & For",681,1559,13423
35,041,97,000,NM,"Roosevelt Count Tot Mig-US",662,1505,13053
35,041,97,001,NM,"Roosevelt Count Tot Mig-Same St",293,648,4955
35,041,97,003,NM,"Roosevelt Count Tot Mig-Diff St",369,857,8098
35,041,98,000,NM,"Roosevelt Count Tot Mig-Foreign",19,54,371
35,041,35,041,NM,"Roosevelt Count Non-Migrants",4864,11970,111122
35,041,35,009,NM,"Curry County",101,236,1878
35,041,35,001,NM,"Bernalillo County",47,75,685
35,041,35,025,NM,"Lea County",35,92,561
35,041,35,005,NM,"Chaves County",31,74,539
35,041,48,303,TX,"Lubbock County",20,39,501
35,041,04,013,AZ,"Maricopa County",14,28,260
35,041,48,141,TX,"El Paso County",11,31,199
35,041,58,000,SS,"Other Flows - Same State",79,171,1291
35,041,59,000,DS,"Other Flows - Diff State",324,759,7138
35,041,57,009,FR,"Foreign - Other flows",19,54,371
35,043,96,000,NM,"Sandoval County Tot Mig-US & For",2888,6202,93705
35,043,97,000,NM,"Sandoval County Tot Mig-US",2867,6166,93221
35,043,97,001,NM,"Sandoval County Tot Mig-Same St",1738,3573,49270
35,043,97,003,NM,"Sandoval County Tot Mig-Diff St",1129,2593,43951
35,043,98,000,NM,"Sandoval County Tot Mig-Foreign",21,36,483
35,043,35,043,NM,"Sandoval County Non-Migrants",24116,57735,867065
35,043,35,001,NM,"Bernalillo County",1223,2386,37062
35,043,04,013,AZ,"Maricopa County",164,401,8929
35,043,35,045,NM,"San Juan County",107,285,1776
35,043,35,061,NM,"Valencia County",76,177,2148
35,043,35,049,NM,"Santa Fe County",74,163,2225
35,043,35,031,NM,"Mckinley County",51,122,634
35,043,35,057,NM,"Torrance County",31,81,949
35,043,35,013,NM,"Dona Ana County",30,69,866
35,043,41,067,OR,"Washington County",22,53,1458
35,043,06,037,CA,"Los Angeles County",21,37,437
35,043,48,453,TX,"Travis County",20,56,1198
35,043,06,073,CA,"San Diego County",19,29,460
35,043,35,055,NM,"Taos County",19,29,339
35,043,48,113,TX,"Dallas County",18,44,755
35,043,08,041,CO,"El Paso County",17,51,1044
35,043,35,006,NM,"Cibola County",17,33,397
35,043,32,003,NV,"Clark County",16,31,477
35,043,35,039,NM,"Rio Arriba County",16,35,334
35,043,04,019,AZ,"Pima County",14,26,443
35,043,06,085,CA,"Santa Clara County",14,32,1093
35,043,48,029,TX,"Bexar County",14,40,577
35,043,48,141,TX,"El Paso County",13,31,336
35,043,08,067,CO,"La Plata County",12,27,244
35,043,35,028,NM,"Los Alamos County",12,27,586
35,043,08,005,CO,"Arapahoe County",10,24,274
35,043,35,047,NM,"San Miguel County",10,20,159
35,043,35,051,NM,"Sierra County",10,20,148
35,043,48,085,TX,"Collin County",10,27,468
35,043,48,201,TX,"Harris County",10,18,316
35,043,49,035,UT,"Salt Lake County",10,23,311
35,043,58,000,SS,"Other Flows - Same State",62,126,1647
35,043,59,000,DS,"Other Flows - Diff State",725,1643,25130
35,043,59,001,DS,"Other Flows - Northeast",48,122,1682
35,043,59,003,DS,"Other Flows - Midwest",151,359,5053
35,043,59,005,DS,"Other Flows - South",281,633,9741
35,043,59,007,DS,"Other Flows - West",245,529,8654
35,043,57,009,FR,"Foreign - Other flows",21,36,483
35,045,96,000,NM,"San Juan County Tot Mig-US & For",2773,6823,60046
35,045,97,000,NM,"San Juan County Tot Mig-US",2749,6783,59627
35,045,97,001,NM,"San Juan County Tot Mig-Same St",968,2393,17712
35,045,97,003,NM,"San Juan County Tot Mig-Diff St",1781,4390,41915
35,045,98,000,NM,"San Juan County Tot Mig-Foreign",24,40,419
35,045,35,045,NM,"San Juan County Non-Migrants",30319,80657,960855
35,045,35,031,NM,"Mckinley County",464,1258,7073
35,045,04,001,AZ,"Apache County",213,733,3479
35,045,35,001,NM,"Bernalillo County",190,347,3969
35,045,04,013,AZ,"Maricopa County",132,265,2812
35,045,35,043,NM,"Sandoval County",76,245,1376
35,045,08,067,CO,"La Plata County",75,151,1759
35,045,04,017,AZ,"Navajo County",66,281,1289
35,045,08,083,CO,"Montezuma County",58,137,1095
35,045,49,035,UT,"Salt Lake County",56,110,953
35,045,49,037,UT,"San Juan County",56,178,952
35,045,35,039,NM,"Rio Arriba County",50,131,1009
35,045,35,013,NM,"Dona Ana County",48,80,994
35,045,04,005,AZ,"Coconino County",45,132,895
35,045,04,019,AZ,"Pima County",25,31,501
35,045,32,003,NV,"Clark County",25,49,622
35,045,49,049,UT,"Utah County",24,50,407
35,045,06,073,CA,"San Diego County",21,38,351
35,045,35,049,NM,"Santa Fe County",18,31,419
35,045,35,005,NM,"Chaves County",16,46,431
35,045,48,201,TX,"Harris County",16,42,942
35,045,08,041,CO,"El Paso County",15,38,490
35,045,08,059,CO,"Jefferson County",15,32,385
35,045,08,069,CO,"Larimer County",14,33,351
35,045,08,077,CO,"Mesa County",14,26,342
35,045,35,006,NM,"Cibola County",14,30,139
35,045,48,141,TX,"El Paso County",14,33,444
35,045,08,001,CO,"Adams County",13,26,337
35,045,35,025,NM,"Lea County",13,31,419
35,045,06,029,CA,"Kern County",12,33,318
35,045,06,071,CA,"San Bernardino Count",11,23,133
35,045,08,007,CO,"Archuleta County",11,25,223
35,045,04,025,AZ,"Yavapai County",10,21,285
35,045,06,037,CA,"Los Angeles County",10,22,270
35,045,35,015,NM,"Eddy County",10,40,288
35,045,48,113,TX,"Dallas County",10,22,294
35,045,58,000,SS,"Other Flows - Same State",69,154,1594
35,045,59,000,DS,"Other Flows - Diff State",820,1859,21987
35,045,59,001,DS,"Other Flows - Northeast",29,61,638
35,045,59,003,DS,"Other Flows - Midwest",123,274,3061
35,045,59,005,DS,"Other Flows - South",342,785,10585
35,045,59,007,DS,"Other Flows - West",326,739,7702
35,045,57,009,FR,"Foreign - Other flows",24,40,419
35,047,96,000,NM,"San Miguel Coun Tot Mig-US & For",534,1025,10431
35,047,97,000,NM,"San Miguel Coun Tot Mig-US",534,1025,10431
35,047,97,001,NM,"San Miguel Coun Tot Mig-Same St",317,612,5909
35,047,97,003,NM,"San Miguel Coun Tot Mig-Diff St",217,413,4522
35,047,35,047,NM,"San Miguel Coun Non-Migrants",8280,18407,182426
35,047,35,049,NM,"Santa Fe County",97,184,2219
35,047,35,001,NM,"Bernalillo County",88,145,1589
35,047,35,033,NM,"Mora County",31,81,521
35,047,35,007,NM,"Colfax County",15,22,228
35,047,35,043,NM,"Sandoval County",15,37,385
35,047,35,039,NM,"Rio Arriba County",13,24,184
35,047,04,013,AZ,"Maricopa County",10,25,221
35,047,58,000,SS,"Other Flows - Same State",58,119,784
35,047,59,000,DS,"Other Flows - Diff State",207,388,4301
35,047,59,001,DS,"Other Flows - Northeast",13,20,260
35,047,59,003,DS,"Other Flows - Midwest",19,28,348
35,047,59,005,DS,"Other Flows - South",71,137,1473
35,047,59,007,DS,"Other Flows - West",104,203,2219
35,049,96,000,NM,"Santa Fe County Tot Mig-US & For",3799,6626,110956
35,049,97,000,NM,"Santa Fe County Tot Mig-US",3767,6567,110083
35,049,97,001,NM,"Santa Fe County Tot Mig-Same St",1573,2954,40993
35,049,97,003,NM,"Santa Fe County Tot Mig-Diff St",2194,3613,69090
35,049,98,000,NM,"Santa Fe County Tot Mig-Foreign",32,59,873
35,049,35,049,NM,"Santa Fe County Non-Migrants",40181,81724,1532084
35,049,35,001,NM,"Bernalillo County",633,1055,15716
35,049,35,039,NM,"Rio Arriba County",223,443,5498
35,049,35,043,NM,"Sandoval County",140,288,4601
35,049,35,047,NM,"San Miguel County",129,253,2741
35,049,06,037,CA,"Los Angeles County",90,125,2101
35,049,04,013,AZ,"Maricopa County",89,174,4656
35,049,35,013,NM,"Dona Ana County",84,152,1859
35,049,53,033,WA,"King County",62,81,2280
35,049,35,028,NM,"Los Alamos County",61,112,2600
35,049,06,075,CA,"San Francisco County",55,57,1125
35,049,04,019,AZ,"Pima County",48,92,1301
35,049,35,057,NM,"Torrance County",48,115,1220
35,049,35,055,NM,"Taos County",46,75,1126
35,049,48,113,TX,"Dallas County",42,68,1194
35,049,06,073,CA,"San Diego County",38,46,1074
35,049,48,453,TX,"Travis County",32,46,879
35,049,32,003,NV,"Clark County",29,51,1208
35,049,36,061,NY,"New York County",29,33,1647
35,049,08,031,CO,"Denver County",28,40,697
35,049,17,031,IL,"Cook County",28,43,807
35,049,08,041,CO,"El Paso County",27,49,905
35,049,35,005,NM,"Chaves County",26,64,865
35,049,48,141,TX,"El Paso County",26,58,598
35,049,48,201,TX,"Harris County",26,37,975
35,049,06,059,CA,"Orange County",24,41,962
35,049,06,001,CA,"Alameda County",23,31,387
35,049,08,013,CO,"Boulder County",23,32,895
35,049,08,005,CO,"Arapahoe County",21,37,786
35,049,27,053,MN,"Hennepin County",21,26,317
35,049,08,067,CO,"La Plata County",20,25,329
35,049,35,061,NM,"Valencia County",20,41,613
35,049,41,051,OR,"Multnomah County",19,28,493
35,049,06,065,CA,"Riverside County",18,40,787
35,049,35,017,NM,"Grant County",17,38,611
35,049,35,045,NM,"San Juan County",17,49,508
35,049,35,035,NM,"Otero County",16,45,525
35,049,48,029,TX,"Bexar County",16,32,401
35,049,12,025,FL,"Dade County",15,19,402
35,049,06,071,CA,"San Bernardino Count",13,25,376
35,049,06,085,CA,"Santa Clara County",13,18,463
35,049,06,097,CA,"Sonoma County",13,20,412
35,049,08,059,CO,"Jefferson County",13,22,594
35,049,08,069,CO,"Larimer County",13,20,374
35,049,25,017,MA,"Middlesex County",13,17,295
35,049,35,027,NM,"Lincoln County",13,27,192
35,049,35,031,NM,"Mckinley County",13,23,310
35,049,48,439,TX,"Tarrant County",13,34,523
35,049,13,121,GA,"Fulton County",12,18,665
35,049,23,005,ME,"Cumberland County",12,15,177
35,049,35,009,NM,"Curry County",12,28,286
35,049,49,035,UT,"Salt Lake County",12,19,503
35,049,04,005,AZ,"Coconino County",11,15,242
35,049,06,013,CA,"Contra Costa County",11,14,328
35,049,06,081,CA,"San Mateo County",11,16,487
35,049,06,111,CA,"Ventura County",11,30,297
35,049,08,001,CO,"Adams County",11,20,338
35,049,29,095,MO,"Jackson County",11,15,202
35,049,35,051,NM,"Sierra County",11,22,343
35,049,04,025,AZ,"Yavapai County",10,15,208
35,049,35,006,NM,"Cibola County",10,19,340
35,049,35,007,NM,"Colfax County",10,18,126
35,049,35,029,NM,"Luna County",10,21,180
35,049,40,109,OK,"Oklahoma County",10,20,386
35,049,58,000,SS,"Other Flows - Same State",34,66,731
35,049,59,000,DS,"Other Flows - Diff State",1132,1949,35015
35,049,59,001,DS,"Other Flows - Northeast",184,286,5519
35,049,59,003,DS,"Other Flows - Midwest",180,335,5157
35,049,59,005,DS,"Other Flows - South",428,755,14792
35,049,59,007,DS,"Other Flows - West",340,573,9547
35,049,57,009,FR,"Foreign - Other flows",32,59,873
35,051,96,000,NM,"Sierra County Tot Mig-US & For",310,608,5818
35,051,97,000,NM,"Sierra County Tot Mig-US",310,608,5818
35,051,97,001,NM,"Sierra County Tot Mig-Same St",160,315,3051
35,051,97,003,NM,"Sierra County Tot Mig-Diff St",150,293,2766
35,051,35,051,NM,"Sierra County Non-Migrants",3504,7396,72582
35,051,35,013,NM,"Dona Ana County",51,106,904
35,051,35,001,NM,"Bernalillo County",36,64,631
35,051,35,017,NM,"Grant County",13,29,325
35,051,35,061,NM,"Valencia County",10,20,154
35,051,58,000,SS,"Other Flows - Same State",50,96,1038
35,051,59,000,DS,"Other Flows - Diff State",150,293,2766
35,053,96,000,NM,"Socorro County Tot Mig-US & For",412,830,7778
35,053,97,000,NM,"Socorro County Tot Mig-US",412,830,7778
35,053,97,001,NM,"Socorro County Tot Mig-Same St",214,406,4190
35,053,97,003,NM,"Socorro County Tot Mig-Diff St",198,424,3587
35,053,35,053,NM,"Socorro County Non-Migrants",4209,9924,100847
35,053,35,001,NM,"Bernalillo County",68,111,1428
35,053,35,061,NM,"Valencia County",22,43,434
35,053,35,013,NM,"Dona Ana County",18,38,308
35,053,35,049,NM,"Santa Fe County",13,24,354
35,053,35,051,NM,"Sierra County",12,27,248
35,053,35,043,NM,"Sandoval County",11,25,408
35,053,04,013,AZ,"Maricopa County",10,20,176
35,053,58,000,SS,"Other Flows - Same State",70,138,1010
35,053,59,000,DS,"Other Flows - Diff State",188,404,3412
35,053,59,001,DS,"Other Flows - Northeast",23,46,407
35,053,59,003,DS,"Other Flows - Midwest",20,38,271
35,053,59,005,DS,"Other Flows - South",55,131,1008
35,053,59,007,DS,"Other Flows - West",90,189,1726
35,055,96,000,NM,"Taos County Tot Mig-US & For",634,1050,12152
35,055,97,000,NM,"Taos County Tot Mig-US",634,1050,12152
35,055,97,001,NM,"Taos County Tot Mig-Same St",278,482,5617
35,055,97,003,NM,"Taos County Tot Mig-Diff St",356,568,6535
35,055,35,055,NM,"Taos County Non-Migrants",9165,19204,207006
35,055,35,001,NM,"Bernalillo County",91,145,1495
35,055,35,049,NM,"Santa Fe County",60,93,1282
35,055,35,039,NM,"Rio Arriba County",39,68,672
35,055,35,047,NM,"San Miguel County",18,27,352
35,055,35,013,NM,"Dona Ana County",11,18,316
35,055,35,007,NM,"Colfax County",10,26,192
35,055,58,000,SS,"Other Flows - Same State",49,105,1309
35,055,59,000,DS,"Other Flows - Diff State",356,568,6535
35,055,59,001,DS,"Other Flows - Northeast",32,41,491
35,055,59,003,DS,"Other Flows - Midwest",34,48,790
35,055,59,005,DS,"Other Flows - South",81,134,1702
35,055,59,007,DS,"Other Flows - West",209,345,3551
35,057,96,000,NM,"Torrance County Tot Mig-US & For",339,710,6471
35,057,97,000,NM,"Torrance County Tot Mig-US",339,710,6471
35,057,97,001,NM,"Torrance County Tot Mig-Same St",207,401,3963
35,057,97,003,NM,"Torrance County Tot Mig-Diff St",132,309,2508
35,057,35,057,NM,"Torrance County Non-Migrants",2954,7382,68718
35,057,35,001,NM,"Bernalillo County",105,178,1989
35,057,35,049,NM,"Santa Fe County",31,78,684
35,057,35,043,NM,"Sandoval County",11,16,262
35,057,35,061,NM,"Valencia County",11,19,275
35,057,58,000,SS,"Other Flows - Same State",49,110,754
35,057,59,000,DS,"Other Flows - Diff State",132,309,2508
35,059,96,000,NM,"Union County Tot Mig-US & For",131,305,2564
35,059,97,000,NM,"Union County Tot Mig-US",131,305,2564
35,059,97,001,NM,"Union County Tot Mig-Same St",39,86,748
35,059,97,003,NM,"Union County Tot Mig-Diff St",92,219,1816
35,059,35,059,NM,"Union County Non-Migrants",1342,3230,30446
35,059,48,111,TX,"Dallam County",10,31,238
35,059,58,000,SS,"Other Flows - Same State",39,86,748
35,059,59,000,DS,"Other Flows - Diff State",82,188,1578
35,061,96,000,NM,"Valencia County Tot Mig-US & For",1330,2849,30154
35,061,97,000,NM,"Valencia County Tot Mig-US",1330,2849,30154
35,061,97,001,NM,"Valencia County Tot Mig-Same St",889,1900,18887
35,061,97,003,NM,"Valencia County Tot Mig-Diff St",441,949,11267
35,061,35,061,NM,"Valencia County Non-Migrants",14838,35902,423650
35,061,35,001,NM,"Bernalillo County",594,1221,12158
35,061,35,053,NM,"Socorro County",51,119,1000
35,061,35,043,NM,"Sandoval County",34,76,682
35,061,35,006,NM,"Cibola County",32,63,592
35,061,04,013,AZ,"Maricopa County",25,56,807
35,061,35,049,NM,"Santa Fe County",24,41,576
35,061,35,057,NM,"Torrance County",18,55,304
35,061,35,013,NM,"Dona Ana County",17,39,348
35,061,06,073,CA,"San Diego County",15,31,262
35,061,35,005,NM,"Chaves County",14,26,290
35,061,35,045,NM,"San Juan County",12,30,311
35,061,48,141,TX,"El Paso County",12,32,230
35,061,32,003,NV,"Clark County",11,19,194
35,061,35,039,NM,"Rio Arriba County",11,28,200
35,061,35,051,NM,"Sierra County",10,17,211
35,061,58,000,SS,"Other Flows - Same State",72,185,2215
35,061,59,000,DS,"Other Flows - Diff State",378,811,9774
35,061,59,001,DS,"Other Flows - Northeast",14,30,538
35,061,59,003,DS,"Other Flows - Midwest",47,103,1169
35,061,59,005,DS,"Other Flows - South",147,319,3917
35,061,59,007,DS,"Other Flows - West",170,359,4150
