"2000 - 2001 County to County Migration Inflow",,,,,,,,
"(Aggregate money amounts are in thousands of dollars)",,,,,,,,
,,,,,,,,
,,,,,,,,
"Migration into",,"Migration from",,,,Number,Number,Aggregate
Oklahoma,,,,,,of,of,adjusted
State,County,State,County,State,"State totals, county totals,",returns,exemptions,gross
"FIPS Code",,,,,"and county by county detail",,,income
40,000,96,000,OK,"Total Mig - US & For",92496,191414,2898307
40,000,97,000,OK,"Total Mig - US",90265,187496,2853801
40,000,97,001,OK,"Total Mig - US Same St",53095,108707,1552584
40,000,97,003,OK,"Total Mig - US Diff St",37170,78789,1301218
40,000,98,000,OK,"Total Mig - Foreign",2231,3918,44506
40,001,96,000,OK,"Adair County Tot Mig-US & For",460,1089,10127
40,001,97,000,OK,"Adair County Tot Mig-US",460,1089,10127
40,001,97,001,OK,"Adair County Tot Mig-Same St",223,524,4872
40,001,97,003,OK,"Adair County Tot Mig-Diff St",237,565,5254
40,001,40,001,OK,"Adair County Non-Migrants",6345,15771,166129
40,001,40,021,OK,"Cherokee County",78,177,1424
40,001,05,007,AR,"Benton County",70,164,1693
40,001,05,143,AR,"Washington County",42,94,885
40,001,40,041,OK,"Delaware County",38,99,805
40,001,40,143,OK,"Tulsa County",22,44,900
40,001,40,135,OK,"Sequoyah County",20,47,383
40,001,40,101,OK,"Muskogee County",10,26,171
40,001,58,000,SS,"Other Flows - Same State",55,131,1189
40,001,59,000,DS,"Other Flows - Diff State",125,307,2677
40,003,96,000,OK,"Alfalfa County Tot Mig-US & For",114,259,2677
40,003,97,000,OK,"Alfalfa County Tot Mig-US",114,259,2677
40,003,97,001,OK,"Alfalfa County Tot Mig-Same St",85,190,2110
40,003,97,003,OK,"Alfalfa County Tot Mig-Diff St",29,69,566
40,003,40,003,OK,"Alfalfa County Non-Migrants",1696,3862,54540
40,003,40,047,OK,"Garfield County",23,48,532
40,003,40,151,OK,"Woods County",12,24,195
40,003,40,093,OK,"Major County",10,18,366
40,003,58,000,SS,"Other Flows - Same State",40,100,1017
40,003,59,000,DS,"Other Flows - Diff State",29,69,566
40,005,96,000,OK,"Atoka County Tot Mig-US & For",276,649,6960
40,005,97,000,OK,"Atoka County Tot Mig-US",276,649,6960
40,005,97,001,OK,"Atoka County Tot Mig-Same St",165,377,4158
40,005,97,003,OK,"Atoka County Tot Mig-Diff St",111,272,2802
40,005,40,005,OK,"Atoka County Non-Migrants",3578,8591,102056
40,005,40,013,OK,"Bryan County",46,108,1155
40,005,40,029,OK,"Coal County",23,54,899
40,005,40,109,OK,"Oklahoma County",17,31,218
40,005,40,143,OK,"Tulsa County",14,35,328
40,005,58,000,SS,"Other Flows - Same State",65,149,1559
40,005,59,000,DS,"Other Flows - Diff State",111,272,2802
40,007,96,000,OK,"Beaver County Tot Mig-US & For",122,314,3992
40,007,97,000,OK,"Beaver County Tot Mig-US",122,314,3992
40,007,97,001,OK,"Beaver County Tot Mig-Same St",40,107,1330
40,007,97,003,OK,"Beaver County Tot Mig-Diff St",82,207,2661
40,007,40,007,OK,"Beaver County Non-Migrants",1614,3853,67240
40,007,20,175,KS,"Seward County",30,80,1011
40,007,40,139,OK,"Texas County",11,28,316
40,007,58,000,SS,"Other Flows - Same State",29,79,1014
40,007,59,000,DS,"Other Flows - Diff State",52,127,1651
40,009,96,000,OK,"Beckham County Tot Mig-US & For",506,1122,14545
40,009,97,000,OK,"Beckham County Tot Mig-US",506,1122,14545
40,009,97,001,OK,"Beckham County Tot Mig-Same St",277,604,7740
40,009,97,003,OK,"Beckham County Tot Mig-Diff St",229,518,6805
40,009,40,009,OK,"Beckham County Non-Migrants",5608,13163,200862
40,009,40,149,OK,"Washita County",44,102,841
40,009,40,039,OK,"Custer County",39,76,731
40,009,40,109,OK,"Oklahoma County",37,79,1679
40,009,40,129,OK,"Roger Mills County",30,54,811
40,009,40,017,OK,"Canadian County",12,29,621
40,009,40,055,OK,"Greer County",10,30,283
40,009,58,000,SS,"Other Flows - Same State",105,234,2774
40,009,59,000,DS,"Other Flows - Diff State",229,518,6805
40,011,96,000,OK,"Blaine County Tot Mig-US & For",290,630,7204
40,011,97,000,OK,"Blaine County Tot Mig-US",290,630,7204
40,011,97,001,OK,"Blaine County Tot Mig-Same St",198,452,5128
40,011,97,003,OK,"Blaine County Tot Mig-Diff St",92,178,2076
40,011,40,011,OK,"Blaine County Non-Migrants",3593,8305,128584
40,011,40,017,OK,"Canadian County",26,64,483
40,011,40,109,OK,"Oklahoma County",22,43,443
40,011,27,151,MN,"Swift County",20,23,188
40,011,40,039,OK,"Custer County",20,59,506
40,011,40,093,OK,"Major County",17,45,382
40,011,40,073,OK,"Kingfisher County",15,37,330
40,011,40,047,OK,"Garfield County",14,34,323
40,011,40,015,OK,"Caddo County",13,29,748
40,011,58,000,SS,"Other Flows - Same State",71,141,1914
40,011,59,000,DS,"Other Flows - Diff State",72,155,1888
40,013,96,000,OK,"Bryan County Tot Mig-US & For",844,1710,21272
40,013,97,000,OK,"Bryan County Tot Mig-US",833,1694,21182
40,013,97,001,OK,"Bryan County Tot Mig-Same St",366,703,8073
40,013,97,003,OK,"Bryan County Tot Mig-Diff St",467,991,13109
40,013,98,000,OK,"Bryan County Tot Mig-Foreign",11,16,89
40,013,40,013,OK,"Bryan County Non-Migrants",9832,22430,325333
40,013,48,181,TX,"Grayson County",132,284,3744
40,013,48,113,TX,"Dallas County",38,77,1166
40,013,40,095,OK,"Marshall County",36,76,726
40,013,40,069,OK,"Johnston County",35,72,656
40,013,40,023,OK,"Choctaw County",33,52,751
40,013,40,005,OK,"Atoka County",30,63,534
40,013,40,019,OK,"Carter County",25,47,390
40,013,40,109,OK,"Oklahoma County",25,47,691
40,013,48,439,TX,"Tarrant County",20,44,506
40,013,40,089,OK,"Mccurtain County",19,25,512
40,013,40,121,OK,"Pittsburg County",13,16,158
40,013,48,085,TX,"Collin County",13,26,469
40,013,48,147,TX,"Fannin County",13,32,321
40,013,40,127,OK,"Pushmataha County",11,23,284
40,013,40,085,OK,"Love County",10,20,351
40,013,40,143,OK,"Tulsa County",10,16,221
40,013,48,121,TX,"Denton County",10,20,175
40,013,58,000,SS,"Other Flows - Same State",119,246,2798
40,013,59,000,DS,"Other Flows - Diff State",241,508,6729
40,013,57,009,FR,"Foreign - Other flows",11,16,89
40,015,96,000,OK,"Caddo County Tot Mig-US & For",718,1566,18149
40,015,97,000,OK,"Caddo County Tot Mig-US",718,1566,18149
40,015,97,001,OK,"Caddo County Tot Mig-Same St",506,1115,13183
40,015,97,003,OK,"Caddo County Tot Mig-Diff St",212,451,4966
40,015,40,015,OK,"Caddo County Non-Migrants",9323,22244,286467
40,015,40,109,OK,"Oklahoma County",84,176,2157
40,015,40,051,OK,"Grady County",81,192,1860
40,015,40,031,OK,"Comanche County",72,174,1600
40,015,40,017,OK,"Canadian County",47,109,2234
40,015,40,039,OK,"Custer County",32,73,932
40,015,40,027,OK,"Cleveland County",21,35,439
40,015,40,149,OK,"Washita County",16,35,275
40,015,40,143,OK,"Tulsa County",15,32,402
40,015,40,075,OK,"Kiowa County",11,31,296
40,015,40,011,OK,"Blaine County",10,22,261
40,015,58,000,SS,"Other Flows - Same State",117,236,2727
40,015,59,000,DS,"Other Flows - Diff State",212,451,4966
40,017,96,000,OK,"Canadian County Tot Mig-US & For",2824,6022,102675
40,017,97,000,OK,"Canadian County Tot Mig-US",2811,6003,102405
40,017,97,001,OK,"Canadian County Tot Mig-Same St",2161,4514,76922
40,017,97,003,OK,"Canadian County Tot Mig-Diff St",650,1489,25483
40,017,98,000,OK,"Canadian County Tot Mig-Foreign",13,19,270
40,017,40,017,OK,"Canadian County Non-Migrants",27557,66149,1374579
40,017,40,109,OK,"Oklahoma County",1357,2815,50297
40,017,40,027,OK,"Cleveland County",183,347,6281
40,017,40,015,OK,"Caddo County",61,132,1698
40,017,40,039,OK,"Custer County",47,84,1195
40,017,40,143,OK,"Tulsa County",43,103,1953
40,017,40,011,OK,"Blaine County",40,95,850
40,017,40,051,OK,"Grady County",40,85,1255
40,017,40,083,OK,"Logan County",32,75,1272
40,017,40,073,OK,"Kingfisher County",26,56,719
40,017,40,119,OK,"Payne County",25,53,683
40,017,40,087,OK,"Mcclain County",21,37,811
40,017,48,113,TX,"Dallas County",20,51,815
40,017,40,031,OK,"Comanche County",19,32,526
40,017,40,125,OK,"Pottawatomie County",19,41,571
40,017,40,047,OK,"Garfield County",18,36,593
40,017,40,081,OK,"Lincoln County",18,40,651
40,017,06,073,CA,"San Diego County",13,26,426
40,017,40,123,OK,"Pontotoc County",13,30,396
40,017,48,439,TX,"Tarrant County",13,29,658
40,017,40,153,OK,"Woodward County",12,23,253
40,017,48,201,TX,"Harris County",12,25,423
40,017,40,009,OK,"Beckham County",11,22,260
40,017,40,019,OK,"Carter County",11,25,1445
40,017,48,029,TX,"Bexar County",11,28,651
40,017,58,000,SS,"Other Flows - Same State",165,383,5211
40,017,59,000,DS,"Other Flows - Diff State",581,1330,22510
40,017,59,001,DS,"Other Flows - Northeast",23,50,701
40,017,59,003,DS,"Other Flows - Midwest",147,340,5736
40,017,59,005,DS,"Other Flows - South",253,605,10800
40,017,59,007,DS,"Other Flows - West",158,335,5272
40,017,57,009,FR,"Foreign - Other flows",13,19,270
40,019,96,000,OK,"Carter County Tot Mig-US & For",951,2156,29476
40,019,97,000,OK,"Carter County Tot Mig-US",940,2142,28952
40,019,97,001,OK,"Carter County Tot Mig-Same St",524,1179,14782
40,019,97,003,OK,"Carter County Tot Mig-Diff St",416,963,14169
40,019,98,000,OK,"Carter County Tot Mig-Foreign",11,14,524
40,019,40,019,OK,"Carter County Non-Migrants",14026,32360,537616
40,019,40,085,OK,"Love County",62,156,1318
40,019,40,109,OK,"Oklahoma County",59,117,1827
40,019,40,069,OK,"Johnston County",44,107,1035
40,019,40,095,OK,"Marshall County",39,83,850
40,019,40,027,OK,"Cleveland County",36,63,1186
40,019,40,049,OK,"Garvin County",35,85,1027
40,019,40,099,OK,"Murray County",32,71,783
40,019,48,439,TX,"Tarrant County",27,61,770
40,019,40,067,OK,"Jefferson County",25,68,868
40,019,48,113,TX,"Dallas County",25,50,839
40,019,40,137,OK,"Stephens County",23,52,673
40,019,40,143,OK,"Tulsa County",21,50,865
40,019,48,121,TX,"Denton County",21,35,779
40,019,40,031,OK,"Comanche County",16,42,432
40,019,40,123,OK,"Pontotoc County",15,31,335
40,019,48,097,TX,"Cooke County",14,30,280
40,019,40,013,OK,"Bryan County",13,29,276
40,019,40,125,OK,"Pottawatomie County",11,21,320
40,019,48,085,TX,"Collin County",11,25,659
40,019,58,000,SS,"Other Flows - Same State",93,204,2987
40,019,59,000,DS,"Other Flows - Diff State",318,762,10842
40,019,57,009,FR,"Foreign - Other flows",11,14,524
40,021,96,000,OK,"Cherokee County Tot Mig-US & For",981,1918,24544
40,021,97,000,OK,"Cherokee County Tot Mig-US",981,1918,24544
40,021,97,001,OK,"Cherokee County Tot Mig-Same St",659,1283,15049
40,021,97,003,OK,"Cherokee County Tot Mig-Diff St",322,635,9495
40,021,40,021,OK,"Cherokee County Non-Migrants",10948,25781,335003
40,021,40,143,OK,"Tulsa County",118,222,2908
40,021,40,001,OK,"Adair County",74,163,1397
40,021,40,101,OK,"Muskogee County",70,148,1955
40,021,40,145,OK,"Wagoner County",54,116,1316
40,021,40,097,OK,"Mayes County",51,107,1266
40,021,40,135,OK,"Sequoyah County",27,44,650
40,021,40,131,OK,"Rogers County",23,43,425
40,021,40,109,OK,"Oklahoma County",22,41,695
40,021,40,079,OK,"Le Flore County",19,28,280
40,021,40,041,OK,"Delaware County",18,36,336
40,021,05,007,AR,"Benton County",16,32,443
40,021,40,027,OK,"Cleveland County",16,24,377
40,021,40,111,OK,"Okmulgee County",15,23,253
40,021,40,113,OK,"Osage County",11,19,178
40,021,40,121,OK,"Pittsburg County",11,14,177
40,021,05,143,AR,"Washington County",10,13,234
40,021,40,037,OK,"Creek County",10,16,175
40,021,40,061,OK,"Haskell County",10,21,110
40,021,40,115,OK,"Ottawa County",10,17,153
40,021,58,000,SS,"Other Flows - Same State",100,201,2398
40,021,59,000,DS,"Other Flows - Diff State",296,590,8818
40,021,59,001,DS,"Other Flows - Northeast",10,21,218
40,021,59,003,DS,"Other Flows - Midwest",70,149,1833
40,021,59,005,DS,"Other Flows - South",135,262,4369
40,021,59,007,DS,"Other Flows - West",81,158,2398
40,023,96,000,OK,"Choctaw County Tot Mig-US & For",288,613,6009
40,023,97,000,OK,"Choctaw County Tot Mig-US",288,613,6009
40,023,97,001,OK,"Choctaw County Tot Mig-Same St",126,292,2569
40,023,97,003,OK,"Choctaw County Tot Mig-Diff St",162,321,3439
40,023,40,023,OK,"Choctaw County Non-Migrants",4092,9651,107161
40,023,48,277,TX,"Lamar County",31,60,502
40,023,40,089,OK,"Mccurtain County",30,74,577
40,023,40,013,OK,"Bryan County",20,57,402
40,023,40,127,OK,"Pushmataha County",17,35,327
40,023,40,109,OK,"Oklahoma County",14,31,196
40,023,48,113,TX,"Dallas County",12,22,159
40,023,58,000,SS,"Other Flows - Same State",45,95,1067
40,023,59,000,DS,"Other Flows - Diff State",119,239,2778
40,025,96,000,OK,"Cimarron County Tot Mig-US & For",47,109,1131
40,025,97,000,OK,"Cimarron County Tot Mig-US",47,109,1131
40,025,97,001,OK,"Cimarron County Tot Mig-Same St",19,49,427
40,025,97,003,OK,"Cimarron County Tot Mig-Diff St",28,60,704
40,025,40,025,OK,"Cimarron County Non-Migrants",1030,2447,28806
40,025,58,000,SS,"Other Flows - Same State",19,49,427
40,025,59,000,DS,"Other Flows - Diff State",28,60,704
40,027,96,000,OK,"Cleveland Count Tot Mig-US & For",8277,15942,264615
40,027,97,000,OK,"Cleveland Count Tot Mig-US",7964,15475,260774
40,027,97,001,OK,"Cleveland Count Tot Mig-Same St",5596,10771,170560
40,027,97,003,OK,"Cleveland Count Tot Mig-Diff St",2368,4704,90214
40,027,98,000,OK,"Cleveland Count Tot Mig-Foreign",313,467,3841
40,027,40,027,OK,"Cleveland Count Non-Migrants",65541,147510,3183192
40,027,40,109,OK,"Oklahoma County",3355,6584,107591
40,027,40,087,OK,"Mcclain County",262,503,7191
40,027,40,143,OK,"Tulsa County",249,416,6922
40,027,40,017,OK,"Canadian County",198,382,6845
40,027,40,125,OK,"Pottawatomie County",187,375,5242
40,027,40,051,OK,"Grady County",185,371,5699
40,027,48,029,TX,"Bexar County",120,271,7050
40,027,40,031,OK,"Comanche County",103,183,3242
40,027,40,049,OK,"Garvin County",103,218,2748
40,027,57,005,FR,"Foreign - APO/FPO ZIPs",83,211,2599
40,027,48,113,TX,"Dallas County",81,151,5167
40,027,40,081,OK,"Lincoln County",64,144,2060
40,027,40,119,OK,"Payne County",64,105,1548
40,027,48,439,TX,"Tarrant County",60,114,2502
40,027,40,137,OK,"Stephens County",55,103,1635
40,027,40,123,OK,"Pontotoc County",53,87,1259
40,027,40,083,OK,"Logan County",48,89,1308
40,027,40,019,OK,"Carter County",47,89,1444
40,027,48,201,TX,"Harris County",45,81,1519
40,027,12,005,FL,"Bay County",43,81,1524
40,027,40,065,OK,"Jackson County",43,68,1231
40,027,40,047,OK,"Garfield County",40,84,1266
40,027,48,121,TX,"Denton County",39,68,1036
40,027,06,037,CA,"Los Angeles County",36,63,1139
40,027,20,173,KS,"Sedgwick County",36,81,1701
40,027,40,133,OK,"Seminole County",32,52,700
40,027,48,085,TX,"Collin County",30,68,1712
40,027,04,013,AZ,"Maricopa County",29,46,821
40,027,40,121,OK,"Pittsburg County",29,55,560
40,027,40,147,OK,"Washington County",29,45,670
40,027,40,015,OK,"Caddo County",28,45,660
40,027,40,039,OK,"Custer County",27,55,675
40,027,05,119,AR,"Pulaski County",26,46,779
40,027,06,073,CA,"San Diego County",26,52,1193
40,027,35,001,NM,"Bernalillo County",23,30,540
40,027,40,071,OK,"Kay County",23,36,400
40,027,40,099,OK,"Murray County",23,52,881
40,027,06,067,CA,"Sacramento County",22,50,1022
40,027,40,131,OK,"Rogers County",22,34,456
40,027,48,453,TX,"Travis County",22,44,1056
40,027,08,041,CO,"El Paso County",21,47,669
40,027,32,003,NV,"Clark County",21,41,764
40,027,17,031,IL,"Cook County",18,38,590
40,027,40,063,OK,"Hughes County",17,37,323
40,027,08,059,CO,"Jefferson County",16,37,937
40,027,40,079,OK,"Le Flore County",16,22,355
40,027,40,101,OK,"Muskogee County",16,29,385
40,027,05,007,AR,"Benton County",15,26,499
40,027,12,033,FL,"Escambia County",15,37,518
40,027,40,021,OK,"Cherokee County",15,26,246
40,027,40,037,OK,"Creek County",15,23,436
40,027,40,153,OK,"Woodward County",15,31,437
40,027,48,027,TX,"Bell County",15,35,422
40,027,40,091,OK,"Mcintosh County",14,24,388
40,027,40,113,OK,"Osage County",14,25,243
40,027,06,071,CA,"San Bernardino Count",12,26,239
40,027,12,011,FL,"Broward County",12,22,383
40,027,15,003,HI,"Honolulu County",12,26,309
40,027,40,089,OK,"Mccurtain County",12,25,193
40,027,40,097,OK,"Mayes County",12,18,207
40,027,40,111,OK,"Okmulgee County",12,22,324
40,027,40,149,OK,"Washita County",12,15,213
40,027,49,035,UT,"Salt Lake County",12,29,579
40,027,53,033,WA,"King County",12,18,604
40,027,06,059,CA,"Orange County",11,23,567
40,027,08,001,CO,"Adams County",11,25,312
40,027,29,095,MO,"Jackson County",11,17,553
40,027,29,189,MO,"St Louis County",11,17,441
40,027,37,051,NC,"Cumberland County",11,22,266
40,027,40,145,OK,"Wagoner County",11,22,375
40,027,48,303,TX,"Lubbock County",11,21,901
40,027,48,485,TX,"Wichita County",11,24,380
40,027,51,810,VA,"Virginia Beach",11,28,463
40,027,53,063,WA,"Spokane County",11,21,317
40,027,05,131,AR,"Sebastian County",10,17,183
40,027,58,000,SS,"Other Flows - Same State",146,277,4203
40,027,59,000,DS,"Other Flows - Diff State",1440,2861,50556
40,027,59,001,DS,"Other Flows - Northeast",128,249,4470
40,027,59,003,DS,"Other Flows - Midwest",375,729,13391
40,027,59,005,DS,"Other Flows - South",653,1306,23074
40,027,59,007,DS,"Other Flows - West",284,577,9621
40,027,57,009,FR,"Foreign - Other flows",230,256,1242
40,029,96,000,OK,"Coal County Tot Mig-US & For",122,289,2672
40,029,97,000,OK,"Coal County Tot Mig-US",122,289,2672
40,029,97,001,OK,"Coal County Tot Mig-Same St",94,229,1923
40,029,97,003,OK,"Coal County Tot Mig-Diff St",28,60,750
40,029,40,029,OK,"Coal County Non-Migrants",1479,3538,38370
40,029,40,005,OK,"Atoka County",25,53,380
40,029,40,123,OK,"Pontotoc County",25,62,515
40,029,58,000,SS,"Other Flows - Same State",44,114,1027
40,029,59,000,DS,"Other Flows - Diff State",28,60,750
40,031,96,000,OK,"Comanche County Tot Mig-US & For",4122,9035,104796
40,031,97,000,OK,"Comanche County Tot Mig-US",3620,7840,91238
40,031,97,001,OK,"Comanche County Tot Mig-Same St",787,1628,17961
40,031,97,003,OK,"Comanche County Tot Mig-Diff St",2833,6212,73277
40,031,98,000,OK,"Comanche County Tot Mig-Foreign",502,1195,13557
40,031,40,031,OK,"Comanche County Non-Migrants",32359,75661,1174746
40,031,57,005,FR,"Foreign - APO/FPO ZIPs",490,1168,13288
40,031,40,109,OK,"Oklahoma County",110,208,2274
40,031,40,015,OK,"Caddo County",103,236,2600
40,031,40,137,OK,"Stephens County",94,206,2371
40,031,15,003,HI,"Honolulu County",90,256,2544
40,031,48,027,TX,"Bell County",76,176,2257
40,031,37,051,NC,"Cumberland County",72,169,2101
40,031,40,027,OK,"Cleveland County",59,103,1665
40,031,40,033,OK,"Cotton County",58,133,1406
40,031,48,029,TX,"Bexar County",52,130,1587
40,031,08,041,CO,"El Paso County",44,105,1295
40,031,40,065,OK,"Jackson County",42,75,821
40,031,48,485,TX,"Wichita County",42,88,1001
40,031,53,053,WA,"Pierce County",39,104,1679
40,031,40,051,OK,"Grady County",35,67,788
40,031,48,113,TX,"Dallas County",35,62,899
40,031,04,013,AZ,"Maricopa County",33,69,765
40,031,06,073,CA,"San Diego County",33,71,842
40,031,48,201,TX,"Harris County",33,56,703
40,031,13,179,GA,"Liberty County",32,91,876
40,031,36,045,NY,"Jefferson County",32,99,1100
40,031,48,439,TX,"Tarrant County",32,71,753
40,031,45,079,SC,"Richland County",30,74,780
40,031,40,141,OK,"Tillman County",29,69,476
40,031,40,143,OK,"Tulsa County",29,64,840
40,031,13,215,GA,"Muscogee County",28,74,752
40,031,06,071,CA,"San Bernardino Count",26,72,757
40,031,21,047,KY,"Christian County",26,75,640
40,031,48,141,TX,"El Paso County",26,58,621
40,031,36,071,NY,"Orange County",22,43,567
40,031,48,099,TX,"Coryell County",22,71,774
40,031,40,039,OK,"Custer County",21,46,615
40,031,06,037,CA,"Los Angeles County",19,30,363
40,031,22,115,LA,"Vernon Parish",19,44,564
40,031,40,075,OK,"Kiowa County",19,36,429
40,031,01,089,AL,"Madison County",18,43,550
40,031,20,061,KS,"Geary County",18,55,506
40,031,17,031,IL,"Cook County",17,29,275
40,031,13,245,GA,"Richmond County",16,28,290
40,031,29,189,MO,"St Louis County",16,28,306
40,031,02,090,AK,"Fairbanks North Star",14,40,449
40,031,24,025,MD,"Harford County",14,30,302
40,031,26,163,MI,"Wayne County",14,21,222
40,031,35,001,NM,"Bernalillo County",14,33,459
40,031,21,093,KY,"Hardin County",13,39,406
40,031,29,169,MO,"Pulaski County",13,28,353
40,031,36,047,NY,"Kings County",13,20,256
40,031,20,103,KS,"Leavenworth County",12,38,685
40,031,24,003,MD,"Anne Arundel County",11,24,308
40,031,40,037,OK,"Creek County",11,20,198
40,031,40,119,OK,"Payne County",11,17,172
40,031,47,125,TN,"Montgomery County",11,29,322
40,031,48,181,TX,"Grayson County",11,18,166
40,031,01,073,AL,"Jefferson County",10,23,196
40,031,02,020,AK,"Anchorage Borough",10,19,283
40,031,04,003,AZ,"Cochise County",10,24,208
40,031,06,065,CA,"Riverside County",10,23,145
40,031,06,067,CA,"Sacramento County",10,20,154
40,031,12,025,FL,"Dade County",10,19,191
40,031,22,071,LA,"Orleans Parish",10,23,170
40,031,40,019,OK,"Carter County",10,22,184
40,031,40,125,OK,"Pottawatomie County",10,22,175
40,031,49,035,UT,"Salt Lake County",10,23,231
40,031,58,000,SS,"Other Flows - Same State",146,304,2947
40,031,59,000,DS,"Other Flows - Diff State",1665,3447,41624
40,031,59,001,DS,"Other Flows - Northeast",178,318,4098
40,031,59,003,DS,"Other Flows - Midwest",403,834,9966
40,031,59,005,DS,"Other Flows - South",845,1763,21241
40,031,59,007,DS,"Other Flows - West",239,532,6319
40,031,57,009,FR,"Foreign - Other flows",12,27,269
40,033,96,000,OK,"Cotton County Tot Mig-US & For",141,331,3774
40,033,97,000,OK,"Cotton County Tot Mig-US",141,331,3774
40,033,97,001,OK,"Cotton County Tot Mig-Same St",71,165,1934
40,033,97,003,OK,"Cotton County Tot Mig-Diff St",70,166,1840
40,033,40,033,OK,"Cotton County Non-Migrants",1870,4392,63271
40,033,40,031,OK,"Comanche County",30,70,778
40,033,48,485,TX,"Wichita County",28,68,802
40,033,40,137,OK,"Stephens County",11,24,311
40,033,58,000,SS,"Other Flows - Same State",30,71,845
40,033,59,000,DS,"Other Flows - Diff State",42,98,1039
40,035,96,000,OK,"Craig County Tot Mig-US & For",387,793,10159
40,035,97,000,OK,"Craig County Tot Mig-US",387,793,10159
40,035,97,001,OK,"Craig County Tot Mig-Same St",276,575,6855
40,035,97,003,OK,"Craig County Tot Mig-Diff St",111,218,3304
40,035,40,035,OK,"Craig County Non-Migrants",5061,11394,171918
40,035,40,115,OK,"Ottawa County",63,142,1062
40,035,40,097,OK,"Mayes County",54,114,1119
40,035,40,143,OK,"Tulsa County",40,80,1583
40,035,40,131,OK,"Rogers County",29,63,824
40,035,40,041,OK,"Delaware County",23,45,559
40,035,40,105,OK,"Nowata County",11,21,264
40,035,58,000,SS,"Other Flows - Same State",56,110,1444
40,035,59,000,DS,"Other Flows - Diff State",111,218,3304
40,037,96,000,OK,"Creek County Tot Mig-US & For",2142,4761,63731
40,037,97,000,OK,"Creek County Tot Mig-US",2131,4743,63536
40,037,97,001,OK,"Creek County Tot Mig-Same St",1706,3797,49563
40,037,97,003,OK,"Creek County Tot Mig-Diff St",425,946,13973
40,037,98,000,OK,"Creek County Tot Mig-Foreign",11,18,195
40,037,40,037,OK,"Creek County Non-Migrants",21768,51883,865196
40,037,40,143,OK,"Tulsa County",1070,2382,32417
40,037,40,113,OK,"Osage County",73,155,2165
40,037,40,117,OK,"Pawnee County",70,171,2152
40,037,40,119,OK,"Payne County",70,158,1852
40,037,40,111,OK,"Okmulgee County",60,138,1349
40,037,40,131,OK,"Rogers County",41,85,1304
40,037,40,145,OK,"Wagoner County",39,87,1122
40,037,40,081,OK,"Lincoln County",36,82,839
40,037,40,109,OK,"Oklahoma County",35,69,1210
40,037,40,021,OK,"Cherokee County",15,25,354
40,037,40,107,OK,"Okfuskee County",15,36,402
40,037,40,097,OK,"Mayes County",12,33,319
40,037,40,101,OK,"Muskogee County",12,27,327
40,037,40,027,OK,"Cleveland County",11,31,249
40,037,04,013,AZ,"Maricopa County",10,29,421
40,037,06,073,CA,"San Diego County",10,19,208
40,037,40,125,OK,"Pottawatomie County",10,16,244
40,037,58,000,SS,"Other Flows - Same State",137,302,3260
40,037,59,000,DS,"Other Flows - Diff State",405,898,13344
40,037,59,001,DS,"Other Flows - Northeast",14,27,456
40,037,59,003,DS,"Other Flows - Midwest",99,219,2942
40,037,59,005,DS,"Other Flows - South",183,411,6813
40,037,59,007,DS,"Other Flows - West",109,241,3134
40,037,57,009,FR,"Foreign - Other flows",11,18,195
40,039,96,000,OK,"Custer County Tot Mig-US & For",651,1258,16557
40,039,97,000,OK,"Custer County Tot Mig-US",651,1258,16557
40,039,97,001,OK,"Custer County Tot Mig-Same St",459,855,10990
40,039,97,003,OK,"Custer County Tot Mig-Diff St",192,403,5567
40,039,40,039,OK,"Custer County Non-Migrants",7532,17503,285573
40,039,40,149,OK,"Washita County",63,128,1416
40,039,40,109,OK,"Oklahoma County",60,115,1471
40,039,40,015,OK,"Caddo County",45,83,1266
40,039,40,009,OK,"Beckham County",44,75,942
40,039,40,011,OK,"Blaine County",29,50,572
40,039,40,017,OK,"Canadian County",18,29,503
40,039,40,027,OK,"Cleveland County",18,32,577
40,039,40,153,OK,"Woodward County",13,20,185
40,039,40,031,OK,"Comanche County",11,19,401
40,039,40,065,OK,"Jackson County",10,13,145
40,039,58,000,SS,"Other Flows - Same State",148,291,3513
40,039,59,000,DS,"Other Flows - Diff State",192,403,5567
40,041,96,000,OK,"Delaware County Tot Mig-US & For",1074,2185,34266
40,041,97,000,OK,"Delaware County Tot Mig-US",1074,2185,34266
40,041,97,001,OK,"Delaware County Tot Mig-Same St",493,1010,14713
40,041,97,003,OK,"Delaware County Tot Mig-Diff St",581,1175,19554
40,041,40,041,OK,"Delaware County Non-Migrants",9631,22246,309567
40,041,05,007,AR,"Benton County",124,289,3460
40,041,40,115,OK,"Ottawa County",112,232,3072
40,041,40,143,OK,"Tulsa County",89,158,4041
40,041,40,097,OK,"Mayes County",58,140,1395
40,041,29,097,MO,"Jasper County",38,75,1091
40,041,40,001,OK,"Adair County",33,59,648
40,041,29,119,MO,"Mcdonald County",31,67,1145
40,041,40,035,OK,"Craig County",27,49,701
40,041,05,143,AR,"Washington County",22,47,473
40,041,40,109,OK,"Oklahoma County",19,39,698
40,041,29,145,MO,"Newton County",18,39,154
40,041,40,021,OK,"Cherokee County",18,42,286
40,041,40,131,OK,"Rogers County",15,36,428
40,041,40,147,OK,"Washington County",15,34,504
40,041,29,095,MO,"Jackson County",12,17,433
40,041,20,099,KS,"Labette County",11,17,313
40,041,58,000,SS,"Other Flows - Same State",107,221,2939
40,041,59,000,DS,"Other Flows - Diff State",325,624,12484
40,043,96,000,OK,"Dewey County Tot Mig-US & For",111,268,2771
40,043,97,000,OK,"Dewey County Tot Mig-US",111,268,2771
40,043,97,001,OK,"Dewey County Tot Mig-Same St",84,206,2252
40,043,97,003,OK,"Dewey County Tot Mig-Diff St",27,62,519
40,043,40,043,OK,"Dewey County Non-Migrants",1632,3770,52151
40,043,40,153,OK,"Woodward County",14,38,445
40,043,58,000,SS,"Other Flows - Same State",70,168,1806
40,043,59,000,DS,"Other Flows - Diff State",27,62,519
40,045,96,000,OK,"Ellis County Tot Mig-US & For",67,175,1961
40,045,97,000,OK,"Ellis County Tot Mig-US",67,175,1961
40,045,97,001,OK,"Ellis County Tot Mig-Same St",40,108,1290
40,045,97,003,OK,"Ellis County Tot Mig-Diff St",27,67,671
40,045,40,045,OK,"Ellis County Non-Migrants",1272,2816,42056
40,045,40,153,OK,"Woodward County",15,42,458
40,045,58,000,SS,"Other Flows - Same State",25,66,832
40,045,59,000,DS,"Other Flows - Diff State",27,67,671
40,047,96,000,OK,"Garfield County Tot Mig-US & For",1546,3083,44926
40,047,97,000,OK,"Garfield County Tot Mig-US",1505,2991,43663
40,047,97,001,OK,"Garfield County Tot Mig-Same St",612,1210,17176
40,047,97,003,OK,"Garfield County Tot Mig-Diff St",893,1781,26487
40,047,98,000,OK,"Garfield County Tot Mig-Foreign",41,92,1263
40,047,40,047,OK,"Garfield County Non-Migrants",19407,43138,755797
40,047,40,109,OK,"Oklahoma County",90,158,2314
40,047,08,041,CO,"El Paso County",60,75,1307
40,047,40,143,OK,"Tulsa County",38,65,992
40,047,40,093,OK,"Major County",37,83,941
40,047,40,119,OK,"Payne County",37,61,926
40,047,40,003,OK,"Alfalfa County",35,64,888
40,047,40,053,OK,"Grant County",34,60,1023
40,047,40,071,OK,"Kay County",32,63,841
40,047,40,103,OK,"Noble County",27,53,695
40,047,40,073,OK,"Kingfisher County",26,53,626
40,047,40,153,OK,"Woodward County",22,35,524
40,047,20,173,KS,"Sedgwick County",17,28,584
40,047,40,017,OK,"Canadian County",17,36,487
40,047,40,027,OK,"Cleveland County",17,34,459
40,047,40,151,OK,"Woods County",17,28,657
40,047,48,029,TX,"Bexar County",17,45,755
40,047,40,011,OK,"Blaine County",13,22,268
40,047,12,033,FL,"Escambia County",12,19,377
40,047,12,113,FL,"Santa Rosa County",12,25,385
40,047,40,083,OK,"Logan County",12,28,305
40,047,40,039,OK,"Custer County",11,19,436
40,047,40,051,OK,"Grady County",11,28,252
40,047,04,013,AZ,"Maricopa County",10,20,368
40,047,06,037,CA,"Los Angeles County",10,15,201
40,047,06,073,CA,"San Diego County",10,21,248
40,047,58,000,SS,"Other Flows - Same State",136,320,4542
40,047,59,000,DS,"Other Flows - Diff State",745,1533,22261
40,047,59,001,DS,"Other Flows - Northeast",38,70,1291
40,047,59,003,DS,"Other Flows - Midwest",209,404,5944
40,047,59,005,DS,"Other Flows - South",290,635,9210
40,047,59,007,DS,"Other Flows - West",208,424,5816
40,047,57,009,FR,"Foreign - Other flows",41,92,1263
40,049,96,000,OK,"Garvin County Tot Mig-US & For",692,1523,17339
40,049,97,000,OK,"Garvin County Tot Mig-US",692,1523,17339
40,049,97,001,OK,"Garvin County Tot Mig-Same St",483,1084,12085
40,049,97,003,OK,"Garvin County Tot Mig-Diff St",209,439,5254
40,049,40,049,OK,"Garvin County Non-Migrants",9157,21170,302478
40,049,40,109,OK,"Oklahoma County",61,114,1454
40,049,40,123,OK,"Pontotoc County",56,125,1242
40,049,40,027,OK,"Cleveland County",52,103,1360
40,049,40,087,OK,"Mcclain County",51,132,1282
40,049,40,099,OK,"Murray County",48,138,1217
40,049,40,051,OK,"Grady County",36,85,907
40,049,40,019,OK,"Carter County",31,64,828
40,049,40,137,OK,"Stephens County",16,40,391
40,049,48,113,TX,"Dallas County",13,27,315
40,049,40,125,OK,"Pottawatomie County",12,19,247
40,049,48,121,TX,"Denton County",10,19,150
40,049,58,000,SS,"Other Flows - Same State",120,264,3156
40,049,59,000,DS,"Other Flows - Diff State",186,393,4788
40,051,96,000,OK,"Grady County Tot Mig-US & For",1308,2945,43137
40,051,97,000,OK,"Grady County Tot Mig-US",1308,2945,43137
40,051,97,001,OK,"Grady County Tot Mig-Same St",996,2244,33445
40,051,97,003,OK,"Grady County Tot Mig-Diff St",312,701,9692
40,051,40,051,OK,"Grady County Non-Migrants",13890,33080,538575
40,051,40,109,OK,"Oklahoma County",276,594,9606
40,051,40,027,OK,"Cleveland County",161,367,6474
40,051,40,015,OK,"Caddo County",109,249,3085
40,051,40,087,OK,"Mcclain County",77,167,2479
40,051,40,017,OK,"Canadian County",61,147,1991
40,051,40,137,OK,"Stephens County",47,104,1321
40,051,40,031,OK,"Comanche County",38,88,1278
40,051,40,049,OK,"Garvin County",33,85,988
40,051,40,039,OK,"Custer County",20,34,667
40,051,40,143,OK,"Tulsa County",11,24,285
40,051,48,113,TX,"Dallas County",11,20,286
40,051,04,013,AZ,"Maricopa County",10,30,368
40,051,58,000,SS,"Other Flows - Same State",163,385,5270
40,051,59,000,DS,"Other Flows - Diff State",291,651,9038
40,053,96,000,OK,"Grant County Tot Mig-US & For",124,303,3720
40,053,97,000,OK,"Grant County Tot Mig-US",124,303,3720
40,053,97,001,OK,"Grant County Tot Mig-Same St",81,209,2499
40,053,97,003,OK,"Grant County Tot Mig-Diff St",43,94,1221
40,053,40,053,OK,"Grant County Non-Migrants",1592,3725,49201
40,053,40,047,OK,"Garfield County",21,54,767
40,053,40,071,OK,"Kay County",18,51,451
40,053,58,000,SS,"Other Flows - Same State",42,104,1281
40,053,59,000,DS,"Other Flows - Diff State",43,94,1221
40,055,96,000,OK,"Greer County Tot Mig-US & For",109,225,2327
40,055,97,000,OK,"Greer County Tot Mig-US",109,225,2327
40,055,97,001,OK,"Greer County Tot Mig-Same St",77,161,1575
40,055,97,003,OK,"Greer County Tot Mig-Diff St",32,64,752
40,055,40,055,OK,"Greer County Non-Migrants",1570,3564,42846
40,055,40,065,OK,"Jackson County",16,34,293
40,055,40,075,OK,"Kiowa County",14,36,409
40,055,58,000,SS,"Other Flows - Same State",47,91,873
40,055,59,000,DS,"Other Flows - Diff State",32,64,752
40,057,96,000,OK,"Harmon County Tot Mig-US & For",64,153,1502
40,057,97,000,OK,"Harmon County Tot Mig-US",64,153,1502
40,057,97,001,OK,"Harmon County Tot Mig-Same St",28,61,714
40,057,97,003,OK,"Harmon County Tot Mig-Diff St",36,92,788
40,057,40,057,OK,"Harmon County Non-Migrants",884,2150,27095
40,057,40,065,OK,"Jackson County",10,18,192
40,057,58,000,SS,"Other Flows - Same State",18,43,522
40,057,59,000,DS,"Other Flows - Diff State",36,92,788
40,059,96,000,OK,"Harper County Tot Mig-US & For",89,184,1852
40,059,97,000,OK,"Harper County Tot Mig-US",89,184,1852
40,059,97,001,OK,"Harper County Tot Mig-Same St",57,126,1254
40,059,97,003,OK,"Harper County Tot Mig-Diff St",32,58,597
40,059,40,059,OK,"Harper County Non-Migrants",1384,3118,53701
40,059,40,153,OK,"Woodward County",15,37,406
40,059,58,000,SS,"Other Flows - Same State",42,89,848
40,059,59,000,DS,"Other Flows - Diff State",32,58,597
40,061,96,000,OK,"Haskell County Tot Mig-US & For",216,473,5090
40,061,97,000,OK,"Haskell County Tot Mig-US",216,473,5090
40,061,97,001,OK,"Haskell County Tot Mig-Same St",145,322,3396
40,061,97,003,OK,"Haskell County Tot Mig-Diff St",71,151,1694
40,061,40,061,OK,"Haskell County Non-Migrants",3427,8251,95894
40,061,40,079,OK,"Le Flore County",34,82,581
40,061,40,121,OK,"Pittsburg County",23,43,606
40,061,40,135,OK,"Sequoyah County",14,28,199
40,061,40,143,OK,"Tulsa County",13,23,351
40,061,40,091,OK,"Mcintosh County",10,27,188
40,061,40,109,OK,"Oklahoma County",10,17,373
40,061,58,000,SS,"Other Flows - Same State",41,102,1096
40,061,59,000,DS,"Other Flows - Diff State",71,151,1694
40,063,96,000,OK,"Hughes County Tot Mig-US & For",290,601,6736
40,063,97,000,OK,"Hughes County Tot Mig-US",290,601,6736
40,063,97,001,OK,"Hughes County Tot Mig-Same St",210,445,4499
40,063,97,003,OK,"Hughes County Tot Mig-Diff St",80,156,2237
40,063,40,063,OK,"Hughes County Non-Migrants",3685,8352,99660
40,063,40,133,OK,"Seminole County",38,93,913
40,063,40,123,OK,"Pontotoc County",20,37,309
40,063,40,109,OK,"Oklahoma County",18,41,277
40,063,40,121,OK,"Pittsburg County",18,26,484
40,063,40,125,OK,"Pottawatomie County",15,34,279
40,063,40,143,OK,"Tulsa County",15,32,434
40,063,58,000,SS,"Other Flows - Same State",86,182,1804
40,063,59,000,DS,"Other Flows - Diff State",80,156,2237
40,065,96,000,OK,"Jackson County Tot Mig-US & For",1036,2356,31399
40,065,97,000,OK,"Jackson County Tot Mig-US",946,2126,28242
40,065,97,001,OK,"Jackson County Tot Mig-Same St",258,557,6149
40,065,97,003,OK,"Jackson County Tot Mig-Diff St",688,1569,22093
40,065,98,000,OK,"Jackson County Tot Mig-Foreign",90,230,3157
40,065,40,065,OK,"Jackson County Non-Migrants",8385,20370,315373
40,065,40,109,OK,"Oklahoma County",33,77,729
40,065,40,055,OK,"Greer County",29,65,556
40,065,40,075,OK,"Kiowa County",29,59,718
40,065,48,029,TX,"Bexar County",25,64,819
40,065,40,031,OK,"Comanche County",23,49,609
40,065,48,465,TX,"Val Verde County",19,36,641
40,065,40,057,OK,"Harmon County",17,51,330
40,065,20,173,KS,"Sedgwick County",16,39,830
40,065,40,141,OK,"Tillman County",16,33,440
40,065,45,019,SC,"Charleston County",14,41,736
40,065,45,035,SC,"Dorchester County",13,40,495
40,065,48,439,TX,"Tarrant County",13,27,381
40,065,06,037,CA,"Los Angeles County",12,31,329
40,065,40,039,OK,"Custer County",12,25,215
40,065,40,047,OK,"Garfield County",12,25,304
40,065,48,487,TX,"Wilbarger County",12,24,190
40,065,06,095,CA,"Solano County",11,39,445
40,065,38,035,ND,"Grand Forks County",11,30,437
40,065,58,000,SS,"Other Flows - Same State",87,173,2247
40,065,59,000,DS,"Other Flows - Diff State",542,1198,16791
40,065,59,001,DS,"Other Flows - Northeast",37,67,1350
40,065,59,003,DS,"Other Flows - Midwest",94,191,3130
40,065,59,005,DS,"Other Flows - South",293,657,8393
40,065,59,007,DS,"Other Flows - West",118,283,3918
40,065,57,009,FR,"Foreign - Other flows",90,230,3157
40,067,96,000,OK,"Jefferson Count Tot Mig-US & For",153,352,3259
40,067,97,000,OK,"Jefferson Count Tot Mig-US",153,352,3259
40,067,97,001,OK,"Jefferson Count Tot Mig-Same St",72,179,1716
40,067,97,003,OK,"Jefferson Count Tot Mig-Diff St",81,173,1543
40,067,40,067,OK,"Jefferson Count Non-Migrants",1912,4414,55926
40,067,40,137,OK,"Stephens County",19,51,421
40,067,40,019,OK,"Carter County",14,42,357
40,067,58,000,SS,"Other Flows - Same State",39,86,938
40,067,59,000,DS,"Other Flows - Diff State",81,173,1543
40,069,96,000,OK,"Johnston County Tot Mig-US & For",273,620,6482
40,069,97,000,OK,"Johnston County Tot Mig-US",273,620,6482
40,069,97,001,OK,"Johnston County Tot Mig-Same St",184,400,4232
40,069,97,003,OK,"Johnston County Tot Mig-Diff St",89,220,2250
40,069,40,069,OK,"Johnston County Non-Migrants",2893,6762,82060
40,069,40,013,OK,"Bryan County",37,81,811
40,069,40,123,OK,"Pontotoc County",22,39,344
40,069,40,019,OK,"Carter County",21,46,581
40,069,40,095,OK,"Marshall County",18,42,391
40,069,40,005,OK,"Atoka County",13,30,261
40,069,40,027,OK,"Cleveland County",11,19,439
40,069,58,000,SS,"Other Flows - Same State",62,143,1405
40,069,59,000,DS,"Other Flows - Diff State",89,220,2250
40,071,96,000,OK,"Kay County Tot Mig-US & For",967,2094,31781
40,071,97,000,OK,"Kay County Tot Mig-US",967,2094,31781
40,071,97,001,OK,"Kay County Tot Mig-Same St",441,894,11762
40,071,97,003,OK,"Kay County Tot Mig-Diff St",526,1200,20019
40,071,40,071,OK,"Kay County Non-Migrants",15836,36392,641565
40,071,40,113,OK,"Osage County",74,145,1804
40,071,40,109,OK,"Oklahoma County",57,107,1435
40,071,20,035,KS,"Cowley County",51,106,1299
40,071,40,119,OK,"Payne County",45,90,1055
40,071,20,173,KS,"Sedgwick County",41,86,1405
40,071,40,143,OK,"Tulsa County",37,67,1203
40,071,40,047,OK,"Garfield County",29,63,492
40,071,40,103,OK,"Noble County",26,52,604
40,071,40,053,OK,"Grant County",20,45,535
40,071,48,201,TX,"Harris County",18,52,1583
40,071,40,027,OK,"Cleveland County",12,28,616
40,071,40,041,OK,"Delaware County",11,21,268
40,071,58,000,SS,"Other Flows - Same State",130,276,3751
40,071,59,000,DS,"Other Flows - Diff State",416,956,15733
40,071,59,001,DS,"Other Flows - Northeast",12,27,563
40,071,59,003,DS,"Other Flows - Midwest",145,355,5010
40,071,59,005,DS,"Other Flows - South",171,397,6744
40,071,59,007,DS,"Other Flows - West",88,177,3416
40,073,96,000,OK,"Kingfisher Coun Tot Mig-US & For",259,595,7169
40,073,97,000,OK,"Kingfisher Coun Tot Mig-US",259,595,7169
40,073,97,001,OK,"Kingfisher Coun Tot Mig-Same St",189,441,5406
40,073,97,003,OK,"Kingfisher Coun Tot Mig-Diff St",70,154,1763
40,073,40,073,OK,"Kingfisher Coun Non-Migrants",4615,10908,182457
40,073,40,109,OK,"Oklahoma County",55,131,1566
40,073,40,047,OK,"Garfield County",24,60,721
40,073,40,083,OK,"Logan County",20,45,543
40,073,40,017,OK,"Canadian County",19,38,634
40,073,58,000,SS,"Other Flows - Same State",71,167,1942
40,073,59,000,DS,"Other Flows - Diff State",70,154,1763
40,075,96,000,OK,"Kiowa County Tot Mig-US & For",222,487,5428
40,075,97,000,OK,"Kiowa County Tot Mig-US",222,487,5428
40,075,97,001,OK,"Kiowa County Tot Mig-Same St",157,347,4051
40,075,97,003,OK,"Kiowa County Tot Mig-Diff St",65,140,1377
40,075,40,075,OK,"Kiowa County Non-Migrants",3106,6962,88633
40,075,40,065,OK,"Jackson County",21,46,1404
40,075,40,149,OK,"Washita County",21,50,518
40,075,40,109,OK,"Oklahoma County",20,43,363
40,075,40,031,OK,"Comanche County",18,42,-84
40,075,40,055,OK,"Greer County",15,36,362
40,075,40,141,OK,"Tillman County",10,17,211
40,075,58,000,SS,"Other Flows - Same State",52,113,1278
40,075,59,000,DS,"Other Flows - Diff State",65,140,1377
40,077,96,000,OK,"Latimer County Tot Mig-US & For",307,677,6712
40,077,97,000,OK,"Latimer County Tot Mig-US",307,677,6712
40,077,97,001,OK,"Latimer County Tot Mig-Same St",193,417,4184
40,077,97,003,OK,"Latimer County Tot Mig-Diff St",114,260,2528
40,077,40,077,OK,"Latimer County Non-Migrants",3416,8147,102232
40,077,40,121,OK,"Pittsburg County",48,110,1066
40,077,40,079,OK,"Le Flore County",37,73,626
40,077,40,109,OK,"Oklahoma County",10,26,261
40,077,40,127,OK,"Pushmataha County",10,16,152
40,077,58,000,SS,"Other Flows - Same State",88,192,2079
40,077,59,000,DS,"Other Flows - Diff State",114,260,2528
40,079,96,000,OK,"Le Flore County Tot Mig-US & For",866,1943,20096
40,079,97,000,OK,"Le Flore County Tot Mig-US",866,1943,20096
40,079,97,001,OK,"Le Flore County Tot Mig-Same St",317,739,7361
40,079,97,003,OK,"Le Flore County Tot Mig-Diff St",549,1204,12735
40,079,40,079,OK,"Le Flore County Non-Migrants",13024,31326,404712
40,079,05,131,AR,"Sebastian County",212,476,4515
40,079,40,077,OK,"Latimer County",45,115,818
40,079,40,135,OK,"Sequoyah County",42,108,837
40,079,05,033,AR,"Crawford County",31,82,897
40,079,40,061,OK,"Haskell County",28,54,542
40,079,40,143,OK,"Tulsa County",23,55,760
40,079,40,109,OK,"Oklahoma County",20,43,570
40,079,40,121,OK,"Pittsburg County",16,32,368
40,079,40,021,OK,"Cherokee County",13,28,262
40,079,05,113,AR,"Polk County",10,23,168
40,079,40,089,OK,"Mccurtain County",10,26,275
40,079,40,101,OK,"Muskogee County",10,22,157
40,079,58,000,SS,"Other Flows - Same State",110,256,2773
40,079,59,000,DS,"Other Flows - Diff State",296,623,7154
40,081,96,000,OK,"Lincoln County Tot Mig-US & For",1038,2330,29697
40,081,97,000,OK,"Lincoln County Tot Mig-US",1038,2330,29697
40,081,97,001,OK,"Lincoln County Tot Mig-Same St",771,1723,21768
40,081,97,003,OK,"Lincoln County Tot Mig-Diff St",267,607,7929
40,081,40,081,OK,"Lincoln County Non-Migrants",11255,27432,406008
40,081,40,109,OK,"Oklahoma County",290,635,8188
40,081,40,125,OK,"Pottawatomie County",122,273,3148
40,081,40,119,OK,"Payne County",57,132,1376
40,081,40,027,OK,"Cleveland County",49,109,1486
40,081,40,017,OK,"Canadian County",29,70,1035
40,081,40,143,OK,"Tulsa County",28,47,844
40,081,40,037,OK,"Creek County",27,53,658
40,081,40,083,OK,"Logan County",22,54,723
40,081,40,107,OK,"Okfuskee County",19,41,563
40,081,40,133,OK,"Seminole County",14,35,339
40,081,58,000,SS,"Other Flows - Same State",114,274,3407
40,081,59,000,DS,"Other Flows - Diff State",267,607,7929
40,083,96,000,OK,"Logan County Tot Mig-US & For",1367,3032,57974
40,083,97,000,OK,"Logan County Tot Mig-US",1367,3032,57974
40,083,97,001,OK,"Logan County Tot Mig-Same St",946,2021,35334
40,083,97,003,OK,"Logan County Tot Mig-Diff St",421,1011,22640
40,083,40,083,OK,"Logan County Non-Migrants",12486,30339,743969
40,083,40,109,OK,"Oklahoma County",584,1278,23448
40,083,40,119,OK,"Payne County",54,108,1622
40,083,40,027,OK,"Cleveland County",45,89,1133
40,083,40,143,OK,"Tulsa County",29,56,1297
40,083,40,017,OK,"Canadian County",28,79,1289
40,083,40,073,OK,"Kingfisher County",24,53,728
40,083,40,047,OK,"Garfield County",18,32,408
40,083,40,081,OK,"Lincoln County",18,50,532
40,083,48,029,TX,"Bexar County",18,49,1170
40,083,40,051,OK,"Grady County",15,32,624
40,083,40,103,OK,"Noble County",15,35,778
40,083,48,201,TX,"Harris County",15,38,977
40,083,48,113,TX,"Dallas County",10,12,98
40,083,48,439,TX,"Tarrant County",10,27,579
40,083,58,000,SS,"Other Flows - Same State",116,209,3475
40,083,59,000,DS,"Other Flows - Diff State",368,885,19816
40,083,59,001,DS,"Other Flows - Northeast",17,40,1432
40,083,59,003,DS,"Other Flows - Midwest",107,253,6068
40,083,59,005,DS,"Other Flows - South",142,353,7362
40,083,59,007,DS,"Other Flows - West",102,239,4955
40,085,96,000,OK,"Love County Tot Mig-US & For",201,429,5702
40,085,97,000,OK,"Love County Tot Mig-US",201,429,5702
40,085,97,001,OK,"Love County Tot Mig-Same St",117,244,3221
40,085,97,003,OK,"Love County Tot Mig-Diff St",84,185,2481
40,085,40,085,OK,"Love County Non-Migrants",2592,5975,89250
40,085,40,019,OK,"Carter County",68,142,1642
40,085,48,097,TX,"Cooke County",18,38,598
40,085,58,000,SS,"Other Flows - Same State",49,102,1579
40,085,59,000,DS,"Other Flows - Diff State",66,147,1883
40,087,96,000,OK,"Mcclain County Tot Mig-US & For",736,1650,22201
40,087,97,000,OK,"Mcclain County Tot Mig-US",736,1650,22201
40,087,97,001,OK,"Mcclain County Tot Mig-Same St",599,1345,17841
40,087,97,003,OK,"Mcclain County Tot Mig-Diff St",137,305,4360
40,087,40,087,OK,"Mcclain County Non-Migrants",6629,15856,266276
40,087,40,027,OK,"Cleveland County",249,564,7720
40,087,40,109,OK,"Oklahoma County",141,297,3771
40,087,40,051,OK,"Grady County",61,135,1732
40,087,40,049,OK,"Garvin County",40,98,1381
40,087,40,017,OK,"Canadian County",13,25,462
40,087,40,125,OK,"Pottawatomie County",10,21,204
40,087,58,000,SS,"Other Flows - Same State",85,205,2571
40,087,59,000,DS,"Other Flows - Diff State",137,305,4360
40,089,96,000,OK,"Mccurtain Count Tot Mig-US & For",512,1166,11571
40,089,97,000,OK,"Mccurtain Count Tot Mig-US",512,1166,11571
40,089,97,001,OK,"Mccurtain Count Tot Mig-Same St",191,426,4105
40,089,97,003,OK,"Mccurtain Count Tot Mig-Diff St",321,740,7466
40,089,40,089,OK,"Mccurtain Count Non-Migrants",9502,22831,269326
40,089,40,023,OK,"Choctaw County",31,71,690
40,089,05,133,AR,"Sevier County",30,65,508
40,089,40,109,OK,"Oklahoma County",24,49,570
40,089,48,037,TX,"Bowie County",15,38,401
40,089,48,113,TX,"Dallas County",15,34,285
40,089,48,387,TX,"Red River County",14,35,258
40,089,05,113,AR,"Polk County",13,28,156
40,089,40,013,OK,"Bryan County",13,30,284
40,089,40,127,OK,"Pushmataha County",13,30,244
40,089,40,143,OK,"Tulsa County",13,28,61
40,089,05,081,AR,"Little River County",12,28,278
40,089,48,277,TX,"Lamar County",12,28,349
40,089,40,027,OK,"Cleveland County",11,24,374
40,089,58,000,SS,"Other Flows - Same State",86,194,1882
40,089,59,000,DS,"Other Flows - Diff State",210,484,5230
40,091,96,000,OK,"Mcintosh County Tot Mig-US & For",516,1095,14358
40,091,97,000,OK,"Mcintosh County Tot Mig-US",516,1095,14358
40,091,97,001,OK,"Mcintosh County Tot Mig-Same St",357,762,9887
40,091,97,003,OK,"Mcintosh County Tot Mig-Diff St",159,333,4471
40,091,40,091,OK,"Mcintosh County Non-Migrants",5577,12644,156693
40,091,40,101,OK,"Muskogee County",64,134,1432
40,091,40,109,OK,"Oklahoma County",52,115,1895
40,091,40,121,OK,"Pittsburg County",43,89,1239
40,091,40,143,OK,"Tulsa County",31,56,774
40,091,40,111,OK,"Okmulgee County",22,42,534
40,091,40,027,OK,"Cleveland County",21,45,641
40,091,40,125,OK,"Pottawatomie County",15,34,239
40,091,40,145,OK,"Wagoner County",12,26,273
40,091,40,061,OK,"Haskell County",11,26,244
40,091,58,000,SS,"Other Flows - Same State",86,195,2616
40,091,59,000,DS,"Other Flows - Diff State",159,333,4471
40,093,96,000,OK,"Major County Tot Mig-US & For",179,394,4531
40,093,97,000,OK,"Major County Tot Mig-US",179,394,4531
40,093,97,001,OK,"Major County Tot Mig-Same St",134,291,3227
40,093,97,003,OK,"Major County Tot Mig-Diff St",45,103,1305
40,093,40,093,OK,"Major County Non-Migrants",2457,5839,87771
40,093,40,047,OK,"Garfield County",42,99,1125
40,093,40,011,OK,"Blaine County",19,37,364
40,093,40,003,OK,"Alfalfa County",15,30,316
40,093,58,000,SS,"Other Flows - Same State",58,125,1422
40,093,59,000,DS,"Other Flows - Diff State",45,103,1305
40,095,96,000,OK,"Marshall County Tot Mig-US & For",335,778,11951
40,095,97,000,OK,"Marshall County Tot Mig-US",335,778,11951
40,095,97,001,OK,"Marshall County Tot Mig-Same St",185,442,5267
40,095,97,003,OK,"Marshall County Tot Mig-Diff St",150,336,6684
40,095,40,095,OK,"Marshall County Non-Migrants",3694,8373,117547
40,095,40,013,OK,"Bryan County",34,73,713
40,095,40,109,OK,"Oklahoma County",29,65,1157
40,095,40,019,OK,"Carter County",25,57,492
40,095,40,069,OK,"Johnston County",15,41,502
40,095,48,181,TX,"Grayson County",15,27,382
40,095,40,085,OK,"Love County",11,26,281
40,095,40,123,OK,"Pontotoc County",10,20,184
40,095,48,121,TX,"Denton County",10,15,922
40,095,58,000,SS,"Other Flows - Same State",61,160,1937
40,095,59,000,DS,"Other Flows - Diff State",125,294,5380
40,097,96,000,OK,"Mayes County Tot Mig-US & For",903,1927,26617
40,097,97,000,OK,"Mayes County Tot Mig-US",903,1927,26617
40,097,97,001,OK,"Mayes County Tot Mig-Same St",605,1305,17870
40,097,97,003,OK,"Mayes County Tot Mig-Diff St",298,622,8747
40,097,40,097,OK,"Mayes County Non-Migrants",11883,28241,445259
40,097,40,143,OK,"Tulsa County",173,335,6338
40,097,40,131,OK,"Rogers County",92,199,3065
40,097,40,035,OK,"Craig County",68,161,1850
40,097,40,021,OK,"Cherokee County",54,123,1199
40,097,40,041,OK,"Delaware County",36,73,657
40,097,40,145,OK,"Wagoner County",36,84,919
40,097,40,037,OK,"Creek County",24,59,465
40,097,40,109,OK,"Oklahoma County",16,34,516
40,097,05,007,AR,"Benton County",14,38,384
40,097,04,013,AZ,"Maricopa County",10,17,199
40,097,40,101,OK,"Muskogee County",10,22,290
40,097,58,000,SS,"Other Flows - Same State",96,215,2571
40,097,59,000,DS,"Other Flows - Diff State",274,567,8163
40,097,59,001,DS,"Other Flows - Northeast",14,25,438
40,097,59,003,DS,"Other Flows - Midwest",94,202,2701
40,097,59,005,DS,"Other Flows - South",108,223,3123
40,097,59,007,DS,"Other Flows - West",58,117,1901
40,099,96,000,OK,"Murray County Tot Mig-US & For",297,682,7955
40,099,97,000,OK,"Murray County Tot Mig-US",297,682,7955
40,099,97,001,OK,"Murray County Tot Mig-Same St",210,491,5284
40,099,97,003,OK,"Murray County Tot Mig-Diff St",87,191,2671
40,099,40,099,OK,"Murray County Non-Migrants",3333,7530,105710
40,099,40,049,OK,"Garvin County",52,136,1271
40,099,40,123,OK,"Pontotoc County",28,72,549
40,099,40,109,OK,"Oklahoma County",26,64,795
40,099,40,019,OK,"Carter County",24,46,674
40,099,40,027,OK,"Cleveland County",13,23,328
40,099,58,000,SS,"Other Flows - Same State",67,150,1666
40,099,59,000,DS,"Other Flows - Diff State",87,191,2671
40,101,96,000,OK,"Muskogee County Tot Mig-US & For",1394,2997,40486
40,101,97,000,OK,"Muskogee County Tot Mig-US",1394,2997,40486
40,101,97,001,OK,"Muskogee County Tot Mig-Same St",891,1887,26346
40,101,97,003,OK,"Muskogee County Tot Mig-Diff St",503,1110,14140
40,101,40,101,OK,"Muskogee County Non-Migrants",20931,48570,764942
40,101,40,143,OK,"Tulsa County",182,369,5364
40,101,40,145,OK,"Wagoner County",138,285,3085
40,101,40,021,OK,"Cherokee County",106,221,4184
40,101,40,091,OK,"Mcintosh County",85,177,2225
40,101,40,135,OK,"Sequoyah County",41,103,1053
40,101,40,111,OK,"Okmulgee County",31,64,898
40,101,40,109,OK,"Oklahoma County",28,59,739
40,101,40,131,OK,"Rogers County",28,61,635
40,101,40,121,OK,"Pittsburg County",24,55,915
40,101,40,061,OK,"Haskell County",18,39,449
40,101,40,027,OK,"Cleveland County",16,30,1509
40,101,06,037,CA,"Los Angeles County",15,31,280
40,101,40,037,OK,"Creek County",15,34,295
40,101,40,097,OK,"Mayes County",15,30,490
40,101,48,439,TX,"Tarrant County",15,40,342
40,101,48,113,TX,"Dallas County",13,32,292
40,101,05,007,AR,"Benton County",11,25,198
40,101,05,131,AR,"Sebastian County",11,27,314
40,101,40,079,OK,"Le Flore County",10,30,225
40,101,58,000,SS,"Other Flows - Same State",154,330,4278
40,101,59,000,DS,"Other Flows - Diff State",438,955,12715
40,101,59,001,DS,"Other Flows - Northeast",13,24,444
40,101,59,003,DS,"Other Flows - Midwest",104,229,3423
40,101,59,005,DS,"Other Flows - South",223,480,6059
40,101,59,007,DS,"Other Flows - West",98,222,2789
40,103,96,000,OK,"Noble County Tot Mig-US & For",278,633,8490
40,103,97,000,OK,"Noble County Tot Mig-US",278,633,8490
40,103,97,001,OK,"Noble County Tot Mig-Same St",214,495,5863
40,103,97,003,OK,"Noble County Tot Mig-Diff St",64,138,2628
40,103,40,103,OK,"Noble County Non-Migrants",3592,8257,146931
40,103,40,119,OK,"Payne County",55,127,1598
40,103,40,071,OK,"Kay County",30,76,746
40,103,40,047,OK,"Garfield County",22,47,547
40,103,40,109,OK,"Oklahoma County",17,36,490
40,103,40,083,OK,"Logan County",14,29,369
40,103,40,113,OK,"Osage County",10,24,131
40,103,58,000,SS,"Other Flows - Same State",66,156,1980
40,103,59,000,DS,"Other Flows - Diff State",64,138,2628
40,105,96,000,OK,"Nowata County Tot Mig-US & For",265,582,9032
40,105,97,000,OK,"Nowata County Tot Mig-US",265,582,9032
40,105,97,001,OK,"Nowata County Tot Mig-Same St",157,361,4562
40,105,97,003,OK,"Nowata County Tot Mig-Diff St",108,221,4470
40,105,40,105,OK,"Nowata County Non-Migrants",3205,7595,105384
40,105,40,147,OK,"Washington County",52,116,1292
40,105,20,125,KS,"Montgomery County",45,100,1257
40,105,40,143,OK,"Tulsa County",30,69,1061
40,105,40,131,OK,"Rogers County",20,54,531
40,105,58,000,SS,"Other Flows - Same State",55,122,1679
40,105,59,000,DS,"Other Flows - Diff State",63,121,3213
40,107,96,000,OK,"Okfuskee County Tot Mig-US & For",211,473,4901
40,107,97,000,OK,"Okfuskee County Tot Mig-US",211,473,4901
40,107,97,001,OK,"Okfuskee County Tot Mig-Same St",155,345,3566
40,107,97,003,OK,"Okfuskee County Tot Mig-Diff St",56,128,1335
40,107,40,107,OK,"Okfuskee County Non-Migrants",3277,7666,88860
40,107,40,111,OK,"Okmulgee County",38,98,718
40,107,40,037,OK,"Creek County",20,40,350
40,107,40,109,OK,"Oklahoma County",15,30,277
40,107,40,143,OK,"Tulsa County",14,34,629
40,107,40,081,OK,"Lincoln County",12,33,241
40,107,40,125,OK,"Pottawatomie County",12,21,293
40,107,58,000,SS,"Other Flows - Same State",44,89,1057
40,107,59,000,DS,"Other Flows - Diff State",56,128,1335
40,109,96,000,OK,"Oklahoma County Tot Mig-US & For",16571,31438,542206
40,109,97,000,OK,"Oklahoma County Tot Mig-US",16102,30617,533609
40,109,97,001,OK,"Oklahoma County Tot Mig-Same St",8895,16083,261302
40,109,97,003,OK,"Oklahoma County Tot Mig-Diff St",7207,14534,272307
40,109,98,000,OK,"Oklahoma County Tot Mig-Foreign",469,821,8598
40,109,40,109,OK,"Oklahoma County Non-Migrants",211067,446103,9414082
40,109,40,027,OK,"Cleveland County",2795,4951,78113
40,109,40,017,OK,"Canadian County",1141,2140,38488
40,109,40,083,OK,"Logan County",577,1104,21948
40,109,40,143,OK,"Tulsa County",535,959,20783
40,109,40,125,OK,"Pottawatomie County",358,677,9793
40,109,48,029,TX,"Bexar County",354,776,20707
40,109,40,081,OK,"Lincoln County",308,554,7625
40,109,48,113,TX,"Dallas County",275,514,10873
40,109,40,051,OK,"Grady County",270,502,7963
40,109,40,031,OK,"Comanche County",259,481,6384
40,109,57,005,FR,"Foreign - APO/FPO ZIPs",233,549,7255
40,109,40,119,OK,"Payne County",227,350,5558
40,109,48,439,TX,"Tarrant County",207,420,7529
40,109,48,201,TX,"Harris County",179,365,9585
40,109,40,039,OK,"Custer County",157,284,4412
40,109,40,047,OK,"Garfield County",157,270,5798
40,109,40,087,OK,"Mcclain County",138,251,4144
40,109,06,037,CA,"Los Angeles County",125,252,3750
40,109,40,015,OK,"Caddo County",114,198,2286
40,109,40,019,OK,"Carter County",110,195,2207
40,109,20,173,KS,"Sedgwick County",108,237,4167
40,109,06,073,CA,"San Diego County",102,206,3204
40,109,40,137,OK,"Stephens County",101,173,2945
40,109,04,013,AZ,"Maricopa County",100,204,3537
40,109,40,071,OK,"Kay County",92,171,2733
40,109,40,073,OK,"Kingfisher County",86,146,2368
40,109,40,049,OK,"Garvin County",77,140,1945
40,109,40,133,OK,"Seminole County",75,142,1465
40,109,48,085,TX,"Collin County",73,153,3212
40,109,48,121,TX,"Denton County",71,138,4307
40,109,40,101,OK,"Muskogee County",68,133,1800
40,109,40,123,OK,"Pontotoc County",68,123,1779
40,109,06,067,CA,"Sacramento County",66,141,2650
40,109,40,065,OK,"Jackson County",64,127,2509
40,109,17,031,IL,"Cook County",63,126,2594
40,109,48,141,TX,"El Paso County",63,176,1185
40,109,32,003,NV,"Clark County",59,104,2101
40,109,40,121,OK,"Pittsburg County",57,95,1219
40,109,48,453,TX,"Travis County",57,106,2400
40,109,29,095,MO,"Jackson County",54,94,1740
40,109,12,005,FL,"Bay County",53,109,1876
40,109,40,009,OK,"Beckham County",49,75,1228
40,109,40,153,OK,"Woodward County",48,84,2022
40,109,40,037,OK,"Creek County",46,86,2126
40,109,48,485,TX,"Wichita County",46,105,1578
40,109,05,131,AR,"Sebastian County",45,101,974
40,109,06,059,CA,"Orange County",45,76,1841
40,109,28,047,MS,"Harrison County",45,78,884
40,109,05,119,AR,"Pulaski County",44,81,1714
40,109,08,041,CO,"El Paso County",43,92,1921
40,109,40,139,OK,"Texas County",43,91,1041
40,109,40,131,OK,"Rogers County",42,83,1395
40,109,06,071,CA,"San Bernardino Count",40,78,1250
40,109,15,003,HI,"Honolulu County",40,111,1631
40,109,40,089,OK,"Mccurtain County",40,83,690
40,109,20,091,KS,"Johnson County",39,91,2576
40,109,47,157,TN,"Shelby County",39,74,1788
40,109,35,001,NM,"Bernalillo County",38,80,1877
40,109,08,031,CO,"Denver County",37,65,1247
40,109,40,011,OK,"Blaine County",37,72,705
40,109,40,113,OK,"Osage County",37,72,1029
40,109,48,027,TX,"Bell County",37,80,951
40,109,40,147,OK,"Washington County",36,53,1206
40,109,48,303,TX,"Lubbock County",36,65,1576
40,109,53,033,WA,"King County",36,61,1187
40,109,40,091,OK,"Mcintosh County",32,67,864
40,109,48,375,TX,"Potter County",32,69,749
40,109,08,005,CO,"Arapahoe County",31,46,1050
40,109,40,111,OK,"Okmulgee County",31,47,613
40,109,40,149,OK,"Washita County",31,61,792
40,109,48,329,TX,"Midland County",30,74,1868
40,109,29,077,MO,"Greene County",29,52,875
40,109,40,063,OK,"Hughes County",29,51,523
40,109,40,145,OK,"Wagoner County",29,54,1077
40,109,12,091,FL,"Okaloosa County",28,62,849
40,109,40,107,OK,"Okfuskee County",28,50,390
40,109,40,135,OK,"Sequoyah County",28,50,623
40,109,40,151,OK,"Woods County",28,40,527
40,109,06,029,CA,"Kern County",27,54,707
40,109,12,057,FL,"Hillsborough County",27,40,967
40,109,29,189,MO,"St Louis County",27,57,1146
40,109,40,103,OK,"Noble County",27,50,705
40,109,40,095,OK,"Marshall County",26,48,451
40,109,51,059,VA,"Fairfax County",26,55,1716
40,109,05,143,AR,"Washington County",25,54,888
40,109,06,065,CA,"Riverside County",25,48,509
40,109,12,031,FL,"Duval County",25,58,834
40,109,04,019,AZ,"Pima County",24,52,694
40,109,12,011,FL,"Broward County",24,42,1302
40,109,12,033,FL,"Escambia County",24,49,630
40,109,20,177,KS,"Shawnee County",24,51,1026
40,109,40,013,OK,"Bryan County",24,45,657
40,109,40,075,OK,"Kiowa County",24,47,456
40,109,40,097,OK,"Mayes County",24,44,684
40,109,31,055,NE,"Douglas County",23,54,1523
40,109,48,381,TX,"Randall County",23,45,963
40,109,49,035,UT,"Salt Lake County",23,55,655
40,109,48,339,TX,"Montgomery County",22,55,1455
40,109,53,053,WA,"Pierce County",22,41,662
40,109,05,007,AR,"Benton County",21,45,728
40,109,48,181,TX,"Grayson County",21,40,566
40,109,29,097,MO,"Jasper County",20,31,514
40,109,29,183,MO,"St Charles County",20,46,1100
40,109,48,215,TX,"Hidalgo County",20,43,726
40,109,02,020,AK,"Anchorage Borough",19,42,638
40,109,06,001,CA,"Alameda County",19,40,803
40,109,08,059,CO,"Jefferson County",19,30,715
40,109,12,009,FL,"Brevard County",19,34,735
40,109,12,025,FL,"Dade County",19,36,631
40,109,22,051,LA,"Jefferson Parish",19,40,778
40,109,48,157,TX,"Fort Bend County",19,49,1389
40,109,51,810,VA,"Virginia Beach",19,37,482
40,109,06,013,CA,"Contra Costa County",18,37,586
40,109,27,053,MN,"Hennepin County",18,36,937
40,109,40,043,OK,"Dewey County",18,24,547
40,109,40,077,OK,"Latimer County",18,48,315
40,109,40,099,OK,"Murray County",18,28,438
40,109,48,355,TX,"Nueces County",18,41,566
40,109,08,001,CO,"Adams County",17,30,621
40,109,17,043,IL,"Du Page County",17,36,484
40,109,18,097,IN,"Marion County",17,30,504
40,109,22,033,LA,"East Baton Rouge Par",17,36,930
40,109,39,035,OH,"Cuyahoga County",17,27,610
40,109,48,167,TX,"Galveston County",17,34,803
40,109,48,183,TX,"Gregg County",17,29,716
40,109,48,423,TX,"Smith County",17,35,697
40,109,48,441,TX,"Taylor County",17,38,840
40,109,06,095,CA,"Solano County",16,26,552
40,109,12,095,FL,"Orange County",16,25,321
40,109,20,175,KS,"Seward County",16,37,382
40,109,21,111,KY,"Jefferson County",16,26,578
40,109,40,041,OK,"Delaware County",16,25,228
40,109,40,079,OK,"Le Flore County",16,26,455
40,109,48,135,TX,"Ector County",16,50,563
40,109,48,491,TX,"Williamson County",16,29,574
40,109,06,061,CA,"Placer County",15,28,781
40,109,06,085,CA,"Santa Clara County",15,32,597
40,109,13,153,GA,"Houston County",15,33,640
40,109,26,163,MI,"Wayne County",15,27,1070
40,109,35,013,NM,"Dona Ana County",15,36,389
40,109,37,051,NC,"Cumberland County",15,34,416
40,109,37,133,NC,"Onslow County",15,27,374
40,109,39,049,OH,"Franklin County",15,27,671
40,109,40,021,OK,"Cherokee County",15,27,474
40,109,47,093,TN,"Knox County",15,34,423
40,109,01,097,AL,"Mobile County",14,32,303
40,109,20,035,KS,"Cowley County",14,24,261
40,109,24,031,MD,"Montgomery County",14,26,487
40,109,29,510,MO,"St Louis",14,23,588
40,109,40,005,OK,"Atoka County",14,33,242
40,109,40,059,OK,"Harper County",14,25,335
40,109,40,115,OK,"Ottawa County",14,24,332
40,109,06,019,CA,"Fresno County",13,34,357
40,109,20,045,KS,"Douglas County",13,22,416
40,109,24,033,MD,"Prince George's Coun",13,32,301
40,109,40,023,OK,"Choctaw County",13,23,226
40,109,47,037,TN,"Davidson County",13,23,442
40,109,48,061,TX,"Cameron County",13,26,379
40,109,05,051,AR,"Garland County",12,18,454
40,109,06,077,CA,"San Joaquin County",12,22,221
40,109,08,013,CO,"Boulder County",12,19,777
40,109,12,103,FL,"Pinellas County",12,23,397
40,109,20,015,KS,"Butler County",12,20,370
40,109,22,071,LA,"Orleans Parish",12,20,409
40,109,26,125,MI,"Oakland County",12,28,896
40,109,31,109,NE,"Lancaster County",12,20,206
40,109,31,153,NE,"Sarpy County",12,32,737
40,109,36,047,NY,"Kings County",12,20,337
40,109,36,061,NY,"New York County",12,13,526
40,109,40,003,OK,"Alfalfa County",12,19,278
40,109,40,069,OK,"Johnston County",12,20,126
40,109,42,003,PA,"Allegheny County",12,30,735
40,109,48,041,TX,"Brazos County",12,18,331
40,109,48,451,TX,"Tom Green County",12,19,288
40,109,04,015,AZ,"Mohave County",11,17,266
40,109,05,069,AR,"Jefferson County",11,26,166
40,109,06,111,CA,"Ventura County",11,24,319
40,109,12,073,FL,"Leon County",11,21,359
40,109,13,067,GA,"Cobb County",11,24,369
40,109,17,097,IL,"Lake County",11,31,869
40,109,20,155,KS,"Reno County",11,25,669
40,109,22,015,LA,"Bossier Parish",11,24,312
40,109,22,079,LA,"Rapides Parish",11,18,245
40,109,25,017,MA,"Middlesex County",11,22,854
40,109,36,081,NY,"Queens County",11,19,331
40,109,39,061,OH,"Hamilton County",11,20,206
40,109,48,037,TX,"Bowie County",11,16,260
40,109,49,011,UT,"Davis County",11,29,323
40,109,55,079,WI,"Milwaukee County",11,21,362
40,109,56,029,WY,"Park County",11,30,728
40,109,02,090,AK,"Fairbanks North Star",10,25,290
40,109,06,083,CA,"Santa Barbara County",10,23,271
40,109,08,035,CO,"Douglas County",10,29,1134
40,109,11,001,DC,"District Of Columbia",10,16,514
40,109,12,099,FL,"Palm Beach County",10,16,318
40,109,13,089,GA,"De Kalb County",10,15,127
40,109,19,153,IA,"Polk County",10,22,142
40,109,29,019,MO,"Boone County",10,23,310
40,109,29,165,MO,"Platte County",10,20,496
40,109,35,025,NM,"Lea County",10,15,130
40,109,36,045,NY,"Jefferson County",10,21,205
40,109,39,113,OH,"Montgomery County",10,23,552
40,109,40,045,OK,"Ellis County",10,14,194
40,109,40,093,OK,"Major County",10,19,239
40,109,40,127,OK,"Pushmataha County",10,16,150
40,109,48,309,TX,"Mclennan County",10,20,233
40,109,51,650,VA,Hampton,10,30,510
40,109,51,700,VA,"Newport News",10,26,275
40,109,53,061,WA,"Snohomish County",10,27,450
40,109,58,000,SS,"Other Flows - Same State",112,193,2656
40,109,59,000,DS,"Other Flows - Diff State",2730,5407,93583
40,109,59,001,DS,"Other Flows - Northeast",282,521,10460
40,109,59,003,DS,"Other Flows - Midwest",780,1485,28361
40,109,59,005,DS,"Other Flows - South",1204,2503,40405
40,109,59,007,DS,"Other Flows - West",464,898,14357
40,109,57,009,FR,"Foreign - Other flows",236,272,1342
40,111,96,000,OK,"Okmulgee County Tot Mig-US & For",853,1919,20261
40,111,97,000,OK,"Okmulgee County Tot Mig-US",853,1919,20261
40,111,97,001,OK,"Okmulgee County Tot Mig-Same St",570,1288,12692
40,111,97,003,OK,"Okmulgee County Tot Mig-Diff St",283,631,7569
40,111,40,111,OK,"Okmulgee County Non-Migrants",10523,24448,343945
40,111,40,143,OK,"Tulsa County",219,494,5470
40,111,40,037,OK,"Creek County",54,122,1104
40,111,40,107,OK,"Okfuskee County",29,72,643
40,111,40,101,OK,"Muskogee County",26,64,453
40,111,40,091,OK,"Mcintosh County",25,55,611
40,111,40,109,OK,"Oklahoma County",20,37,406
40,111,40,063,OK,"Hughes County",15,32,252
40,111,40,027,OK,"Cleveland County",14,27,498
40,111,48,113,TX,"Dallas County",14,35,352
40,111,40,145,OK,"Wagoner County",12,21,415
40,111,40,131,OK,"Rogers County",11,24,233
40,111,58,000,SS,"Other Flows - Same State",145,340,2608
40,111,59,000,DS,"Other Flows - Diff State",269,596,7217
40,113,96,000,OK,"Osage County Tot Mig-US & For",1687,3787,52061
40,113,97,000,OK,"Osage County Tot Mig-US",1677,3773,51834
40,113,97,001,OK,"Osage County Tot Mig-Same St",1337,2994,39871
40,113,97,003,OK,"Osage County Tot Mig-Diff St",340,779,11963
40,113,98,000,OK,"Osage County Tot Mig-Foreign",10,14,226
40,113,40,113,OK,"Osage County Non-Migrants",15236,36025,600106
40,113,40,143,OK,"Tulsa County",799,1855,24800
40,113,40,037,OK,"Creek County",78,144,2042
40,113,40,071,OK,"Kay County",78,184,2379
40,113,40,147,OK,"Washington County",72,161,2378
40,113,40,117,OK,"Pawnee County",55,120,1003
40,113,40,131,OK,"Rogers County",34,76,1081
40,113,40,145,OK,"Wagoner County",25,56,966
40,113,40,119,OK,"Payne County",24,38,780
40,113,40,109,OK,"Oklahoma County",21,40,475
40,113,40,097,OK,"Mayes County",16,34,432
40,113,48,113,TX,"Dallas County",13,28,533
40,113,40,027,OK,"Cleveland County",11,13,174
40,113,58,000,SS,"Other Flows - Same State",124,273,3362
40,113,59,000,DS,"Other Flows - Diff State",327,751,11430
40,113,57,009,FR,"Foreign - Other flows",10,14,226
40,115,96,000,OK,"Ottawa County Tot Mig-US & For",693,1505,16770
40,115,97,000,OK,"Ottawa County Tot Mig-US",693,1505,16770
40,115,97,001,OK,"Ottawa County Tot Mig-Same St",246,519,5770
40,115,97,003,OK,"Ottawa County Tot Mig-Diff St",447,986,11000
40,115,40,115,OK,"Ottawa County Non-Migrants",9659,22297,294703
40,115,40,041,OK,"Delaware County",61,144,1185
40,115,20,021,KS,"Cherokee County",49,104,1169
40,115,29,097,MO,"Jasper County",46,109,1127
40,115,40,143,OK,"Tulsa County",40,77,1298
40,115,40,035,OK,"Craig County",35,88,846
40,115,29,145,MO,"Newton County",29,65,718
40,115,48,061,TX,"Cameron County",15,46,214
40,115,40,131,OK,"Rogers County",14,30,402
40,115,40,109,OK,"Oklahoma County",12,25,209
40,115,20,037,KS,"Crawford County",11,22,147
40,115,58,000,SS,"Other Flows - Same State",84,155,1831
40,115,59,000,DS,"Other Flows - Diff State",297,640,7625
40,115,59,001,DS,"Other Flows - Northeast",13,36,217
40,115,59,003,DS,"Other Flows - Midwest",111,240,2872
40,115,59,005,DS,"Other Flows - South",109,224,3093
40,115,59,007,DS,"Other Flows - West",64,140,1442
40,117,96,000,OK,"Pawnee County Tot Mig-US & For",492,1180,14285
40,117,97,000,OK,"Pawnee County Tot Mig-US",492,1180,14285
40,117,97,001,OK,"Pawnee County Tot Mig-Same St",385,937,10322
40,117,97,003,OK,"Pawnee County Tot Mig-Diff St",107,243,3963
40,117,40,117,OK,"Pawnee County Non-Migrants",4844,11710,173614
40,117,40,143,OK,"Tulsa County",132,301,3921
40,117,40,037,OK,"Creek County",63,162,1529
40,117,40,113,OK,"Osage County",52,139,1372
40,117,40,119,OK,"Payne County",33,74,952
40,117,40,131,OK,"Rogers County",13,32,360
40,117,40,109,OK,"Oklahoma County",10,17,194
40,117,58,000,SS,"Other Flows - Same State",82,212,1993
40,117,59,000,DS,"Other Flows - Diff State",107,243,3963
40,119,96,000,OK,"Payne County Tot Mig-US & For",2529,4304,62970
40,119,97,000,OK,"Payne County Tot Mig-US",2155,3898,59915
40,119,97,001,OK,"Payne County Tot Mig-Same St",1382,2439,33311
40,119,97,003,OK,"Payne County Tot Mig-Diff St",773,1459,26604
40,119,98,000,OK,"Payne County Tot Mig-Foreign",374,406,3056
40,119,40,119,OK,"Payne County Non-Migrants",18116,39559,766875
40,119,40,143,OK,"Tulsa County",187,307,4305
40,119,40,109,OK,"Oklahoma County",156,259,3875
40,119,40,081,OK,"Lincoln County",89,173,2157
40,119,40,103,OK,"Noble County",88,165,2874
40,119,40,037,OK,"Creek County",76,141,1783
40,119,40,071,OK,"Kay County",64,134,1614
40,119,40,117,OK,"Pawnee County",60,130,1368
40,119,40,083,OK,"Logan County",59,103,1516
40,119,40,047,OK,"Garfield County",56,91,1732
40,119,40,027,OK,"Cleveland County",47,79,1097
40,119,40,017,OK,"Canadian County",37,51,658
40,119,40,113,OK,"Osage County",29,66,698
40,119,40,147,OK,"Washington County",26,38,529
40,119,40,125,OK,"Pottawatomie County",25,41,673
40,119,40,131,OK,"Rogers County",23,47,522
40,119,40,051,OK,"Grady County",21,40,482
40,119,40,031,OK,"Comanche County",20,30,397
40,119,40,101,OK,"Muskogee County",20,38,636
40,119,48,113,TX,"Dallas County",19,35,526
40,119,40,145,OK,"Wagoner County",15,26,304
40,119,40,115,OK,"Ottawa County",13,22,236
40,119,40,153,OK,"Woodward County",13,21,266
40,119,20,173,KS,"Sedgwick County",12,22,467
40,119,32,003,NV,"Clark County",12,22,473
40,119,40,019,OK,"Carter County",12,25,295
40,119,40,121,OK,"Pittsburg County",12,16,184
40,119,06,037,CA,"Los Angeles County",11,20,456
40,119,40,139,OK,"Texas County",11,20,369
40,119,48,439,TX,"Tarrant County",11,18,310
40,119,40,073,OK,"Kingfisher County",10,15,221
40,119,48,201,TX,"Harris County",10,20,619
40,119,58,000,SS,"Other Flows - Same State",213,361,4520
40,119,59,000,DS,"Other Flows - Diff State",698,1322,23753
40,119,59,001,DS,"Other Flows - Northeast",40,59,1004
40,119,59,003,DS,"Other Flows - Midwest",218,373,7137
40,119,59,005,DS,"Other Flows - South",247,498,9883
40,119,59,007,DS,"Other Flows - West",193,392,5729
40,119,57,009,FR,"Foreign - Other flows",374,406,3056
40,121,96,000,OK,"Pittsburg Count Tot Mig-US & For",809,1768,25888
40,121,97,000,OK,"Pittsburg Count Tot Mig-US",809,1768,25888
40,121,97,001,OK,"Pittsburg Count Tot Mig-Same St",479,1036,14951
40,121,97,003,OK,"Pittsburg Count Tot Mig-Diff St",330,732,10937
40,121,40,121,OK,"Pittsburg Count Non-Migrants",12888,28847,427628
40,121,40,109,OK,"Oklahoma County",61,115,1807
40,121,40,077,OK,"Latimer County",57,125,1281
40,121,40,143,OK,"Tulsa County",34,67,923
40,121,40,091,OK,"Mcintosh County",29,71,971
40,121,40,063,OK,"Hughes County",27,58,735
40,121,40,061,OK,"Haskell County",22,52,532
40,121,40,101,OK,"Muskogee County",21,45,566
40,121,40,005,OK,"Atoka County",20,44,318
40,121,40,123,OK,"Pontotoc County",20,46,2360
40,121,40,027,OK,"Cleveland County",18,32,460
40,121,48,113,TX,"Dallas County",13,22,555
40,121,40,013,OK,"Bryan County",12,26,318
40,121,40,079,OK,"Le Flore County",11,29,201
40,121,58,000,SS,"Other Flows - Same State",147,326,4479
40,121,59,000,DS,"Other Flows - Diff State",317,710,10382
40,123,96,000,OK,"Pontotoc County Tot Mig-US & For",787,1603,18516
40,123,97,000,OK,"Pontotoc County Tot Mig-US",768,1583,18440
40,123,97,001,OK,"Pontotoc County Tot Mig-Same St",520,1066,11053
40,123,97,003,OK,"Pontotoc County Tot Mig-Diff St",248,517,7387
40,123,98,000,OK,"Pontotoc County Tot Mig-Foreign",19,20,76
40,123,40,123,OK,"Pontotoc County Non-Migrants",10155,22942,367945
40,123,40,049,OK,"Garvin County",66,131,948
40,123,40,109,OK,"Oklahoma County",53,97,1200
40,123,40,133,OK,"Seminole County",51,102,784
40,123,40,125,OK,"Pottawatomie County",35,78,669
40,123,40,063,OK,"Hughes County",34,79,816
40,123,40,029,OK,"Coal County",26,46,666
40,123,40,099,OK,"Murray County",26,67,456
40,123,40,027,OK,"Cleveland County",24,52,843
40,123,40,121,OK,"Pittsburg County",21,32,371
40,123,40,069,OK,"Johnston County",19,34,292
40,123,40,019,OK,"Carter County",18,29,283
40,123,40,143,OK,"Tulsa County",17,40,412
40,123,48,113,TX,"Dallas County",11,22,401
40,123,40,005,OK,"Atoka County",10,25,241
40,123,58,000,SS,"Other Flows - Same State",120,254,3074
40,123,59,000,DS,"Other Flows - Diff State",237,495,6986
40,123,57,009,FR,"Foreign - Other flows",19,20,76
40,125,96,000,OK,"Pottawatomie Co Tot Mig-US & For",1653,3579,46104
40,125,97,000,OK,"Pottawatomie Co Tot Mig-US",1641,3563,45955
40,125,97,001,OK,"Pottawatomie Co Tot Mig-Same St",1157,2477,30355
40,125,97,003,OK,"Pottawatomie Co Tot Mig-Diff St",484,1086,15600
40,125,98,000,OK,"Pottawatomie Co Tot Mig-Foreign",12,16,149
40,125,40,125,OK,"Pottawatomie Co Non-Migrants",18597,42746,672239
40,125,40,109,OK,"Oklahoma County",307,649,8002
40,125,40,027,OK,"Cleveland County",190,416,5242
40,125,40,133,OK,"Seminole County",149,344,3227
40,125,40,081,OK,"Lincoln County",143,306,3732
40,125,40,123,OK,"Pontotoc County",40,88,1134
40,125,40,143,OK,"Tulsa County",37,64,1751
40,125,40,119,OK,"Payne County",24,46,659
40,125,40,017,OK,"Canadian County",20,33,856
40,125,40,063,OK,"Hughes County",17,36,355
40,125,48,113,TX,"Dallas County",17,32,1086
40,125,40,107,OK,"Okfuskee County",16,29,300
40,125,40,031,OK,"Comanche County",13,26,278
40,125,40,019,OK,"Carter County",12,32,407
40,125,40,051,OK,"Grady County",12,27,262
40,125,48,029,TX,"Bexar County",12,30,712
40,125,40,071,OK,"Kay County",11,27,417
40,125,40,111,OK,"Okmulgee County",11,23,338
40,125,48,439,TX,"Tarrant County",10,21,278
40,125,58,000,SS,"Other Flows - Same State",155,331,3397
40,125,59,000,DS,"Other Flows - Diff State",445,1003,13523
40,125,59,001,DS,"Other Flows - Northeast",11,27,505
40,125,59,003,DS,"Other Flows - Midwest",105,268,3227
40,125,59,005,DS,"Other Flows - South",203,435,5723
40,125,59,007,DS,"Other Flows - West",126,273,4069
40,125,57,009,FR,"Foreign - Other flows",12,16,149
40,127,96,000,OK,"Pushmataha Coun Tot Mig-US & For",237,550,5625
40,127,97,000,OK,"Pushmataha Coun Tot Mig-US",237,550,5625
40,127,97,001,OK,"Pushmataha Coun Tot Mig-Same St",132,299,2873
40,127,97,003,OK,"Pushmataha Coun Tot Mig-Diff St",105,251,2751
40,127,40,127,OK,"Pushmataha Coun Non-Migrants",2922,6990,77316
40,127,40,023,OK,"Choctaw County",30,67,579
40,127,40,109,OK,"Oklahoma County",17,32,305
40,127,40,089,OK,"Mccurtain County",16,42,460
40,127,40,077,OK,"Latimer County",12,39,391
40,127,58,000,SS,"Other Flows - Same State",57,119,1139
40,127,59,000,DS,"Other Flows - Diff State",105,251,2751
40,129,96,000,OK,"Roger Mills Cou Tot Mig-US & For",64,145,2009
40,129,97,000,OK,"Roger Mills Cou Tot Mig-US",64,145,2009
40,129,97,001,OK,"Roger Mills Cou Tot Mig-Same St",30,63,917
40,129,97,003,OK,"Roger Mills Cou Tot Mig-Diff St",34,82,1092
40,129,40,129,OK,"Roger Mills Cou Non-Migrants",1079,2436,38224
40,129,40,009,OK,"Beckham County",12,28,283
40,129,58,000,SS,"Other Flows - Same State",18,35,634
40,129,59,000,DS,"Other Flows - Diff State",34,82,1092
40,131,96,000,OK,"Rogers County Tot Mig-US & For",2576,5903,106376
40,131,97,000,OK,"Rogers County Tot Mig-US",2561,5866,105051
40,131,97,001,OK,"Rogers County Tot Mig-Same St",1853,4169,71194
40,131,97,003,OK,"Rogers County Tot Mig-Diff St",708,1697,33857
40,131,98,000,OK,"Rogers County Tot Mig-Foreign",15,37,1324
40,131,40,131,OK,"Rogers County Non-Migrants",24789,61633,1219431
40,131,40,143,OK,"Tulsa County",1154,2627,48049
40,131,40,097,OK,"Mayes County",107,265,3671
40,131,40,145,OK,"Wagoner County",73,172,2063
40,131,40,037,OK,"Creek County",58,120,1546
40,131,40,113,OK,"Osage County",52,115,1455
40,131,40,109,OK,"Oklahoma County",46,96,2133
40,131,40,147,OK,"Washington County",40,89,1795
40,131,40,035,OK,"Craig County",35,88,977
40,131,40,041,OK,"Delaware County",22,43,757
40,131,48,113,TX,"Dallas County",21,43,1305
40,131,40,021,OK,"Cherokee County",20,40,527
40,131,40,119,OK,"Payne County",20,35,455
40,131,48,439,TX,"Tarrant County",19,53,1028
40,131,40,105,OK,"Nowata County",18,43,575
40,131,40,111,OK,"Okmulgee County",17,39,482
40,131,40,027,OK,"Cleveland County",16,27,799
40,131,48,201,TX,"Harris County",16,48,1920
40,131,40,115,OK,"Ottawa County",14,29,377
40,131,40,079,OK,"Le Flore County",13,24,286
40,131,06,073,CA,"San Diego County",12,21,539
40,131,05,007,AR,"Benton County",11,18,348
40,131,40,101,OK,"Muskogee County",11,19,264
40,131,20,173,KS,"Sedgwick County",10,25,520
40,131,40,017,OK,"Canadian County",10,21,442
40,131,40,047,OK,"Garfield County",10,17,371
40,131,40,117,OK,"Pawnee County",10,26,427
40,131,58,000,SS,"Other Flows - Same State",107,234,3744
40,131,59,000,DS,"Other Flows - Diff State",619,1489,28198
40,131,59,001,DS,"Other Flows - Northeast",38,89,1675
40,131,59,003,DS,"Other Flows - Midwest",174,437,7628
40,131,59,005,DS,"Other Flows - South",250,582,11365
40,131,59,007,DS,"Other Flows - West",157,381,7530
40,131,57,009,FR,"Foreign - Other flows",15,37,1324
40,133,96,000,OK,"Seminole County Tot Mig-US & For",549,1264,12283
40,133,97,000,OK,"Seminole County Tot Mig-US",549,1264,12283
40,133,97,001,OK,"Seminole County Tot Mig-Same St",385,891,8239
40,133,97,003,OK,"Seminole County Tot Mig-Diff St",164,373,4044
40,133,40,133,OK,"Seminole County Non-Migrants",6905,16052,208059
40,133,40,125,OK,"Pottawatomie County",101,262,2134
40,133,40,109,OK,"Oklahoma County",55,113,1338
40,133,40,123,OK,"Pontotoc County",49,113,1066
40,133,40,063,OK,"Hughes County",41,91,685
40,133,40,107,OK,"Okfuskee County",16,34,194
40,133,40,081,OK,"Lincoln County",14,37,317
40,133,40,027,OK,"Cleveland County",11,34,347
40,133,40,143,OK,"Tulsa County",10,19,196
40,133,58,000,SS,"Other Flows - Same State",88,188,1962
40,133,59,000,DS,"Other Flows - Diff State",164,373,4044
40,135,96,000,OK,"Sequoyah County Tot Mig-US & For",817,1864,20335
40,135,97,000,OK,"Sequoyah County Tot Mig-US",817,1864,20335
40,135,97,001,OK,"Sequoyah County Tot Mig-Same St",303,691,7510
40,135,97,003,OK,"Sequoyah County Tot Mig-Diff St",514,1173,12824
40,135,40,135,OK,"Sequoyah County Non-Migrants",11072,26722,340966
40,135,05,131,AR,"Sebastian County",180,395,4779
40,135,05,033,AR,"Crawford County",48,117,1193
40,135,40,079,OK,"Le Flore County",46,101,1095
40,135,40,101,OK,"Muskogee County",39,99,831
40,135,40,143,OK,"Tulsa County",27,46,675
40,135,40,021,OK,"Cherokee County",23,60,629
40,135,40,109,OK,"Oklahoma County",22,48,593
40,135,40,061,OK,"Haskell County",14,27,287
40,135,40,001,OK,"Adair County",12,29,242
40,135,05,007,AR,"Benton County",11,29,240
40,135,40,091,OK,"Mcintosh County",10,22,113
40,135,58,000,SS,"Other Flows - Same State",110,259,3046
40,135,59,000,DS,"Other Flows - Diff State",275,632,6612
40,137,96,000,OK,"Stephens County Tot Mig-US & For",896,1981,28615
40,137,97,000,OK,"Stephens County Tot Mig-US",896,1981,28615
40,137,97,001,OK,"Stephens County Tot Mig-Same St",478,1042,15304
40,137,97,003,OK,"Stephens County Tot Mig-Diff St",418,939,13311
40,137,40,137,OK,"Stephens County Non-Migrants",13250,30573,528392
40,137,40,031,OK,"Comanche County",77,165,4997
40,137,40,109,OK,"Oklahoma County",60,111,1872
40,137,40,051,OK,"Grady County",48,115,886
40,137,40,067,OK,"Jefferson County",37,96,725
40,137,40,027,OK,"Cleveland County",30,57,713
40,137,40,019,OK,"Carter County",29,62,673
40,137,48,485,TX,"Wichita County",21,47,477
40,137,40,049,OK,"Garvin County",18,50,506
40,137,40,143,OK,"Tulsa County",18,39,600
40,137,48,439,TX,"Tarrant County",17,46,483
40,137,48,113,TX,"Dallas County",14,19,508
40,137,48,201,TX,"Harris County",11,26,420
40,137,40,123,OK,"Pontotoc County",10,20,196
40,137,58,000,SS,"Other Flows - Same State",151,327,4135
40,137,59,000,DS,"Other Flows - Diff State",355,801,11424
40,137,59,001,DS,"Other Flows - Northeast",19,38,497
40,137,59,003,DS,"Other Flows - Midwest",59,138,1976
40,137,59,005,DS,"Other Flows - South",179,410,5817
40,137,59,007,DS,"Other Flows - West",98,215,3134
40,139,96,000,OK,"Texas County Tot Mig-US & For",526,1311,13261
40,139,97,000,OK,"Texas County Tot Mig-US",526,1311,13261
40,139,97,001,OK,"Texas County Tot Mig-Same St",102,210,2918
40,139,97,003,OK,"Texas County Tot Mig-Diff St",424,1101,10343
40,139,40,139,OK,"Texas County Non-Migrants",5490,13602,222068
40,139,20,175,KS,"Seward County",46,133,1363
40,139,20,055,KS,"Finney County",19,60,481
40,139,40,007,OK,"Beaver County",15,32,469
40,139,40,109,OK,"Oklahoma County",15,26,313
40,139,48,141,TX,"El Paso County",15,49,201
40,139,48,341,TX,"Moore County",13,36,371
40,139,20,057,KS,"Ford County",11,27,264
40,139,20,129,KS,"Morton County",11,34,311
40,139,06,037,CA,"Los Angeles County",10,22,153
40,139,58,000,SS,"Other Flows - Same State",72,152,2136
40,139,59,000,DS,"Other Flows - Diff State",299,740,7200
40,141,96,000,OK,"Tillman County Tot Mig-US & For",176,419,3894
40,141,97,000,OK,"Tillman County Tot Mig-US",176,419,3894
40,141,97,001,OK,"Tillman County Tot Mig-Same St",85,221,2230
40,141,97,003,OK,"Tillman County Tot Mig-Diff St",91,198,1664
40,141,40,141,OK,"Tillman County Non-Migrants",2497,5897,69213
40,141,40,031,OK,"Comanche County",20,59,533
40,141,40,065,OK,"Jackson County",15,34,332
40,141,48,485,TX,"Wichita County",12,18,193
40,141,58,000,SS,"Other Flows - Same State",50,128,1364
40,141,59,000,DS,"Other Flows - Diff State",79,180,1471
40,143,96,000,OK,"Tulsa County Tot Mig-US & For",14312,27907,516617
40,143,97,000,OK,"Tulsa County Tot Mig-US",14134,27660,513412
40,143,97,001,OK,"Tulsa County Tot Mig-Same St",7114,13553,216265
40,143,97,003,OK,"Tulsa County Tot Mig-Diff St",7020,14107,297147
40,143,98,000,OK,"Tulsa County Tot Mig-Foreign",178,247,3205
40,143,40,143,OK,"Tulsa County Non-Migrants",178583,390211,9494083
40,143,40,037,OK,"Creek County",1036,2081,35187
40,143,40,131,OK,"Rogers County",907,1767,28576
40,143,40,145,OK,"Wagoner County",828,1664,28188
40,143,40,113,OK,"Osage County",729,1489,17159
40,143,40,109,OK,"Oklahoma County",549,1006,21105
40,143,40,111,OK,"Okmulgee County",305,592,7836
40,143,40,119,OK,"Payne County",297,442,7040
40,143,40,101,OK,"Muskogee County",291,571,7209
40,143,48,113,TX,"Dallas County",241,457,10834
40,143,48,201,TX,"Harris County",229,462,17994
40,143,40,027,OK,"Cleveland County",226,355,6207
40,143,40,147,OK,"Washington County",199,364,6710
40,143,40,097,OK,"Mayes County",194,374,5422
40,143,40,021,OK,"Cherokee County",160,248,3415
40,143,40,117,OK,"Pawnee County",133,253,4038
40,143,48,439,TX,"Tarrant County",128,272,7364
40,143,06,037,CA,"Los Angeles County",116,253,3484
40,143,20,173,KS,"Sedgwick County",96,209,5290
40,143,04,013,AZ,"Maricopa County",84,161,3369
40,143,40,071,OK,"Kay County",83,156,2550
40,143,40,121,OK,"Pittsburg County",80,139,2673
40,143,40,047,OK,"Garfield County",79,148,2002
40,143,48,085,TX,"Collin County",79,163,7086
40,143,48,121,TX,"Denton County",79,163,4488
40,143,05,143,AR,"Washington County",78,145,2123
40,143,05,131,AR,"Sebastian County",75,163,2748
40,143,06,073,CA,"San Diego County",68,120,1785
40,143,29,077,MO,"Greene County",68,130,2001
40,143,40,041,OK,"Delaware County",68,124,1963
40,143,40,031,OK,"Comanche County",67,134,2105
40,143,17,031,IL,"Cook County",66,118,2426
40,143,20,091,KS,"Johnson County",66,130,4610
40,143,48,029,TX,"Bexar County",65,166,2924
40,143,48,453,TX,"Travis County",58,101,2741
40,143,05,007,AR,"Benton County",57,122,2046
40,143,05,119,AR,"Pulaski County",56,103,2380
40,143,06,059,CA,"Orange County",53,108,2420
40,143,08,041,CO,"El Paso County",53,115,2213
40,143,40,115,OK,"Ottawa County",52,84,1289
40,143,29,095,MO,"Jackson County",50,95,2361
40,143,29,189,MO,"St Louis County",46,97,2824
40,143,32,003,NV,"Clark County",46,94,1347
40,143,40,017,OK,"Canadian County",46,99,2087
40,143,40,135,OK,"Sequoyah County",46,81,1463
40,143,06,071,CA,"San Bernardino Count",45,78,1315
40,143,29,097,MO,"Jasper County",45,85,1524
40,143,57,005,FR,"Foreign - APO/FPO ZIPs",45,86,1382
40,143,40,035,OK,"Craig County",43,72,1817
40,143,40,123,OK,"Pontotoc County",43,81,1224
40,143,40,091,OK,"Mcintosh County",40,63,1071
40,143,49,035,UT,"Salt Lake County",40,82,2606
40,143,20,125,KS,"Montgomery County",39,78,1047
40,143,40,079,OK,"Le Flore County",35,69,906
40,143,40,081,OK,"Lincoln County",35,69,809
40,143,08,031,CO,"Denver County",34,47,1191
40,143,40,125,OK,"Pottawatomie County",34,54,911
40,143,40,001,OK,"Adair County",33,69,815
40,143,40,083,OK,"Logan County",32,62,1382
40,143,47,157,TN,"Shelby County",32,53,866
40,143,20,177,KS,"Shawnee County",31,72,1570
40,143,31,055,NE,"Douglas County",31,50,1061
40,143,35,001,NM,"Bernalillo County",31,54,1003
40,143,17,043,IL,"Du Page County",30,55,1586
40,143,40,019,OK,"Carter County",29,57,806
40,143,08,059,CO,"Jefferson County",28,61,1402
40,143,12,011,FL,"Broward County",28,46,1730
40,143,48,329,TX,"Midland County",28,74,1426
40,143,06,065,CA,"Riverside County",27,54,718
40,143,48,027,TX,"Bell County",27,53,844
40,143,48,157,TX,"Fort Bend County",27,73,2823
40,143,53,033,WA,"King County",27,64,1234
40,143,08,005,CO,"Arapahoe County",26,47,1164
40,143,13,121,GA,"Fulton County",26,52,939
40,143,48,233,TX,"Hutchinson County",26,88,2779
40,143,26,163,MI,"Wayne County",25,48,1132
40,143,40,089,OK,"Mccurtain County",25,48,696
40,143,40,107,OK,"Okfuskee County",25,57,520
40,143,48,141,TX,"El Paso County",25,55,526
40,143,12,031,FL,"Duval County",24,48,1246
40,143,12,095,FL,"Orange County",23,44,622
40,143,27,053,MN,"Hennepin County",23,41,783
40,143,40,039,OK,"Custer County",23,35,435
40,143,05,033,AR,"Crawford County",22,47,656
40,143,06,001,CA,"Alameda County",22,42,940
40,143,12,099,FL,"Palm Beach County",22,39,857
40,143,13,067,GA,"Cobb County",22,45,1319
40,143,22,017,LA,"Caddo Parish",22,46,999
40,143,47,037,TN,"Davidson County",22,39,574
40,143,53,053,WA,"Pierce County",22,43,547
40,143,04,019,AZ,"Pima County",21,41,770
40,143,06,067,CA,"Sacramento County",21,44,747
40,143,12,025,FL,"Dade County",21,39,593
40,143,40,013,OK,"Bryan County",21,42,802
40,143,48,135,TX,"Ector County",21,46,815
40,143,06,029,CA,"Kern County",20,40,714
40,143,08,001,CO,"Adams County",20,38,794
40,143,24,031,MD,"Montgomery County",20,40,1288
40,143,40,137,OK,"Stephens County",20,37,726
40,143,48,183,TX,"Gregg County",20,40,655
40,143,48,339,TX,"Montgomery County",20,50,2662
40,143,48,491,TX,"Williamson County",20,37,733
40,143,06,013,CA,"Contra Costa County",19,32,666
40,143,13,135,GA,"Gwinnett County",19,49,1096
40,143,26,125,MI,"Oakland County",19,37,1389
40,143,36,061,NY,"New York County",19,28,1079
40,143,40,051,OK,"Grady County",19,32,735
40,143,40,105,OK,"Nowata County",19,32,425
40,143,40,133,OK,"Seminole County",19,40,505
40,143,48,423,TX,"Smith County",19,39,765
40,143,48,485,TX,"Wichita County",19,35,681
40,143,15,003,HI,"Honolulu County",18,28,257
40,143,20,045,KS,"Douglas County",18,25,586
40,143,32,031,NV,"Washoe County",18,30,366
40,143,40,063,OK,"Hughes County",18,29,316
40,143,40,077,OK,"Latimer County",18,30,621
40,143,48,303,TX,"Lubbock County",18,37,912
40,143,48,375,TX,"Potter County",18,30,460
40,143,12,103,FL,"Pinellas County",17,29,1046
40,143,13,089,GA,"De Kalb County",17,22,522
40,143,18,097,IN,"Marion County",17,28,836
40,143,29,183,MO,"St Charles County",17,34,1032
40,143,40,153,OK,"Woodward County",17,39,643
40,143,05,045,AR,"Faulkner County",16,37,856
40,143,06,085,CA,"Santa Clara County",16,34,977
40,143,12,033,FL,"Escambia County",16,31,418
40,143,19,153,IA,"Polk County",16,42,656
40,143,31,109,NE,"Lancaster County",16,30,406
40,143,37,051,NC,"Cumberland County",16,25,424
40,143,48,355,TX,"Nueces County",16,35,1132
40,143,48,441,TX,"Taylor County",16,44,678
40,143,08,035,CO,"Douglas County",15,39,1346
40,143,40,049,OK,"Garvin County",15,29,300
40,143,48,309,TX,"Mclennan County",15,38,503
40,143,05,051,AR,"Garland County",14,23,603
40,143,06,111,CA,"Ventura County",14,33,861
40,143,08,013,CO,"Boulder County",14,26,592
40,143,12,057,FL,"Hillsborough County",14,32,571
40,143,39,049,OH,"Franklin County",14,18,355
40,143,40,065,OK,"Jackson County",14,32,1017
40,143,53,061,WA,"Snohomish County",14,27,804
40,143,12,127,FL,"Volusia County",13,21,268
40,143,22,033,LA,"East Baton Rouge Par",13,21,311
40,143,22,051,LA,"Jefferson Parish",13,27,502
40,143,29,099,MO,"Jefferson County",13,27,441
40,143,29,145,MO,"Newton County",13,20,327
40,143,39,113,OH,"Montgomery County",13,19,277
40,143,40,073,OK,"Kingfisher County",13,28,232
40,143,40,139,OK,"Texas County",13,24,508
40,143,42,003,PA,"Allegheny County",13,20,807
40,143,48,061,TX,"Cameron County",13,31,192
40,143,48,245,TX,"Jefferson County",13,24,554
40,143,01,073,AL,"Jefferson County",12,30,365
40,143,17,119,IL,"Madison County",12,23,554
40,143,20,015,KS,"Butler County",12,24,622
40,143,26,081,MI,"Kent County",12,26,1000
40,143,29,043,MO,"Christian County",12,19,423
40,143,29,510,MO,"St Louis",12,22,386
40,143,36,081,NY,"Queens County",12,25,433
40,143,40,015,OK,"Caddo County",12,34,388
40,143,40,151,OK,"Woods County",12,21,299
40,143,41,051,OR,"Multnomah County",12,18,340
40,143,48,039,TX,"Brazoria County",12,21,396
40,143,04,003,AZ,"Cochise County",11,28,252
40,143,12,115,FL,"Sarasota County",11,14,395
40,143,16,083,ID,"Twin Falls County",11,25,97
40,143,21,111,KY,"Jefferson County",11,24,494
40,143,29,213,MO,"Taney County",11,20,275
40,143,36,047,NY,"Kings County",11,22,202
40,143,37,133,NC,"Onslow County",11,25,254
40,143,40,103,OK,"Noble County",11,17,309
40,143,48,167,TX,"Galveston County",11,25,787
40,143,48,215,TX,"Hidalgo County",11,20,191
40,143,48,381,TX,"Randall County",11,27,445
40,143,55,009,WI,"Brown County",11,14,384
40,143,09,001,CT,"Fairfield County",10,19,3105
40,143,12,009,FL,"Brevard County",10,18,454
40,143,12,091,FL,"Okaloosa County",10,23,143
40,143,20,035,KS,"Cowley County",10,25,266
40,143,20,209,KS,"Wyandotte County",10,17,160
40,143,22,055,LA,"Lafayette Parish",10,23,370
40,143,26,021,MI,"Berrien County",10,20,582
40,143,29,047,MO,"Clay County",10,22,522
40,143,37,183,NC,"Wake County",10,19,605
40,143,40,009,OK,"Beckham County",10,23,346
40,143,40,011,OK,"Blaine County",10,20,312
40,143,48,037,TX,"Bowie County",10,21,186
40,143,48,451,TX,"Tom Green County",10,22,454
40,143,55,079,WI,"Milwaukee County",10,16,643
40,143,58,000,SS,"Other Flows - Same State",81,137,2166
40,143,59,000,DS,"Other Flows - Diff State",2977,6038,109154
40,143,59,001,DS,"Other Flows - Northeast",297,559,12484
40,143,59,003,DS,"Other Flows - Midwest",936,1824,31380
40,143,59,005,DS,"Other Flows - South",1221,2616,45995
40,143,59,007,DS,"Other Flows - West",523,1039,19296
40,143,57,009,FR,"Foreign - Other flows",133,161,1823
40,145,96,000,OK,"Wagoner County Tot Mig-US & For",1880,4377,69841
40,145,97,000,OK,"Wagoner County Tot Mig-US",1870,4360,69421
40,145,97,001,OK,"Wagoner County Tot Mig-Same St",1450,3351,51534
40,145,97,003,OK,"Wagoner County Tot Mig-Diff St",420,1009,17887
40,145,98,000,OK,"Wagoner County Tot Mig-Foreign",10,17,420
40,145,40,145,OK,"Wagoner County Non-Migrants",16060,39157,713727
40,145,40,143,OK,"Tulsa County",928,2138,35225
40,145,40,101,OK,"Muskogee County",140,338,3817
40,145,40,131,OK,"Rogers County",76,159,3103
40,145,40,021,OK,"Cherokee County",46,99,1064
40,145,40,037,OK,"Creek County",33,82,1051
40,145,40,097,OK,"Mayes County",30,72,608
40,145,40,113,OK,"Osage County",24,58,862
40,145,40,109,OK,"Oklahoma County",22,49,1159
40,145,40,119,OK,"Payne County",16,33,422
40,145,40,111,OK,"Okmulgee County",15,30,389
40,145,48,201,TX,"Harris County",12,24,612
40,145,40,027,OK,"Cleveland County",10,14,195
40,145,58,000,SS,"Other Flows - Same State",110,279,3638
40,145,59,000,DS,"Other Flows - Diff State",408,985,17275
40,145,59,001,DS,"Other Flows - Northeast",17,44,678
40,145,59,003,DS,"Other Flows - Midwest",119,305,5447
40,145,59,005,DS,"Other Flows - South",178,441,7420
40,145,59,007,DS,"Other Flows - West",94,195,3730
40,145,57,009,FR,"Foreign - Other flows",10,17,420
40,147,96,000,OK,"Washington Coun Tot Mig-US & For",1204,2681,47387
40,147,97,000,OK,"Washington Coun Tot Mig-US",1185,2656,46110
40,147,97,001,OK,"Washington Coun Tot Mig-Same St",616,1373,18450
40,147,97,003,OK,"Washington Coun Tot Mig-Diff St",569,1283,27660
40,147,98,000,OK,"Washington Coun Tot Mig-Foreign",19,25,1277
40,147,40,147,OK,"Washington Coun Non-Migrants",15974,36084,835301
40,147,40,143,OK,"Tulsa County",167,387,5319
40,147,40,113,OK,"Osage County",117,262,3205
40,147,40,105,OK,"Nowata County",62,137,1433
40,147,20,125,KS,"Montgomery County",48,87,1126
40,147,40,131,OK,"Rogers County",37,91,1234
40,147,40,109,OK,"Oklahoma County",27,46,941
40,147,40,071,OK,"Kay County",25,68,555
40,147,40,027,OK,"Cleveland County",19,33,453
40,147,48,201,TX,"Harris County",18,40,1945
40,147,40,119,OK,"Payne County",16,28,452
40,147,48,085,TX,"Collin County",16,51,2699
40,147,20,019,KS,"Chautauqua County",13,20,247
40,147,40,145,OK,"Wagoner County",13,35,563
40,147,48,233,TX,"Hutchinson County",13,33,1361
40,147,20,173,KS,"Sedgwick County",10,21,494
40,147,40,041,OK,"Delaware County",10,25,277
40,147,58,000,SS,"Other Flows - Same State",123,261,4019
40,147,59,000,DS,"Other Flows - Diff State",451,1031,19787
40,147,57,009,FR,"Foreign - Other flows",19,25,1277
40,149,96,000,OK,"Washita County Tot Mig-US & For",280,641,6514
40,149,97,000,OK,"Washita County Tot Mig-US",280,641,6514
40,149,97,001,OK,"Washita County Tot Mig-Same St",195,454,4435
40,149,97,003,OK,"Washita County Tot Mig-Diff St",85,187,2079
40,149,40,149,OK,"Washita County Non-Migrants",3265,7684,102892
40,149,40,039,OK,"Custer County",57,122,1362
40,149,40,009,OK,"Beckham County",35,79,870
40,149,58,000,SS,"Other Flows - Same State",103,253,2202
40,149,59,000,DS,"Other Flows - Diff State",85,187,2079
40,151,96,000,OK,"Woods County Tot Mig-US & For",198,399,5160
40,151,97,000,OK,"Woods County Tot Mig-US",198,399,5160
40,151,97,001,OK,"Woods County Tot Mig-Same St",117,240,2872
40,151,97,003,OK,"Woods County Tot Mig-Diff St",81,159,2288
40,151,40,151,OK,"Woods County Non-Migrants",2722,5889,96095
40,151,40,047,OK,"Garfield County",17,33,558
40,151,40,153,OK,"Woodward County",17,35,506
40,151,40,003,OK,"Alfalfa County",12,23,231
40,151,58,000,SS,"Other Flows - Same State",71,149,1577
40,151,59,000,DS,"Other Flows - Diff State",81,159,2288
40,153,96,000,OK,"Woodward County Tot Mig-US & For",439,913,12851
40,153,97,000,OK,"Woodward County Tot Mig-US",439,913,12851
40,153,97,001,OK,"Woodward County Tot Mig-Same St",277,604,8187
40,153,97,003,OK,"Woodward County Tot Mig-Diff St",162,309,4663
40,153,40,153,OK,"Woodward County Non-Migrants",5878,13656,217171
40,153,40,045,OK,"Ellis County",30,69,1282
40,153,40,047,OK,"Garfield County",27,52,689
40,153,40,043,OK,"Dewey County",26,58,678
40,153,40,059,OK,"Harper County",25,66,1020
40,153,40,109,OK,"Oklahoma County",23,50,520
40,153,40,151,OK,"Woods County",16,26,300
40,153,40,139,OK,"Texas County",11,27,419
40,153,40,143,OK,"Tulsa County",10,22,363
40,153,58,000,SS,"Other Flows - Same State",109,234,2916
40,153,59,000,DS,"Other Flows - Diff State",162,309,4663
