"1997-1998 County To County Migration  Outflows",,,,,,Oklahoma,,
"(Aggregate money amounts in thousands of dollars)",,,,,,,,
,,,,,,,,
"Migration from",,"Migration into",,,,Number,Number,Aggregate
Oklahoma,,,,,,of,of,adjusted
State,County,State,County,State,"State totals, county totals,",returns,exemptions,gross
"FIPS Code",,,,,"and county by county detail",,,income
,,,,,,,,
40,000,96,000,OK,"Total Mig - US & For",91366,192039,2611653
40,000,97,000,OK,"Total Mig - US",89657,188308,2569557
40,000,97,001,OK,"Total Mig - US Same St",50518,105828,1301418
40,000,97,003,OK,"Total Mig - US Diff St",39139,82480,1268139
40,000,98,000,OK,"Total Mig - Foreign",1709,3731,42096
40,001,96,000,OK,"Adair County Tot Mig-US & For",416,927,7891
40,001,97,000,OK,"Adair County Tot Mig-US",416,927,7891
40,001,97,001,OK,"Adair County Tot Mig-Same St",194,469,3904
40,001,97,003,OK,"Adair County Tot Mig-Diff St",222,458,3987
40,001,40,001,OK,"Adair County Non-Migrants",6124,15404,142051
40,001,05,007,AR,"Benton County",64,124,1205
40,001,40,021,OK,"Cherokee County",59,143,1126
40,001,05,143,AR,"Washington County",47,86,879
40,001,40,041,OK,"Delaware County",33,87,723
40,001,40,143,OK,"Tulsa County",17,36,381
40,001,40,135,OK,"Sequoyah County",16,34,237
40,001,58,000,SS,"Other Flows - Same State",69,169,1437
40,001,59,000,DS,"Other Flows - Diff State",111,248,1902
40,003,96,000,OK,"Alfalfa County Tot Mig-US & For",160,321,3516
40,003,97,000,OK,"Alfalfa County Tot Mig-US",160,321,3516
40,003,97,001,OK,"Alfalfa County Tot Mig-Same St",108,216,2084
40,003,97,003,OK,"Alfalfa County Tot Mig-Diff St",52,105,1432
40,003,40,003,OK,"Alfalfa County Non-Migrants",1767,4041,49874
40,003,40,047,OK,"Garfield County",31,54,478
40,003,40,151,OK,"Woods County",20,41,433
40,003,40,093,OK,"Major County",12,35,275
40,003,40,109,OK,"Oklahoma County",12,18,200
40,003,58,000,SS,"Other Flows - Same State",33,68,698
40,003,59,000,DS,"Other Flows - Diff State",52,105,1432
40,005,96,000,OK,"Atoka County Tot Mig-US & For",289,619,6188
40,005,97,000,OK,"Atoka County Tot Mig-US",289,619,6188
40,005,97,001,OK,"Atoka County Tot Mig-Same St",194,436,4471
40,005,97,003,OK,"Atoka County Tot Mig-Diff St",95,183,1717
40,005,40,005,OK,"Atoka County Non-Migrants",3405,8206,82957
40,005,40,013,OK,"Bryan County",38,94,731
40,005,40,121,OK,"Pittsburg County",24,47,578
40,005,40,029,OK,"Coal County",14,34,305
40,005,40,109,OK,"Oklahoma County",12,22,307
40,005,40,127,OK,"Pushmataha County",12,24,160
40,005,40,123,OK,"Pontotoc County",11,26,330
40,005,40,027,OK,"Cleveland County",10,18,345
40,005,58,000,SS,"Other Flows - Same State",73,171,1715
40,005,59,000,DS,"Other Flows - Diff State",95,183,1717
40,007,96,000,OK,"Beaver County Tot Mig-US & For",167,357,4207
40,007,97,000,OK,"Beaver County Tot Mig-US",167,357,4207
40,007,97,001,OK,"Beaver County Tot Mig-Same St",65,134,1607
40,007,97,003,OK,"Beaver County Tot Mig-Diff St",102,223,2600
40,007,40,007,OK,"Beaver County Non-Migrants",1730,4194,60024
40,007,20,175,KS,"Seward County",28,55,819
40,007,40,139,OK,"Texas County",12,27,262
40,007,58,000,SS,"Other Flows - Same State",53,107,1346
40,007,59,000,DS,"Other Flows - Diff State",74,168,1781
40,009,96,000,OK,"Beckham County Tot Mig-US & For",449,994,10230
40,009,97,000,OK,"Beckham County Tot Mig-US",449,994,10230
40,009,97,001,OK,"Beckham County Tot Mig-Same St",272,596,6095
40,009,97,003,OK,"Beckham County Tot Mig-Diff St",177,398,4135
40,009,40,009,OK,"Beckham County Non-Migrants",5486,13113,168682
40,009,40,149,OK,"Washita County",56,137,1244
40,009,40,039,OK,"Custer County",39,84,744
40,009,40,109,OK,"Oklahoma County",32,68,981
40,009,40,129,OK,"Roger Mills County",17,37,311
40,009,40,017,OK,"Canadian County",11,19,219
40,009,58,000,SS,"Other Flows - Same State",117,251,2597
40,009,59,000,DS,"Other Flows - Diff State",177,398,4135
40,011,96,000,OK,"Blaine County Tot Mig-US & For",314,701,7000
40,011,97,000,OK,"Blaine County Tot Mig-US",314,701,7000
40,011,97,001,OK,"Blaine County Tot Mig-Same St",220,504,4938
40,011,97,003,OK,"Blaine County Tot Mig-Diff St",94,197,2062
40,011,40,011,OK,"Blaine County Non-Migrants",3650,8520,102749
40,011,40,109,OK,"Oklahoma County",32,56,528
40,011,40,039,OK,"Custer County",25,55,677
40,011,40,017,OK,"Canadian County",21,50,413
40,011,40,047,OK,"Garfield County",20,51,383
40,011,40,093,OK,"Major County",15,37,273
40,011,40,015,OK,"Caddo County",12,29,267
40,011,40,073,OK,"Kingfisher County",12,33,525
40,011,58,000,SS,"Other Flows - Same State",83,193,1872
40,011,59,000,DS,"Other Flows - Diff State",94,197,2062
40,013,96,000,OK,"Bryan County Tot Mig-US & For",806,1539,16660
40,013,97,000,OK,"Bryan County Tot Mig-US",806,1539,16660
40,013,97,001,OK,"Bryan County Tot Mig-Same St",301,610,5539
40,013,97,003,OK,"Bryan County Tot Mig-Diff St",505,929,11121
40,013,40,013,OK,"Bryan County Non-Migrants",9495,21964,264109
40,013,48,181,TX,"Grayson County",146,273,3118
40,013,48,113,TX,"Dallas County",48,79,1529
40,013,40,069,OK,"Johnston County",34,74,524
40,013,40,109,OK,"Oklahoma County",33,58,437
40,013,40,095,OK,"Marshall County",28,55,544
40,013,40,005,OK,"Atoka County",20,44,310
40,013,48,147,TX,"Fannin County",20,38,457
40,013,48,439,TX,"Tarrant County",18,32,362
40,013,48,085,TX,"Collin County",17,33,534
40,013,40,027,OK,"Cleveland County",16,24,349
40,013,40,121,OK,"Pittsburg County",15,34,240
40,013,40,023,OK,"Choctaw County",14,34,226
40,013,40,143,OK,"Tulsa County",13,19,311
40,013,40,019,OK,"Carter County",10,21,154
40,013,58,000,SS,"Other Flows - Same State",118,247,2442
40,013,59,000,DS,"Other Flows - Diff State",256,474,5121
40,015,96,000,OK,"Caddo County Tot Mig-US & For",713,1530,14497
40,015,97,000,OK,"Caddo County Tot Mig-US",713,1530,14497
40,015,97,001,OK,"Caddo County Tot Mig-Same St",507,1067,10095
40,015,97,003,OK,"Caddo County Tot Mig-Diff St",206,463,4403
40,015,40,015,OK,"Caddo County Non-Migrants",9087,22088,239905
40,015,40,051,OK,"Grady County",90,195,1707
40,015,40,109,OK,"Oklahoma County",78,145,1397
40,015,40,031,OK,"Comanche County",63,140,1308
40,015,40,017,OK,"Canadian County",44,84,851
40,015,40,039,OK,"Custer County",41,74,745
40,015,40,027,OK,"Cleveland County",28,57,658
40,015,40,137,OK,"Stephens County",12,27,324
40,015,48,113,TX,"Dallas County",12,25,287
40,015,40,119,OK,"Payne County",10,18,258
40,015,40,149,OK,"Washita County",10,25,136
40,015,48,439,TX,"Tarrant County",10,28,225
40,015,58,000,SS,"Other Flows - Same State",131,302,2711
40,015,59,000,DS,"Other Flows - Diff State",184,410,3890
40,017,96,000,OK,"Canadian County Tot Mig-US & For",2792,5610,87927
40,017,97,000,OK,"Canadian County Tot Mig-US",2770,5567,87465
40,017,97,001,OK,"Canadian County Tot Mig-Same St",1995,3890,59099
40,017,97,003,OK,"Canadian County Tot Mig-Diff St",775,1677,28366
40,017,98,000,OK,"Canadian County Tot Mig-Foreign",22,43,462
40,017,40,017,OK,"Canadian County Non-Migrants",27020,66391,1174959
40,017,40,109,OK,"Oklahoma County",1193,2225,33451
40,017,40,027,OK,"Cleveland County",266,532,9426
40,017,40,143,OK,"Tulsa County",45,85,1585
40,017,40,015,OK,"Caddo County",43,92,1065
40,017,40,051,OK,"Grady County",42,109,1620
40,017,48,113,TX,"Dallas County",37,64,1460
40,017,40,011,OK,"Blaine County",34,83,734
40,017,40,083,OK,"Logan County",33,63,1430
40,017,40,125,OK,"Pottawatomie County",28,52,757
40,017,48,201,TX,"Harris County",27,65,1276
40,017,48,439,TX,"Tarrant County",25,49,845
40,017,40,119,OK,"Payne County",23,36,491
40,017,40,039,OK,"Custer County",21,40,403
40,017,40,073,OK,"Kingfisher County",21,42,625
40,017,40,087,OK,"Mcclain County",20,40,706
40,017,48,085,TX,"Collin County",15,28,592
40,017,40,047,OK,"Garfield County",14,36,333
40,017,40,081,OK,"Lincoln County",14,26,366
40,017,48,121,TX,"Denton County",13,27,512
40,017,20,173,KS,"Sedgwick County",12,37,779
40,017,40,137,OK,"Stephens County",12,24,346
40,017,40,031,OK,"Comanche County",11,25,501
40,017,40,153,OK,"Woodward County",11,25,289
40,017,48,453,TX,"Travis County",11,15,340
40,017,04,013,AZ,"Maricopa County",10,13,294
40,017,06,037,CA,"Los Angeles County",10,18,237
40,017,40,049,OK,"Garvin County",10,19,216
40,017,40,121,OK,"Pittsburg County",10,23,278
40,017,58,000,SS,"Other Flows - Same State",144,313,4475
40,017,59,000,DS,"Other Flows - Diff State",615,1361,22032
40,017,59,001,DS,"Other Flows - Northeast",25,40,844
40,017,59,003,DS,"Other Flows - Midwest",146,343,5464
40,017,59,005,DS,"Other Flows - South",304,709,11525
40,017,59,007,DS,"Other Flows - West",140,269,4198
40,017,57,009,FR,"Foreign - Other flows",22,43,462
40,019,96,000,OK,"Carter County Tot Mig-US & For",1016,2173,25001
40,019,97,000,OK,"Carter County Tot Mig-US",1016,2173,25001
40,019,97,001,OK,"Carter County Tot Mig-Same St",567,1232,12375
40,019,97,003,OK,"Carter County Tot Mig-Diff St",449,941,12626
40,019,40,019,OK,"Carter County Non-Migrants",13597,31475,454323
40,019,40,109,OK,"Oklahoma County",89,152,1826
40,019,40,085,OK,"Love County",54,111,1033
40,019,40,095,OK,"Marshall County",41,109,1019
40,019,40,027,OK,"Cleveland County",36,71,782
40,019,40,137,OK,"Stephens County",34,90,728
40,019,48,113,TX,"Dallas County",33,56,990
40,019,40,069,OK,"Johnston County",31,80,698
40,019,40,143,OK,"Tulsa County",31,56,687
40,019,40,049,OK,"Garvin County",26,63,729
40,019,40,013,OK,"Bryan County",25,48,488
40,019,40,099,OK,"Murray County",24,57,560
40,019,48,121,TX,"Denton County",23,52,611
40,019,48,439,TX,"Tarrant County",21,39,423
40,019,40,067,OK,"Jefferson County",19,43,264
40,019,40,123,OK,"Pontotoc County",17,26,341
40,019,40,031,OK,"Comanche County",16,47,204
40,019,48,097,TX,"Cooke County",15,29,549
40,019,40,119,OK,"Payne County",13,23,447
40,019,40,125,OK,"Pottawatomie County",13,23,248
40,019,48,085,TX,"Collin County",11,23,323
40,019,48,201,TX,"Harris County",10,18,373
40,019,58,000,SS,"Other Flows - Same State",98,233,2321
40,019,59,000,DS,"Other Flows - Diff State",336,724,9357
40,019,59,001,DS,"Other Flows - Northeast",10,24,182
40,019,59,003,DS,"Other Flows - Midwest",58,135,1701
40,019,59,005,DS,"Other Flows - South",190,401,5686
40,019,59,007,DS,"Other Flows - West",78,164,1788
40,021,96,000,OK,"Cherokee County Tot Mig-US & For",888,1869,19337
40,021,97,000,OK,"Cherokee County Tot Mig-US",888,1869,19337
40,021,97,001,OK,"Cherokee County Tot Mig-Same St",600,1275,12127
40,021,97,003,OK,"Cherokee County Tot Mig-Diff St",288,594,7210
40,021,40,021,OK,"Cherokee County Non-Migrants",10460,24795,287573
40,021,40,143,OK,"Tulsa County",124,223,2374
40,021,40,101,OK,"Muskogee County",107,229,2142
40,021,40,001,OK,"Adair County",54,123,842
40,021,40,145,OK,"Wagoner County",38,82,868
40,021,40,097,OK,"Mayes County",37,101,782
40,021,40,041,OK,"Delaware County",27,72,566
40,021,40,135,OK,"Sequoyah County",21,47,444
40,021,40,109,OK,"Oklahoma County",16,30,544
40,021,05,007,AR,"Benton County",14,29,301
40,021,40,037,OK,"Creek County",14,34,255
40,021,40,111,OK,"Okmulgee County",14,36,329
40,021,40,027,OK,"Cleveland County",13,22,203
40,021,40,131,OK,"Rogers County",13,29,347
40,021,48,113,TX,"Dallas County",11,18,328
40,021,58,000,SS,"Other Flows - Same State",122,247,2432
40,021,59,000,DS,"Other Flows - Diff State",263,547,6581
40,021,59,001,DS,"Other Flows - Northeast",12,20,165
40,021,59,003,DS,"Other Flows - Midwest",63,163,1566
40,021,59,005,DS,"Other Flows - South",127,249,3459
40,021,59,007,DS,"Other Flows - West",61,115,1391
40,023,96,000,OK,"Choctaw County Tot Mig-US & For",324,719,7200
40,023,97,000,OK,"Choctaw County Tot Mig-US",324,719,7200
40,023,97,001,OK,"Choctaw County Tot Mig-Same St",144,322,2680
40,023,97,003,OK,"Choctaw County Tot Mig-Diff St",180,397,4520
40,023,40,023,OK,"Choctaw County Non-Migrants",4003,9489,92598
40,023,48,277,TX,"Lamar County",49,114,1186
40,023,40,089,OK,"Mccurtain County",33,74,560
40,023,40,127,OK,"Pushmataha County",24,47,497
40,023,40,013,OK,"Bryan County",23,61,420
40,023,40,109,OK,"Oklahoma County",16,30,305
40,023,48,113,TX,"Dallas County",10,15,178
40,023,58,000,SS,"Other Flows - Same State",48,110,898
40,023,59,000,DS,"Other Flows - Diff State",121,268,3156
40,025,96,000,OK,"Cimarron County Tot Mig-US & For",106,235,2501
40,025,97,000,OK,"Cimarron County Tot Mig-US",106,235,2501
40,025,97,001,OK,"Cimarron County Tot Mig-Same St",41,79,893
40,025,97,003,OK,"Cimarron County Tot Mig-Diff St",65,156,1608
40,025,40,025,OK,"Cimarron County Non-Migrants",1058,2529,25549
40,025,40,139,OK,"Texas County",14,26,304
40,025,58,000,SS,"Other Flows - Same State",27,53,589
40,025,59,000,DS,"Other Flows - Diff State",65,156,1608
40,027,96,000,OK,"Cleveland Count Tot Mig-US & For",7516,14534,207726
40,027,97,000,OK,"Cleveland Count Tot Mig-US",7419,14315,205121
40,027,97,001,OK,"Cleveland Count Tot Mig-Same St",4838,9370,124147
40,027,97,003,OK,"Cleveland Count Tot Mig-Diff St",2581,4945,80974
40,027,98,000,OK,"Cleveland Count Tot Mig-Foreign",97,219,2605
40,027,40,027,OK,"Cleveland Count Non-Migrants",60242,136394,2475924
40,027,40,109,OK,"Oklahoma County",2948,5475,72593
40,027,40,143,OK,"Tulsa County",269,444,6997
40,027,40,017,OK,"Canadian County",255,554,8725
40,027,40,087,OK,"Mcclain County",236,529,5976
40,027,40,125,OK,"Pottawatomie County",180,394,4154
40,027,48,113,TX,"Dallas County",162,244,4660
40,027,40,051,OK,"Grady County",153,361,4555
40,027,48,439,TX,"Tarrant County",118,243,4428
40,027,48,201,TX,"Harris County",82,160,3442
40,027,57,005,FR,"Foreign - APO/FPO ZIPs",73,158,1869
40,027,48,085,TX,"Collin County",62,127,2593
40,027,40,031,OK,"Comanche County",55,97,1006
40,027,40,049,OK,"Garvin County",55,115,1464
40,027,40,081,OK,"Lincoln County",50,128,1455
40,027,48,121,TX,"Denton County",47,85,1794
40,027,48,453,TX,"Travis County",41,67,1163
40,027,40,083,OK,"Logan County",40,78,1254
40,027,40,119,OK,"Payne County",39,79,1082
40,027,06,037,CA,"Los Angeles County",36,53,912
40,027,04,013,AZ,"Maricopa County",35,70,1011
40,027,40,019,OK,"Carter County",34,69,865
40,027,08,041,CO,"El Paso County",29,62,765
40,027,40,047,OK,"Garfield County",29,59,678
40,027,17,031,IL,"Cook County",28,35,630
40,027,20,173,KS,"Sedgwick County",28,49,901
40,027,40,123,OK,"Pontotoc County",28,42,636
40,027,40,091,OK,"Mcintosh County",27,41,898
40,027,40,137,OK,"Stephens County",27,57,1153
40,027,48,029,TX,"Bexar County",27,63,825
40,027,06,085,CA,"Santa Clara County",26,41,802
40,027,06,073,CA,"San Diego County",24,47,614
40,027,40,039,OK,"Custer County",23,47,665
40,027,40,121,OK,"Pittsburg County",23,38,424
40,027,20,091,KS,"Johnson County",21,34,862
40,027,40,133,OK,"Seminole County",21,33,540
40,027,40,101,OK,"Muskogee County",20,47,609
40,027,40,071,OK,"Kay County",19,48,577
40,027,32,003,NV,"Clark County",18,34,578
40,027,40,131,OK,"Rogers County",18,34,490
40,027,53,033,WA,"King County",18,38,661
40,027,40,015,OK,"Caddo County",17,31,406
40,027,40,147,OK,"Washington County",17,24,212
40,027,08,005,CO,"Arapahoe County",16,27,615
40,027,51,059,VA,"Fairfax County",15,22,551
40,027,02,020,AK,"Anchorage Borough",14,41,461
40,027,29,095,MO,"Jackson County",14,30,549
40,027,29,189,MO,"St Louis County",14,25,715
40,027,40,037,OK,"Creek County",14,32,299
40,027,40,099,OK,"Murray County",14,21,249
40,027,06,001,CA,"Alameda County",13,34,574
40,027,12,057,FL,"Hillsborough County",13,20,395
40,027,36,061,NY,"New York County",13,14,221
40,027,48,441,TX,"Taylor County",13,25,293
40,027,05,143,AR,"Washington County",12,23,237
40,027,06,059,CA,"Orange County",12,19,209
40,027,12,095,FL,"Orange County",12,21,196
40,027,40,063,OK,"Hughes County",12,21,290
40,027,40,065,OK,"Jackson County",12,26,251
40,027,48,485,TX,"Wichita County",12,21,218
40,027,24,031,MD,"Montgomery County",11,21,465
40,027,29,097,MO,"Jasper County",11,19,243
40,027,40,021,OK,"Cherokee County",11,24,465
40,027,40,107,OK,"Okfuskee County",11,28,325
40,027,48,157,TX,"Fort Bend County",11,23,525
40,027,04,019,AZ,"Pima County",10,18,483
40,027,06,071,CA,"San Bernardino Count",10,14,259
40,027,08,013,CO,"Boulder County",10,17,337
40,027,12,031,FL,"Duval County",10,17,161
40,027,15,003,HI,"Honolulu County",10,29,311
40,027,35,001,NM,"Bernalillo County",10,17,298
40,027,40,113,OK,"Osage County",10,14,182
40,027,48,181,TX,"Grayson County",10,20,215
40,027,48,329,TX,"Midland County",10,17,407
40,027,58,000,SS,"Other Flows - Same State",171,380,4670
40,027,59,000,DS,"Other Flows - Diff State",1493,2959,45396
40,027,59,001,DS,"Other Flows - Northeast",130,237,3865
40,027,59,003,DS,"Other Flows - Midwest",391,774,13527
40,027,59,005,DS,"Other Flows - South",706,1474,21478
40,027,59,007,DS,"Other Flows - West",266,474,6527
40,027,57,009,FR,"Foreign - Other flows",24,61,736
40,029,96,000,OK,"Coal County Tot Mig-US & For",146,331,2427
40,029,97,000,OK,"Coal County Tot Mig-US",146,331,2427
40,029,97,001,OK,"Coal County Tot Mig-Same St",99,199,1591
40,029,97,003,OK,"Coal County Tot Mig-Diff St",47,132,836
40,029,40,029,OK,"Coal County Non-Migrants",1483,3545,34292
40,029,40,123,OK,"Pontotoc County",31,65,477
40,029,40,005,OK,"Atoka County",18,43,270
40,029,58,000,SS,"Other Flows - Same State",50,91,845
40,029,59,000,DS,"Other Flows - Diff State",47,132,836
40,031,96,000,OK,"Comanche County Tot Mig-US & For",5192,12165,128312
40,031,97,000,OK,"Comanche County Tot Mig-US",4495,10601,113814
40,031,97,001,OK,"Comanche County Tot Mig-Same St",877,1993,20283
40,031,97,003,OK,"Comanche County Tot Mig-Diff St",3618,8608,93531
40,031,98,000,OK,"Comanche County Tot Mig-Foreign",697,1564,14497
40,031,40,031,OK,"Comanche County Non-Migrants",32204,76496,1034065
40,031,40,109,OK,"Oklahoma County",198,401,4414
40,031,37,051,NC,"Cumberland County",100,258,2193
40,031,48,027,TX,"Bell County",99,262,2702
40,031,48,439,TX,"Tarrant County",95,198,2616
40,031,48,113,TX,"Dallas County",86,160,2021
40,031,15,003,HI,"Honolulu County",83,224,2181
40,031,40,137,OK,"Stephens County",83,212,2022
40,031,40,027,OK,"Cleveland County",78,155,1980
40,031,40,143,OK,"Tulsa County",71,154,2508
40,031,40,015,OK,"Caddo County",68,187,1261
40,031,48,485,TX,"Wichita County",57,120,1351
40,031,08,041,CO,"El Paso County",55,152,1625
40,031,48,029,TX,"Bexar County",54,125,1561
40,031,53,053,WA,"Pierce County",50,159,1280
40,031,40,051,OK,"Grady County",44,93,936
40,031,40,033,OK,"Cotton County",38,95,844
40,031,48,141,TX,"El Paso County",38,97,1075
40,031,13,179,GA,"Liberty County",36,103,876
40,031,48,201,TX,"Harris County",31,62,757
40,031,04,013,AZ,"Maricopa County",30,60,716
40,031,45,079,SC,"Richland County",29,84,746
40,031,20,061,KS,"Geary County",28,76,727
40,031,40,065,OK,"Jackson County",28,70,494
40,031,47,125,TN,"Montgomery County",28,83,912
40,031,06,037,CA,"Los Angeles County",27,52,529
40,031,06,073,CA,"San Diego County",27,51,550
40,031,36,045,NY,"Jefferson County",26,89,616
40,031,51,059,VA,"Fairfax County",26,86,1537
40,031,13,215,GA,"Muscogee County",25,49,579
40,031,13,245,GA,"Richmond County",25,65,501
40,031,48,099,TX,"Coryell County",25,77,745
40,031,40,141,OK,"Tillman County",24,53,312
40,031,20,103,KS,"Leavenworth County",23,82,1173
40,031,48,085,TX,"Collin County",23,46,843
40,031,04,019,AZ,"Pima County",21,43,415
40,031,48,453,TX,"Travis County",21,34,444
40,031,17,031,IL,"Cook County",20,38,400
40,031,22,115,LA,"Vernon Parish",19,55,313
40,031,06,071,CA,"San Bernardino Count",18,37,462
40,031,21,047,KY,"Christian County",17,43,394
40,031,29,095,MO,"Jackson County",17,42,405
40,031,06,059,CA,"Orange County",16,36,505
40,031,32,003,NV,"Clark County",16,41,443
40,031,40,075,OK,"Kiowa County",16,42,405
40,031,51,153,VA,"Prince William Count",16,42,595
40,031,02,090,AK,"Fairbanks North Star",15,41,328
40,031,40,119,OK,"Payne County",15,27,324
40,031,48,121,TX,"Denton County",15,28,354
40,031,53,067,WA,"Thurston County",15,48,403
40,031,06,067,CA,"Sacramento County",14,34,258
40,031,21,093,KY,"Hardin County",14,47,383
40,031,40,017,OK,"Canadian County",14,28,351
40,031,40,047,OK,"Garfield County",14,43,418
40,031,02,020,AK,"Anchorage Borough",13,37,396
40,031,12,031,FL,"Duval County",13,25,195
40,031,12,033,FL,"Escambia County",13,33,300
40,031,12,057,FL,"Hillsborough County",13,37,245
40,031,13,051,GA,"Chatham County",13,25,279
40,031,13,063,GA,"Clayton County",13,26,331
40,031,40,039,OK,"Custer County",13,24,144
40,031,01,089,AL,"Madison County",12,34,502
40,031,06,065,CA,"Riverside County",12,24,489
40,031,08,005,CO,"Arapahoe County",12,28,300
40,031,37,133,NC,"Onslow County",12,19,197
40,031,04,003,AZ,"Cochise County",11,29,230
40,031,12,025,FL,"Dade County",11,25,342
40,031,18,097,IN,"Marion County",11,23,303
40,031,22,033,LA,"East Baton Rouge Par",11,23,243
40,031,26,099,MI,"Macomb County",11,26,248
40,031,40,101,OK,"Muskogee County",11,21,163
40,031,41,051,OR,"Multnomah County",11,15,242
40,031,47,037,TN,"Davidson County",11,27,212
40,031,48,303,TX,"Lubbock County",11,19,194
40,031,48,375,TX,"Potter County",11,31,258
40,031,48,441,TX,"Taylor County",11,28,436
40,031,51,700,VA,"Newport News",11,29,210
40,031,57,003,FR,"Foreign - Puerto Rico",11,37,212
40,031,29,097,MO,"Jasper County",10,20,201
40,031,31,055,NE,"Douglas County",10,17,298
40,031,36,081,NY,"Queens County",10,16,144
40,031,37,093,NC,"Hoke County",10,37,265
40,031,39,035,OH,"Cuyahoga County",10,22,258
40,031,40,019,OK,"Carter County",10,21,203
40,031,48,381,TX,"Randall County",10,21,376
40,031,58,000,SS,"Other Flows - Same State",152,367,3504
40,031,59,000,DS,"Other Flows - Diff State",1931,4483,49321
40,031,59,001,DS,"Other Flows - Northeast",212,459,4849
40,031,59,003,DS,"Other Flows - Midwest",483,1105,12707
40,031,59,005,DS,"Other Flows - South",962,2298,24854
40,031,59,007,DS,"Other Flows - West",274,621,6912
40,031,57,009,FR,"Foreign - Other flows",686,1527,14285
40,033,96,000,OK,"Cotton County Tot Mig-US & For",164,392,3809
40,033,97,000,OK,"Cotton County Tot Mig-US",164,392,3809
40,033,97,001,OK,"Cotton County Tot Mig-Same St",91,235,2040
40,033,97,003,OK,"Cotton County Tot Mig-Diff St",73,157,1769
40,033,40,033,OK,"Cotton County Non-Migrants",1856,4437,56606
40,033,40,031,OK,"Comanche County",38,106,906
40,033,48,485,TX,"Wichita County",29,58,701
40,033,40,137,OK,"Stephens County",17,36,244
40,033,58,000,SS,"Other Flows - Same State",36,93,890
40,033,59,000,DS,"Other Flows - Diff State",44,99,1068
40,035,96,000,OK,"Craig County Tot Mig-US & For",385,827,8556
40,035,97,000,OK,"Craig County Tot Mig-US",385,827,8556
40,035,97,001,OK,"Craig County Tot Mig-Same St",275,581,6214
40,035,97,003,OK,"Craig County Tot Mig-Diff St",110,246,2342
40,035,40,035,OK,"Craig County Non-Migrants",4378,9874,121698
40,035,40,115,OK,"Ottawa County",53,117,1253
40,035,40,143,OK,"Tulsa County",46,87,1244
40,035,40,131,OK,"Rogers County",39,80,826
40,035,40,041,OK,"Delaware County",32,84,820
40,035,40,097,OK,"Mayes County",30,72,599
40,035,40,109,OK,"Oklahoma County",10,13,142
40,035,58,000,SS,"Other Flows - Same State",65,128,1331
40,035,59,000,DS,"Other Flows - Diff State",110,246,2342
40,037,96,000,OK,"Creek County Tot Mig-US & For",1879,3960,47213
40,037,97,000,OK,"Creek County Tot Mig-US",1865,3943,46975
40,037,97,001,OK,"Creek County Tot Mig-Same St",1482,3099,36681
40,037,97,003,OK,"Creek County Tot Mig-Diff St",383,844,10294
40,037,98,000,OK,"Creek County Tot Mig-Foreign",14,17,237
40,037,40,037,OK,"Creek County Non-Migrants",20651,49800,717025
40,037,40,143,OK,"Tulsa County",891,1839,22797
40,037,40,113,OK,"Osage County",65,139,1408
40,037,40,119,OK,"Payne County",57,118,935
40,037,40,111,OK,"Okmulgee County",56,134,1294
40,037,40,117,OK,"Pawnee County",48,125,1174
40,037,40,131,OK,"Rogers County",48,94,1344
40,037,40,109,OK,"Oklahoma County",33,60,976
40,037,40,145,OK,"Wagoner County",32,65,946
40,037,40,081,OK,"Lincoln County",29,56,486
40,037,40,097,OK,"Mayes County",24,47,867
40,037,40,027,OK,"Cleveland County",23,35,413
40,037,40,101,OK,"Muskogee County",20,46,293
40,037,40,107,OK,"Okfuskee County",19,38,263
40,037,40,021,OK,"Cherokee County",15,32,328
40,037,48,439,TX,"Tarrant County",14,32,504
40,037,48,201,TX,"Harris County",12,31,633
40,037,05,143,AR,"Washington County",10,23,228
40,037,48,113,TX,"Dallas County",10,28,433
40,037,58,000,SS,"Other Flows - Same State",122,271,3158
40,037,59,000,DS,"Other Flows - Diff State",337,730,8496
40,037,57,009,FR,"Foreign - Other flows",14,17,237
40,039,96,000,OK,"Custer County Tot Mig-US & For",791,1657,18663
40,039,97,000,OK,"Custer County Tot Mig-US",791,1657,18663
40,039,97,001,OK,"Custer County Tot Mig-Same St",493,1031,11276
40,039,97,003,OK,"Custer County Tot Mig-Diff St",298,626,7387
40,039,40,039,OK,"Custer County Non-Migrants",7495,17731,242852
40,039,40,109,OK,"Oklahoma County",85,146,1981
40,039,40,149,OK,"Washita County",48,132,1125
40,039,40,017,OK,"Canadian County",42,93,1044
40,039,40,015,OK,"Caddo County",37,85,699
40,039,40,009,OK,"Beckham County",32,74,868
40,039,40,027,OK,"Cleveland County",26,55,722
40,039,40,143,OK,"Tulsa County",23,45,626
40,039,40,031,OK,"Comanche County",16,33,347
40,039,40,119,OK,"Payne County",15,21,240
40,039,40,153,OK,"Woodward County",14,28,485
40,039,40,011,OK,"Blaine County",13,30,229
40,039,40,047,OK,"Garfield County",13,17,177
40,039,40,065,OK,"Jackson County",13,22,213
40,039,48,113,TX,"Dallas County",11,18,147
40,039,48,201,TX,"Harris County",11,20,332
40,039,40,043,OK,"Dewey County",10,24,221
40,039,58,000,SS,"Other Flows - Same State",106,226,2299
40,039,59,000,DS,"Other Flows - Diff State",276,588,6908
40,041,96,000,OK,"Delaware County Tot Mig-US & For",869,1819,22336
40,041,97,000,OK,"Delaware County Tot Mig-US",869,1819,22336
40,041,97,001,OK,"Delaware County Tot Mig-Same St",409,845,11466
40,041,97,003,OK,"Delaware County Tot Mig-Diff St",460,974,10870
40,041,40,041,OK,"Delaware County Non-Migrants",9011,20950,249662
40,041,05,007,AR,"Benton County",104,238,2120
40,041,40,115,OK,"Ottawa County",90,194,4494
40,041,40,143,OK,"Tulsa County",70,107,1807
40,041,40,097,OK,"Mayes County",52,124,980
40,041,29,119,MO,"Mcdonald County",32,80,695
40,041,40,021,OK,"Cherokee County",27,65,539
40,041,29,097,MO,"Jasper County",24,43,580
40,041,40,035,OK,"Craig County",23,34,373
40,041,40,001,OK,"Adair County",20,45,382
40,041,40,109,OK,"Oklahoma County",18,33,560
40,041,05,143,AR,"Washington County",15,35,372
40,041,29,145,MO,"Newton County",15,40,455
40,041,40,131,OK,"Rogers County",13,36,325
40,041,20,021,KS,"Cherokee County",11,19,219
40,041,40,037,OK,"Creek County",11,28,174
40,041,40,147,OK,"Washington County",10,20,285
40,041,58,000,SS,"Other Flows - Same State",75,159,1548
40,041,59,000,DS,"Other Flows - Diff State",259,519,6430
40,043,96,000,OK,"Dewey County Tot Mig-US & For",111,257,2357
40,043,97,000,OK,"Dewey County Tot Mig-US",111,257,2357
40,043,97,001,OK,"Dewey County Tot Mig-Same St",90,211,1887
40,043,97,003,OK,"Dewey County Tot Mig-Diff St",21,46,470
40,043,40,043,OK,"Dewey County Non-Migrants",1626,3900,44053
40,043,40,039,OK,"Custer County",18,42,333
40,043,40,153,OK,"Woodward County",15,32,364
40,043,58,000,SS,"Other Flows - Same State",57,137,1190
40,043,59,000,DS,"Other Flows - Diff State",21,46,470
40,045,96,000,OK,"Ellis County Tot Mig-US & For",98,201,2679
40,045,97,000,OK,"Ellis County Tot Mig-US",98,201,2679
40,045,97,001,OK,"Ellis County Tot Mig-Same St",69,137,1660
40,045,97,003,OK,"Ellis County Tot Mig-Diff St",29,64,1019
40,045,40,045,OK,"Ellis County Non-Migrants",1279,2929,34768
40,045,40,153,OK,"Woodward County",22,47,458
40,045,58,000,SS,"Other Flows - Same State",47,90,1202
40,045,59,000,DS,"Other Flows - Diff State",29,64,1019
40,047,96,000,OK,"Garfield County Tot Mig-US & For",1682,3480,46886
40,047,97,000,OK,"Garfield County Tot Mig-US",1627,3354,45319
40,047,97,001,OK,"Garfield County Tot Mig-Same St",728,1455,19209
40,047,97,003,OK,"Garfield County Tot Mig-Diff St",899,1899,26110
40,047,98,000,OK,"Garfield County Tot Mig-Foreign",55,126,1567
40,047,40,047,OK,"Garfield County Non-Migrants",19005,42828,649795
40,047,40,109,OK,"Oklahoma County",141,237,3519
40,047,40,143,OK,"Tulsa County",72,136,2230
40,047,40,119,OK,"Payne County",50,79,935
40,047,40,093,OK,"Major County",47,111,1064
40,047,40,027,OK,"Cleveland County",46,86,1198
40,047,40,073,OK,"Kingfisher County",32,68,763
40,047,20,173,KS,"Sedgwick County",31,59,884
40,047,40,071,OK,"Kay County",31,66,553
40,047,04,013,AZ,"Maricopa County",25,47,768
40,047,48,029,TX,"Bexar County",25,66,856
40,047,40,053,OK,"Grant County",24,44,601
40,047,40,083,OK,"Logan County",23,41,725
40,047,48,113,TX,"Dallas County",23,39,788
40,047,40,003,OK,"Alfalfa County",21,36,400
40,047,40,103,OK,"Noble County",19,36,499
40,047,48,439,TX,"Tarrant County",18,34,713
40,047,40,153,OK,"Woodward County",16,33,391
40,047,48,201,TX,"Harris County",16,32,395
40,047,40,147,OK,"Washington County",15,31,1187
40,047,12,005,FL,"Bay County",14,21,458
40,047,40,017,OK,"Canadian County",14,48,593
40,047,40,151,OK,"Woods County",14,27,209
40,047,48,355,TX,"Nueces County",13,20,376
40,047,53,063,WA,"Spokane County",13,31,458
40,047,05,119,AR,"Pulaski County",12,18,275
40,047,08,041,CO,"El Paso County",12,24,410
40,047,08,005,CO,"Arapahoe County",10,24,339
40,047,35,001,NM,"Bernalillo County",10,18,321
40,047,40,039,OK,"Custer County",10,21,174
40,047,58,000,SS,"Other Flows - Same State",153,355,4168
40,047,59,000,DS,"Other Flows - Diff State",677,1466,19068
40,047,59,001,DS,"Other Flows - Northeast",45,104,1204
40,047,59,003,DS,"Other Flows - Midwest",186,429,5296
40,047,59,005,DS,"Other Flows - South",312,640,9113
40,047,59,007,DS,"Other Flows - West",134,293,3455
40,047,57,009,FR,"Foreign - Other flows",55,126,1567
40,049,96,000,OK,"Garvin County Tot Mig-US & For",700,1554,15336
40,049,97,000,OK,"Garvin County Tot Mig-US",700,1554,15336
40,049,97,001,OK,"Garvin County Tot Mig-Same St",487,1073,11090
40,049,97,003,OK,"Garvin County Tot Mig-Diff St",213,481,4246
40,049,40,049,OK,"Garvin County Non-Migrants",8891,20667,249609
40,049,40,027,OK,"Cleveland County",69,124,1512
40,049,40,109,OK,"Oklahoma County",63,109,1332
40,049,40,123,OK,"Pontotoc County",59,144,1304
40,049,40,087,OK,"Mcclain County",43,110,1031
40,049,40,099,OK,"Murray County",37,97,656
40,049,40,051,OK,"Grady County",30,70,608
40,049,40,019,OK,"Carter County",26,63,783
40,049,40,137,OK,"Stephens County",22,53,553
40,049,40,125,OK,"Pottawatomie County",11,25,245
40,049,40,119,OK,"Payne County",10,24,206
40,049,58,000,SS,"Other Flows - Same State",117,254,2858
40,049,59,000,DS,"Other Flows - Diff State",213,481,4246
40,051,96,000,OK,"Grady County Tot Mig-US & For",1176,2578,29766
40,051,97,000,OK,"Grady County Tot Mig-US",1166,2559,29406
40,051,97,001,OK,"Grady County Tot Mig-Same St",853,1866,20967
40,051,97,003,OK,"Grady County Tot Mig-Diff St",313,693,8439
40,051,98,000,OK,"Grady County Tot Mig-Foreign",10,19,360
40,051,40,051,OK,"Grady County Non-Migrants",13096,31578,440546
40,051,40,109,OK,"Oklahoma County",227,445,5638
40,051,40,027,OK,"Cleveland County",131,266,3303
40,051,40,015,OK,"Caddo County",84,199,1761
40,051,40,087,OK,"Mcclain County",68,161,1994
40,051,40,137,OK,"Stephens County",56,137,1193
40,051,40,017,OK,"Canadian County",39,83,796
40,051,40,031,OK,"Comanche County",37,80,985
40,051,40,049,OK,"Garvin County",29,73,576
40,051,40,143,OK,"Tulsa County",17,31,442
40,051,40,039,OK,"Custer County",10,26,177
40,051,48,113,TX,"Dallas County",10,15,229
40,051,58,000,SS,"Other Flows - Same State",155,365,4103
40,051,59,000,DS,"Other Flows - Diff State",303,678,8211
40,051,57,009,FR,"Foreign - Other flows",10,19,360
40,053,96,000,OK,"Grant County Tot Mig-US & For",150,364,4330
40,053,97,000,OK,"Grant County Tot Mig-US",150,364,4330
40,053,97,001,OK,"Grant County Tot Mig-Same St",100,236,2800
40,053,97,003,OK,"Grant County Tot Mig-Diff St",50,128,1531
40,053,40,053,OK,"Grant County Non-Migrants",1653,3881,43618
40,053,40,047,OK,"Garfield County",34,80,944
40,053,40,071,OK,"Kay County",14,37,491
40,053,58,000,SS,"Other Flows - Same State",52,119,1365
40,053,59,000,DS,"Other Flows - Diff State",50,128,1531
40,055,96,000,OK,"Greer County Tot Mig-US & For",139,313,2684
40,055,97,000,OK,"Greer County Tot Mig-US",139,313,2684
40,055,97,001,OK,"Greer County Tot Mig-Same St",95,217,1785
40,055,97,003,OK,"Greer County Tot Mig-Diff St",44,96,899
40,055,40,055,OK,"Greer County Non-Migrants",1541,3489,37217
40,055,40,065,OK,"Jackson County",32,90,677
40,055,40,109,OK,"Oklahoma County",14,26,174
40,055,58,000,SS,"Other Flows - Same State",49,101,934
40,055,59,000,DS,"Other Flows - Diff State",44,96,899
40,057,96,000,OK,"Harmon County Tot Mig-US & For",83,192,1468
40,057,97,000,OK,"Harmon County Tot Mig-US",83,192,1468
40,057,97,001,OK,"Harmon County Tot Mig-Same St",45,90,814
40,057,97,003,OK,"Harmon County Tot Mig-Diff St",38,102,653
40,057,40,057,OK,"Harmon County Non-Migrants",942,2330,22679
40,057,40,065,OK,"Jackson County",20,49,368
40,057,58,000,SS,"Other Flows - Same State",25,41,447
40,057,59,000,DS,"Other Flows - Diff State",38,102,653
40,059,96,000,OK,"Harper County Tot Mig-US & For",118,243,2994
40,059,97,000,OK,"Harper County Tot Mig-US",118,243,2994
40,059,97,001,OK,"Harper County Tot Mig-Same St",78,160,2038
40,059,97,003,OK,"Harper County Tot Mig-Diff St",40,83,956
40,059,40,059,OK,"Harper County Non-Migrants",1355,3118,46652
40,059,40,153,OK,"Woodward County",18,38,448
40,059,58,000,SS,"Other Flows - Same State",60,122,1590
40,059,59,000,DS,"Other Flows - Diff State",40,83,956
40,061,96,000,OK,"Haskell County Tot Mig-US & For",222,506,4726
40,061,97,000,OK,"Haskell County Tot Mig-US",222,506,4726
40,061,97,001,OK,"Haskell County Tot Mig-Same St",152,354,3035
40,061,97,003,OK,"Haskell County Tot Mig-Diff St",70,152,1691
40,061,40,061,OK,"Haskell County Non-Migrants",3288,7908,80543
40,061,40,079,OK,"Le Flore County",41,100,827
40,061,40,091,OK,"Mcintosh County",15,40,337
40,061,40,121,OK,"Pittsburg County",15,28,348
40,061,05,131,AR,"Sebastian County",12,25,187
40,061,40,135,OK,"Sequoyah County",11,19,163
40,061,58,000,SS,"Other Flows - Same State",70,167,1359
40,061,59,000,DS,"Other Flows - Diff State",58,127,1505
40,063,96,000,OK,"Hughes County Tot Mig-US & For",311,658,6625
40,063,97,000,OK,"Hughes County Tot Mig-US",311,658,6625
40,063,97,001,OK,"Hughes County Tot Mig-Same St",231,492,4969
40,063,97,003,OK,"Hughes County Tot Mig-Diff St",80,166,1656
40,063,40,063,OK,"Hughes County Non-Migrants",3687,8434,89133
40,063,40,133,OK,"Seminole County",55,128,1232
40,063,40,123,OK,"Pontotoc County",22,43,523
40,063,40,109,OK,"Oklahoma County",21,35,505
40,063,40,111,OK,"Okmulgee County",14,31,237
40,063,40,027,OK,"Cleveland County",13,21,292
40,063,40,107,OK,"Okfuskee County",13,33,178
40,063,40,125,OK,"Pottawatomie County",13,25,254
40,063,40,121,OK,"Pittsburg County",11,25,270
40,063,40,143,OK,"Tulsa County",10,19,207
40,063,58,000,SS,"Other Flows - Same State",59,132,1271
40,063,59,000,DS,"Other Flows - Diff State",80,166,1656
40,065,96,000,OK,"Jackson County Tot Mig-US & For",1231,2970,32619
40,065,97,000,OK,"Jackson County Tot Mig-US",1130,2719,29915
40,065,97,001,OK,"Jackson County Tot Mig-Same St",288,625,5924
40,065,97,003,OK,"Jackson County Tot Mig-Diff St",842,2094,23991
40,065,98,000,OK,"Jackson County Tot Mig-Foreign",101,251,2704
40,065,40,065,OK,"Jackson County Non-Migrants",8396,20672,273009
40,065,40,109,OK,"Oklahoma County",61,116,1760
40,065,48,029,TX,"Bexar County",31,94,1078
40,065,40,027,OK,"Cleveland County",27,68,890
40,065,40,031,OK,"Comanche County",27,62,642
40,065,48,485,TX,"Wichita County",27,84,638
40,065,17,163,IL,"St Clair County",22,76,1172
40,065,48,113,TX,"Dallas County",22,43,616
40,065,48,439,TX,"Tarrant County",22,52,628
40,065,40,141,OK,"Tillman County",17,38,364
40,065,40,055,OK,"Greer County",16,33,-888
40,065,40,075,OK,"Kiowa County",16,32,284
40,065,04,013,AZ,"Maricopa County",15,38,422
40,065,40,009,OK,"Beckham County",15,35,320
40,065,20,173,KS,"Sedgwick County",14,37,462
40,065,40,039,OK,"Custer County",13,28,306
40,065,06,095,CA,"Solano County",12,38,383
40,065,08,041,CO,"El Paso County",12,30,416
40,065,40,051,OK,"Grady County",12,27,142
40,065,48,441,TX,"Taylor County",12,29,239
40,065,05,119,AR,"Pulaski County",11,30,255
40,065,12,057,FL,"Hillsborough County",11,18,264
40,065,04,019,AZ,"Pima County",10,33,218
40,065,48,201,TX,"Harris County",10,24,194
40,065,58,000,SS,"Other Flows - Same State",84,186,2105
40,065,59,000,DS,"Other Flows - Diff State",611,1468,17007
40,065,59,001,DS,"Other Flows - Northeast",45,98,1163
40,065,59,003,DS,"Other Flows - Midwest",128,308,3857
40,065,59,005,DS,"Other Flows - South",306,746,8035
40,065,59,007,DS,"Other Flows - West",132,316,3952
40,065,57,009,FR,"Foreign - Other flows",101,251,2704
40,067,96,000,OK,"Jefferson Count Tot Mig-US & For",180,417,3973
40,067,97,000,OK,"Jefferson Count Tot Mig-US",180,417,3973
40,067,97,001,OK,"Jefferson Count Tot Mig-Same St",100,246,2465
40,067,97,003,OK,"Jefferson Count Tot Mig-Diff St",80,171,1508
40,067,40,067,OK,"Jefferson Count Non-Migrants",1930,4511,48167
40,067,40,137,OK,"Stephens County",33,81,610
40,067,40,019,OK,"Carter County",17,38,361
40,067,58,000,SS,"Other Flows - Same State",50,127,1494
40,067,59,000,DS,"Other Flows - Diff State",80,171,1508
40,069,96,000,OK,"Johnston County Tot Mig-US & For",273,634,4963
40,069,97,000,OK,"Johnston County Tot Mig-US",273,634,4963
40,069,97,001,OK,"Johnston County Tot Mig-Same St",191,450,3336
40,069,97,003,OK,"Johnston County Tot Mig-Diff St",82,184,1627
40,069,40,069,OK,"Johnston County Non-Migrants",2820,6806,70624
40,069,40,019,OK,"Carter County",35,88,587
40,069,40,013,OK,"Bryan County",33,70,584
40,069,40,123,OK,"Pontotoc County",21,37,337
40,069,40,095,OK,"Marshall County",15,41,245
40,069,40,109,OK,"Oklahoma County",11,19,126
40,069,58,000,SS,"Other Flows - Same State",76,195,1457
40,069,59,000,DS,"Other Flows - Diff State",82,184,1627
40,071,96,000,OK,"Kay County Tot Mig-US & For",1151,2529,36174
40,071,97,000,OK,"Kay County Tot Mig-US",1141,2512,35978
40,071,97,001,OK,"Kay County Tot Mig-Same St",550,1172,13524
40,071,97,003,OK,"Kay County Tot Mig-Diff St",591,1340,22454
40,071,98,000,OK,"Kay County Tot Mig-Foreign",10,17,196
40,071,40,071,OK,"Kay County Non-Migrants",15943,37007,585539
40,071,40,143,OK,"Tulsa County",90,186,2738
40,071,40,109,OK,"Oklahoma County",87,136,1917
40,071,40,113,OK,"Osage County",77,197,2309
40,071,40,119,OK,"Payne County",55,111,1224
40,071,20,035,KS,"Cowley County",45,105,1067
40,071,48,201,TX,"Harris County",44,122,4232
40,071,20,173,KS,"Sedgwick County",38,78,1221
40,071,40,047,OK,"Garfield County",28,48,541
40,071,48,113,TX,"Dallas County",21,34,549
40,071,40,027,OK,"Cleveland County",19,32,387
40,071,40,053,OK,"Grant County",18,44,318
40,071,40,103,OK,"Noble County",18,34,324
40,071,40,131,OK,"Rogers County",13,27,324
40,071,40,147,OK,"Washington County",13,26,373
40,071,40,125,OK,"Pottawatomie County",12,21,185
40,071,40,083,OK,"Logan County",10,23,127
40,071,58,000,SS,"Other Flows - Same State",110,287,2757
40,071,59,000,DS,"Other Flows - Diff State",443,1001,15386
40,071,59,001,DS,"Other Flows - Northeast",14,27,389
40,071,59,003,DS,"Other Flows - Midwest",124,272,3677
40,071,59,005,DS,"Other Flows - South",190,451,7442
40,071,59,007,DS,"Other Flows - West",115,251,3878
40,071,57,009,FR,"Foreign - Other flows",10,17,196
40,073,96,000,OK,"Kingfisher Coun Tot Mig-US & For",336,690,8348
40,073,97,000,OK,"Kingfisher Coun Tot Mig-US",336,690,8348
40,073,97,001,OK,"Kingfisher Coun Tot Mig-Same St",239,477,5863
40,073,97,003,OK,"Kingfisher Coun Tot Mig-Diff St",97,213,2486
40,073,40,073,OK,"Kingfisher Coun Non-Migrants",4635,10995,156833
40,073,40,109,OK,"Oklahoma County",75,134,1822
40,073,40,047,OK,"Garfield County",27,55,478
40,073,40,017,OK,"Canadian County",17,37,428
40,073,40,011,OK,"Blaine County",16,48,422
40,073,40,083,OK,"Logan County",15,33,315
40,073,40,119,OK,"Payne County",13,23,494
40,073,40,027,OK,"Cleveland County",11,17,137
40,073,40,143,OK,"Tulsa County",10,16,212
40,073,58,000,SS,"Other Flows - Same State",55,114,1554
40,073,59,000,DS,"Other Flows - Diff State",97,213,2486
40,075,96,000,OK,"Kiowa County Tot Mig-US & For",279,636,7367
40,075,97,000,OK,"Kiowa County Tot Mig-US",279,636,7367
40,075,97,001,OK,"Kiowa County Tot Mig-Same St",188,428,4885
40,075,97,003,OK,"Kiowa County Tot Mig-Diff St",91,208,2482
40,075,40,075,OK,"Kiowa County Non-Migrants",3110,7059,72743
40,075,40,065,OK,"Jackson County",28,65,1251
40,075,40,031,OK,"Comanche County",26,56,884
40,075,40,109,OK,"Oklahoma County",21,33,362
40,075,40,149,OK,"Washita County",15,42,302
40,075,40,015,OK,"Caddo County",13,29,185
40,075,40,141,OK,"Tillman County",11,32,159
40,075,40,055,OK,"Greer County",10,24,257
40,075,58,000,SS,"Other Flows - Same State",64,147,1486
40,075,59,000,DS,"Other Flows - Diff State",91,208,2482
40,077,96,000,OK,"Latimer County Tot Mig-US & For",289,655,6033
40,077,97,000,OK,"Latimer County Tot Mig-US",289,655,6033
40,077,97,001,OK,"Latimer County Tot Mig-Same St",196,430,4061
40,077,97,003,OK,"Latimer County Tot Mig-Diff St",93,225,1972
40,077,40,077,OK,"Latimer County Non-Migrants",3375,8070,87460
40,077,40,121,OK,"Pittsburg County",47,100,1230
40,077,40,079,OK,"Le Flore County",33,69,525
40,077,40,109,OK,"Oklahoma County",16,32,374
40,077,40,143,OK,"Tulsa County",13,27,330
40,077,40,127,OK,"Pushmataha County",12,33,203
40,077,58,000,SS,"Other Flows - Same State",75,169,1398
40,077,59,000,DS,"Other Flows - Diff State",93,225,1972
40,079,96,000,OK,"Le Flore County Tot Mig-US & For",976,2187,20378
40,079,97,000,OK,"Le Flore County Tot Mig-US",976,2187,20378
40,079,97,001,OK,"Le Flore County Tot Mig-Same St",357,837,7809
40,079,97,003,OK,"Le Flore County Tot Mig-Diff St",619,1350,12569
40,079,40,079,OK,"Le Flore County Non-Migrants",12721,30668,350947
40,079,05,131,AR,"Sebastian County",235,490,4540
40,079,40,135,OK,"Sequoyah County",59,172,1398
40,079,40,143,OK,"Tulsa County",42,83,755
40,079,05,033,AR,"Crawford County",41,99,867
40,079,40,077,OK,"Latimer County",40,99,833
40,079,40,061,OK,"Haskell County",30,76,754
40,079,40,109,OK,"Oklahoma County",23,39,425
40,079,05,127,AR,"Scott County",20,41,339
40,079,40,027,OK,"Cleveland County",12,17,203
40,079,40,121,OK,"Pittsburg County",11,33,242
40,079,05,113,AR,"Polk County",10,22,188
40,079,05,143,AR,"Washington County",10,26,201
40,079,58,000,SS,"Other Flows - Same State",140,318,3199
40,079,59,000,DS,"Other Flows - Diff State",303,672,6435
40,081,96,000,OK,"Lincoln County Tot Mig-US & For",1044,2205,24671
40,081,97,000,OK,"Lincoln County Tot Mig-US",1032,2180,24332
40,081,97,001,OK,"Lincoln County Tot Mig-Same St",784,1663,18250
40,081,97,003,OK,"Lincoln County Tot Mig-Diff St",248,517,6082
40,081,98,000,OK,"Lincoln County Tot Mig-Foreign",12,25,338
40,081,40,081,OK,"Lincoln County Non-Migrants",11145,27292,350964
40,081,40,109,OK,"Oklahoma County",286,527,6843
40,081,40,125,OK,"Pottawatomie County",121,266,2568
40,081,40,027,OK,"Cleveland County",78,167,2030
40,081,40,119,OK,"Payne County",66,152,1238
40,081,40,143,OK,"Tulsa County",29,57,692
40,081,40,037,OK,"Creek County",28,57,418
40,081,40,107,OK,"Okfuskee County",16,46,254
40,081,40,133,OK,"Seminole County",15,38,526
40,081,40,017,OK,"Canadian County",14,25,418
40,081,40,083,OK,"Logan County",11,34,526
40,081,48,439,TX,"Tarrant County",10,18,289
40,081,58,000,SS,"Other Flows - Same State",120,294,2738
40,081,59,000,DS,"Other Flows - Diff State",238,499,5793
40,081,57,009,FR,"Foreign - Other flows",12,25,338
40,083,96,000,OK,"Logan County Tot Mig-US & For",1264,2702,49488
40,083,97,000,OK,"Logan County Tot Mig-US",1264,2702,49488
40,083,97,001,OK,"Logan County Tot Mig-Same St",837,1705,28210
40,083,97,003,OK,"Logan County Tot Mig-Diff St",427,997,21278
40,083,40,083,OK,"Logan County Non-Migrants",11534,28386,545742
40,083,40,109,OK,"Oklahoma County",544,1091,19961
40,083,40,119,OK,"Payne County",49,87,1130
40,083,40,027,OK,"Cleveland County",39,71,1054
40,083,40,143,OK,"Tulsa County",30,55,960
40,083,40,103,OK,"Noble County",19,36,491
40,083,48,201,TX,"Harris County",19,47,1478
40,083,40,017,OK,"Canadian County",16,42,1211
40,083,48,113,TX,"Dallas County",16,26,595
40,083,48,439,TX,"Tarrant County",15,28,835
40,083,40,047,OK,"Garfield County",14,39,366
40,083,40,073,OK,"Kingfisher County",13,32,277
40,083,04,013,AZ,"Maricopa County",11,22,622
40,083,58,000,SS,"Other Flows - Same State",113,252,2759
40,083,59,000,DS,"Other Flows - Diff State",366,874,17749
40,083,59,001,DS,"Other Flows - Northeast",19,52,1168
40,083,59,003,DS,"Other Flows - Midwest",95,254,5311
40,083,59,005,DS,"Other Flows - South",174,407,7980
40,083,59,007,DS,"Other Flows - West",78,161,3290
40,085,96,000,OK,"Love County Tot Mig-US & For",229,486,4857
40,085,97,000,OK,"Love County Tot Mig-US",229,486,4857
40,085,97,001,OK,"Love County Tot Mig-Same St",121,266,2627
40,085,97,003,OK,"Love County Tot Mig-Diff St",108,220,2230
40,085,40,085,OK,"Love County Non-Migrants",2519,5959,72564
40,085,40,019,OK,"Carter County",64,151,1478
40,085,48,097,TX,"Cooke County",28,57,612
40,085,58,000,SS,"Other Flows - Same State",57,115,1149
40,085,59,000,DS,"Other Flows - Diff State",80,163,1618
40,087,96,000,OK,"Mcclain County Tot Mig-US & For",741,1565,17861
40,087,97,000,OK,"Mcclain County Tot Mig-US",741,1565,17861
40,087,97,001,OK,"Mcclain County Tot Mig-Same St",594,1267,13922
40,087,97,003,OK,"Mcclain County Tot Mig-Diff St",147,298,3938
40,087,40,087,OK,"Mcclain County Non-Migrants",6715,16420,234602
40,087,40,027,OK,"Cleveland County",237,509,5812
40,087,40,109,OK,"Oklahoma County",132,258,2830
40,087,40,051,OK,"Grady County",53,126,1109
40,087,40,049,OK,"Garvin County",41,87,668
40,087,40,125,OK,"Pottawatomie County",20,46,555
40,087,40,017,OK,"Canadian County",16,32,496
40,087,58,000,SS,"Other Flows - Same State",95,209,2453
40,087,59,000,DS,"Other Flows - Diff State",147,298,3938
40,089,96,000,OK,"Mccurtain Count Tot Mig-US & For",589,1264,11174
40,089,97,000,OK,"Mccurtain Count Tot Mig-US",589,1264,11174
40,089,97,001,OK,"Mccurtain Count Tot Mig-Same St",224,478,4393
40,089,97,003,OK,"Mccurtain Count Tot Mig-Diff St",365,786,6781
40,089,40,089,OK,"Mccurtain Count Non-Migrants",9346,22573,244927
40,089,40,109,OK,"Oklahoma County",28,55,827
40,089,05,133,AR,"Sevier County",25,54,274
40,089,40,013,OK,"Bryan County",25,45,373
40,089,40,023,OK,"Choctaw County",21,48,313
40,089,40,143,OK,"Tulsa County",20,38,298
40,089,48,037,TX,"Bowie County",20,49,496
40,089,48,387,TX,"Red River County",17,36,278
40,089,05,113,AR,"Polk County",16,33,250
40,089,48,113,TX,"Dallas County",16,30,386
40,089,40,027,OK,"Cleveland County",14,26,195
40,089,48,277,TX,"Lamar County",13,27,261
40,089,40,127,OK,"Pushmataha County",12,28,240
40,089,40,121,OK,"Pittsburg County",11,32,485
40,089,58,000,SS,"Other Flows - Same State",93,206,1662
40,089,59,000,DS,"Other Flows - Diff State",258,557,4835
40,091,96,000,OK,"Mcintosh County Tot Mig-US & For",539,1103,10713
40,091,97,000,OK,"Mcintosh County Tot Mig-US",539,1103,10713
40,091,97,001,OK,"Mcintosh County Tot Mig-Same St",361,731,7223
40,091,97,003,OK,"Mcintosh County Tot Mig-Diff St",178,372,3490
40,091,40,091,OK,"Mcintosh County Non-Migrants",5529,12667,139882
40,091,40,101,OK,"Muskogee County",68,136,1349
40,091,40,109,OK,"Oklahoma County",64,114,1093
40,091,40,143,OK,"Tulsa County",40,78,958
40,091,40,111,OK,"Okmulgee County",26,67,432
40,091,40,121,OK,"Pittsburg County",21,43,729
40,091,40,125,OK,"Pottawatomie County",13,23,274
40,091,40,061,OK,"Haskell County",12,24,210
40,091,40,027,OK,"Cleveland County",11,28,185
40,091,58,000,SS,"Other Flows - Same State",106,218,1992
40,091,59,000,DS,"Other Flows - Diff State",178,372,3490
40,093,96,000,OK,"Major County Tot Mig-US & For",190,385,4386
40,093,97,000,OK,"Major County Tot Mig-US",190,385,4386
40,093,97,001,OK,"Major County Tot Mig-Same St",143,285,3156
40,093,97,003,OK,"Major County Tot Mig-Diff St",47,100,1230
40,093,40,093,OK,"Major County Non-Migrants",2455,5849,74145
40,093,40,047,OK,"Garfield County",44,92,973
40,093,40,109,OK,"Oklahoma County",15,24,289
40,093,40,003,OK,"Alfalfa County",12,27,243
40,093,58,000,SS,"Other Flows - Same State",72,142,1650
40,093,59,000,DS,"Other Flows - Diff State",47,100,1230
40,095,96,000,OK,"Marshall County Tot Mig-US & For",312,626,6926
40,095,97,000,OK,"Marshall County Tot Mig-US",312,626,6926
40,095,97,001,OK,"Marshall County Tot Mig-Same St",180,357,3466
40,095,97,003,OK,"Marshall County Tot Mig-Diff St",132,269,3459
40,095,40,095,OK,"Marshall County Non-Migrants",3510,8012,97335
40,095,40,019,OK,"Carter County",42,91,954
40,095,40,013,OK,"Bryan County",26,44,469
40,095,40,109,OK,"Oklahoma County",20,37,367
40,095,48,181,TX,"Grayson County",16,27,376
40,095,40,069,OK,"Johnston County",15,35,275
40,095,48,439,TX,"Tarrant County",11,23,286
40,095,48,113,TX,"Dallas County",10,25,209
40,095,58,000,SS,"Other Flows - Same State",77,150,1401
40,095,59,000,DS,"Other Flows - Diff State",95,194,2589
40,097,96,000,OK,"Mayes County Tot Mig-US & For",783,1685,18401
40,097,97,000,OK,"Mayes County Tot Mig-US",783,1685,18401
40,097,97,001,OK,"Mayes County Tot Mig-Same St",526,1114,12807
40,097,97,003,OK,"Mayes County Tot Mig-Diff St",257,571,5594
40,097,40,097,OK,"Mayes County Non-Migrants",11495,27674,362443
40,097,40,143,OK,"Tulsa County",163,308,4524
40,097,40,131,OK,"Rogers County",81,175,2069
40,097,40,041,OK,"Delaware County",56,123,968
40,097,40,035,OK,"Craig County",44,91,992
40,097,40,021,OK,"Cherokee County",34,85,760
40,097,40,145,OK,"Wagoner County",25,64,522
40,097,40,037,OK,"Creek County",13,25,188
40,097,05,007,AR,"Benton County",12,25,224
40,097,40,109,OK,"Oklahoma County",11,23,348
40,097,58,000,SS,"Other Flows - Same State",99,220,2435
40,097,59,000,DS,"Other Flows - Diff State",245,546,5371
40,099,96,000,OK,"Murray County Tot Mig-US & For",281,656,6059
40,099,97,000,OK,"Murray County Tot Mig-US",281,656,6059
40,099,97,001,OK,"Murray County Tot Mig-Same St",196,456,4131
40,099,97,003,OK,"Murray County Tot Mig-Diff St",85,200,1928
40,099,40,099,OK,"Murray County Non-Migrants",3286,7531,92235
40,099,40,049,OK,"Garvin County",43,107,1069
40,099,40,019,OK,"Carter County",28,61,455
40,099,40,027,OK,"Cleveland County",23,47,483
40,099,40,123,OK,"Pontotoc County",22,56,429
40,099,40,109,OK,"Oklahoma County",19,36,330
40,099,58,000,SS,"Other Flows - Same State",61,149,1366
40,099,59,000,DS,"Other Flows - Diff State",85,200,1928
40,101,96,000,OK,"Muskogee County Tot Mig-US & For",1451,3176,35799
40,101,97,000,OK,"Muskogee County Tot Mig-US",1438,3155,35578
40,101,97,001,OK,"Muskogee County Tot Mig-Same St",965,2133,22817
40,101,97,003,OK,"Muskogee County Tot Mig-Diff St",473,1022,12761
40,101,98,000,OK,"Muskogee County Tot Mig-Foreign",13,21,221
40,101,40,101,OK,"Muskogee County Non-Migrants",20265,47277,644408
40,101,40,143,OK,"Tulsa County",250,499,6106
40,101,40,145,OK,"Wagoner County",149,361,4036
40,101,40,021,OK,"Cherokee County",100,231,2480
40,101,40,091,OK,"Mcintosh County",76,189,1468
40,101,40,109,OK,"Oklahoma County",52,105,973
40,101,40,111,OK,"Okmulgee County",49,96,888
40,101,40,135,OK,"Sequoyah County",43,110,747
40,101,40,027,OK,"Cleveland County",27,42,925
40,101,48,113,TX,"Dallas County",22,42,522
40,101,40,131,OK,"Rogers County",19,53,417
40,101,40,121,OK,"Pittsburg County",18,45,421
40,101,40,097,OK,"Mayes County",14,34,436
40,101,29,095,MO,"Jackson County",13,34,317
40,101,40,001,OK,"Adair County",12,28,168
40,101,40,037,OK,"Creek County",12,29,384
40,101,40,061,OK,"Haskell County",12,35,312
40,101,40,147,OK,"Washington County",10,22,224
40,101,48,439,TX,"Tarrant County",10,25,259
40,101,58,000,SS,"Other Flows - Same State",122,254,2831
40,101,59,000,DS,"Other Flows - Diff State",428,921,11663
40,101,57,009,FR,"Foreign - Other flows",13,21,221
40,103,96,000,OK,"Noble County Tot Mig-US & For",291,583,6736
40,103,97,000,OK,"Noble County Tot Mig-US",291,583,6736
40,103,97,001,OK,"Noble County Tot Mig-Same St",205,404,4387
40,103,97,003,OK,"Noble County Tot Mig-Diff St",86,179,2349
40,103,40,103,OK,"Noble County Non-Migrants",3698,8712,124222
40,103,40,119,OK,"Payne County",71,144,1521
40,103,40,071,OK,"Kay County",27,66,559
40,103,40,047,OK,"Garfield County",19,31,334
40,103,40,109,OK,"Oklahoma County",17,23,408
40,103,40,143,OK,"Tulsa County",12,14,239
40,103,58,000,SS,"Other Flows - Same State",59,126,1327
40,103,59,000,DS,"Other Flows - Diff State",86,179,2349
40,105,96,000,OK,"Nowata County Tot Mig-US & For",244,533,5774
40,105,97,000,OK,"Nowata County Tot Mig-US",244,533,5774
40,105,97,001,OK,"Nowata County Tot Mig-Same St",147,329,3830
40,105,97,003,OK,"Nowata County Tot Mig-Diff St",97,204,1944
40,105,40,105,OK,"Nowata County Non-Migrants",2943,7054,82197
40,105,40,147,OK,"Washington County",48,119,1384
40,105,20,125,KS,"Montgomery County",44,92,846
40,105,40,143,OK,"Tulsa County",33,76,877
40,105,40,131,OK,"Rogers County",18,34,435
40,105,58,000,SS,"Other Flows - Same State",48,100,1134
40,105,59,000,DS,"Other Flows - Diff State",53,112,1098
40,107,96,000,OK,"Okfuskee County Tot Mig-US & For",256,597,4989
40,107,97,000,OK,"Okfuskee County Tot Mig-US",256,597,4989
40,107,97,001,OK,"Okfuskee County Tot Mig-Same St",207,476,3697
40,107,97,003,OK,"Okfuskee County Tot Mig-Diff St",49,121,1292
40,107,40,107,OK,"Okfuskee County Non-Migrants",3046,7238,73380
40,107,40,111,OK,"Okmulgee County",27,62,387
40,107,40,143,OK,"Tulsa County",27,53,530
40,107,40,133,OK,"Seminole County",20,56,354
40,107,40,081,OK,"Lincoln County",18,45,306
40,107,40,125,OK,"Pottawatomie County",18,43,312
40,107,40,037,OK,"Creek County",17,36,274
40,107,40,109,OK,"Oklahoma County",17,31,250
40,107,40,063,OK,"Hughes County",12,34,204
40,107,58,000,SS,"Other Flows - Same State",51,116,1079
40,107,59,000,DS,"Other Flows - Diff State",49,121,1292
40,109,96,000,OK,"Oklahoma County Tot Mig-US & For",17019,34770,538808
40,109,97,000,OK,"Oklahoma County Tot Mig-US",16642,33905,529788
40,109,97,001,OK,"Oklahoma County Tot Mig-Same St",8612,17647,250702
40,109,97,003,OK,"Oklahoma County Tot Mig-Diff St",8030,16258,279086
40,109,98,000,OK,"Oklahoma County Tot Mig-Foreign",377,865,9020
40,109,40,109,OK,"Oklahoma County Non-Migrants",202397,430854,7810803
40,109,40,027,OK,"Cleveland County",3176,6373,85957
40,109,40,017,OK,"Canadian County",1286,2756,42675
40,109,40,143,OK,"Tulsa County",658,1189,22750
40,109,40,083,OK,"Logan County",556,1186,23776
40,109,48,113,TX,"Dallas County",504,875,15190
40,109,57,005,FR,"Foreign - APO/FPO ZIPs",315,743,7288
40,109,40,081,OK,"Lincoln County",300,748,8261
40,109,40,125,OK,"Pottawatomie County",298,656,7253
40,109,48,439,TX,"Tarrant County",292,568,8878
40,109,48,201,TX,"Harris County",254,512,10082
40,109,40,051,OK,"Grady County",245,583,7781
40,109,40,119,OK,"Payne County",179,318,4542
40,109,40,087,OK,"Mcclain County",166,365,4791
40,109,48,085,TX,"Collin County",145,276,6086
40,109,48,029,TX,"Bexar County",141,301,5006
40,109,04,013,AZ,"Maricopa County",139,263,4349
40,109,48,121,TX,"Denton County",125,222,4928
40,109,40,031,OK,"Comanche County",122,225,2578
40,109,20,173,KS,"Sedgwick County",121,234,3528
40,109,06,037,CA,"Los Angeles County",102,175,2719
40,109,40,047,OK,"Garfield County",97,200,2783
40,109,32,003,NV,"Clark County",85,164,2569
40,109,48,453,TX,"Travis County",83,151,3361
40,109,20,091,KS,"Johnson County",80,176,4079
40,109,06,073,CA,"San Diego County",76,143,1782
40,109,40,015,OK,"Caddo County",76,166,1677
40,109,29,095,MO,"Jackson County",75,139,2215
40,109,08,041,CO,"El Paso County",74,162,2099
40,109,29,189,MO,"St Louis County",73,158,4274
40,109,17,031,IL,"Cook County",69,120,2447
40,109,40,049,OK,"Garvin County",63,120,1098
40,109,40,019,OK,"Carter County",62,110,1287
40,109,40,101,OK,"Muskogee County",62,130,1595
40,109,53,033,WA,"King County",61,104,2620
40,109,40,137,OK,"Stephens County",58,112,1289
40,109,40,039,OK,"Custer County",53,121,1238
40,109,40,073,OK,"Kingfisher County",53,105,1612
40,109,40,123,OK,"Pontotoc County",53,99,1304
40,109,40,121,OK,"Pittsburg County",52,109,1024
40,109,06,059,CA,"Orange County",50,95,1208
40,109,40,071,OK,"Kay County",50,82,1518
40,109,40,091,OK,"Mcintosh County",49,93,1109
40,109,40,133,OK,"Seminole County",48,93,835
40,109,35,001,NM,"Bernalillo County",47,97,1792
40,109,48,027,TX,"Bell County",47,97,1309
40,109,48,141,TX,"El Paso County",46,108,759
40,109,47,037,TN,"Davidson County",45,70,1555
40,109,08,005,CO,"Arapahoe County",44,104,1661
40,109,40,131,OK,"Rogers County",44,105,1967
40,109,40,037,OK,"Creek County",41,66,947
40,109,40,009,OK,"Beckham County",40,77,743
40,109,40,065,OK,"Jackson County",40,98,797
40,109,48,485,TX,"Wichita County",39,83,1028
40,109,51,059,VA,"Fairfax County",39,89,1983
40,109,05,119,AR,"Pulaski County",38,86,1808
40,109,48,181,TX,"Grayson County",37,71,1142
40,109,02,020,AK,"Anchorage Borough",35,83,1263
40,109,40,145,OK,"Wagoner County",35,65,1174
40,109,40,147,OK,"Washington County",34,59,1033
40,109,08,059,CO,"Jefferson County",33,59,1077
40,109,06,071,CA,"San Bernardino Count",32,56,738
40,109,12,091,FL,"Okaloosa County",32,78,1247
40,109,40,021,OK,"Cherokee County",32,54,697
40,109,53,053,WA,"Pierce County",32,68,847
40,109,04,019,AZ,"Pima County",31,52,910
40,109,05,143,AR,"Washington County",31,61,1062
40,109,13,135,GA,"Gwinnett County",31,60,837
40,109,47,157,TN,"Shelby County",31,64,1308
40,109,05,007,AR,"Benton County",30,67,823
40,109,12,057,FL,"Hillsborough County",30,66,1099
40,109,15,003,HI,"Honolulu County",30,69,906
40,109,40,113,OK,"Osage County",30,60,987
40,109,05,131,AR,"Sebastian County",29,67,881
40,109,12,031,FL,"Duval County",29,55,662
40,109,29,077,MO,"Greene County",29,68,714
40,109,31,055,NE,"Douglas County",29,56,1189
40,109,40,011,OK,"Blaine County",29,53,569
40,109,40,153,OK,"Woodward County",29,62,1121
40,109,48,303,TX,"Lubbock County",29,60,895
40,109,48,355,TX,"Nueces County",29,63,1193
40,109,48,157,TX,"Fort Bend County",28,60,2048
40,109,08,031,CO,"Denver County",27,42,1137
40,109,12,095,FL,"Orange County",27,38,696
40,109,40,099,OK,"Murray County",27,43,583
40,109,06,085,CA,"Santa Clara County",26,56,854
40,109,31,153,NE,"Sarpy County",26,62,724
40,109,48,339,TX,"Montgomery County",26,77,1810
40,109,24,033,MD,"Prince George's Coun",25,65,625
40,109,29,097,MO,"Jasper County",25,56,814
40,109,37,051,NC,"Cumberland County",25,52,371
40,109,41,051,OR,"Multnomah County",25,42,529
40,109,48,309,TX,"Mclennan County",25,47,803
40,109,06,065,CA,"Riverside County",24,46,708
40,109,40,095,OK,"Marshall County",24,42,831
40,109,40,107,OK,"Okfuskee County",24,47,513
40,109,40,111,OK,"Okmulgee County",24,51,424
40,109,48,215,TX,"Hidalgo County",24,51,792
40,109,06,067,CA,"Sacramento County",23,60,697
40,109,39,049,OH,"Franklin County",23,43,2655
40,109,48,167,TX,"Galveston County",23,47,775
40,109,06,029,CA,"Kern County",22,45,636
40,109,08,001,CO,"Adams County",22,38,619
40,109,08,013,CO,"Boulder County",22,35,516
40,109,17,163,IL,"St Clair County",22,51,848
40,109,40,013,OK,"Bryan County",22,58,524
40,109,48,329,TX,"Midland County",22,59,1349
40,109,06,001,CA,"Alameda County",21,32,389
40,109,12,009,FL,"Brevard County",21,40,881
40,109,12,011,FL,"Broward County",21,39,777
40,109,12,033,FL,"Escambia County",21,35,619
40,109,13,089,GA,"De Kalb County",21,32,717
40,109,13,121,GA,"Fulton County",21,32,1073
40,109,26,125,MI,"Oakland County",21,51,1226
40,109,40,135,OK,"Sequoyah County",21,48,1676
40,109,49,035,UT,"Salt Lake County",21,34,678
40,109,12,117,FL,"Seminole County",20,38,776
40,109,13,153,GA,"Houston County",20,44,856
40,109,40,089,OK,"Mccurtain County",20,45,352
40,109,48,061,TX,"Cameron County",20,42,486
40,109,48,491,TX,"Williamson County",20,51,1009
40,109,11,001,DC,"District Of Columbia",19,28,468
40,109,29,183,MO,"St Charles County",19,52,922
40,109,40,075,OK,"Kiowa County",19,46,400
40,109,40,079,OK,"Le Flore County",19,40,344
40,109,06,013,CA,"Contra Costa County",18,40,765
40,109,13,067,GA,"Cobb County",18,36,710
40,109,21,111,KY,"Jefferson County",18,31,843
40,109,22,071,LA,"Orleans Parish",18,36,582
40,109,39,113,OH,"Montgomery County",18,40,705
40,109,48,231,TX,"Hunt County",18,38,395
40,109,06,095,CA,"Solano County",17,40,520
40,109,12,025,FL,"Dade County",17,39,278
40,109,17,043,IL,"Du Page County",17,42,1310
40,109,17,097,IL,"Lake County",17,32,734
40,109,19,153,IA,"Polk County",17,35,473
40,109,40,041,OK,"Delaware County",17,30,467
40,109,40,063,OK,"Hughes County",17,34,235
40,109,40,115,OK,"Ottawa County",17,34,470
40,109,48,423,TX,"Smith County",17,33,1156
40,109,06,111,CA,"Ventura County",16,25,306
40,109,20,177,KS,"Shawnee County",16,30,381
40,109,27,053,MN,"Hennepin County",16,21,362
40,109,28,047,MS,"Harrison County",16,33,388
40,109,37,183,NC,"Wake County",16,35,589
40,109,45,019,SC,"Charleston County",16,33,451
40,109,51,810,VA,"Virginia Beach",16,30,373
40,109,05,045,AR,"Faulkner County",15,33,709
40,109,18,097,IN,"Marion County",15,27,314
40,109,32,031,NV,"Washoe County",15,25,383
40,109,40,023,OK,"Choctaw County",15,31,289
40,109,40,077,OK,"Latimer County",15,27,257
40,109,40,103,OK,"Noble County",15,30,298
40,109,48,375,TX,"Potter County",15,35,497
40,109,51,700,VA,"Newport News",15,37,385
40,109,01,073,AL,"Jefferson County",14,17,2173
40,109,12,005,FL,"Bay County",14,41,462
40,109,22,055,LA,"Lafayette Parish",14,29,544
40,109,24,031,MD,"Montgomery County",14,27,564
40,109,26,163,MI,"Wayne County",14,24,309
40,109,29,047,MO,"Clay County",14,34,439
40,109,29,165,MO,"Platte County",14,29,695
40,109,29,510,MO,"St Louis",14,17,525
40,109,40,005,OK,"Atoka County",14,37,184
40,109,40,139,OK,"Texas County",14,28,279
40,109,48,139,TX,"Ellis County",14,33,444
40,109,48,183,TX,"Gregg County",14,26,397
40,109,51,153,VA,"Prince William Count",14,42,576
40,109,53,061,WA,"Snohomish County",14,28,593
40,109,22,017,LA,"Caddo Parish",13,23,395
40,109,22,033,LA,"East Baton Rouge Par",13,21,351
40,109,22,051,LA,"Jefferson Parish",13,31,305
40,109,24,037,MD,"St Mary's County",13,27,392
40,109,27,037,MN,"Dakota County",13,29,530
40,109,35,049,NM,"Santa Fe County",13,20,598
40,109,37,119,NC,"Mecklenburg County",13,28,542
40,109,37,133,NC,"Onslow County",13,24,160
40,109,42,003,PA,"Allegheny County",13,24,527
40,109,48,367,TX,"Parker County",13,26,377
40,109,02,090,AK,"Fairbanks North Star",12,27,246
40,109,04,015,AZ,"Mohave County",12,30,219
40,109,06,075,CA,"San Francisco County",12,14,278
40,109,12,071,FL,"Lee County",12,22,329
40,109,12,099,FL,"Palm Beach County",12,25,2635
40,109,20,045,KS,"Douglas County",12,15,234
40,109,24,003,MD,"Anne Arundel County",12,33,299
40,109,25,017,MA,"Middlesex County",12,22,485
40,109,36,061,NY,"New York County",12,13,436
40,109,39,057,OH,"Greene County",12,34,542
40,109,40,069,OK,"Johnston County",12,29,270
40,109,40,097,OK,"Mayes County",12,28,316
40,109,40,117,OK,"Pawnee County",12,31,333
40,109,40,149,OK,"Washita County",12,16,193
40,109,48,037,TX,"Bowie County",12,25,364
40,109,48,039,TX,"Brazoria County",12,19,446
40,109,48,381,TX,"Randall County",12,28,428
40,109,48,441,TX,"Taylor County",12,28,343
40,109,51,199,VA,"York County",12,45,488
40,109,05,051,AR,"Garland County",11,18,228
40,109,08,069,CO,"Larimer County",11,18,197
40,109,12,103,FL,"Pinellas County",11,19,528
40,109,13,179,GA,"Liberty County",11,13,190
40,109,16,001,ID,"Ada County",11,25,276
40,109,20,061,KS,"Geary County",11,34,265
40,109,36,047,NY,"Kings County",11,15,146
40,109,40,055,OK,"Greer County",11,25,100
40,109,40,061,OK,"Haskell County",11,18,234
40,109,45,045,SC,"Greenville County",11,18,401
40,109,45,085,SC,"Sumter County",11,30,318
40,109,48,245,TX,"Jefferson County",11,28,677
40,109,01,101,AL,"Montgomery County",10,27,265
40,109,08,035,CO,"Douglas County",10,21,1194
40,109,12,113,FL,"Santa Rosa County",10,25,272
40,109,20,169,KS,"Saline County",10,26,253
40,109,22,015,LA,"Bossier Parish",10,22,260
40,109,22,103,LA,"St Tammany Parish",10,25,766
40,109,25,027,MA,"Worcester County",10,18,324
40,109,28,049,MS,"Hinds County",10,12,202
40,109,29,019,MO,"Boone County",10,18,376
40,109,30,013,MT,"Cascade County",10,24,259
40,109,40,043,OK,"Dewey County",10,19,128
40,109,47,125,TN,"Montgomery County",10,19,155
40,109,58,000,SS,"Other Flows - Same State",92,172,2237
40,109,59,000,DS,"Other Flows - Diff State",2654,5600,89270
40,109,59,001,DS,"Other Flows - Northeast",277,532,9487
40,109,59,003,DS,"Other Flows - Midwest",721,1582,23798
40,109,59,005,DS,"Other Flows - South",1187,2531,41128
40,109,59,007,DS,"Other Flows - West",469,955,14856
40,109,57,009,FR,"Foreign - Other flows",62,122,1732
40,111,96,000,OK,"Okmulgee County Tot Mig-US & For",852,1858,19084
40,111,97,000,OK,"Okmulgee County Tot Mig-US",852,1858,19084
40,111,97,001,OK,"Okmulgee County Tot Mig-Same St",627,1367,14364
40,111,97,003,OK,"Okmulgee County Tot Mig-Diff St",225,491,4720
40,111,40,111,OK,"Okmulgee County Non-Migrants",10254,24188,297044
40,111,40,143,OK,"Tulsa County",263,528,6331
40,111,40,037,OK,"Creek County",56,157,1499
40,111,40,101,OK,"Muskogee County",44,104,1013
40,111,40,109,OK,"Oklahoma County",32,54,572
40,111,40,091,OK,"Mcintosh County",29,71,668
40,111,40,107,OK,"Okfuskee County",25,72,423
40,111,40,027,OK,"Cleveland County",15,26,281
40,111,40,063,OK,"Hughes County",10,25,163
40,111,40,121,OK,"Pittsburg County",10,28,183
40,111,40,131,OK,"Rogers County",10,25,288
40,111,58,000,SS,"Other Flows - Same State",133,277,2945
40,111,59,000,DS,"Other Flows - Diff State",225,491,4720
40,113,96,000,OK,"Osage County Tot Mig-US & For",1566,3245,36610
40,113,97,000,OK,"Osage County Tot Mig-US",1566,3245,36610
40,113,97,001,OK,"Osage County Tot Mig-Same St",1254,2625,28325
40,113,97,003,OK,"Osage County Tot Mig-Diff St",312,620,8285
40,113,40,113,OK,"Osage County Non-Migrants",14408,34044,477454
40,113,40,143,OK,"Tulsa County",722,1475,15046
40,113,40,147,OK,"Washington County",104,225,2429
40,113,40,071,OK,"Kay County",62,121,1287
40,113,40,117,OK,"Pawnee County",54,117,1204
40,113,40,037,OK,"Creek County",46,98,1130
40,113,40,131,OK,"Rogers County",44,128,1119
40,113,40,109,OK,"Oklahoma County",28,57,577
40,113,40,145,OK,"Wagoner County",28,54,747
40,113,40,119,OK,"Payne County",25,46,584
40,113,48,113,TX,"Dallas County",13,19,355
40,113,40,111,OK,"Okmulgee County",12,28,290
40,113,40,101,OK,"Muskogee County",11,24,1170
40,113,48,201,TX,"Harris County",11,23,555
40,113,20,173,KS,"Sedgwick County",10,21,227
40,113,40,021,OK,"Cherokee County",10,25,317
40,113,58,000,SS,"Other Flows - Same State",108,227,2425
40,113,59,000,DS,"Other Flows - Diff State",278,557,7148
40,115,96,000,OK,"Ottawa County Tot Mig-US & For",705,1490,15993
40,115,97,000,OK,"Ottawa County Tot Mig-US",705,1490,15993
40,115,97,001,OK,"Ottawa County Tot Mig-Same St",296,598,6293
40,115,97,003,OK,"Ottawa County Tot Mig-Diff St",409,892,9700
40,115,40,115,OK,"Ottawa County Non-Migrants",9612,22322,258597
40,115,40,041,OK,"Delaware County",71,144,1599
40,115,29,097,MO,"Jasper County",69,147,1516
40,115,40,035,OK,"Craig County",50,106,959
40,115,29,145,MO,"Newton County",38,91,748
40,115,40,143,OK,"Tulsa County",38,68,658
40,115,20,021,KS,"Cherokee County",31,67,517
40,115,40,109,OK,"Oklahoma County",20,38,536
40,115,40,097,OK,"Mayes County",19,34,343
40,115,20,037,KS,"Crawford County",13,25,274
40,115,40,119,OK,"Payne County",13,22,183
40,115,05,007,AR,"Benton County",12,29,237
40,115,29,119,MO,"Mcdonald County",12,21,206
40,115,40,131,OK,"Rogers County",10,16,225
40,115,58,000,SS,"Other Flows - Same State",75,170,1790
40,115,59,000,DS,"Other Flows - Diff State",234,512,6200
40,117,96,000,OK,"Pawnee County Tot Mig-US & For",464,1026,12035
40,117,97,000,OK,"Pawnee County Tot Mig-US",464,1026,12035
40,117,97,001,OK,"Pawnee County Tot Mig-Same St",354,792,9108
40,117,97,003,OK,"Pawnee County Tot Mig-Diff St",110,234,2927
40,117,40,117,OK,"Pawnee County Non-Migrants",4585,11029,143891
40,117,40,143,OK,"Tulsa County",115,253,3937
40,117,40,037,OK,"Creek County",49,114,1132
40,117,40,113,OK,"Osage County",48,117,955
40,117,40,119,OK,"Payne County",47,97,933
40,117,40,109,OK,"Oklahoma County",15,27,202
40,117,58,000,SS,"Other Flows - Same State",80,184,1949
40,117,59,000,DS,"Other Flows - Diff State",110,234,2927
40,119,96,000,OK,"Payne County Tot Mig-US & For",2161,4091,53137
40,119,97,000,OK,"Payne County Tot Mig-US",2146,4069,52766
40,119,97,001,OK,"Payne County Tot Mig-Same St",1175,2226,26850
40,119,97,003,OK,"Payne County Tot Mig-Diff St",971,1843,25917
40,119,98,000,OK,"Payne County Tot Mig-Foreign",15,22,370
40,119,40,119,OK,"Payne County Non-Migrants",17129,38201,638725
40,119,40,143,OK,"Tulsa County",264,469,6315
40,119,40,109,OK,"Oklahoma County",175,296,3937
40,119,40,081,OK,"Lincoln County",73,181,1540
40,119,40,103,OK,"Noble County",71,152,1433
40,119,40,037,OK,"Creek County",68,143,1380
40,119,40,083,OK,"Logan County",55,101,1505
40,119,40,027,OK,"Cleveland County",54,90,1246
40,119,48,113,TX,"Dallas County",54,80,976
40,119,40,071,OK,"Kay County",48,102,1618
40,119,40,117,OK,"Pawnee County",42,105,870
40,119,48,201,TX,"Harris County",37,67,1092
40,119,40,047,OK,"Garfield County",26,30,521
40,119,40,131,OK,"Rogers County",25,56,763
40,119,20,173,KS,"Sedgwick County",24,46,646
40,119,40,125,OK,"Pottawatomie County",22,48,762
40,119,04,013,AZ,"Maricopa County",20,41,542
40,119,48,439,TX,"Tarrant County",20,30,445
40,119,40,147,OK,"Washington County",18,24,387
40,119,40,113,OK,"Osage County",14,24,175
40,119,48,453,TX,"Travis County",14,20,339
40,119,17,031,IL,"Cook County",13,18,299
40,119,48,085,TX,"Collin County",13,27,418
40,119,06,073,CA,"San Diego County",11,18,177
40,119,40,031,OK,"Comanche County",11,14,117
40,119,48,121,TX,"Denton County",11,20,307
40,119,05,007,AR,"Benton County",10,14,279
40,119,06,085,CA,"Santa Clara County",10,15,170
40,119,08,041,CO,"El Paso County",10,22,206
40,119,32,003,NV,"Clark County",10,15,112
40,119,40,009,OK,"Beckham County",10,29,193
40,119,40,019,OK,"Carter County",10,20,164
40,119,40,041,OK,"Delaware County",10,14,667
40,119,58,000,SS,"Other Flows - Same State",179,328,3256
40,119,59,000,DS,"Other Flows - Diff State",714,1410,19909
40,119,59,001,DS,"Other Flows - Northeast",47,84,1248
40,119,59,003,DS,"Other Flows - Midwest",204,378,5822
40,119,59,005,DS,"Other Flows - South",309,631,9148
40,119,59,007,DS,"Other Flows - West",154,317,3692
40,119,57,009,FR,"Foreign - Other flows",15,22,370
40,121,96,000,OK,"Pittsburg Count Tot Mig-US & For",847,1857,19803
40,121,97,000,OK,"Pittsburg Count Tot Mig-US",847,1857,19803
40,121,97,001,OK,"Pittsburg Count Tot Mig-Same St",522,1185,11798
40,121,97,003,OK,"Pittsburg Count Tot Mig-Diff St",325,672,8006
40,121,40,121,OK,"Pittsburg Count Non-Migrants",12253,27844,367193
40,121,40,143,OK,"Tulsa County",68,129,2031
40,121,40,109,OK,"Oklahoma County",64,116,1292
40,121,40,077,OK,"Latimer County",40,108,695
40,121,40,123,OK,"Pontotoc County",29,76,594
40,121,40,091,OK,"Mcintosh County",26,73,570
40,121,48,113,TX,"Dallas County",25,53,511
40,121,40,063,OK,"Hughes County",24,54,572
40,121,40,027,OK,"Cleveland County",21,37,402
40,121,40,061,OK,"Haskell County",19,55,574
40,121,40,013,OK,"Bryan County",18,35,295
40,121,40,101,OK,"Muskogee County",17,38,338
40,121,40,079,OK,"Le Flore County",13,24,237
40,121,40,037,OK,"Creek County",11,22,207
40,121,40,111,OK,"Okmulgee County",11,30,273
40,121,40,119,OK,"Payne County",11,26,197
40,121,48,439,TX,"Tarrant County",10,21,362
40,121,58,000,SS,"Other Flows - Same State",150,362,3522
40,121,59,000,DS,"Other Flows - Diff State",290,598,7133
40,123,96,000,OK,"Pontotoc County Tot Mig-US & For",792,1662,18778
40,123,97,000,OK,"Pontotoc County Tot Mig-US",792,1662,18778
40,123,97,001,OK,"Pontotoc County Tot Mig-Same St",534,1124,11813
40,123,97,003,OK,"Pontotoc County Tot Mig-Diff St",258,538,6965
40,123,40,123,OK,"Pontotoc County Non-Migrants",9768,22299,301833
40,123,40,109,OK,"Oklahoma County",71,118,1686
40,123,40,049,OK,"Garvin County",51,122,1070
40,123,40,133,OK,"Seminole County",41,94,882
40,123,40,027,OK,"Cleveland County",37,74,1010
40,123,40,143,OK,"Tulsa County",37,76,983
40,123,40,125,OK,"Pottawatomie County",30,62,682
40,123,40,063,OK,"Hughes County",26,59,482
40,123,40,121,OK,"Pittsburg County",22,46,393
40,123,40,019,OK,"Carter County",20,40,374
40,123,40,099,OK,"Murray County",17,38,274
40,123,40,029,OK,"Coal County",15,36,156
40,123,40,119,OK,"Payne County",14,22,289
40,123,48,439,TX,"Tarrant County",14,27,377
40,123,40,013,OK,"Bryan County",13,27,222
40,123,48,181,TX,"Grayson County",13,27,390
40,123,40,087,OK,"Mcclain County",11,26,186
40,123,40,137,OK,"Stephens County",11,23,205
40,123,48,085,TX,"Collin County",10,15,260
40,123,58,000,SS,"Other Flows - Same State",118,261,2919
40,123,59,000,DS,"Other Flows - Diff State",221,469,5938
40,125,96,000,OK,"Pottawatomie Co Tot Mig-US & For",1450,2976,35712
40,125,97,000,OK,"Pottawatomie Co Tot Mig-US",1450,2976,35712
40,125,97,001,OK,"Pottawatomie Co Tot Mig-Same St",990,2015,22333
40,125,97,003,OK,"Pottawatomie Co Tot Mig-Diff St",460,961,13379
40,125,40,125,OK,"Pottawatomie Co Non-Migrants",17597,40764,562635
40,125,40,109,OK,"Oklahoma County",296,546,6379
40,125,40,027,OK,"Cleveland County",175,334,3957
40,125,40,081,OK,"Lincoln County",100,215,2196
40,125,40,133,OK,"Seminole County",97,222,1850
40,125,40,143,OK,"Tulsa County",49,92,1760
40,125,40,119,OK,"Payne County",23,43,466
40,125,48,439,TX,"Tarrant County",23,45,554
40,125,40,123,OK,"Pontotoc County",22,39,780
40,125,40,017,OK,"Canadian County",19,50,545
40,125,48,113,TX,"Dallas County",18,28,677
40,125,48,201,TX,"Harris County",15,24,488
40,125,40,031,OK,"Comanche County",13,33,293
40,125,40,049,OK,"Garvin County",13,28,335
40,125,40,107,OK,"Okfuskee County",13,35,269
40,125,40,051,OK,"Grady County",11,23,223
40,125,40,063,OK,"Hughes County",10,18,152
40,125,58,000,SS,"Other Flows - Same State",149,337,3128
40,125,59,000,DS,"Other Flows - Diff State",404,864,11660
40,125,59,001,DS,"Other Flows - Northeast",16,33,440
40,125,59,003,DS,"Other Flows - Midwest",82,188,2050
40,125,59,005,DS,"Other Flows - South",210,458,6384
40,125,59,007,DS,"Other Flows - West",96,185,2786
40,127,96,000,OK,"Pushmataha Coun Tot Mig-US & For",216,484,3968
40,127,97,000,OK,"Pushmataha Coun Tot Mig-US",216,484,3968
40,127,97,001,OK,"Pushmataha Coun Tot Mig-Same St",140,327,2699
40,127,97,003,OK,"Pushmataha Coun Tot Mig-Diff St",76,157,1269
40,127,40,127,OK,"Pushmataha Coun Non-Migrants",2822,6786,64892
40,127,40,023,OK,"Choctaw County",22,57,344
40,127,40,013,OK,"Bryan County",14,29,292
40,127,40,005,OK,"Atoka County",11,28,157
40,127,40,089,OK,"Mccurtain County",11,24,244
40,127,58,000,SS,"Other Flows - Same State",82,189,1661
40,127,59,000,DS,"Other Flows - Diff State",76,157,1269
40,129,96,000,OK,"Roger Mills Cou Tot Mig-US & For",81,155,1622
40,129,97,000,OK,"Roger Mills Cou Tot Mig-US",81,155,1622
40,129,97,001,OK,"Roger Mills Cou Tot Mig-Same St",60,114,1034
40,129,97,003,OK,"Roger Mills Cou Tot Mig-Diff St",21,41,588
40,129,40,129,OK,"Roger Mills Cou Non-Migrants",1138,2624,35618
40,129,40,009,OK,"Beckham County",23,39,372
40,129,58,000,SS,"Other Flows - Same State",37,75,662
40,129,59,000,DS,"Other Flows - Diff State",21,41,588
40,131,96,000,OK,"Rogers County Tot Mig-US & For",1854,3837,55599
40,131,97,000,OK,"Rogers County Tot Mig-US",1842,3813,55188
40,131,97,001,OK,"Rogers County Tot Mig-Same St",1359,2755,37255
40,131,97,003,OK,"Rogers County Tot Mig-Diff St",483,1058,17933
40,131,98,000,OK,"Rogers County Tot Mig-Foreign",12,24,412
40,131,40,131,OK,"Rogers County Non-Migrants",22152,55204,941206
40,131,40,143,OK,"Tulsa County",824,1581,22510
40,131,40,097,OK,"Mayes County",89,214,2177
40,131,40,145,OK,"Wagoner County",67,139,2489
40,131,40,113,OK,"Osage County",41,100,1392
40,131,40,035,OK,"Craig County",36,82,847
40,131,40,037,OK,"Creek County",34,90,902
40,131,40,147,OK,"Washington County",34,80,965
40,131,40,119,OK,"Payne County",29,46,521
40,131,40,109,OK,"Oklahoma County",22,39,544
40,131,40,027,OK,"Cleveland County",20,26,375
40,131,40,105,OK,"Nowata County",18,45,731
40,131,40,041,OK,"Delaware County",16,45,476
40,131,40,021,OK,"Cherokee County",15,31,344
40,131,40,101,OK,"Muskogee County",15,29,386
40,131,48,201,TX,"Harris County",14,33,1105
40,131,06,073,CA,"San Diego County",11,17,185
40,131,40,117,OK,"Pawnee County",11,20,271
40,131,48,113,TX,"Dallas County",11,16,228
40,131,05,007,AR,"Benton County",10,22,285
40,131,40,115,OK,"Ottawa County",10,20,290
40,131,58,000,SS,"Other Flows - Same State",78,168,2035
40,131,59,000,DS,"Other Flows - Diff State",437,970,16130
40,131,59,001,DS,"Other Flows - Northeast",14,25,449
40,131,59,003,DS,"Other Flows - Midwest",132,315,6896
40,131,59,005,DS,"Other Flows - South",189,447,6292
40,131,59,007,DS,"Other Flows - West",102,183,2493
40,131,57,009,FR,"Foreign - Other flows",12,24,412
40,133,96,000,OK,"Seminole County Tot Mig-US & For",647,1444,13168
40,133,97,000,OK,"Seminole County Tot Mig-US",647,1444,13168
40,133,97,001,OK,"Seminole County Tot Mig-Same St",497,1116,10065
40,133,97,003,OK,"Seminole County Tot Mig-Diff St",150,328,3103
40,133,40,133,OK,"Seminole County Non-Migrants",6963,16249,167128
40,133,40,125,OK,"Pottawatomie County",112,253,2537
40,133,40,109,OK,"Oklahoma County",81,167,1776
40,133,40,123,OK,"Pontotoc County",51,94,692
40,133,40,063,OK,"Hughes County",49,130,780
40,133,40,027,OK,"Cleveland County",29,52,604
40,133,40,107,OK,"Okfuskee County",17,39,333
40,133,40,143,OK,"Tulsa County",16,25,229
40,133,40,101,OK,"Muskogee County",12,25,194
40,133,40,081,OK,"Lincoln County",11,33,463
40,133,40,111,OK,"Okmulgee County",10,32,148
40,133,58,000,SS,"Other Flows - Same State",109,266,2308
40,133,59,000,DS,"Other Flows - Diff State",150,328,3103
40,135,96,000,OK,"Sequoyah County Tot Mig-US & For",746,1626,16579
40,135,97,000,OK,"Sequoyah County Tot Mig-US",746,1626,16579
40,135,97,001,OK,"Sequoyah County Tot Mig-Same St",273,609,5778
40,135,97,003,OK,"Sequoyah County Tot Mig-Diff St",473,1017,10801
40,135,40,135,OK,"Sequoyah County Non-Migrants",10579,25511,291499
40,135,05,131,AR,"Sebastian County",191,410,3606
40,135,05,033,AR,"Crawford County",44,95,1051
40,135,40,101,OK,"Muskogee County",40,76,1269
40,135,40,079,OK,"Le Flore County",37,80,859
40,135,40,143,OK,"Tulsa County",28,54,519
40,135,40,021,OK,"Cherokee County",24,65,403
40,135,40,109,OK,"Oklahoma County",22,59,435
40,135,40,001,OK,"Adair County",15,33,222
40,135,40,061,OK,"Haskell County",10,28,147
40,135,58,000,SS,"Other Flows - Same State",97,214,1924
40,135,59,000,DS,"Other Flows - Diff State",238,512,6144
40,137,96,000,OK,"Stephens County Tot Mig-US & For",890,1921,24356
40,137,97,000,OK,"Stephens County Tot Mig-US",880,1894,23699
40,137,97,001,OK,"Stephens County Tot Mig-Same St",477,990,11295
40,137,97,003,OK,"Stephens County Tot Mig-Diff St",403,904,12404
40,137,98,000,OK,"Stephens County Tot Mig-Foreign",10,27,657
40,137,40,137,OK,"Stephens County Non-Migrants",13164,31164,450857
40,137,40,109,OK,"Oklahoma County",74,128,1893
40,137,40,031,OK,"Comanche County",73,138,1704
40,137,40,051,OK,"Grady County",43,93,877
40,137,40,027,OK,"Cleveland County",34,71,872
40,137,48,113,TX,"Dallas County",28,52,522
40,137,48,201,TX,"Harris County",28,80,2069
40,137,40,143,OK,"Tulsa County",26,46,845
40,137,40,067,OK,"Jefferson County",25,60,520
40,137,48,439,TX,"Tarrant County",25,38,618
40,137,40,019,OK,"Carter County",24,56,477
40,137,40,049,OK,"Garvin County",16,38,276
40,137,40,017,OK,"Canadian County",13,31,143
40,137,40,015,OK,"Caddo County",11,26,237
40,137,40,119,OK,"Payne County",10,25,431
40,137,48,485,TX,"Wichita County",10,19,208
40,137,58,000,SS,"Other Flows - Same State",128,278,3020
40,137,59,000,DS,"Other Flows - Diff State",312,715,8988
40,137,57,009,FR,"Foreign - Other flows",10,27,657
40,139,96,000,OK,"Texas County Tot Mig-US & For",600,1411,15643
40,139,97,000,OK,"Texas County Tot Mig-US",600,1411,15643
40,139,97,001,OK,"Texas County Tot Mig-Same St",160,368,4507
40,139,97,003,OK,"Texas County Tot Mig-Diff St",440,1043,11136
40,139,40,139,OK,"Texas County Non-Migrants",5375,13129,195550
40,139,20,175,KS,"Seward County",46,93,1070
40,139,40,109,OK,"Oklahoma County",19,35,433
40,139,48,141,TX,"El Paso County",17,57,252
40,139,40,153,OK,"Woodward County",14,33,381
40,139,48,375,TX,"Potter County",13,27,213
40,139,48,341,TX,"Moore County",12,31,231
40,139,40,143,OK,"Tulsa County",11,33,390
40,139,20,129,KS,"Morton County",10,29,382
40,139,58,000,SS,"Other Flows - Same State",116,267,3303
40,139,59,000,DS,"Other Flows - Diff State",342,806,8988
40,141,96,000,OK,"Tillman County Tot Mig-US & For",237,575,4589
40,141,97,000,OK,"Tillman County Tot Mig-US",237,575,4589
40,141,97,001,OK,"Tillman County Tot Mig-Same St",110,285,2260
40,141,97,003,OK,"Tillman County Tot Mig-Diff St",127,290,2329
40,141,40,141,OK,"Tillman County Non-Migrants",2570,6158,60572
40,141,48,485,TX,"Wichita County",24,54,507
40,141,40,031,OK,"Comanche County",21,49,321
40,141,40,065,OK,"Jackson County",16,41,420
40,141,40,109,OK,"Oklahoma County",12,23,213
40,141,58,000,SS,"Other Flows - Same State",61,172,1306
40,141,59,000,DS,"Other Flows - Diff State",103,236,1822
40,143,96,000,OK,"Tulsa County Tot Mig-US & For",13296,27478,502060
40,143,97,000,OK,"Tulsa County Tot Mig-US",13202,27302,498336
40,143,97,001,OK,"Tulsa County Tot Mig-Same St",6286,13652,188841
40,143,97,003,OK,"Tulsa County Tot Mig-Diff St",6916,13650,309495
40,143,98,000,OK,"Tulsa County Tot Mig-Foreign",94,176,3724
40,143,40,143,OK,"Tulsa County Non-Migrants",171046,375050,7740602
40,143,40,131,OK,"Rogers County",1078,2486,38587
40,143,40,037,OK,"Creek County",931,2092,27906
40,143,40,145,OK,"Wagoner County",841,1975,29767
40,143,40,113,OK,"Osage County",778,1782,20590
40,143,40,109,OK,"Oklahoma County",430,817,13460
40,143,48,113,TX,"Dallas County",333,563,15571
40,143,48,201,TX,"Harris County",302,639,18497
40,143,48,439,TX,"Tarrant County",240,468,9120
40,143,40,111,OK,"Okmulgee County",227,502,6005
40,143,40,101,OK,"Muskogee County",208,428,4598
40,143,40,027,OK,"Cleveland County",206,363,5048
40,143,40,097,OK,"Mayes County",189,404,5496
40,143,40,119,OK,"Payne County",154,228,3000
40,143,40,117,OK,"Pawnee County",149,319,4134
40,143,40,147,OK,"Washington County",142,285,4233
40,143,48,085,TX,"Collin County",135,274,7941
40,143,40,021,OK,"Cherokee County",120,254,3376
40,143,20,173,KS,"Sedgwick County",111,234,3379
40,143,04,013,AZ,"Maricopa County",106,193,3946
40,143,06,037,CA,"Los Angeles County",93,142,2072
40,143,40,041,OK,"Delaware County",92,177,3737
40,143,17,031,IL,"Cook County",85,127,3099
40,143,20,091,KS,"Johnson County",83,143,3346
40,143,05,143,AR,"Washington County",73,139,2451
40,143,48,121,TX,"Denton County",73,167,3890
40,143,48,453,TX,"Travis County",72,113,3242
40,143,29,095,MO,"Jackson County",71,132,2877
40,143,48,157,TX,"Fort Bend County",71,195,6592
40,143,32,003,NV,"Clark County",70,120,1921
40,143,05,007,AR,"Benton County",64,133,1757
40,143,29,189,MO,"St Louis County",61,136,2264
40,143,48,029,TX,"Bexar County",58,123,3675
40,143,06,073,CA,"San Diego County",55,91,1649
40,143,47,037,TN,"Davidson County",54,78,1496
40,143,47,157,TN,"Shelby County",54,109,2069
40,143,06,059,CA,"Orange County",49,95,1941
40,143,08,041,CO,"El Paso County",48,96,1831
40,143,40,091,OK,"Mcintosh County",42,104,1163
40,143,08,031,CO,"Denver County",41,52,1311
40,143,40,115,OK,"Ottawa County",40,96,1178
40,143,40,121,OK,"Pittsburg County",40,89,830
40,143,53,033,WA,"King County",40,70,4323
40,143,40,047,OK,"Garfield County",39,83,1194
40,143,05,119,AR,"Pulaski County",38,74,1394
40,143,29,077,MO,"Greene County",38,59,1895
40,143,40,031,OK,"Comanche County",38,69,1026
40,143,40,035,OK,"Craig County",38,74,783
40,143,06,065,CA,"Riverside County",37,75,1048
40,143,29,097,MO,"Jasper County",37,75,1022
40,143,57,005,FR,"Foreign - APO/FPO ZIPs",37,57,595
40,143,40,071,OK,"Kay County",36,59,886
40,143,08,005,CO,"Arapahoe County",35,62,1357
40,143,35,001,NM,"Bernalillo County",35,67,1255
40,143,17,043,IL,"Du Page County",32,70,13301
40,143,06,085,CA,"Santa Clara County",30,51,1094
40,143,27,053,MN,"Hennepin County",30,46,1065
40,143,40,083,OK,"Logan County",30,57,872
40,143,48,339,TX,"Montgomery County",30,74,2178
40,143,40,017,OK,"Canadian County",29,61,835
40,143,40,135,OK,"Sequoyah County",29,62,856
40,143,04,019,AZ,"Pima County",28,55,820
40,143,13,121,GA,"Fulton County",28,58,1399
40,143,40,105,OK,"Nowata County",28,62,810
40,143,12,057,FL,"Hillsborough County",27,50,1218
40,143,48,141,TX,"El Paso County",27,66,542
40,143,05,131,AR,"Sebastian County",26,47,666
40,143,08,013,CO,"Boulder County",26,52,734
40,143,12,103,FL,"Pinellas County",26,45,1053
40,143,20,125,KS,"Montgomery County",26,41,741
40,143,40,001,OK,"Adair County",26,56,520
40,143,12,095,FL,"Orange County",25,37,601
40,143,39,049,OH,"Franklin County",25,51,1100
40,143,06,001,CA,"Alameda County",24,40,709
40,143,40,079,OK,"Le Flore County",24,55,113
40,143,40,081,OK,"Lincoln County",24,56,813
40,143,40,123,OK,"Pontotoc County",24,49,568
40,143,06,029,CA,"Kern County",23,53,889
40,143,12,011,FL,"Broward County",23,31,678
40,143,29,183,MO,"St Charles County",23,51,1044
40,143,48,485,TX,"Wichita County",23,39,590
40,143,08,059,CO,"Jefferson County",22,38,780
40,143,20,045,KS,"Douglas County",22,37,469
40,143,31,055,NE,"Douglas County",22,41,955
40,143,12,031,FL,"Duval County",21,30,575
40,143,13,135,GA,"Gwinnett County",21,38,605
40,143,18,097,IN,"Marion County",21,35,642
40,143,08,001,CO,"Adams County",20,47,741
40,143,12,025,FL,"Dade County",20,44,1103
40,143,40,125,OK,"Pottawatomie County",20,29,530
40,143,48,027,TX,"Bell County",20,46,492
40,143,48,491,TX,"Williamson County",20,52,1244
40,143,49,035,UT,"Salt Lake County",20,47,861
40,143,13,067,GA,"Cobb County",19,44,1012
40,143,25,017,MA,"Middlesex County",19,31,550
40,143,26,125,MI,"Oakland County",19,40,1327
40,143,36,061,NY,"New York County",19,32,4137
40,143,40,089,OK,"Mccurtain County",19,44,475
40,143,41,051,OR,"Multnomah County",19,24,445
40,143,06,019,CA,"Fresno County",18,38,485
40,143,26,163,MI,"Wayne County",18,31,404
40,143,29,047,MO,"Clay County",18,39,733
40,143,48,355,TX,"Nueces County",18,35,911
40,143,51,059,VA,"Fairfax County",18,35,1095
40,143,51,810,VA,"Virginia Beach",18,43,591
40,143,06,067,CA,"Sacramento County",17,31,389
40,143,06,071,CA,"San Bernardino Count",17,28,300
40,143,22,033,LA,"East Baton Rouge Par",17,34,340
40,143,37,183,NC,"Wake County",17,31,642
40,143,40,107,OK,"Okfuskee County",17,28,270
40,143,48,181,TX,"Grayson County",17,44,836
40,143,06,013,CA,"Contra Costa County",16,28,1614
40,143,31,109,NE,"Lancaster County",16,37,693
40,143,48,183,TX,"Gregg County",16,31,629
40,143,48,303,TX,"Lubbock County",16,24,538
40,143,48,309,TX,"Mclennan County",16,32,328
40,143,48,329,TX,"Midland County",16,41,730
40,143,04,005,AZ,"Coconino County",15,24,363
40,143,12,099,FL,"Palm Beach County",15,23,8555
40,143,13,089,GA,"De Kalb County",15,24,347
40,143,15,003,HI,"Honolulu County",15,26,383
40,143,37,119,NC,"Mecklenburg County",15,32,613
40,143,05,033,AR,"Crawford County",14,24,630
40,143,08,069,CO,"Larimer County",14,26,363
40,143,12,033,FL,"Escambia County",14,16,221
40,143,17,097,IL,"Lake County",14,21,625
40,143,29,165,MO,"Platte County",14,27,618
40,143,40,063,OK,"Hughes County",14,21,359
40,143,41,067,OR,"Washington County",14,28,605
40,143,48,039,TX,"Brazoria County",14,38,898
40,143,53,011,WA,"Clark County",14,23,703
40,143,53,053,WA,"Pierce County",14,27,243
40,143,08,035,CO,"Douglas County",13,34,713
40,143,12,009,FL,"Brevard County",13,18,355
40,143,12,105,FL,"Polk County",13,32,662
40,143,24,005,MD,"Baltimore County",13,24,457
40,143,27,037,MN,"Dakota County",13,34,876
40,143,40,051,OK,"Grady County",13,19,267
40,143,48,215,TX,"Hidalgo County",13,28,211
40,143,48,375,TX,"Potter County",13,26,755
40,143,20,015,KS,"Butler County",12,30,337
40,143,20,209,KS,"Wyandotte County",12,21,305
40,143,22,051,LA,"Jefferson Parish",12,20,506
40,143,22,071,LA,"Orleans Parish",12,23,500
40,143,29,019,MO,"Boone County",12,28,527
40,143,39,113,OH,"Montgomery County",12,25,314
40,143,45,019,SC,"Charleston County",12,22,540
40,143,06,111,CA,"Ventura County",11,22,242
40,143,12,073,FL,"Leon County",11,23,631
40,143,12,101,FL,"Pasco County",11,27,308
40,143,21,111,KY,"Jefferson County",11,24,794
40,143,22,017,LA,"Caddo Parish",11,30,462
40,143,22,019,LA,"Calcasieu Parish",11,27,420
40,143,40,019,OK,"Carter County",11,30,443
40,143,40,133,OK,"Seminole County",11,28,208
40,143,40,137,OK,"Stephens County",11,31,425
40,143,40,153,OK,"Woodward County",11,21,241
40,143,47,149,TN,"Rutherford County",11,22,427
40,143,48,167,TX,"Galveston County",11,29,581
40,143,48,245,TX,"Jefferson County",11,23,487
40,143,53,061,WA,"Snohomish County",11,21,308
40,143,55,079,WI,"Milwaukee County",11,16,198
40,143,05,051,AR,"Garland County",10,16,-20
40,143,06,081,CA,"San Mateo County",10,18,431
40,143,12,083,FL,"Marion County",10,24,287
40,143,22,055,LA,"Lafayette Parish",10,24,404
40,143,24,031,MD,"Montgomery County",10,20,704
40,143,29,037,MO,"Cass County",10,19,468
40,143,29,145,MO,"Newton County",10,25,361
40,143,29,510,MO,"St Louis",10,13,352
40,143,35,049,NM,"Santa Fe County",10,12,517
40,143,36,081,NY,"Queens County",10,16,232
40,143,40,013,OK,"Bryan County",10,23,267
40,143,47,093,TN,"Knox County",10,23,264
40,143,58,000,SS,"Other Flows - Same State",117,234,2973
40,143,59,000,DS,"Other Flows - Diff State",2532,5243,102561
40,143,59,001,DS,"Other Flows - Northeast",291,518,12576
40,143,59,003,DS,"Other Flows - Midwest",812,1768,29986
40,143,59,005,DS,"Other Flows - South",1055,2227,45071
40,143,59,007,DS,"Other Flows - West",374,730,14927
40,143,57,009,FR,"Foreign - Other flows",57,119,3129
40,145,96,000,OK,"Wagoner County Tot Mig-US & For",1629,3478,44818
40,145,97,000,OK,"Wagoner County Tot Mig-US",1629,3478,44818
40,145,97,001,OK,"Wagoner County Tot Mig-Same St",1246,2607,32969
40,145,97,003,OK,"Wagoner County Tot Mig-Diff St",383,871,11849
40,145,40,145,OK,"Wagoner County Non-Migrants",14891,36617,578022
40,145,40,143,OK,"Tulsa County",757,1545,21421
40,145,40,101,OK,"Muskogee County",144,311,3076
40,145,40,131,OK,"Rogers County",79,169,2111
40,145,40,021,OK,"Cherokee County",49,107,989
40,145,40,097,OK,"Mayes County",32,62,835
40,145,40,037,OK,"Creek County",29,62,755
40,145,40,111,OK,"Okmulgee County",15,35,272
40,145,48,201,TX,"Harris County",15,37,745
40,145,40,109,OK,"Oklahoma County",14,24,490
40,145,48,439,TX,"Tarrant County",12,36,480
40,145,40,113,OK,"Osage County",11,24,407
40,145,40,027,OK,"Cleveland County",10,24,145
40,145,40,091,OK,"Mcintosh County",10,25,133
40,145,40,147,OK,"Washington County",10,31,334
40,145,48,113,TX,"Dallas County",10,19,180
40,145,48,121,TX,"Denton County",10,18,380
40,145,58,000,SS,"Other Flows - Same State",86,188,1999
40,145,59,000,DS,"Other Flows - Diff State",336,761,10064
40,145,59,001,DS,"Other Flows - Northeast",10,16,189
40,145,59,003,DS,"Other Flows - Midwest",89,216,3086
40,145,59,005,DS,"Other Flows - South",158,364,4847
40,145,59,007,DS,"Other Flows - West",79,165,1943
40,147,96,000,OK,"Washington Coun Tot Mig-US & For",1233,2659,46935
40,147,97,000,OK,"Washington Coun Tot Mig-US",1215,2614,45475
40,147,97,001,OK,"Washington Coun Tot Mig-Same St",626,1304,17662
40,147,97,003,OK,"Washington Coun Tot Mig-Diff St",589,1310,27813
40,147,98,000,OK,"Washington Coun Tot Mig-Foreign",18,45,1460
40,147,40,147,OK,"Washington Coun Non-Migrants",15682,36204,743662
40,147,40,143,OK,"Tulsa County",203,390,6854
40,147,40,113,OK,"Osage County",83,199,2072
40,147,40,105,OK,"Nowata County",58,131,1524
40,147,40,131,OK,"Rogers County",50,114,1463
40,147,20,125,KS,"Montgomery County",35,90,828
40,147,48,201,TX,"Harris County",33,87,2740
40,147,40,027,OK,"Cleveland County",31,47,652
40,147,40,109,OK,"Oklahoma County",31,56,769
40,147,40,119,OK,"Payne County",25,42,553
40,147,48,113,TX,"Dallas County",20,31,518
40,147,20,173,KS,"Sedgwick County",18,35,707
40,147,40,071,OK,"Kay County",15,34,410
40,147,40,041,OK,"Delaware County",13,33,664
40,147,48,085,TX,"Collin County",13,35,1321
40,147,20,091,KS,"Johnson County",12,28,777
40,147,48,439,TX,"Tarrant County",12,22,310
40,147,40,097,OK,"Mayes County",11,16,303
40,147,05,143,AR,"Washington County",10,18,175
40,147,58,000,SS,"Other Flows - Same State",106,242,2399
40,147,59,000,DS,"Other Flows - Diff State",436,964,20438
40,147,59,001,DS,"Other Flows - Northeast",14,23,681
40,147,59,003,DS,"Other Flows - Midwest",141,321,4777
40,147,59,005,DS,"Other Flows - South",187,423,10373
40,147,59,007,DS,"Other Flows - West",94,197,4607
40,147,57,009,FR,"Foreign - Other flows",18,45,1460
40,149,96,000,OK,"Washita County Tot Mig-US & For",310,674,6395
40,149,97,000,OK,"Washita County Tot Mig-US",310,674,6395
40,149,97,001,OK,"Washita County Tot Mig-Same St",228,500,4651
40,149,97,003,OK,"Washita County Tot Mig-Diff St",82,174,1744
40,149,40,149,OK,"Washita County Non-Migrants",3410,8013,85894
40,149,40,039,OK,"Custer County",64,151,1337
40,149,40,009,OK,"Beckham County",48,105,980
40,149,40,109,OK,"Oklahoma County",25,47,569
40,149,40,075,OK,"Kiowa County",12,38,165
40,149,40,065,OK,"Jackson County",10,17,168
40,149,58,000,SS,"Other Flows - Same State",69,142,1431
40,149,59,000,DS,"Other Flows - Diff State",82,174,1744
40,151,96,000,OK,"Woods County Tot Mig-US & For",205,413,4735
40,151,97,000,OK,"Woods County Tot Mig-US",205,413,4735
40,151,97,001,OK,"Woods County Tot Mig-Same St",110,214,2674
40,151,97,003,OK,"Woods County Tot Mig-Diff St",95,199,2061
40,151,40,151,OK,"Woods County Non-Migrants",2798,6093,85345
40,151,40,047,OK,"Garfield County",19,45,364
40,151,40,153,OK,"Woodward County",15,31,437
40,151,40,003,OK,"Alfalfa County",11,19,201
40,151,58,000,SS,"Other Flows - Same State",65,119,1671
40,151,59,000,DS,"Other Flows - Diff State",95,199,2061
40,153,96,000,OK,"Woodward County Tot Mig-US & For",465,1000,22490
40,153,97,000,OK,"Woodward County Tot Mig-US",465,1000,22490
40,153,97,001,OK,"Woodward County Tot Mig-Same St",283,605,7503
40,153,97,003,OK,"Woodward County Tot Mig-Diff St",182,395,14987
40,153,40,153,OK,"Woodward County Non-Migrants",5829,13833,196468
40,153,40,109,OK,"Oklahoma County",40,62,975
40,153,40,045,OK,"Ellis County",26,59,513
40,153,40,043,OK,"Dewey County",20,49,479
40,153,40,039,OK,"Custer County",18,26,303
40,153,40,027,OK,"Cleveland County",17,37,410
40,153,40,047,OK,"Garfield County",16,41,697
40,153,40,059,OK,"Harper County",13,28,260
40,153,40,143,OK,"Tulsa County",12,28,325
40,153,40,151,OK,"Woods County",11,26,242
40,153,40,009,OK,"Beckham County",10,18,272
40,153,40,139,OK,"Texas County",10,25,175
40,153,48,381,TX,"Randall County",10,27,500
40,153,58,000,SS,"Other Flows - Same State",90,206,2854
40,153,59,000,DS,"Other Flows - Diff State",172,368,14487
