"2001 - 2002 County to County Migration Outflow",,,,,,,,
"(Aggregate money amounts are in thousands of dollars)",,,,,,,,
,,,,,,,,
,,,,,,,,
"Migration from",,"Migration into",,,,Number,Number,Aggregate
Mississippi,,,,,,of,of,adjusted
State,County,State,County,State,"State totals, county totals,",returns,exemptions,gross
"FIPS Code",,,,,"and county by county detail",,,income
28,000,96,000,MS,"Total Mig - US & For",68653,140655,2049740
28,000,97,000,MS,"Total Mig - US",67574,138782,2021677
28,000,97,001,MS,"Total Mig - US Same St",36965,76854,1028919
28,000,97,003,MS,"Total Mig - US Diff St",30609,61928,992759
28,000,98,000,MS,"Total Mig - Foreign",1079,1873,28063
28,001,96,000,MS,"Adams County Tot Mig-US & For",690,1442,21444
28,001,97,000,MS,"Adams County Tot Mig-US",679,1425,21225
28,001,97,001,MS,"Adams County Tot Mig-Same St",232,500,7017
28,001,97,003,MS,"Adams County Tot Mig-Diff St",447,925,14208
28,001,98,000,MS,"Adams County Tot Mig-Foreign",11,17,219
28,001,28,001,MS,"Adams County Non-Migrants",10755,24131,382222
28,001,22,029,LA,"Concordia Parish",85,207,1963
28,001,28,049,MS,"Hinds County",55,109,2011
28,001,48,201,TX,"Harris County",24,48,509
28,001,22,033,LA,"East Baton Rouge Par",23,42,619
28,001,48,113,TX,"Dallas County",23,49,778
28,001,28,063,MS,"Jefferson County",21,43,500
28,001,28,037,MS,"Franklin County",16,48,516
28,001,28,035,MS,"Forrest County",15,29,432
28,001,28,121,MS,"Rankin County",15,35,458
28,001,28,085,MS,"Lincoln County",14,28,367
28,001,28,149,MS,"Warren County",14,35,590
28,001,22,073,LA,"Ouachita Parish",12,19,222
28,001,58,000,SS,"Other Flows - Same State",82,173,2143
28,001,59,000,DS,"Other Flows - Diff State",280,560,10118
28,001,57,009,FR,"Foreign - Other flows",11,17,219
28,003,96,000,MS,"Alcorn County Tot Mig-US & For",664,1361,20552
28,003,97,000,MS,"Alcorn County Tot Mig-US",664,1361,20552
28,003,97,001,MS,"Alcorn County Tot Mig-Same St",312,657,7816
28,003,97,003,MS,"Alcorn County Tot Mig-Diff St",352,704,12736
28,003,28,003,MS,"Alcorn County Non-Migrants",11560,26602,418834
28,003,28,117,MS,"Prentiss County",78,176,1593
28,003,28,141,MS,"Tishomingo County",57,118,1249
28,003,47,109,TN,"Mcnairy County",54,107,1343
28,003,28,081,MS,"Lee County",44,95,1465
28,003,47,157,TN,"Shelby County",28,57,1494
28,003,28,139,MS,"Tippah County",23,40,409
28,003,47,071,TN,"Hardin County",16,28,1440
28,003,28,033,MS,"De Soto County",12,28,324
28,003,47,069,TN,"Hardeman County",11,24,212
28,003,58,000,SS,"Other Flows - Same State",98,200,2775
28,003,59,000,DS,"Other Flows - Diff State",243,488,8247
28,003,59,001,DS,"Other Flows - Northeast",11,19,299
28,003,59,003,DS,"Other Flows - Midwest",52,102,1653
28,003,59,005,DS,"Other Flows - South",160,317,5577
28,003,59,007,DS,"Other Flows - West",20,50,719
28,005,96,000,MS,"Amite County Tot Mig-US & For",376,804,9180
28,005,97,000,MS,"Amite County Tot Mig-US",376,804,9180
28,005,97,001,MS,"Amite County Tot Mig-Same St",254,547,6202
28,005,97,003,MS,"Amite County Tot Mig-Diff St",122,257,2978
28,005,28,005,MS,"Amite County Non-Migrants",4690,11097,152138
28,005,28,113,MS,"Pike County",107,232,2519
28,005,28,085,MS,"Lincoln County",29,66,776
28,005,28,157,MS,"Wilkinson County",20,37,365
28,005,22,033,LA,"East Baton Rouge Par",17,34,398
28,005,28,049,MS,"Hinds County",13,22,319
28,005,28,035,MS,"Forrest County",12,18,224
28,005,28,037,MS,"Franklin County",12,32,234
28,005,22,037,LA,"East Feliciana Paris",11,25,241
28,005,28,001,MS,"Adams County",10,27,329
28,005,58,000,SS,"Other Flows - Same State",51,113,1437
28,005,59,000,DS,"Other Flows - Diff State",94,198,2338
28,007,96,000,MS,"Attala County Tot Mig-US & For",405,855,9894
28,007,97,000,MS,"Attala County Tot Mig-US",405,855,9894
28,007,97,001,MS,"Attala County Tot Mig-Same St",255,552,5859
28,007,97,003,MS,"Attala County Tot Mig-Diff St",150,303,4036
28,007,28,007,MS,"Attala County Non-Migrants",6410,14810,197153
28,007,28,051,MS,"Holmes County",44,113,737
28,007,28,049,MS,"Hinds County",30,61,717
28,007,28,079,MS,"Leake County",26,60,546
28,007,28,019,MS,"Choctaw County",23,45,424
28,007,28,121,MS,"Rankin County",23,51,828
28,007,28,089,MS,"Madison County",18,40,668
28,007,47,157,TN,"Shelby County",11,23,234
28,007,28,105,MS,"Oktibbeha County",10,13,162
28,007,28,159,MS,"Winston County",10,21,120
28,007,58,000,SS,"Other Flows - Same State",71,148,1658
28,007,59,000,DS,"Other Flows - Diff State",139,280,3801
28,009,96,000,MS,"Benton County Tot Mig-US & For",231,519,4985
28,009,97,000,MS,"Benton County Tot Mig-US",231,519,4985
28,009,97,001,MS,"Benton County Tot Mig-Same St",160,367,3522
28,009,97,003,MS,"Benton County Tot Mig-Diff St",71,152,1463
28,009,28,009,MS,"Benton County Non-Migrants",2492,5761,73099
28,009,28,093,MS,"Marshall County",61,132,1277
28,009,28,139,MS,"Tippah County",36,100,877
28,009,28,145,MS,"Union County",24,54,381
28,009,47,157,TN,"Shelby County",23,49,566
28,009,28,033,MS,"De Soto County",14,30,412
28,009,47,069,TN,"Hardeman County",13,32,233
28,009,58,000,SS,"Other Flows - Same State",25,51,575
28,009,59,000,DS,"Other Flows - Diff State",35,71,663
28,011,96,000,MS,"Bolivar County Tot Mig-US & For",856,1873,21715
28,011,97,000,MS,"Bolivar County Tot Mig-US",856,1873,21715
28,011,97,001,MS,"Bolivar County Tot Mig-Same St",415,907,10786
28,011,97,003,MS,"Bolivar County Tot Mig-Diff St",441,966,10929
28,011,28,011,MS,"Bolivar County Non-Migrants",11789,28191,361975
28,011,47,157,TN,"Shelby County",119,260,1947
28,011,28,133,MS,"Sunflower County",83,194,2054
28,011,28,151,MS,"Washington County",66,163,2036
28,011,28,049,MS,"Hinds County",34,68,694
28,011,28,027,MS,"Coahoma County",33,75,666
28,011,28,083,MS,"Leflore County",26,52,784
28,011,28,033,MS,"De Soto County",22,51,663
28,011,28,121,MS,"Rankin County",19,35,580
28,011,17,031,IL,"Cook County",15,30,196
28,011,28,071,MS,"Lafayette County",14,27,351
28,011,28,089,MS,"Madison County",13,22,505
28,011,48,113,TX,"Dallas County",12,26,173
28,011,58,000,SS,"Other Flows - Same State",105,220,2454
28,011,59,000,DS,"Other Flows - Diff State",295,650,8614
28,011,59,001,DS,"Other Flows - Northeast",14,27,689
28,011,59,003,DS,"Other Flows - Midwest",58,125,1291
28,011,59,005,DS,"Other Flows - South",202,447,5921
28,011,59,007,DS,"Other Flows - West",21,51,713
28,013,96,000,MS,"Calhoun County Tot Mig-US & For",356,729,8825
28,013,97,000,MS,"Calhoun County Tot Mig-US",356,729,8825
28,013,97,001,MS,"Calhoun County Tot Mig-Same St",264,555,6644
28,013,97,003,MS,"Calhoun County Tot Mig-Diff St",92,174,2181
28,013,28,013,MS,"Calhoun County Non-Migrants",5497,12847,181608
28,013,28,017,MS,"Chickasaw County",44,88,990
28,013,28,115,MS,"Pontotoc County",42,94,1198
28,013,28,071,MS,"Lafayette County",23,43,598
28,013,28,081,MS,"Lee County",23,39,475
28,013,28,155,MS,"Webster County",21,48,494
28,013,28,043,MS,"Grenada County",18,42,294
28,013,28,161,MS,"Yalobusha County",18,41,455
28,013,28,105,MS,"Oktibbeha County",12,24,475
28,013,28,025,MS,"Clay County",10,21,306
28,013,58,000,SS,"Other Flows - Same State",53,115,1358
28,013,59,000,DS,"Other Flows - Diff State",92,174,2181
28,015,96,000,MS,"Carroll County Tot Mig-US & For",364,802,8135
28,015,97,000,MS,"Carroll County Tot Mig-US",364,802,8135
28,015,97,001,MS,"Carroll County Tot Mig-Same St",274,599,5985
28,015,97,003,MS,"Carroll County Tot Mig-Diff St",90,203,2150
28,015,28,015,MS,"Carroll County Non-Migrants",3992,9238,128176
28,015,28,083,MS,"Leflore County",120,274,2225
28,015,28,043,MS,"Grenada County",31,74,638
28,015,28,097,MS,"Montgomery County",20,47,437
28,015,47,157,TN,"Shelby County",16,36,415
28,015,28,051,MS,"Holmes County",15,37,243
28,015,58,000,SS,"Other Flows - Same State",88,167,2441
28,015,59,000,DS,"Other Flows - Diff State",74,167,1736
28,017,96,000,MS,"Chickasaw Count Tot Mig-US & For",494,1020,10498
28,017,97,000,MS,"Chickasaw Count Tot Mig-US",494,1020,10498
28,017,97,001,MS,"Chickasaw Count Tot Mig-Same St",389,840,8796
28,017,97,003,MS,"Chickasaw Count Tot Mig-Diff St",105,180,1702
28,017,28,017,MS,"Chickasaw Count Non-Migrants",6932,15871,201997
28,017,28,081,MS,"Lee County",124,259,2553
28,017,28,115,MS,"Pontotoc County",55,129,1180
28,017,28,095,MS,"Monroe County",50,104,1074
28,017,28,013,MS,"Calhoun County",39,89,1079
28,017,28,025,MS,"Clay County",16,39,309
28,017,28,057,MS,"Itawamba County",15,29,367
28,017,28,033,MS,"De Soto County",13,29,429
28,017,47,157,TN,"Shelby County",11,14,180
28,017,58,000,SS,"Other Flows - Same State",77,162,1804
28,017,59,000,DS,"Other Flows - Diff State",94,166,1522
28,019,96,000,MS,"Choctaw County Tot Mig-US & For",163,338,4052
28,019,97,000,MS,"Choctaw County Tot Mig-US",163,338,4052
28,019,97,001,MS,"Choctaw County Tot Mig-Same St",107,233,2759
28,019,97,003,MS,"Choctaw County Tot Mig-Diff St",56,105,1293
28,019,28,019,MS,"Choctaw County Non-Migrants",2200,5201,65316
28,019,28,159,MS,"Winston County",24,51,469
28,019,28,105,MS,"Oktibbeha County",20,37,431
28,019,58,000,SS,"Other Flows - Same State",63,145,1859
28,019,59,000,DS,"Other Flows - Diff State",56,105,1293
28,021,96,000,MS,"Claiborne Count Tot Mig-US & For",194,409,4972
28,021,97,000,MS,"Claiborne Count Tot Mig-US",194,409,4972
28,021,97,001,MS,"Claiborne Count Tot Mig-Same St",135,296,2937
28,021,97,003,MS,"Claiborne Count Tot Mig-Diff St",59,113,2035
28,021,28,021,MS,"Claiborne Count Non-Migrants",3192,7590,85204
28,021,28,149,MS,"Warren County",57,133,1226
28,021,28,049,MS,"Hinds County",20,41,427
28,021,28,063,MS,"Jefferson County",12,28,227
28,021,58,000,SS,"Other Flows - Same State",46,94,1057
28,021,59,000,DS,"Other Flows - Diff State",59,113,2035
28,023,96,000,MS,"Clarke County Tot Mig-US & For",548,1125,14177
28,023,97,000,MS,"Clarke County Tot Mig-US",548,1125,14177
28,023,97,001,MS,"Clarke County Tot Mig-Same St",384,809,10279
28,023,97,003,MS,"Clarke County Tot Mig-Diff St",164,316,3897
28,023,28,023,MS,"Clarke County Non-Migrants",8113,18949,250151
28,023,28,075,MS,"Lauderdale County",175,383,5136
28,023,28,067,MS,"Jones County",56,133,1523
28,023,28,061,MS,"Jasper County",31,61,501
28,023,28,153,MS,"Wayne County",18,37,342
28,023,28,035,MS,"Forrest County",12,20,274
28,023,01,097,AL,"Mobile County",11,13,156
28,023,28,101,MS,"Newton County",10,21,252
28,023,28,121,MS,"Rankin County",10,15,380
28,023,58,000,SS,"Other Flows - Same State",72,139,1869
28,023,59,000,DS,"Other Flows - Diff State",153,303,3741
28,025,96,000,MS,"Clay County Tot Mig-US & For",435,921,12038
28,025,97,000,MS,"Clay County Tot Mig-US",435,921,12038
28,025,97,001,MS,"Clay County Tot Mig-Same St",280,616,7795
28,025,97,003,MS,"Clay County Tot Mig-Diff St",155,305,4243
28,025,28,025,MS,"Clay County Non-Migrants",7096,16365,230975
28,025,28,105,MS,"Oktibbeha County",68,130,1677
28,025,28,087,MS,"Lowndes County",65,141,1744
28,025,28,017,MS,"Chickasaw County",29,77,567
28,025,28,095,MS,"Monroe County",29,57,1017
28,025,28,081,MS,"Lee County",13,29,294
28,025,28,049,MS,"Hinds County",11,36,259
28,025,47,157,TN,"Shelby County",11,16,264
28,025,28,155,MS,"Webster County",10,25,261
28,025,58,000,SS,"Other Flows - Same State",55,121,1974
28,025,59,000,DS,"Other Flows - Diff State",144,289,3980
28,027,96,000,MS,"Coahoma County Tot Mig-US & For",632,1342,14348
28,027,97,000,MS,"Coahoma County Tot Mig-US",632,1342,14348
28,027,97,001,MS,"Coahoma County Tot Mig-Same St",320,693,8055
28,027,97,003,MS,"Coahoma County Tot Mig-Diff St",312,649,6293
28,027,28,027,MS,"Coahoma County Non-Migrants",9647,23209,284582
28,027,47,157,TN,"Shelby County",96,201,1561
28,027,28,143,MS,"Tunica County",50,118,1219
28,027,28,011,MS,"Bolivar County",37,83,968
28,027,28,119,MS,"Quitman County",35,78,811
28,027,28,033,MS,"De Soto County",32,70,1079
28,027,28,135,MS,"Tallahatchie County",21,47,342
28,027,28,049,MS,"Hinds County",17,30,261
28,027,05,107,AR,"Phillips County",15,38,505
28,027,28,107,MS,"Panola County",14,29,628
28,027,17,031,IL,"Cook County",13,31,144
28,027,28,151,MS,"Washington County",11,25,209
28,027,31,109,NE,"Lancaster County",11,22,116
28,027,58,000,SS,"Other Flows - Same State",103,213,2538
28,027,59,000,DS,"Other Flows - Diff State",177,357,3968
28,029,96,000,MS,"Copiah County Tot Mig-US & For",589,1257,14387
28,029,97,000,MS,"Copiah County Tot Mig-US",589,1257,14387
28,029,97,001,MS,"Copiah County Tot Mig-Same St",447,965,10575
28,029,97,003,MS,"Copiah County Tot Mig-Diff St",142,292,3812
28,029,28,029,MS,"Copiah County Non-Migrants",10075,23274,304967
28,029,28,049,MS,"Hinds County",159,350,3759
28,029,28,085,MS,"Lincoln County",92,204,2056
28,029,28,121,MS,"Rankin County",46,106,1470
28,029,28,127,MS,"Simpson County",22,39,277
28,029,28,077,MS,"Lawrence County",15,41,538
28,029,28,089,MS,"Madison County",15,27,326
28,029,28,035,MS,"Forrest County",10,15,175
28,029,58,000,SS,"Other Flows - Same State",88,183,1975
28,029,59,000,DS,"Other Flows - Diff State",142,292,3812
28,031,96,000,MS,"Covington Count Tot Mig-US & For",374,801,9701
28,031,97,000,MS,"Covington Count Tot Mig-US",374,801,9701
28,031,97,001,MS,"Covington Count Tot Mig-Same St",292,629,7394
28,031,97,003,MS,"Covington Count Tot Mig-Diff St",82,172,2307
28,031,28,031,MS,"Covington Count Non-Migrants",5839,14051,180299
28,031,28,035,MS,"Forrest County",67,129,1497
28,031,28,127,MS,"Simpson County",40,89,824
28,031,28,067,MS,"Jones County",31,66,635
28,031,28,065,MS,"Jefferson Davis Coun",25,54,389
28,031,28,073,MS,"Lamar County",25,53,800
28,031,28,129,MS,"Smith County",21,60,524
28,031,28,047,MS,"Harrison County",15,38,365
28,031,28,121,MS,"Rankin County",15,26,317
28,031,58,000,SS,"Other Flows - Same State",53,114,2042
28,031,59,000,DS,"Other Flows - Diff State",82,172,2307
28,033,96,000,MS,"De Soto County Tot Mig-US & For",3215,6482,108753
28,033,97,000,MS,"De Soto County Tot Mig-US",3202,6462,108473
28,033,97,001,MS,"De Soto County Tot Mig-Same St",786,1713,24745
28,033,97,003,MS,"De Soto County Tot Mig-Diff St",2416,4749,83728
28,033,98,000,MS,"De Soto County Tot Mig-Foreign",13,20,279
28,033,28,033,MS,"De Soto County Non-Migrants",40593,94768,1905571
28,033,47,157,TN,"Shelby County",1150,2040,32894
28,033,28,137,MS,"Tate County",199,486,6558
28,033,28,093,MS,"Marshall County",113,261,2852
28,033,28,107,MS,"Panola County",78,163,2552
28,033,28,143,MS,"Tunica County",72,129,2435
28,033,28,071,MS,"Lafayette County",44,78,1145
28,033,47,047,TN,"Fayette County",35,77,1663
28,033,05,035,AR,"Crittenden County",33,72,1348
28,033,28,081,MS,"Lee County",23,51,997
28,033,47,167,TN,"Tipton County",22,42,687
28,033,28,049,MS,"Hinds County",19,43,568
28,033,47,037,TN,"Davidson County",18,28,540
28,033,28,145,MS,"Union County",17,43,635
28,033,28,121,MS,"Rankin County",16,30,421
28,033,47,113,TN,"Madison County",16,41,424
28,033,05,119,AR,"Pulaski County",14,28,527
28,033,28,009,MS,"Benton County",14,28,505
28,033,28,047,MS,"Harrison County",14,31,610
28,033,05,031,AR,"Craighead County",13,17,293
28,033,32,003,NV,"Clark County",12,21,549
28,033,48,121,TX,"Denton County",12,34,855
28,033,48,201,TX,"Harris County",12,28,423
28,033,06,065,CA,"Riverside County",11,18,236
28,033,28,161,MS,"Yalobusha County",11,14,289
28,033,01,097,AL,"Mobile County",10,24,859
28,033,04,013,AZ,"Maricopa County",10,19,503
28,033,28,105,MS,"Oktibbeha County",10,12,213
28,033,28,151,MS,"Washington County",10,18,192
28,033,47,149,TN,"Rutherford County",10,22,271
28,033,58,000,SS,"Other Flows - Same State",146,326,4774
28,033,59,000,DS,"Other Flows - Diff State",1038,2238,41656
28,033,59,001,DS,"Other Flows - Northeast",45,85,1658
28,033,59,003,DS,"Other Flows - Midwest",227,472,8716
28,033,59,005,DS,"Other Flows - South",656,1454,28045
28,033,59,007,DS,"Other Flows - West",110,227,3238
28,033,57,009,FR,"Foreign - Other flows",13,20,279
28,035,96,000,MS,"Forrest County Tot Mig-US & For",2681,5284,77597
28,035,97,000,MS,"Forrest County Tot Mig-US",2655,5232,77017
28,035,97,001,MS,"Forrest County Tot Mig-Same St",1571,3065,41010
28,035,97,003,MS,"Forrest County Tot Mig-Diff St",1084,2167,36007
28,035,98,000,MS,"Forrest County Tot Mig-Foreign",26,52,580
28,035,28,035,MS,"Forrest County Non-Migrants",26211,58721,1031827
28,035,28,073,MS,"Lamar County",386,829,12682
28,035,28,067,MS,"Jones County",173,350,3821
28,035,28,047,MS,"Harrison County",134,254,2954
28,035,28,049,MS,"Hinds County",91,159,1728
28,035,28,111,MS,"Perry County",76,170,1790
28,035,28,121,MS,"Rankin County",74,147,2723
28,035,28,091,MS,"Marion County",58,101,1285
28,035,28,031,MS,"Covington County",51,107,1130
28,035,28,059,MS,"Jackson County",47,81,1375
28,035,28,089,MS,"Madison County",39,60,1041
28,035,28,109,MS,"Pearl River County",39,70,1238
28,035,28,045,MS,"Hancock County",29,51,856
28,035,48,201,TX,"Harris County",29,60,584
28,035,28,075,MS,"Lauderdale County",28,47,821
28,035,28,065,MS,"Jefferson Davis Coun",24,47,434
28,035,01,097,AL,"Mobile County",23,38,639
28,035,22,071,LA,"Orleans Parish",23,31,492
28,035,47,157,TN,"Shelby County",23,43,1027
28,035,28,113,MS,"Pike County",21,36,399
28,035,28,131,MS,"Stone County",21,41,358
28,035,22,033,LA,"East Baton Rouge Par",20,30,645
28,035,22,103,LA,"St Tammany Parish",20,39,634
28,035,28,127,MS,"Simpson County",20,41,523
28,035,12,033,FL,"Escambia County",16,26,340
28,035,28,085,MS,"Lincoln County",15,32,369
28,035,22,051,LA,"Jefferson Parish",14,21,337
28,035,28,077,MS,"Lawrence County",14,25,327
28,035,13,067,GA,"Cobb County",13,26,302
28,035,28,023,MS,"Clarke County",13,26,190
28,035,28,039,MS,"George County",13,22,426
28,035,28,105,MS,"Oktibbeha County",13,16,192
28,035,28,149,MS,"Warren County",13,22,237
28,035,01,073,AL,"Jefferson County",12,17,422
28,035,28,071,MS,"Lafayette County",12,18,133
28,035,28,129,MS,"Smith County",11,18,233
28,035,48,113,TX,"Dallas County",11,20,228
28,035,13,089,GA,"De Kalb County",10,20,540
28,035,13,121,GA,"Fulton County",10,20,190
28,035,22,019,LA,"Calcasieu Parish",10,21,293
28,035,22,105,LA,"Tangipahoa Parish",10,29,338
28,035,28,033,MS,"De Soto County",10,17,191
28,035,28,153,MS,"Wayne County",10,20,151
28,035,47,037,TN,"Davidson County",10,16,165
28,035,48,027,TX,"Bell County",10,28,271
28,035,58,000,SS,"Other Flows - Same State",136,258,3403
28,035,59,000,DS,"Other Flows - Diff State",820,1682,28561
28,035,59,001,DS,"Other Flows - Northeast",39,66,2409
28,035,59,003,DS,"Other Flows - Midwest",122,262,3806
28,035,59,005,DS,"Other Flows - South",540,1104,18303
28,035,59,007,DS,"Other Flows - West",119,250,4043
28,035,57,009,FR,"Foreign - Other flows",26,52,580
28,037,96,000,MS,"Franklin County Tot Mig-US & For",137,300,3907
28,037,97,000,MS,"Franklin County Tot Mig-US",137,300,3907
28,037,97,001,MS,"Franklin County Tot Mig-Same St",95,214,2713
28,037,97,003,MS,"Franklin County Tot Mig-Diff St",42,86,1194
28,037,28,037,MS,"Franklin County Non-Migrants",2240,5311,70690
28,037,28,085,MS,"Lincoln County",20,45,547
28,037,28,001,MS,"Adams County",18,39,530
28,037,28,005,MS,"Amite County",14,29,329
28,037,28,113,MS,"Pike County",11,22,353
28,037,58,000,SS,"Other Flows - Same State",32,79,953
28,037,59,000,DS,"Other Flows - Diff State",42,86,1194
28,039,96,000,MS,"George County Tot Mig-US & For",435,977,12928
28,039,97,000,MS,"George County Tot Mig-US",435,977,12928
28,039,97,001,MS,"George County Tot Mig-Same St",226,512,6288
28,039,97,003,MS,"George County Tot Mig-Diff St",209,465,6641
28,039,28,039,MS,"George County Non-Migrants",6454,16754,231584
28,039,28,059,MS,"Jackson County",100,222,2971
28,039,01,097,AL,"Mobile County",43,76,1110
28,039,28,035,MS,"Forrest County",21,35,499
28,039,28,041,MS,"Greene County",20,58,535
28,039,28,047,MS,"Harrison County",18,34,357
28,039,58,000,SS,"Other Flows - Same State",67,163,1926
28,039,59,000,DS,"Other Flows - Diff State",166,389,5531
28,039,59,001,DS,"Other Flows - Northeast",12,27,264
28,039,59,003,DS,"Other Flows - Midwest",17,42,418
28,039,59,005,DS,"Other Flows - South",120,296,4355
28,039,59,007,DS,"Other Flows - West",17,24,494
28,041,96,000,MS,"Greene County Tot Mig-US & For",185,443,4290
28,041,97,000,MS,"Greene County Tot Mig-US",185,443,4290
28,041,97,001,MS,"Greene County Tot Mig-Same St",135,321,2950
28,041,97,003,MS,"Greene County Tot Mig-Diff St",50,122,1340
28,041,28,041,MS,"Greene County Non-Migrants",2572,6447,78720
28,041,28,039,MS,"George County",41,102,827
28,041,28,035,MS,"Forrest County",22,47,518
28,041,28,111,MS,"Perry County",20,50,387
28,041,28,153,MS,"Wayne County",18,47,373
28,041,01,097,AL,"Mobile County",11,19,318
28,041,58,000,SS,"Other Flows - Same State",34,75,845
28,041,59,000,DS,"Other Flows - Diff State",39,103,1022
28,043,96,000,MS,"Grenada County Tot Mig-US & For",487,1002,12881
28,043,97,000,MS,"Grenada County Tot Mig-US",487,1002,12881
28,043,97,001,MS,"Grenada County Tot Mig-Same St",300,610,7800
28,043,97,003,MS,"Grenada County Tot Mig-Diff St",187,392,5080
28,043,28,043,MS,"Grenada County Non-Migrants",7654,17513,255284
28,043,47,157,TN,"Shelby County",34,61,584
28,043,28,097,MS,"Montgomery County",31,73,681
28,043,28,161,MS,"Yalobusha County",30,61,670
28,043,28,015,MS,"Carroll County",27,58,658
28,043,28,135,MS,"Tallahatchie County",20,42,390
28,043,28,089,MS,"Madison County",18,34,844
28,043,28,013,MS,"Calhoun County",16,37,390
28,043,28,033,MS,"De Soto County",14,30,330
28,043,28,049,MS,"Hinds County",13,24,372
28,043,28,107,MS,"Panola County",12,22,362
28,043,28,011,MS,"Bolivar County",11,16,156
28,043,28,121,MS,"Rankin County",11,30,417
28,043,28,083,MS,"Leflore County",10,23,458
28,043,58,000,SS,"Other Flows - Same State",87,160,2073
28,043,59,000,DS,"Other Flows - Diff State",153,331,4497
28,045,96,000,MS,"Hancock County Tot Mig-US & For",1185,2371,35068
28,045,97,000,MS,"Hancock County Tot Mig-US",1166,2333,34186
28,045,97,001,MS,"Hancock County Tot Mig-Same St",587,1181,15185
28,045,97,003,MS,"Hancock County Tot Mig-Diff St",579,1152,19001
28,045,98,000,MS,"Hancock County Tot Mig-Foreign",19,38,882
28,045,28,045,MS,"Hancock County Non-Migrants",14112,31614,548650
28,045,28,047,MS,"Harrison County",381,734,9191
28,045,28,109,MS,"Pearl River County",66,159,1898
28,045,22,103,LA,"St Tammany Parish",56,121,1756
28,045,28,059,MS,"Jackson County",44,92,1283
28,045,22,051,LA,"Jefferson Parish",36,72,982
28,045,28,035,MS,"Forrest County",29,57,736
28,045,22,071,LA,"Orleans Parish",28,38,1000
28,045,48,201,TX,"Harris County",14,23,481
28,045,01,097,AL,"Mobile County",11,16,321
28,045,06,073,CA,"San Diego County",11,23,488
28,045,22,063,LA,"Livingston Parish",11,27,178
28,045,58,000,SS,"Other Flows - Same State",67,139,2078
28,045,59,000,DS,"Other Flows - Diff State",412,832,13794
28,045,59,001,DS,"Other Flows - Northeast",20,43,501
28,045,59,003,DS,"Other Flows - Midwest",53,110,1911
28,045,59,005,DS,"Other Flows - South",269,547,9148
28,045,59,007,DS,"Other Flows - West",70,132,2234
28,045,57,009,FR,"Foreign - Other flows",19,38,882
28,047,96,000,MS,"Harrison County Tot Mig-US & For",6887,13428,197397
28,047,97,000,MS,"Harrison County Tot Mig-US",6443,12639,186339
28,047,97,001,MS,"Harrison County Tot Mig-Same St",2083,4249,58373
28,047,97,003,MS,"Harrison County Tot Mig-Diff St",4360,8390,127966
28,047,98,000,MS,"Harrison County Tot Mig-Foreign",444,789,11058
28,047,28,047,MS,"Harrison County Non-Migrants",60603,130787,2326657
28,047,28,059,MS,"Jackson County",934,1933,26331
28,047,57,005,FR,"Foreign - APO/FPO ZIPs",431,760,10647
28,047,28,045,MS,"Hancock County",403,861,12344
28,047,28,035,MS,"Forrest County",136,257,3497
28,047,12,091,FL,"Okaloosa County",126,206,2977
28,047,48,029,TX,"Bexar County",92,183,3006
28,047,28,131,MS,"Stone County",83,182,2144
28,047,01,097,AL,"Mobile County",78,135,1958
28,047,06,073,CA,"San Diego County",77,145,2164
28,047,22,051,LA,"Jefferson Parish",75,120,2361
28,047,22,103,LA,"St Tammany Parish",74,128,2382
28,047,32,003,NV,"Clark County",63,123,2512
28,047,28,109,MS,"Pearl River County",62,140,1440
28,047,48,201,TX,"Harris County",62,114,2352
28,047,22,071,LA,"Orleans Parish",60,98,1650
28,047,40,109,OK,"Oklahoma County",59,105,1183
28,047,12,033,FL,"Escambia County",50,84,3179
28,047,28,049,MS,"Hinds County",45,76,1261
28,047,31,153,NE,"Sarpy County",44,93,955
28,047,47,157,TN,"Shelby County",43,87,1511
28,047,04,019,AZ,"Pima County",42,83,1077
28,047,08,041,CO,"El Paso County",40,79,1141
28,047,04,013,AZ,"Maricopa County",37,71,1086
28,047,05,119,AR,"Pulaski County",36,71,920
28,047,12,057,FL,"Hillsborough County",36,79,1124
28,047,51,810,VA,"Virginia Beach",35,97,1195
28,047,13,153,GA,"Houston County",34,61,833
28,047,28,121,MS,"Rankin County",34,67,791
28,047,37,051,NC,"Cumberland County",34,60,742
28,047,45,085,SC,"Sumter County",34,50,691
28,047,15,003,HI,"Honolulu County",33,78,1010
28,047,22,033,LA,"East Baton Rouge Par",33,59,811
28,047,13,121,GA,"Fulton County",32,48,1025
28,047,01,073,AL,"Jefferson County",30,51,1294
28,047,06,095,CA,"Solano County",30,52,699
28,047,12,005,FL,"Bay County",29,59,824
28,047,12,031,FL,"Duval County",28,64,655
28,047,06,037,CA,"Los Angeles County",27,50,732
28,047,16,039,ID,"Elmore County",27,45,634
28,047,48,485,TX,"Wichita County",27,63,818
28,047,12,086,FL,"Miami Dade County",26,38,574
28,047,12,113,FL,"Santa Rosa County",26,56,835
28,047,53,053,WA,"Pierce County",26,51,512
28,047,02,020,AK,"Anchorage Borough",24,49,599
28,047,12,009,FL,"Brevard County",24,41,578
28,047,28,067,MS,"Jones County",24,47,529
28,047,28,073,MS,"Lamar County",24,53,848
28,047,28,075,MS,"Lauderdale County",24,40,1179
28,047,37,133,NC,"Onslow County",24,46,567
28,047,01,101,AL,"Montgomery County",23,39,732
28,047,24,033,MD,"Prince George's Coun",23,49,871
28,047,17,163,IL,"St Clair County",22,43,698
28,047,48,027,TX,"Bell County",22,41,417
28,047,01,003,AL,"Baldwin County",21,39,662
28,047,28,089,MS,"Madison County",21,26,824
28,047,48,113,TX,"Dallas County",21,39,500
28,047,48,439,TX,"Tarrant County",21,43,799
28,047,13,089,GA,"De Kalb County",20,33,1734
28,047,28,039,MS,"George County",19,37,424
28,047,28,071,MS,"Lafayette County",19,29,292
28,047,34,005,NJ,"Burlington County",19,36,538
28,047,49,011,UT,"Davis County",19,27,361
28,047,13,185,GA,"Lowndes County",18,36,435
28,047,45,019,SC,"Charleston County",18,25,416
28,047,06,071,CA,"San Bernardino Count",17,41,417
28,047,10,001,DE,"Kent County",17,24,301
28,047,13,067,GA,"Cobb County",17,33,706
28,047,13,135,GA,"Gwinnett County",17,26,308
28,047,24,003,MD,"Anne Arundel County",16,36,518
28,047,51,650,VA,Hampton,16,26,376
28,047,06,029,CA,"Kern County",15,34,401
28,047,12,103,FL,"Pinellas County",15,29,332
28,047,17,031,IL,"Cook County",15,24,632
28,047,28,087,MS,"Lowndes County",15,26,343
28,047,37,191,NC,"Wayne County",15,28,333
28,047,46,093,SD,"Meade County",15,29,384
28,047,06,111,CA,"Ventura County",14,20,258
28,047,17,097,IL,"Lake County",14,42,391
28,047,20,173,KS,"Sedgwick County",14,21,331
28,047,22,015,LA,"Bossier Parish",14,29,400
28,047,22,055,LA,"Lafayette Parish",14,26,632
28,047,28,105,MS,"Oktibbeha County",14,15,246
28,047,35,001,NM,"Bernalillo County",14,23,325
28,047,51,710,VA,Norfolk,14,23,353
28,047,12,019,FL,"Clay County",13,35,488
28,047,28,033,MS,"De Soto County",13,23,504
28,047,28,149,MS,"Warren County",13,25,509
28,047,39,057,OH,"Greene County",13,29,644
28,047,40,065,OK,"Jackson County",13,34,401
28,047,01,117,AL,"Shelby County",12,20,512
28,047,12,095,FL,"Orange County",12,18,161
28,047,22,117,LA,"Washington Parish",12,23,210
28,047,28,031,MS,"Covington County",12,33,240
28,047,28,081,MS,"Lee County",12,27,611
28,047,29,101,MO,"Johnson County",12,19,252
28,047,37,049,NC,"Craven County",12,22,282
28,047,51,059,VA,"Fairfax County",12,30,742
28,047,51,199,VA,"York County",12,28,316
28,047,06,115,CA,"Yuba County",11,20,216
28,047,22,105,LA,"Tangipahoa Parish",11,21,360
28,047,22,109,LA,"Terrebonne Parish",11,27,213
28,047,25,017,MA,"Middlesex County",11,19,399
28,047,28,065,MS,"Jefferson Davis Coun",11,24,122
28,047,28,091,MS,"Marion County",11,28,347
28,047,28,113,MS,"Pike County",11,17,293
28,047,31,055,NE,"Douglas County",11,18,237
28,047,35,009,NM,"Curry County",11,17,218
28,047,35,035,NM,"Otero County",11,18,208
28,047,45,079,SC,"Richland County",11,25,311
28,047,47,037,TN,"Davidson County",11,21,823
28,047,47,065,TN,"Hamilton County",11,17,353
28,047,48,453,TX,"Travis County",11,16,395
28,047,12,071,FL,"Lee County",10,10,269
28,047,12,087,FL,"Monroe County",10,26,407
28,047,13,063,GA,"Clayton County",10,20,328
28,047,13,215,GA,"Muscogee County",10,15,238
28,047,22,079,LA,"Rapides Parish",10,27,331
28,047,26,163,MI,"Wayne County",10,19,212
28,047,38,101,ND,"Ward County",10,22,231
28,047,48,441,TX,"Taylor County",10,14,181
28,047,51,700,VA,"Newport News",10,23,277
28,047,53,033,WA,"King County",10,20,301
28,047,53,063,WA,"Spokane County",10,17,267
28,047,58,000,SS,"Other Flows - Same State",143,283,3255
28,047,59,000,DS,"Other Flows - Diff State",1809,3614,52455
28,047,59,001,DS,"Other Flows - Northeast",186,357,4975
28,047,59,003,DS,"Other Flows - Midwest",362,741,9618
28,047,59,005,DS,"Other Flows - South",1000,1978,30119
28,047,59,007,DS,"Other Flows - West",261,538,7743
28,047,57,009,FR,"Foreign - Other flows",13,29,411
28,049,96,000,MS,"Hinds County Tot Mig-US & For",5923,11284,194556
28,049,97,000,MS,"Hinds County Tot Mig-US",5883,11215,193237
28,049,97,001,MS,"Hinds County Tot Mig-Same St",3677,7066,118065
28,049,97,003,MS,"Hinds County Tot Mig-Diff St",2206,4149,75172
28,049,98,000,MS,"Hinds County Tot Mig-Foreign",40,69,1319
28,049,28,049,MS,"Hinds County Non-Migrants",81166,178509,3182315
28,049,28,121,MS,"Rankin County",1334,2595,44865
28,049,28,089,MS,"Madison County",1062,2035,35769
28,049,47,157,TN,"Shelby County",135,242,4083
28,049,28,029,MS,"Copiah County",124,255,3616
28,049,28,035,MS,"Forrest County",97,156,2432
28,049,28,149,MS,"Warren County",97,188,2809
28,049,28,047,MS,"Harrison County",71,137,1899
28,049,17,031,IL,"Cook County",63,116,1195
28,049,48,201,TX,"Harris County",63,115,2329
28,049,28,127,MS,"Simpson County",62,125,1651
28,049,48,113,TX,"Dallas County",60,110,1630
28,049,28,163,MS,"Yazoo County",59,119,3091
28,049,13,089,GA,"De Kalb County",54,96,1145
28,049,28,105,MS,"Oktibbeha County",44,58,1009
28,049,01,073,AL,"Jefferson County",43,61,2717
28,049,47,037,TN,"Davidson County",42,71,1157
28,049,13,067,GA,"Cobb County",41,81,1168
28,049,28,059,MS,"Jackson County",39,85,2102
28,049,28,085,MS,"Lincoln County",38,71,1014
28,049,13,121,GA,"Fulton County",35,55,1189
28,049,48,439,TX,"Tarrant County",35,75,1545
28,049,28,071,MS,"Lafayette County",33,47,1112
28,049,22,071,LA,"Orleans Parish",32,56,1025
28,049,28,033,MS,"De Soto County",32,60,1536
28,049,28,123,MS,"Scott County",29,60,729
28,049,22,033,LA,"East Baton Rouge Par",28,49,860
28,049,28,079,MS,"Leake County",28,59,641
28,049,57,005,FR,"Foreign - APO/FPO ZIPs",27,45,567
28,049,28,051,MS,"Holmes County",26,58,636
28,049,13,135,GA,"Gwinnett County",25,54,589
28,049,06,037,CA,"Los Angeles County",24,49,725
28,049,22,051,LA,"Jefferson Parish",24,41,439
28,049,28,007,MS,"Attala County",22,47,361
28,049,28,011,MS,"Bolivar County",22,42,388
28,049,28,075,MS,"Lauderdale County",22,46,576
28,049,48,085,TX,"Collin County",22,34,634
28,049,28,001,MS,"Adams County",21,41,611
28,049,28,021,MS,"Claiborne County",20,52,447
28,049,28,083,MS,"Leflore County",20,35,487
28,049,28,113,MS,"Pike County",20,38,625
28,049,28,151,MS,"Washington County",19,34,512
28,049,13,063,GA,"Clayton County",18,33,412
28,049,28,043,MS,"Grenada County",18,35,516
28,049,26,163,MI,"Wayne County",17,29,393
28,049,28,077,MS,"Lawrence County",17,29,583
28,049,12,031,FL,"Duval County",16,31,391
28,049,28,099,MS,"Neshoba County",16,35,494
28,049,47,093,TN,"Knox County",16,35,640
28,049,48,027,TX,"Bell County",16,27,271
28,049,06,073,CA,"San Diego County",15,27,418
28,049,28,073,MS,"Lamar County",15,24,395
28,049,01,097,AL,"Mobile County",14,16,490
28,049,28,027,MS,"Coahoma County",14,23,305
28,049,28,067,MS,"Jones County",14,24,357
28,049,28,091,MS,"Marion County",14,28,387
28,049,37,119,NC,"Mecklenburg County",14,31,575
28,049,22,103,LA,"St Tammany Parish",13,32,469
28,049,28,015,MS,"Carroll County",13,26,409
28,049,28,053,MS,"Humphreys County",13,28,215
28,049,28,081,MS,"Lee County",13,19,533
28,049,48,029,TX,"Bexar County",13,30,804
28,049,48,121,TX,"Denton County",13,22,622
28,049,05,119,AR,"Pulaski County",12,20,466
28,049,22,073,LA,"Ouachita Parish",12,31,608
28,049,28,031,MS,"Covington County",12,21,360
28,049,55,079,WI,"Milwaukee County",12,26,220
28,049,01,003,AL,"Baldwin County",11,23,713
28,049,01,117,AL,"Shelby County",11,18,453
28,049,11,001,DC,"District Of Columbia",11,14,295
28,049,22,017,LA,"Caddo Parish",11,26,399
28,049,28,087,MS,"Lowndes County",11,18,267
28,049,28,133,MS,"Sunflower County",11,23,162
28,049,29,189,MO,"St Louis County",11,19,338
28,049,40,109,OK,"Oklahoma County",11,20,264
28,049,12,091,FL,"Okaloosa County",10,17,364
28,049,36,061,NY,"New York County",10,19,403
28,049,37,133,NC,"Onslow County",10,22,266
28,049,58,000,SS,"Other Flows - Same State",155,290,4164
28,049,59,000,DS,"Other Flows - Diff State",1183,2276,42468
28,049,59,001,DS,"Other Flows - Northeast",75,148,2499
28,049,59,003,DS,"Other Flows - Midwest",229,444,5478
28,049,59,005,DS,"Other Flows - South",722,1391,26436
28,049,59,007,DS,"Other Flows - West",157,293,8055
28,049,57,009,FR,"Foreign - Other flows",13,24,753
28,051,96,000,MS,"Holmes County Tot Mig-US & For",389,847,9058
28,051,97,000,MS,"Holmes County Tot Mig-US",389,847,9058
28,051,97,001,MS,"Holmes County Tot Mig-Same St",269,601,6200
28,051,97,003,MS,"Holmes County Tot Mig-Diff St",120,246,2857
28,051,28,051,MS,"Holmes County Non-Migrants",5587,13508,131414
28,051,28,049,MS,"Hinds County",53,128,1219
28,051,28,007,MS,"Attala County",43,91,1140
28,051,28,089,MS,"Madison County",32,71,1015
28,051,28,083,MS,"Leflore County",25,60,485
28,051,28,163,MS,"Yazoo County",23,55,323
28,051,47,157,TN,"Shelby County",22,42,430
28,051,28,121,MS,"Rankin County",15,23,336
28,051,58,000,SS,"Other Flows - Same State",78,173,1683
28,051,59,000,DS,"Other Flows - Diff State",98,204,2427
28,053,96,000,MS,"Humphreys Count Tot Mig-US & For",255,613,4876
28,053,97,000,MS,"Humphreys Count Tot Mig-US",255,613,4876
28,053,97,001,MS,"Humphreys Count Tot Mig-Same St",173,421,3644
28,053,97,003,MS,"Humphreys Count Tot Mig-Diff St",82,192,1232
28,053,28,053,MS,"Humphreys Count Non-Migrants",3563,8637,91404
28,053,28,163,MS,"Yazoo County",23,60,469
28,053,28,133,MS,"Sunflower County",21,57,387
28,053,28,049,MS,"Hinds County",20,50,416
28,053,28,151,MS,"Washington County",16,36,257
28,053,28,051,MS,"Holmes County",15,41,182
28,053,28,083,MS,"Leflore County",11,25,161
28,053,47,157,TN,"Shelby County",10,26,155
28,053,58,000,SS,"Other Flows - Same State",67,152,1772
28,053,59,000,DS,"Other Flows - Diff State",72,166,1077
28,055,96,000,MS,"Issaquena Count Tot Mig-US & For",40,100,739
28,055,97,000,MS,"Issaquena Count Tot Mig-US",40,100,739
28,055,28,055,MS,"Issaquena Count Non-Migrants",441,1049,9305
28,057,96,000,MS,"Itawamba County Tot Mig-US & For",599,1188,13720
28,057,97,000,MS,"Itawamba County Tot Mig-US",599,1188,13720
28,057,97,001,MS,"Itawamba County Tot Mig-Same St",431,872,10024
28,057,97,003,MS,"Itawamba County Tot Mig-Diff St",168,316,3696
28,057,28,057,MS,"Itawamba County Non-Migrants",8783,20427,308940
28,057,28,081,MS,"Lee County",227,467,5357
28,057,28,095,MS,"Monroe County",49,106,1118
28,057,28,141,MS,"Tishomingo County",32,63,646
28,057,28,117,MS,"Prentiss County",23,51,655
28,057,01,059,AL,"Franklin County",21,45,480
28,057,28,115,MS,"Pontotoc County",15,35,280
28,057,28,017,MS,"Chickasaw County",13,28,277
28,057,58,000,SS,"Other Flows - Same State",72,122,1690
28,057,59,000,DS,"Other Flows - Diff State",147,271,3216
28,059,96,000,MS,"Jackson County Tot Mig-US & For",3588,7655,114627
28,059,97,000,MS,"Jackson County Tot Mig-US",3451,7372,109345
28,059,97,001,MS,"Jackson County Tot Mig-Same St",1480,2944,42488
28,059,97,003,MS,"Jackson County Tot Mig-Diff St",1971,4428,66857
28,059,98,000,MS,"Jackson County Tot Mig-Foreign",137,283,5282
28,059,28,059,MS,"Jackson County Non-Migrants",40619,93794,1669501
28,059,28,047,MS,"Harrison County",881,1657,23937
28,059,01,097,AL,"Mobile County",213,442,6619
28,059,28,039,MS,"George County",150,387,5192
28,059,57,005,FR,"Foreign - APO/FPO ZIPs",116,232,3519
28,059,28,035,MS,"Forrest County",77,134,2016
28,059,28,045,MS,"Hancock County",51,108,1653
28,059,48,201,TX,"Harris County",45,95,1460
28,059,12,033,FL,"Escambia County",41,83,1040
28,059,12,031,FL,"Duval County",40,97,1192
28,059,51,810,VA,"Virginia Beach",40,78,1188
28,059,06,073,CA,"San Diego County",35,93,1432
28,059,51,710,VA,Norfolk,29,76,941
28,059,22,071,LA,"Orleans Parish",28,56,583
28,059,28,121,MS,"Rankin County",27,63,1005
28,059,22,103,LA,"St Tammany Parish",24,60,1167
28,059,47,157,TN,"Shelby County",24,42,707
28,059,28,049,MS,"Hinds County",23,50,616
28,059,12,091,FL,"Okaloosa County",22,43,741
28,059,28,067,MS,"Jones County",21,38,562
28,059,13,067,GA,"Cobb County",20,43,678
28,059,01,003,AL,"Baldwin County",19,43,720
28,059,28,089,MS,"Madison County",19,31,692
28,059,22,033,LA,"East Baton Rouge Par",18,24,487
28,059,28,105,MS,"Oktibbeha County",18,21,363
28,059,12,005,FL,"Bay County",17,43,610
28,059,22,051,LA,"Jefferson Parish",17,29,430
28,059,48,029,TX,"Bexar County",16,40,603
28,059,48,113,TX,"Dallas County",16,28,402
28,059,12,057,FL,"Hillsborough County",15,42,538
28,059,06,037,CA,"Los Angeles County",14,22,209
28,059,13,121,GA,"Fulton County",14,30,319
28,059,28,075,MS,"Lauderdale County",14,27,429
28,059,28,131,MS,"Stone County",14,31,450
28,059,04,013,AZ,"Maricopa County",13,29,411
28,059,32,003,NV,"Clark County",13,19,545
28,059,48,439,TX,"Tarrant County",13,27,296
28,059,12,113,FL,"Santa Rosa County",12,33,317
28,059,15,003,HI,"Honolulu County",12,31,395
28,059,28,071,MS,"Lafayette County",12,26,287
28,059,28,073,MS,"Lamar County",12,20,263
28,059,28,109,MS,"Pearl River County",12,25,229
28,059,01,073,AL,"Jefferson County",11,22,539
28,059,13,089,GA,"De Kalb County",10,16,161
28,059,13,135,GA,"Gwinnett County",10,23,344
28,059,17,031,IL,"Cook County",10,19,299
28,059,28,033,MS,"De Soto County",10,25,493
28,059,58,000,SS,"Other Flows - Same State",139,301,4300
28,059,59,000,DS,"Other Flows - Diff State",1160,2700,41485
28,059,59,001,DS,"Other Flows - Northeast",76,172,2495
28,059,59,003,DS,"Other Flows - Midwest",184,409,6742
28,059,59,005,DS,"Other Flows - South",749,1775,26464
28,059,59,007,DS,"Other Flows - West",151,344,5785
28,059,57,009,FR,"Foreign - Other flows",21,51,1763
28,061,96,000,MS,"Jasper County Tot Mig-US & For",358,771,7918
28,061,97,000,MS,"Jasper County Tot Mig-US",358,771,7918
28,061,97,001,MS,"Jasper County Tot Mig-Same St",278,610,6556
28,061,97,003,MS,"Jasper County Tot Mig-Diff St",80,161,1363
28,061,28,061,MS,"Jasper County Non-Migrants",5274,12515,166523
28,061,28,067,MS,"Jones County",104,235,2733
28,061,28,129,MS,"Smith County",30,68,632
28,061,28,023,MS,"Clarke County",28,65,611
28,061,28,035,MS,"Forrest County",17,35,410
28,061,28,075,MS,"Lauderdale County",11,20,210
28,061,58,000,SS,"Other Flows - Same State",88,187,1959
28,061,59,000,DS,"Other Flows - Diff State",80,161,1363
28,063,96,000,MS,"Jefferson Count Tot Mig-US & For",108,221,2181
28,063,97,000,MS,"Jefferson Count Tot Mig-US",108,221,2181
28,063,97,001,MS,"Jefferson Count Tot Mig-Same St",82,175,1619
28,063,97,003,MS,"Jefferson Count Tot Mig-Diff St",26,46,562
28,063,28,063,MS,"Jefferson Count Non-Migrants",2083,5106,49792
28,063,28,001,MS,"Adams County",24,50,555
28,063,28,021,MS,"Claiborne County",23,53,309
28,063,28,149,MS,"Warren County",13,29,260
28,063,58,000,SS,"Other Flows - Same State",22,43,496
28,063,59,000,DS,"Other Flows - Diff State",26,46,562
28,065,96,000,MS,"Jefferson Davis Tot Mig-US & For",278,580,6288
28,065,97,000,MS,"Jefferson Davis Tot Mig-US",278,580,6288
28,065,97,001,MS,"Jefferson Davis Tot Mig-Same St",220,469,5199
28,065,97,003,MS,"Jefferson Davis Tot Mig-Diff St",58,111,1090
28,065,28,065,MS,"Jefferson Davis Non-Migrants",4142,9709,112656
28,065,28,035,MS,"Forrest County",55,102,1219
28,065,28,031,MS,"Covington County",30,69,734
28,065,28,077,MS,"Lawrence County",28,63,632
28,065,28,127,MS,"Simpson County",14,27,234
28,065,28,073,MS,"Lamar County",13,36,372
28,065,28,091,MS,"Marion County",13,29,173
28,065,28,047,MS,"Harrison County",12,27,367
28,065,28,049,MS,"Hinds County",10,19,194
28,065,58,000,SS,"Other Flows - Same State",45,97,1273
28,065,59,000,DS,"Other Flows - Diff State",58,111,1090
28,067,96,000,MS,"Jones County Tot Mig-US & For",1078,2303,28638
28,067,97,000,MS,"Jones County Tot Mig-US",1067,2288,28525
28,067,97,001,MS,"Jones County Tot Mig-Same St",685,1492,17387
28,067,97,003,MS,"Jones County Tot Mig-Diff St",382,796,11138
28,067,98,000,MS,"Jones County Tot Mig-Foreign",11,15,113
28,067,28,067,MS,"Jones County Non-Migrants",18437,42801,658482
28,067,28,035,MS,"Forrest County",164,324,4286
28,067,28,061,MS,"Jasper County",76,181,1800
28,067,28,023,MS,"Clarke County",47,125,1054
28,067,28,111,MS,"Perry County",40,89,969
28,067,28,031,MS,"Covington County",36,79,820
28,067,28,129,MS,"Smith County",34,71,607
28,067,28,153,MS,"Wayne County",32,71,661
28,067,28,073,MS,"Lamar County",30,76,1182
28,067,28,121,MS,"Rankin County",25,60,1123
28,067,28,047,MS,"Harrison County",24,47,426
28,067,28,059,MS,"Jackson County",24,48,458
28,067,28,049,MS,"Hinds County",17,29,398
28,067,28,075,MS,"Lauderdale County",16,40,463
28,067,48,201,TX,"Harris County",10,21,600
28,067,58,000,SS,"Other Flows - Same State",120,252,3141
28,067,59,000,DS,"Other Flows - Diff State",372,775,10538
28,067,59,001,DS,"Other Flows - Northeast",15,29,254
28,067,59,003,DS,"Other Flows - Midwest",44,97,912
28,067,59,005,DS,"Other Flows - South",279,585,8665
28,067,59,007,DS,"Other Flows - West",34,64,706
28,067,57,009,FR,"Foreign - Other flows",11,15,113
28,069,96,000,MS,"Kemper County Tot Mig-US & For",236,494,5448
28,069,97,000,MS,"Kemper County Tot Mig-US",236,494,5448
28,069,97,001,MS,"Kemper County Tot Mig-Same St",174,379,4023
28,069,97,003,MS,"Kemper County Tot Mig-Diff St",62,115,1424
28,069,28,069,MS,"Kemper County Non-Migrants",3768,8564,107589
28,069,28,075,MS,"Lauderdale County",82,181,1938
28,069,28,099,MS,"Neshoba County",25,49,496
28,069,28,159,MS,"Winston County",17,44,404
28,069,58,000,SS,"Other Flows - Same State",50,105,1185
28,069,59,000,DS,"Other Flows - Diff State",62,115,1424
28,071,96,000,MS,"Lafayette Count Tot Mig-US & For",1211,2176,37969
28,071,97,000,MS,"Lafayette Count Tot Mig-US",1195,2154,37704
28,071,97,001,MS,"Lafayette Count Tot Mig-Same St",569,1065,15549
28,071,97,003,MS,"Lafayette Count Tot Mig-Diff St",626,1089,22155
28,071,98,000,MS,"Lafayette Count Tot Mig-Foreign",16,22,265
28,071,28,071,MS,"Lafayette Count Non-Migrants",10501,22680,453319
28,071,47,157,TN,"Shelby County",89,138,2411
28,071,28,161,MS,"Yalobusha County",56,131,1568
28,071,28,049,MS,"Hinds County",53,75,1065
28,071,28,033,MS,"De Soto County",42,86,1282
28,071,28,107,MS,"Panola County",35,76,819
28,071,28,115,MS,"Pontotoc County",33,66,874
28,071,28,081,MS,"Lee County",32,57,1511
28,071,28,093,MS,"Marshall County",28,70,600
28,071,28,121,MS,"Rankin County",24,44,643
28,071,28,089,MS,"Madison County",22,31,620
28,071,28,047,MS,"Harrison County",18,23,286
28,071,28,145,MS,"Union County",18,47,455
28,071,28,013,MS,"Calhoun County",17,44,407
28,071,28,035,MS,"Forrest County",15,17,353
28,071,47,037,TN,"Davidson County",13,24,405
28,071,01,073,AL,"Jefferson County",12,19,1489
28,071,48,113,TX,"Dallas County",12,16,324
28,071,13,089,GA,"De Kalb County",11,15,305
28,071,28,105,MS,"Oktibbeha County",11,18,226
28,071,28,137,MS,"Tate County",11,24,309
28,071,48,201,TX,"Harris County",11,17,1283
28,071,28,043,MS,"Grenada County",10,23,288
28,071,28,059,MS,"Jackson County",10,14,217
28,071,28,151,MS,"Washington County",10,16,258
28,071,58,000,SS,"Other Flows - Same State",124,203,3768
28,071,59,000,DS,"Other Flows - Diff State",478,860,15938
28,071,59,001,DS,"Other Flows - Northeast",53,82,1387
28,071,59,003,DS,"Other Flows - Midwest",87,156,2879
28,071,59,005,DS,"Other Flows - South",279,518,9394
28,071,59,007,DS,"Other Flows - West",59,104,2278
28,071,57,009,FR,"Foreign - Other flows",16,22,265
28,073,96,000,MS,"Lamar County Tot Mig-US & For",894,1929,30224
28,073,97,000,MS,"Lamar County Tot Mig-US",894,1929,30224
28,073,97,001,MS,"Lamar County Tot Mig-Same St",575,1243,16939
28,073,97,003,MS,"Lamar County Tot Mig-Diff St",319,686,13284
28,073,28,073,MS,"Lamar County Non-Migrants",9714,23896,429619
28,073,28,035,MS,"Forrest County",272,576,7722
28,073,28,091,MS,"Marion County",52,126,1352
28,073,28,109,MS,"Pearl River County",27,72,746
28,073,28,121,MS,"Rankin County",25,51,1044
28,073,28,047,MS,"Harrison County",23,41,781
28,073,28,067,MS,"Jones County",19,48,654
28,073,28,031,MS,"Covington County",16,43,587
28,073,28,089,MS,"Madison County",16,26,551
28,073,28,045,MS,"Hancock County",13,23,309
28,073,28,059,MS,"Jackson County",13,25,265
28,073,01,097,AL,"Mobile County",12,27,378
28,073,28,049,MS,"Hinds County",12,18,262
28,073,22,051,LA,"Jefferson Parish",10,15,218
28,073,58,000,SS,"Other Flows - Same State",87,194,2666
28,073,59,000,DS,"Other Flows - Diff State",297,644,12689
28,073,59,001,DS,"Other Flows - Northeast",11,22,269
28,073,59,003,DS,"Other Flows - Midwest",42,118,1608
28,073,59,005,DS,"Other Flows - South",212,442,9783
28,073,59,007,DS,"Other Flows - West",32,62,1029
28,075,96,000,MS,"Lauderdale Coun Tot Mig-US & For",1729,3565,54802
28,075,97,000,MS,"Lauderdale Coun Tot Mig-US",1669,3475,53623
28,075,97,001,MS,"Lauderdale Coun Tot Mig-Same St",655,1354,19696
28,075,97,003,MS,"Lauderdale Coun Tot Mig-Diff St",1014,2121,33926
28,075,98,000,MS,"Lauderdale Coun Tot Mig-Foreign",60,90,1180
28,075,28,075,MS,"Lauderdale Coun Non-Migrants",23464,52550,936738
28,075,28,023,MS,"Clarke County",163,357,4060
28,075,28,069,MS,"Kemper County",75,183,2150
28,075,28,101,MS,"Newton County",65,122,1916
28,075,51,810,VA,"Virginia Beach",50,100,1833
28,075,28,121,MS,"Rankin County",48,91,2248
28,075,06,073,CA,"San Diego County",46,86,1558
28,075,28,049,MS,"Hinds County",41,83,1114
28,075,28,099,MS,"Neshoba County",38,77,1047
28,075,28,035,MS,"Forrest County",36,50,698
28,075,01,119,AL,"Sumter County",29,57,603
28,075,01,073,AL,"Jefferson County",26,51,1312
28,075,06,031,CA,"Kings County",25,43,1018
28,075,47,157,TN,"Shelby County",25,46,875
28,075,28,047,MS,"Harrison County",22,47,476
28,075,28,089,MS,"Madison County",22,35,1129
28,075,01,023,AL,"Choctaw County",19,34,318
28,075,37,133,NC,"Onslow County",19,43,380
28,075,48,201,TX,"Harris County",18,33,516
28,075,01,125,AL,"Tuscaloosa County",17,30,497
28,075,12,033,FL,"Escambia County",16,32,679
28,075,37,049,NC,"Craven County",16,43,749
28,075,51,710,VA,Norfolk,15,19,438
28,075,01,097,AL,"Mobile County",13,27,327
28,075,28,105,MS,"Oktibbeha County",13,18,308
28,075,13,121,GA,"Fulton County",12,21,199
28,075,28,061,MS,"Jasper County",12,30,385
28,075,28,123,MS,"Scott County",12,28,312
28,075,47,037,TN,"Davidson County",12,26,239
28,075,01,003,AL,"Baldwin County",11,24,356
28,075,12,031,FL,"Duval County",11,29,379
28,075,48,439,TX,"Tarrant County",11,23,300
28,075,51,550,VA,Chesapeake,11,27,587
28,075,01,089,AL,"Madison County",10,25,446
28,075,13,067,GA,"Cobb County",10,17,168
28,075,17,031,IL,"Cook County",10,20,221
28,075,48,113,TX,"Dallas County",10,14,392
28,075,53,029,WA,"Island County",10,24,467
28,075,58,000,SS,"Other Flows - Same State",108,233,3853
28,075,59,000,DS,"Other Flows - Diff State",562,1227,19072
28,075,59,001,DS,"Other Flows - Northeast",30,66,876
28,075,59,003,DS,"Other Flows - Midwest",98,192,2761
28,075,59,005,DS,"Other Flows - South",365,814,12891
28,075,59,007,DS,"Other Flows - West",69,155,2544
28,075,57,009,FR,"Foreign - Other flows",60,90,1180
28,077,96,000,MS,"Lawrence County Tot Mig-US & For",305,653,7424
28,077,97,000,MS,"Lawrence County Tot Mig-US",305,653,7424
28,077,97,001,MS,"Lawrence County Tot Mig-Same St",232,491,5804
28,077,97,003,MS,"Lawrence County Tot Mig-Diff St",73,162,1620
28,077,28,077,MS,"Lawrence County Non-Migrants",5101,12322,170039
28,077,28,085,MS,"Lincoln County",45,101,1383
28,077,28,113,MS,"Pike County",30,54,651
28,077,28,049,MS,"Hinds County",20,43,407
28,077,28,065,MS,"Jefferson Davis Coun",16,35,248
28,077,28,127,MS,"Simpson County",15,27,507
28,077,28,147,MS,"Walthall County",13,32,273
28,077,28,035,MS,"Forrest County",11,22,137
28,077,28,091,MS,"Marion County",11,27,216
28,077,58,000,SS,"Other Flows - Same State",71,150,1983
28,077,59,000,DS,"Other Flows - Diff State",73,162,1620
28,079,96,000,MS,"Leake County Tot Mig-US & For",420,861,9115
28,079,97,000,MS,"Leake County Tot Mig-US",420,861,9115
28,079,97,001,MS,"Leake County Tot Mig-Same St",317,648,6960
28,079,97,003,MS,"Leake County Tot Mig-Diff St",103,213,2155
28,079,28,079,MS,"Leake County Non-Migrants",6694,15587,197177
28,079,28,099,MS,"Neshoba County",58,124,1194
28,079,28,007,MS,"Attala County",40,80,519
28,079,28,121,MS,"Rankin County",39,73,944
28,079,28,123,MS,"Scott County",35,71,671
28,079,28,049,MS,"Hinds County",29,52,610
28,079,28,089,MS,"Madison County",23,46,600
28,079,28,101,MS,"Newton County",14,31,415
28,079,28,159,MS,"Winston County",14,30,202
28,079,58,000,SS,"Other Flows - Same State",65,141,1804
28,079,59,000,DS,"Other Flows - Diff State",103,213,2155
28,081,96,000,MS,"Lee County Tot Mig-US & For",1880,3878,60211
28,081,97,000,MS,"Lee County Tot Mig-US",1867,3861,59964
28,081,97,001,MS,"Lee County Tot Mig-Same St",1142,2398,33515
28,081,97,003,MS,"Lee County Tot Mig-Diff St",725,1463,26449
28,081,98,000,MS,"Lee County Tot Mig-Foreign",13,17,246
28,081,28,081,MS,"Lee County Non-Migrants",27557,62850,1173190
28,081,28,057,MS,"Itawamba County",230,518,6408
28,081,28,115,MS,"Pontotoc County",145,325,3323
28,081,28,145,MS,"Union County",117,239,3108
28,081,28,095,MS,"Monroe County",83,172,2177
28,081,28,117,MS,"Prentiss County",82,172,1557
28,081,47,157,TN,"Shelby County",68,123,2024
28,081,28,017,MS,"Chickasaw County",67,144,1606
28,081,28,071,MS,"Lafayette County",37,77,1311
28,081,28,003,MS,"Alcorn County",34,75,1277
28,081,28,033,MS,"De Soto County",29,56,1020
28,081,28,087,MS,"Lowndes County",26,53,1008
28,081,28,049,MS,"Hinds County",25,51,1104
28,081,28,105,MS,"Oktibbeha County",21,29,414
28,081,28,025,MS,"Clay County",19,37,1618
28,081,28,139,MS,"Tippah County",19,33,336
28,081,28,121,MS,"Rankin County",17,28,666
28,081,28,141,MS,"Tishomingo County",17,40,847
28,081,01,073,AL,"Jefferson County",16,23,698
28,081,28,013,MS,"Calhoun County",15,31,390
28,081,28,089,MS,"Madison County",14,32,1090
28,081,01,089,AL,"Madison County",13,21,266
28,081,28,035,MS,"Forrest County",13,17,444
28,081,48,201,TX,"Harris County",12,21,716
28,081,01,077,AL,"Lauderdale County",11,24,607
28,081,47,037,TN,"Davidson County",11,21,397
28,081,28,047,MS,"Harrison County",10,13,183
28,081,58,000,SS,"Other Flows - Same State",122,256,3628
28,081,59,000,DS,"Other Flows - Diff State",594,1230,21741
28,081,59,001,DS,"Other Flows - Northeast",19,28,473
28,081,59,003,DS,"Other Flows - Midwest",101,224,3178
28,081,59,005,DS,"Other Flows - South",416,875,15954
28,081,59,007,DS,"Other Flows - West",58,103,2136
28,081,57,009,FR,"Foreign - Other flows",13,17,246
28,083,96,000,MS,"Leflore County Tot Mig-US & For",767,1661,18191
28,083,97,000,MS,"Leflore County Tot Mig-US",767,1661,18191
28,083,97,001,MS,"Leflore County Tot Mig-Same St",421,936,10789
28,083,97,003,MS,"Leflore County Tot Mig-Diff St",346,725,7402
28,083,28,083,MS,"Leflore County Non-Migrants",10191,23813,313689
28,083,28,015,MS,"Carroll County",122,279,2698
28,083,47,157,TN,"Shelby County",94,208,1784
28,083,28,133,MS,"Sunflower County",37,96,813
28,083,28,049,MS,"Hinds County",36,73,787
28,083,28,051,MS,"Holmes County",21,49,473
28,083,28,089,MS,"Madison County",21,32,708
28,083,28,043,MS,"Grenada County",19,43,860
28,083,28,011,MS,"Bolivar County",14,39,413
28,083,28,121,MS,"Rankin County",13,28,444
28,083,28,135,MS,"Tallahatchie County",13,32,202
28,083,28,151,MS,"Washington County",13,29,330
28,083,13,067,GA,"Cobb County",11,22,128
28,083,58,000,SS,"Other Flows - Same State",112,236,3062
28,083,59,000,DS,"Other Flows - Diff State",241,495,5490
28,085,96,000,MS,"Lincoln County Tot Mig-US & For",579,1244,14542
28,085,97,000,MS,"Lincoln County Tot Mig-US",579,1244,14542
28,085,97,001,MS,"Lincoln County Tot Mig-Same St",364,780,9362
28,085,97,003,MS,"Lincoln County Tot Mig-Diff St",215,464,5179
28,085,28,085,MS,"Lincoln County Non-Migrants",9848,23225,354591
28,085,28,029,MS,"Copiah County",71,170,1695
28,085,28,113,MS,"Pike County",52,113,1049
28,085,28,049,MS,"Hinds County",46,91,1202
28,085,28,121,MS,"Rankin County",27,58,1025
28,085,28,077,MS,"Lawrence County",26,57,765
28,085,28,035,MS,"Forrest County",20,26,432
28,085,28,005,MS,"Amite County",19,53,431
28,085,28,089,MS,"Madison County",11,17,366
28,085,28,037,MS,"Franklin County",10,21,243
28,085,58,000,SS,"Other Flows - Same State",82,174,2155
28,085,59,000,DS,"Other Flows - Diff State",215,464,5179
28,087,96,000,MS,"Lowndes County Tot Mig-US & For",1714,3513,58729
28,087,97,000,MS,"Lowndes County Tot Mig-US",1638,3367,56364
28,087,97,001,MS,"Lowndes County Tot Mig-Same St",525,1101,16002
28,087,97,003,MS,"Lowndes County Tot Mig-Diff St",1113,2266,40362
28,087,98,000,MS,"Lowndes County Tot Mig-Foreign",76,146,2365
28,087,28,087,MS,"Lowndes County Non-Migrants",18350,42193,701650
28,087,28,095,MS,"Monroe County",124,275,3398
28,087,28,105,MS,"Oktibbeha County",69,138,2116
28,087,28,025,MS,"Clay County",58,122,1755
28,087,47,157,TN,"Shelby County",39,63,943
28,087,01,107,AL,"Pickens County",31,70,775
28,087,28,081,MS,"Lee County",31,65,1080
28,087,01,075,AL,"Lamar County",30,54,684
28,087,01,125,AL,"Tuscaloosa County",29,53,732
28,087,04,013,AZ,"Maricopa County",29,43,975
28,087,28,103,MS,"Noxubee County",27,59,538
28,087,01,073,AL,"Jefferson County",26,44,688
28,087,45,019,SC,"Charleston County",21,42,784
28,087,12,005,FL,"Bay County",18,33,587
28,087,12,091,FL,"Okaloosa County",18,30,547
28,087,28,121,MS,"Rankin County",18,50,937
28,087,48,029,TX,"Bexar County",17,48,1032
28,087,13,067,GA,"Cobb County",16,33,468
28,087,28,047,MS,"Harrison County",15,26,304
28,087,13,185,GA,"Lowndes County",14,33,729
28,087,48,355,TX,"Nueces County",14,23,460
28,087,05,119,AR,"Pulaski County",13,25,522
28,087,28,049,MS,"Hinds County",13,23,490
28,087,48,113,TX,"Dallas County",12,21,273
28,087,13,089,GA,"De Kalb County",11,15,315
28,087,13,121,GA,"Fulton County",11,21,276
28,087,48,441,TX,"Taylor County",11,24,457
28,087,28,075,MS,"Lauderdale County",10,20,374
28,087,58,000,SS,"Other Flows - Same State",160,323,5012
28,087,59,000,DS,"Other Flows - Diff State",753,1591,29116
28,087,59,001,DS,"Other Flows - Northeast",44,77,1980
28,087,59,003,DS,"Other Flows - Midwest",137,292,5379
28,087,59,005,DS,"Other Flows - South",463,986,17452
28,087,59,007,DS,"Other Flows - West",109,236,4306
28,087,57,009,FR,"Foreign - Other flows",76,146,2365
28,089,96,000,MS,"Madison County Tot Mig-US & For",2636,5198,129977
28,089,97,000,MS,"Madison County Tot Mig-US",2636,5198,129977
28,089,97,001,MS,"Madison County Tot Mig-Same St",1701,3225,64820
28,089,97,003,MS,"Madison County Tot Mig-Diff St",935,1973,65157
28,089,28,089,MS,"Madison County Non-Migrants",23629,55698,1372653
28,089,28,049,MS,"Hinds County",802,1556,29452
28,089,28,121,MS,"Rankin County",457,841,18769
28,089,47,157,TN,"Shelby County",52,114,2909
28,089,28,163,MS,"Yazoo County",42,89,1303
28,089,28,035,MS,"Forrest County",31,65,1565
28,089,01,073,AL,"Jefferson County",22,41,1543
28,089,28,047,MS,"Harrison County",22,37,662
28,089,28,079,MS,"Leake County",21,41,309
28,089,28,105,MS,"Oktibbeha County",21,32,675
28,089,28,149,MS,"Warren County",21,39,869
28,089,28,081,MS,"Lee County",20,36,800
28,089,48,113,TX,"Dallas County",20,29,1246
28,089,28,075,MS,"Lauderdale County",19,39,954
28,089,22,033,LA,"East Baton Rouge Par",17,37,2719
28,089,13,067,GA,"Cobb County",16,31,997
28,089,13,121,GA,"Fulton County",16,32,849
28,089,28,033,MS,"De Soto County",16,33,886
28,089,28,059,MS,"Jackson County",15,26,469
28,089,28,071,MS,"Lafayette County",15,23,684
28,089,28,007,MS,"Attala County",14,32,394
28,089,28,029,MS,"Copiah County",14,23,440
28,089,47,037,TN,"Davidson County",14,24,584
28,089,48,439,TX,"Tarrant County",14,30,1399
28,089,22,103,LA,"St Tammany Parish",12,39,1581
28,089,28,051,MS,"Holmes County",12,26,321
28,089,22,017,LA,"Caddo Parish",11,23,663
28,089,22,051,LA,"Jefferson Parish",11,16,389
28,089,28,001,MS,"Adams County",11,18,350
28,089,28,127,MS,"Simpson County",11,20,365
28,089,48,085,TX,"Collin County",11,23,1006
28,089,01,101,AL,"Montgomery County",10,12,415
28,089,13,135,GA,"Gwinnett County",10,20,786
28,089,22,071,LA,"Orleans Parish",10,18,326
28,089,28,073,MS,"Lamar County",10,19,952
28,089,28,123,MS,"Scott County",10,15,250
28,089,48,201,TX,"Harris County",10,21,761
28,089,58,000,SS,"Other Flows - Same State",117,215,4352
28,089,59,000,DS,"Other Flows - Diff State",679,1463,46984
28,089,59,001,DS,"Other Flows - Northeast",43,96,2575
28,089,59,003,DS,"Other Flows - Midwest",117,268,5448
28,089,59,005,DS,"Other Flows - South",447,966,35342
28,089,59,007,DS,"Other Flows - West",72,133,3619
28,091,96,000,MS,"Marion County Tot Mig-US & For",493,1084,12192
28,091,97,000,MS,"Marion County Tot Mig-US",493,1084,12192
28,091,97,001,MS,"Marion County Tot Mig-Same St",335,730,8359
28,091,97,003,MS,"Marion County Tot Mig-Diff St",158,354,3833
28,091,28,091,MS,"Marion County Non-Migrants",8807,21176,279407
28,091,28,035,MS,"Forrest County",86,157,1770
28,091,28,073,MS,"Lamar County",53,140,1327
28,091,22,117,LA,"Washington Parish",21,49,398
28,091,28,065,MS,"Jefferson Davis Coun",21,53,779
28,091,28,047,MS,"Harrison County",19,48,461
28,091,28,147,MS,"Walthall County",18,39,234
28,091,28,077,MS,"Lawrence County",16,36,473
28,091,28,113,MS,"Pike County",14,35,319
28,091,28,049,MS,"Hinds County",13,25,342
28,091,28,067,MS,"Jones County",10,17,204
28,091,58,000,SS,"Other Flows - Same State",85,180,2451
28,091,59,000,DS,"Other Flows - Diff State",137,305,3435
28,093,96,000,MS,"Marshall County Tot Mig-US & For",637,1310,14459
28,093,97,000,MS,"Marshall County Tot Mig-US",637,1310,14459
28,093,97,001,MS,"Marshall County Tot Mig-Same St",347,744,7705
28,093,97,003,MS,"Marshall County Tot Mig-Diff St",290,566,6754
28,093,28,093,MS,"Marshall County Non-Migrants",8376,19025,244940
28,093,28,033,MS,"De Soto County",158,362,3652
28,093,47,157,TN,"Shelby County",158,316,3854
28,093,28,009,MS,"Benton County",71,141,1569
28,093,28,071,MS,"Lafayette County",22,44,527
28,093,28,145,MS,"Union County",20,35,346
28,093,28,137,MS,"Tate County",19,38,344
28,093,28,081,MS,"Lee County",11,25,208
28,093,28,139,MS,"Tippah County",11,21,311
28,093,47,047,TN,"Fayette County",10,16,236
28,093,58,000,SS,"Other Flows - Same State",35,78,748
28,093,59,000,DS,"Other Flows - Diff State",122,234,2664
28,095,96,000,MS,"Monroe County Tot Mig-US & For",819,1701,23750
28,095,97,000,MS,"Monroe County Tot Mig-US",819,1701,23750
28,095,97,001,MS,"Monroe County Tot Mig-Same St",513,1062,13420
28,095,97,003,MS,"Monroe County Tot Mig-Diff St",306,639,10330
28,095,28,095,MS,"Monroe County Non-Migrants",12654,29472,433286
28,095,28,087,MS,"Lowndes County",119,258,3488
28,095,28,081,MS,"Lee County",110,208,2789
28,095,28,057,MS,"Itawamba County",54,94,1032
28,095,28,017,MS,"Chickasaw County",51,122,1235
28,095,28,025,MS,"Clay County",44,109,1413
28,095,01,075,AL,"Lamar County",26,58,649
28,095,28,115,MS,"Pontotoc County",18,39,325
28,095,28,105,MS,"Oktibbeha County",16,36,330
28,095,47,157,TN,"Shelby County",16,31,567
28,095,28,071,MS,"Lafayette County",11,20,273
28,095,28,035,MS,"Forrest County",10,16,408
28,095,58,000,SS,"Other Flows - Same State",80,160,2127
28,095,59,000,DS,"Other Flows - Diff State",264,550,9114
28,095,59,001,DS,"Other Flows - Northeast",10,18,525
28,095,59,003,DS,"Other Flows - Midwest",40,100,1389
28,095,59,005,DS,"Other Flows - South",189,387,6533
28,095,59,007,DS,"Other Flows - West",25,45,667
28,097,96,000,MS,"Montgomery Coun Tot Mig-US & For",250,537,5764
28,097,97,000,MS,"Montgomery Coun Tot Mig-US",250,537,5764
28,097,97,001,MS,"Montgomery Coun Tot Mig-Same St",176,388,4147
28,097,97,003,MS,"Montgomery Coun Tot Mig-Diff St",74,149,1617
28,097,28,097,MS,"Montgomery Coun Non-Migrants",3719,8573,106187
28,097,28,043,MS,"Grenada County",47,100,1076
28,097,28,015,MS,"Carroll County",21,54,473
28,097,28,155,MS,"Webster County",11,24,127
28,097,47,157,TN,"Shelby County",10,20,204
28,097,58,000,SS,"Other Flows - Same State",97,210,2472
28,097,59,000,DS,"Other Flows - Diff State",64,129,1413
28,099,96,000,MS,"Neshoba County Tot Mig-US & For",474,962,12158
28,099,97,000,MS,"Neshoba County Tot Mig-US",474,962,12158
28,099,97,001,MS,"Neshoba County Tot Mig-Same St",315,663,8035
28,099,97,003,MS,"Neshoba County Tot Mig-Diff St",159,299,4123
28,099,28,099,MS,"Neshoba County Non-Migrants",8706,20187,289719
28,099,28,079,MS,"Leake County",56,123,1261
28,099,28,075,MS,"Lauderdale County",43,80,1211
28,099,28,101,MS,"Newton County",35,73,798
28,099,28,159,MS,"Winston County",30,70,713
28,099,28,123,MS,"Scott County",24,54,445
28,099,28,049,MS,"Hinds County",18,32,349
28,099,28,069,MS,"Kemper County",18,43,411
28,099,28,121,MS,"Rankin County",15,23,472
28,099,58,000,SS,"Other Flows - Same State",76,165,2374
28,099,59,000,DS,"Other Flows - Diff State",159,299,4123
28,101,96,000,MS,"Newton County Tot Mig-US & For",456,958,11387
28,101,97,000,MS,"Newton County Tot Mig-US",456,958,11387
28,101,97,001,MS,"Newton County Tot Mig-Same St",310,678,7887
28,101,97,003,MS,"Newton County Tot Mig-Diff St",146,280,3501
28,101,28,101,MS,"Newton County Non-Migrants",7117,16699,223600
28,101,28,075,MS,"Lauderdale County",73,162,1942
28,101,28,123,MS,"Scott County",54,119,1123
28,101,28,099,MS,"Neshoba County",46,102,978
28,101,28,121,MS,"Rankin County",23,44,812
28,101,28,049,MS,"Hinds County",18,37,301
28,101,28,061,MS,"Jasper County",15,34,232
28,101,28,023,MS,"Clarke County",13,31,394
28,101,28,079,MS,"Leake County",12,21,296
28,101,28,035,MS,"Forrest County",11,24,236
28,101,58,000,SS,"Other Flows - Same State",45,104,1572
28,101,59,000,DS,"Other Flows - Diff State",146,280,3501
28,103,96,000,MS,"Noxubee County Tot Mig-US & For",234,521,5703
28,103,97,000,MS,"Noxubee County Tot Mig-US",234,521,5703
28,103,97,001,MS,"Noxubee County Tot Mig-Same St",145,334,3704
28,103,97,003,MS,"Noxubee County Tot Mig-Diff St",89,187,1999
28,103,28,103,MS,"Noxubee County Non-Migrants",3846,9318,91185
28,103,28,087,MS,"Lowndes County",65,153,1565
28,103,28,069,MS,"Kemper County",10,23,327
28,103,58,000,SS,"Other Flows - Same State",70,158,1812
28,103,59,000,DS,"Other Flows - Diff State",89,187,1999
28,105,96,000,MS,"Oktibbeha Count Tot Mig-US & For",1354,2474,44669
28,105,97,000,MS,"Oktibbeha Count Tot Mig-US",1339,2458,44413
28,105,97,001,MS,"Oktibbeha Count Tot Mig-Same St",624,1189,16259
28,105,97,003,MS,"Oktibbeha Count Tot Mig-Diff St",715,1269,28153
28,105,98,000,MS,"Oktibbeha Count Tot Mig-Foreign",15,16,256
28,105,28,105,MS,"Oktibbeha Count Non-Migrants",10821,24075,430310
28,105,28,087,MS,"Lowndes County",70,144,1713
28,105,28,025,MS,"Clay County",56,129,1283
28,105,28,155,MS,"Webster County",45,103,1312
28,105,28,049,MS,"Hinds County",42,64,1068
28,105,28,121,MS,"Rankin County",38,73,967
28,105,47,157,TN,"Shelby County",38,68,996
28,105,28,089,MS,"Madison County",34,61,1468
28,105,28,081,MS,"Lee County",29,47,1093
28,105,28,159,MS,"Winston County",28,57,800
28,105,28,019,MS,"Choctaw County",27,63,548
28,105,28,095,MS,"Monroe County",18,31,418
28,105,01,089,AL,"Madison County",17,28,577
28,105,01,073,AL,"Jefferson County",15,26,378
28,105,28,033,MS,"De Soto County",15,30,472
28,105,28,047,MS,"Harrison County",15,25,378
28,105,28,075,MS,"Lauderdale County",15,34,453
28,105,48,201,TX,"Harris County",14,22,419
28,105,22,033,LA,"East Baton Rouge Par",12,24,553
28,105,28,059,MS,"Jackson County",12,21,214
28,105,01,125,AL,"Tuscaloosa County",11,19,479
28,105,28,067,MS,"Jones County",11,16,224
28,105,58,000,SS,"Other Flows - Same State",169,291,3847
28,105,59,000,DS,"Other Flows - Diff State",608,1082,24751
28,105,59,001,DS,"Other Flows - Northeast",58,88,2160
28,105,59,003,DS,"Other Flows - Midwest",92,180,5524
28,105,59,005,DS,"Other Flows - South",390,693,14284
28,105,59,007,DS,"Other Flows - West",68,121,2782
28,105,57,009,FR,"Foreign - Other flows",15,16,256
28,107,96,000,MS,"Panola County Tot Mig-US & For",693,1498,19768
28,107,97,000,MS,"Panola County Tot Mig-US",693,1498,19768
28,107,97,001,MS,"Panola County Tot Mig-Same St",405,882,10136
28,107,97,003,MS,"Panola County Tot Mig-Diff St",288,616,9632
28,107,28,107,MS,"Panola County Non-Migrants",11741,27379,345948
28,107,47,157,TN,"Shelby County",88,182,2717
28,107,28,137,MS,"Tate County",84,207,1997
28,107,28,033,MS,"De Soto County",75,145,2354
28,107,28,071,MS,"Lafayette County",47,94,1070
28,107,28,119,MS,"Quitman County",34,80,695
28,107,28,161,MS,"Yalobusha County",27,64,872
28,107,28,143,MS,"Tunica County",24,50,455
28,107,28,135,MS,"Tallahatchie County",23,52,387
28,107,28,049,MS,"Hinds County",11,19,181
28,107,58,000,SS,"Other Flows - Same State",80,171,2125
28,107,59,000,DS,"Other Flows - Diff State",200,434,6915
28,109,96,000,MS,"Pearl River Cou Tot Mig-US & For",914,1870,26299
28,109,97,000,MS,"Pearl River Cou Tot Mig-US",893,1839,25873
28,109,97,001,MS,"Pearl River Cou Tot Mig-Same St",370,757,9822
28,109,97,003,MS,"Pearl River Cou Tot Mig-Diff St",523,1082,16052
28,109,98,000,MS,"Pearl River Cou Tot Mig-Foreign",21,31,425
28,109,28,109,MS,"Pearl River Cou Non-Migrants",14114,34209,500657
28,109,22,103,LA,"St Tammany Parish",99,185,2816
28,109,28,045,MS,"Hancock County",84,187,2783
28,109,28,035,MS,"Forrest County",67,117,1130
28,109,28,047,MS,"Harrison County",66,118,1523
28,109,22,051,LA,"Jefferson Parish",39,74,1096
28,109,28,073,MS,"Lamar County",36,87,1322
28,109,22,117,LA,"Washington Parish",22,44,380
28,109,22,071,LA,"Orleans Parish",18,38,635
28,109,28,059,MS,"Jackson County",18,38,430
28,109,22,087,LA,"St Bernard Parish",16,29,341
28,109,28,121,MS,"Rankin County",13,25,330
28,109,58,000,SS,"Other Flows - Same State",86,185,2304
28,109,59,000,DS,"Other Flows - Diff State",329,712,10784
28,109,59,001,DS,"Other Flows - Northeast",13,22,376
28,109,59,003,DS,"Other Flows - Midwest",28,67,641
28,109,59,005,DS,"Other Flows - South",249,532,8352
28,109,59,007,DS,"Other Flows - West",39,91,1415
28,109,57,009,FR,"Foreign - Other flows",21,31,425
28,111,96,000,MS,"Perry County Tot Mig-US & For",252,567,5913
28,111,97,000,MS,"Perry County Tot Mig-US",252,567,5913
28,111,97,001,MS,"Perry County Tot Mig-Same St",191,446,4626
28,111,97,003,MS,"Perry County Tot Mig-Diff St",61,121,1286
28,111,28,111,MS,"Perry County Non-Migrants",3850,9569,121431
28,111,28,035,MS,"Forrest County",90,200,2115
28,111,28,041,MS,"Greene County",24,55,584
28,111,28,067,MS,"Jones County",24,70,604
28,111,28,073,MS,"Lamar County",11,24,246
28,111,58,000,SS,"Other Flows - Same State",42,97,1078
28,111,59,000,DS,"Other Flows - Diff State",61,121,1286
28,113,96,000,MS,"Pike County Tot Mig-US & For",759,1580,18942
28,113,97,000,MS,"Pike County Tot Mig-US",759,1580,18942
28,113,97,001,MS,"Pike County Tot Mig-Same St",415,911,10369
28,113,97,003,MS,"Pike County Tot Mig-Diff St",344,669,8573
28,113,28,113,MS,"Pike County Non-Migrants",11014,25116,335773
28,113,28,005,MS,"Amite County",94,225,2453
28,113,28,085,MS,"Lincoln County",71,167,1770
28,113,28,147,MS,"Walthall County",45,103,940
28,113,22,105,LA,"Tangipahoa Parish",38,78,885
28,113,28,035,MS,"Forrest County",33,63,523
28,113,28,049,MS,"Hinds County",29,47,753
28,113,22,033,LA,"East Baton Rouge Par",19,39,409
28,113,28,077,MS,"Lawrence County",18,42,526
28,113,28,121,MS,"Rankin County",17,41,700
28,113,22,051,LA,"Jefferson Parish",15,19,277
28,113,22,103,LA,"St Tammany Parish",12,24,494
28,113,58,000,SS,"Other Flows - Same State",108,223,2705
28,113,59,000,DS,"Other Flows - Diff State",260,509,6508
28,115,96,000,MS,"Pontotoc County Tot Mig-US & For",554,1223,13481
28,115,97,000,MS,"Pontotoc County Tot Mig-US",554,1223,13481
28,115,97,001,MS,"Pontotoc County Tot Mig-Same St",410,935,10558
28,115,97,003,MS,"Pontotoc County Tot Mig-Diff St",144,288,2924
28,115,28,115,MS,"Pontotoc County Non-Migrants",6814,15852,247382
28,115,28,081,MS,"Lee County",129,276,3478
28,115,28,145,MS,"Union County",68,158,1714
28,115,28,017,MS,"Chickasaw County",39,88,894
28,115,28,013,MS,"Calhoun County",29,75,559
28,115,28,071,MS,"Lafayette County",29,67,754
28,115,28,057,MS,"Itawamba County",17,37,346
28,115,28,033,MS,"De Soto County",14,38,434
28,115,28,095,MS,"Monroe County",14,32,283
28,115,47,157,TN,"Shelby County",12,18,248
28,115,58,000,SS,"Other Flows - Same State",71,164,2096
28,115,59,000,DS,"Other Flows - Diff State",132,270,2676
28,117,96,000,MS,"Prentiss County Tot Mig-US & For",375,773,9045
28,117,97,000,MS,"Prentiss County Tot Mig-US",375,773,9045
28,117,97,001,MS,"Prentiss County Tot Mig-Same St",279,571,6606
28,117,97,003,MS,"Prentiss County Tot Mig-Diff St",96,202,2439
28,117,28,117,MS,"Prentiss County Non-Migrants",6289,14313,214307
28,117,28,003,MS,"Alcorn County",81,185,2125
28,117,28,081,MS,"Lee County",80,155,1886
28,117,28,057,MS,"Itawamba County",23,44,413
28,117,28,139,MS,"Tippah County",21,41,465
28,117,28,141,MS,"Tishomingo County",18,37,363
28,117,58,000,SS,"Other Flows - Same State",56,109,1355
28,117,59,000,DS,"Other Flows - Diff State",96,202,2439
28,119,96,000,MS,"Quitman County Tot Mig-US & For",225,499,4041
28,119,97,000,MS,"Quitman County Tot Mig-US",225,499,4041
28,119,97,001,MS,"Quitman County Tot Mig-Same St",143,333,2578
28,119,97,003,MS,"Quitman County Tot Mig-Diff St",82,166,1463
28,119,28,119,MS,"Quitman County Non-Migrants",2689,6409,66369
28,119,28,107,MS,"Panola County",45,107,869
28,119,28,027,MS,"Coahoma County",30,70,445
28,119,28,143,MS,"Tunica County",15,41,278
28,119,47,157,TN,"Shelby County",14,34,232
28,119,28,135,MS,"Tallahatchie County",13,32,221
28,119,58,000,SS,"Other Flows - Same State",40,83,765
28,119,59,000,DS,"Other Flows - Diff State",68,132,1231
28,121,96,000,MS,"Rankin County Tot Mig-US & For",3339,6691,126906
28,121,97,000,MS,"Rankin County Tot Mig-US",3326,6676,126719
28,121,97,001,MS,"Rankin County Tot Mig-Same St",2177,4267,75805
28,121,97,003,MS,"Rankin County Tot Mig-Diff St",1149,2409,50914
28,121,98,000,MS,"Rankin County Tot Mig-Foreign",13,15,187
28,121,28,121,MS,"Rankin County Non-Migrants",38594,88271,1864746
28,121,28,049,MS,"Hinds County",895,1710,28638
28,121,28,089,MS,"Madison County",368,678,17562
28,121,28,127,MS,"Simpson County",132,302,3384
28,121,28,123,MS,"Scott County",89,198,2171
28,121,28,029,MS,"Copiah County",56,123,1754
28,121,28,035,MS,"Forrest County",52,87,1347
28,121,47,157,TN,"Shelby County",46,87,2420
28,121,28,079,MS,"Leake County",40,82,1199
28,121,28,047,MS,"Harrison County",36,77,1073
28,121,28,149,MS,"Warren County",31,51,1768
28,121,28,075,MS,"Lauderdale County",25,51,1256
28,121,28,105,MS,"Oktibbeha County",25,37,627
28,121,01,073,AL,"Jefferson County",22,43,979
28,121,28,071,MS,"Lafayette County",22,36,883
28,121,28,163,MS,"Yazoo County",22,44,656
28,121,28,059,MS,"Jackson County",21,40,850
28,121,48,201,TX,"Harris County",21,40,566
28,121,28,031,MS,"Covington County",20,35,575
28,121,28,085,MS,"Lincoln County",19,31,689
28,121,28,099,MS,"Neshoba County",19,46,507
28,121,48,113,TX,"Dallas County",18,33,686
28,121,22,103,LA,"St Tammany Parish",17,30,892
28,121,28,101,MS,"Newton County",17,38,550
28,121,48,439,TX,"Tarrant County",16,35,785
28,121,22,073,LA,"Ouachita Parish",15,33,539
28,121,28,033,MS,"De Soto County",15,28,633
28,121,28,081,MS,"Lee County",15,31,813
28,121,28,073,MS,"Lamar County",14,31,761
28,121,06,037,CA,"Los Angeles County",13,26,661
28,121,22,033,LA,"East Baton Rouge Par",13,22,389
28,121,47,037,TN,"Davidson County",13,27,430
28,121,04,013,AZ,"Maricopa County",12,28,351
28,121,05,119,AR,"Pulaski County",12,24,761
28,121,28,011,MS,"Bolivar County",12,28,516
28,121,28,087,MS,"Lowndes County",12,25,412
28,121,01,089,AL,"Madison County",11,27,468
28,121,01,097,AL,"Mobile County",11,21,408
28,121,28,001,MS,"Adams County",11,15,395
28,121,28,113,MS,"Pike County",11,19,317
28,121,28,151,MS,"Washington County",11,24,158
28,121,01,003,AL,"Baldwin County",10,27,575
28,121,01,117,AL,"Shelby County",10,25,620
28,121,12,019,FL,"Clay County",10,31,388
28,121,12,033,FL,"Escambia County",10,18,348
28,121,28,129,MS,"Smith County",10,18,345
28,121,37,119,NC,"Mecklenburg County",10,19,673
28,121,58,000,SS,"Other Flows - Same State",177,382,5969
28,121,59,000,DS,"Other Flows - Diff State",859,1813,37976
28,121,59,001,DS,"Other Flows - Northeast",50,95,2624
28,121,59,003,DS,"Other Flows - Midwest",128,256,4958
28,121,59,005,DS,"Other Flows - South",567,1241,26180
28,121,59,007,DS,"Other Flows - West",114,221,4214
28,121,57,009,FR,"Foreign - Other flows",13,15,187
28,123,96,000,MS,"Scott County Tot Mig-US & For",587,1309,14070
28,123,97,000,MS,"Scott County Tot Mig-US",587,1309,14070
28,123,97,001,MS,"Scott County Tot Mig-Same St",414,946,10414
28,123,97,003,MS,"Scott County Tot Mig-Diff St",173,363,3655
28,123,28,123,MS,"Scott County Non-Migrants",7821,18121,225898
28,123,28,121,MS,"Rankin County",109,250,3130
28,123,28,101,MS,"Newton County",74,167,1368
28,123,28,079,MS,"Leake County",53,129,1019
28,123,28,049,MS,"Hinds County",38,81,1080
28,123,28,099,MS,"Neshoba County",19,49,373
28,123,12,086,FL,"Miami Dade County",18,27,148
28,123,28,129,MS,"Smith County",14,34,458
28,123,28,089,MS,"Madison County",12,21,318
28,123,28,035,MS,"Forrest County",11,22,306
28,123,28,075,MS,"Lauderdale County",10,20,259
28,123,58,000,SS,"Other Flows - Same State",74,173,2102
28,123,59,000,DS,"Other Flows - Diff State",155,336,3507
28,125,96,000,MS,"Sharkey County Tot Mig-US & For",126,257,2378
28,125,97,000,MS,"Sharkey County Tot Mig-US",126,257,2378
28,125,28,125,MS,"Sharkey County Non-Migrants",1869,4533,46003
28,127,96,000,MS,"Simpson County Tot Mig-US & For",476,1026,11995
28,127,97,000,MS,"Simpson County Tot Mig-US",476,1026,11995
28,127,97,001,MS,"Simpson County Tot Mig-Same St",375,835,8944
28,127,97,003,MS,"Simpson County Tot Mig-Diff St",101,191,3052
28,127,28,127,MS,"Simpson County Non-Migrants",6446,14852,197625
28,127,28,121,MS,"Rankin County",130,279,3586
28,127,28,031,MS,"Covington County",56,132,1021
28,127,28,049,MS,"Hinds County",45,98,847
28,127,28,129,MS,"Smith County",25,60,648
28,127,28,029,MS,"Copiah County",14,33,156
28,127,28,035,MS,"Forrest County",13,26,347
28,127,28,089,MS,"Madison County",10,20,249
28,127,58,000,SS,"Other Flows - Same State",82,187,2090
28,127,59,000,DS,"Other Flows - Diff State",101,191,3052
28,129,96,000,MS,"Smith County Tot Mig-US & For",290,641,7346
28,129,97,000,MS,"Smith County Tot Mig-US",290,641,7346
28,129,97,001,MS,"Smith County Tot Mig-Same St",241,543,6212
28,129,97,003,MS,"Smith County Tot Mig-Diff St",49,98,1134
28,129,28,129,MS,"Smith County Non-Migrants",4664,11154,140746
28,129,28,067,MS,"Jones County",56,120,2046
28,129,28,031,MS,"Covington County",37,99,933
28,129,28,121,MS,"Rankin County",30,59,904
28,129,28,127,MS,"Simpson County",28,66,624
28,129,28,061,MS,"Jasper County",26,59,497
28,129,28,035,MS,"Forrest County",15,22,270
28,129,58,000,SS,"Other Flows - Same State",49,118,937
28,129,59,000,DS,"Other Flows - Diff State",49,98,1134
28,131,96,000,MS,"Stone County Tot Mig-US & For",234,523,6343
28,131,97,000,MS,"Stone County Tot Mig-US",234,523,6343
28,131,97,001,MS,"Stone County Tot Mig-Same St",166,363,3823
28,131,97,003,MS,"Stone County Tot Mig-Diff St",68,160,2520
28,131,28,131,MS,"Stone County Non-Migrants",2417,5789,81720
28,131,28,047,MS,"Harrison County",69,134,1403
28,131,28,035,MS,"Forrest County",34,73,821
28,131,28,073,MS,"Lamar County",12,32,258
28,131,58,000,SS,"Other Flows - Same State",51,124,1341
28,131,59,000,DS,"Other Flows - Diff State",68,160,2520
28,133,96,000,MS,"Sunflower Count Tot Mig-US & For",641,1470,14229
28,133,97,000,MS,"Sunflower Count Tot Mig-US",641,1470,14229
28,133,97,001,MS,"Sunflower Count Tot Mig-Same St",361,844,8879
28,133,97,003,MS,"Sunflower Count Tot Mig-Diff St",280,626,5350
28,133,28,133,MS,"Sunflower Count Non-Migrants",8612,20965,228639
28,133,28,011,MS,"Bolivar County",85,194,1847
28,133,47,157,TN,"Shelby County",76,174,1408
28,133,28,151,MS,"Washington County",44,111,1043
28,133,28,083,MS,"Leflore County",42,101,865
28,133,28,049,MS,"Hinds County",27,52,489
28,133,48,113,TX,"Dallas County",16,38,239
28,133,28,033,MS,"De Soto County",15,35,418
28,133,28,053,MS,"Humphreys County",15,36,334
28,133,28,121,MS,"Rankin County",12,21,623
28,133,58,000,SS,"Other Flows - Same State",121,294,3260
28,133,59,000,DS,"Other Flows - Diff State",188,414,3702
28,135,96,000,MS,"Tallahatchie Co Tot Mig-US & For",315,685,6843
28,135,97,000,MS,"Tallahatchie Co Tot Mig-US",315,685,6843
28,135,97,001,MS,"Tallahatchie Co Tot Mig-Same St",235,528,5357
28,135,97,003,MS,"Tallahatchie Co Tot Mig-Diff St",80,157,1485
28,135,28,135,MS,"Tallahatchie Co Non-Migrants",4712,11416,111071
28,135,28,027,MS,"Coahoma County",35,80,764
28,135,28,043,MS,"Grenada County",30,70,972
28,135,28,107,MS,"Panola County",25,50,469
28,135,47,157,TN,"Shelby County",22,47,426
28,135,28,161,MS,"Yalobusha County",20,49,405
28,135,28,083,MS,"Leflore County",18,43,457
28,135,28,133,MS,"Sunflower County",16,39,288
28,135,28,119,MS,"Quitman County",15,35,167
28,135,28,033,MS,"De Soto County",13,32,227
28,135,28,011,MS,"Bolivar County",12,28,377
28,135,58,000,SS,"Other Flows - Same State",51,102,1231
28,135,59,000,DS,"Other Flows - Diff State",58,110,1059
28,137,96,000,MS,"Tate County Tot Mig-US & For",643,1402,18700
28,137,97,000,MS,"Tate County Tot Mig-US",643,1402,18700
28,137,97,001,MS,"Tate County Tot Mig-Same St",420,943,12093
28,137,97,003,MS,"Tate County Tot Mig-Diff St",223,459,6608
28,137,28,137,MS,"Tate County Non-Migrants",7793,18038,286201
28,137,28,033,MS,"De Soto County",208,440,6481
28,137,28,107,MS,"Panola County",115,271,2594
28,137,47,157,TN,"Shelby County",86,161,2161
28,137,28,143,MS,"Tunica County",14,37,407
28,137,28,093,MS,"Marshall County",13,26,363
28,137,28,071,MS,"Lafayette County",10,21,204
28,137,58,000,SS,"Other Flows - Same State",60,148,2043
28,137,59,000,DS,"Other Flows - Diff State",137,298,4446
28,139,96,000,MS,"Tippah County Tot Mig-US & For",365,789,9357
28,139,97,000,MS,"Tippah County Tot Mig-US",365,789,9357
28,139,97,001,MS,"Tippah County Tot Mig-Same St",232,507,5837
28,139,97,003,MS,"Tippah County Tot Mig-Diff St",133,282,3520
28,139,28,139,MS,"Tippah County Non-Migrants",6709,15667,218495
28,139,28,145,MS,"Union County",61,151,1643
28,139,28,003,MS,"Alcorn County",39,92,749
28,139,28,081,MS,"Lee County",31,50,810
28,139,28,117,MS,"Prentiss County",20,49,519
28,139,47,157,TN,"Shelby County",17,36,460
28,139,28,009,MS,"Benton County",15,31,289
28,139,47,069,TN,"Hardeman County",12,30,332
28,139,28,033,MS,"De Soto County",10,16,265
28,139,58,000,SS,"Other Flows - Same State",56,118,1563
28,139,59,000,DS,"Other Flows - Diff State",104,216,2727
28,141,96,000,MS,"Tishomingo Coun Tot Mig-US & For",312,615,8208
28,141,97,000,MS,"Tishomingo Coun Tot Mig-US",312,615,8208
28,141,97,001,MS,"Tishomingo Coun Tot Mig-Same St",160,328,4252
28,141,97,003,MS,"Tishomingo Coun Tot Mig-Diff St",152,287,3956
28,141,28,141,MS,"Tishomingo Coun Non-Migrants",5718,13122,190105
28,141,28,003,MS,"Alcorn County",60,119,1278
28,141,28,057,MS,"Itawamba County",34,78,1097
28,141,28,117,MS,"Prentiss County",22,53,639
28,141,28,081,MS,"Lee County",19,34,682
28,141,01,059,AL,"Franklin County",18,38,472
28,141,01,033,AL,"Colbert County",15,29,260
28,141,58,000,SS,"Other Flows - Same State",25,44,556
28,141,59,000,DS,"Other Flows - Diff State",119,220,3224
28,143,96,000,MS,"Tunica County Tot Mig-US & For",359,680,8819
28,143,97,000,MS,"Tunica County Tot Mig-US",359,680,8819
28,143,97,001,MS,"Tunica County Tot Mig-Same St",207,403,5046
28,143,97,003,MS,"Tunica County Tot Mig-Diff St",152,277,3773
28,143,28,143,MS,"Tunica County Non-Migrants",3334,7673,90630
28,143,28,033,MS,"De Soto County",84,154,2592
28,143,47,157,TN,"Shelby County",43,89,1296
28,143,28,027,MS,"Coahoma County",34,74,514
28,143,28,107,MS,"Panola County",29,56,598
28,143,28,137,MS,"Tate County",17,35,424
28,143,28,119,MS,"Quitman County",12,29,198
28,143,58,000,SS,"Other Flows - Same State",31,55,720
28,143,59,000,DS,"Other Flows - Diff State",109,188,2478
28,145,96,000,MS,"Union County Tot Mig-US & For",537,1141,13513
28,145,97,000,MS,"Union County Tot Mig-US",537,1141,13513
28,145,97,001,MS,"Union County Tot Mig-Same St",399,868,10078
28,145,97,003,MS,"Union County Tot Mig-Diff St",138,273,3435
28,145,28,145,MS,"Union County Non-Migrants",7655,17842,273417
28,145,28,081,MS,"Lee County",92,193,2618
28,145,28,139,MS,"Tippah County",80,184,1869
28,145,28,115,MS,"Pontotoc County",74,175,1777
28,145,28,009,MS,"Benton County",22,44,393
28,145,28,071,MS,"Lafayette County",22,48,493
28,145,28,117,MS,"Prentiss County",13,26,247
28,145,28,093,MS,"Marshall County",12,25,255
28,145,47,157,TN,"Shelby County",12,23,295
28,145,28,033,MS,"De Soto County",11,18,517
28,145,28,057,MS,"Itawamba County",11,21,247
28,145,58,000,SS,"Other Flows - Same State",62,134,1661
28,145,59,000,DS,"Other Flows - Diff State",126,250,3141
28,147,96,000,MS,"Walthall County Tot Mig-US & For",223,495,4896
28,147,97,000,MS,"Walthall County Tot Mig-US",223,495,4896
28,147,97,001,MS,"Walthall County Tot Mig-Same St",143,326,3140
28,147,97,003,MS,"Walthall County Tot Mig-Diff St",80,169,1756
28,147,28,147,MS,"Walthall County Non-Migrants",3067,7245,85955
28,147,28,113,MS,"Pike County",46,103,808
28,147,28,077,MS,"Lawrence County",19,47,474
28,147,28,091,MS,"Marion County",18,52,633
28,147,22,117,LA,"Washington Parish",10,21,87
28,147,28,035,MS,"Forrest County",10,19,188
28,147,28,047,MS,"Harrison County",10,24,136
28,147,58,000,SS,"Other Flows - Same State",40,81,901
28,147,59,000,DS,"Other Flows - Diff State",70,148,1669
28,149,96,000,MS,"Warren County Tot Mig-US & For",1069,2242,37616
28,149,97,000,MS,"Warren County Tot Mig-US",1069,2242,37616
28,149,97,001,MS,"Warren County Tot Mig-Same St",466,953,15628
28,149,97,003,MS,"Warren County Tot Mig-Diff St",603,1289,21988
28,149,28,149,MS,"Warren County Non-Migrants",17290,39499,726592
28,149,28,049,MS,"Hinds County",151,313,5253
28,149,28,121,MS,"Rankin County",44,87,1792
28,149,22,065,LA,"Madison Parish",31,76,665
28,149,28,021,MS,"Claiborne County",29,61,855
28,149,48,113,TX,"Dallas County",24,37,478
28,149,28,035,MS,"Forrest County",23,45,679
28,149,48,201,TX,"Harris County",21,43,855
28,149,28,089,MS,"Madison County",20,37,1213
28,149,28,163,MS,"Yazoo County",20,47,409
28,149,47,157,TN,"Shelby County",20,41,455
28,149,28,105,MS,"Oktibbeha County",17,30,452
28,149,28,047,MS,"Harrison County",14,28,232
28,149,28,125,MS,"Sharkey County",11,31,257
28,149,22,033,LA,"East Baton Rouge Par",10,17,288
28,149,22,051,LA,"Jefferson Parish",10,18,246
28,149,28,001,MS,"Adams County",10,19,382
28,149,58,000,SS,"Other Flows - Same State",127,255,4105
28,149,59,000,DS,"Other Flows - Diff State",487,1057,19001
28,149,59,001,DS,"Other Flows - Northeast",17,35,854
28,149,59,003,DS,"Other Flows - Midwest",55,119,2275
28,149,59,005,DS,"Other Flows - South",354,762,14184
28,149,59,007,DS,"Other Flows - West",61,141,1689
28,151,96,000,MS,"Washington Coun Tot Mig-US & For",1316,2812,37042
28,151,97,000,MS,"Washington Coun Tot Mig-US",1316,2812,37042
28,151,97,001,MS,"Washington Coun Tot Mig-Same St",496,1037,14151
28,151,97,003,MS,"Washington Coun Tot Mig-Diff St",820,1775,22892
28,151,28,151,MS,"Washington Coun Non-Migrants",18941,45532,580108
28,151,47,157,TN,"Shelby County",129,274,2705
28,151,28,049,MS,"Hinds County",71,134,1690
28,151,28,011,MS,"Bolivar County",58,122,1557
28,151,28,133,MS,"Sunflower County",45,104,1304
28,151,48,113,TX,"Dallas County",43,96,585
28,151,28,033,MS,"De Soto County",27,62,685
28,151,05,017,AR,"Chicot County",26,63,1024
28,151,48,201,TX,"Harris County",26,63,534
28,151,28,089,MS,"Madison County",25,61,2457
28,151,28,121,MS,"Rankin County",25,45,673
28,151,28,125,MS,"Sharkey County",19,43,-300
28,151,28,149,MS,"Warren County",19,40,417
28,151,28,071,MS,"Lafayette County",18,23,367
28,151,47,037,TN,"Davidson County",17,33,344
28,151,17,031,IL,"Cook County",15,37,310
28,151,13,089,GA,"De Kalb County",13,30,242
28,151,28,083,MS,"Leflore County",12,25,252
28,151,13,121,GA,"Fulton County",11,22,232
28,151,28,043,MS,"Grenada County",11,25,307
28,151,28,047,MS,"Harrison County",11,23,182
28,151,28,053,MS,"Humphreys County",11,26,184
28,151,39,049,OH,"Franklin County",11,25,231
28,151,48,439,TX,"Tarrant County",11,22,147
28,151,18,097,IN,"Marion County",10,23,131
28,151,28,035,MS,"Forrest County",10,22,222
28,151,28,081,MS,"Lee County",10,20,286
28,151,28,105,MS,"Oktibbeha County",10,20,583
28,151,58,000,SS,"Other Flows - Same State",114,242,3284
28,151,59,000,DS,"Other Flows - Diff State",508,1087,16407
28,151,59,001,DS,"Other Flows - Northeast",21,34,1105
28,151,59,003,DS,"Other Flows - Midwest",107,240,3033
28,151,59,005,DS,"Other Flows - South",334,715,10817
28,151,59,007,DS,"Other Flows - West",46,98,1452
28,153,96,000,MS,"Wayne County Tot Mig-US & For",272,577,7357
28,153,97,000,MS,"Wayne County Tot Mig-US",272,577,7357
28,153,97,001,MS,"Wayne County Tot Mig-Same St",149,315,4309
28,153,97,003,MS,"Wayne County Tot Mig-Diff St",123,262,3048
28,153,28,153,MS,"Wayne County Non-Migrants",5692,13828,177107
28,153,28,067,MS,"Jones County",40,92,1002
28,153,28,023,MS,"Clarke County",21,45,458
28,153,28,035,MS,"Forrest County",18,41,558
28,153,58,000,SS,"Other Flows - Same State",70,137,2290
28,153,59,000,DS,"Other Flows - Diff State",123,262,3048
28,155,96,000,MS,"Webster County Tot Mig-US & For",247,495,5115
28,155,97,000,MS,"Webster County Tot Mig-US",247,495,5115
28,155,97,001,MS,"Webster County Tot Mig-Same St",179,370,3621
28,155,97,003,MS,"Webster County Tot Mig-Diff St",68,125,1494
28,155,28,155,MS,"Webster County Non-Migrants",3799,9021,115568
28,155,28,105,MS,"Oktibbeha County",45,102,932
28,155,28,019,MS,"Choctaw County",16,32,265
28,155,28,043,MS,"Grenada County",13,23,180
28,155,28,097,MS,"Montgomery County",13,27,236
28,155,28,025,MS,"Clay County",11,24,163
28,155,58,000,SS,"Other Flows - Same State",81,162,1844
28,155,59,000,DS,"Other Flows - Diff State",68,125,1494
28,157,96,000,MS,"Wilkinson Count Tot Mig-US & For",137,283,3219
28,157,97,000,MS,"Wilkinson Count Tot Mig-US",137,283,3219
28,157,97,001,MS,"Wilkinson Count Tot Mig-Same St",53,117,1099
28,157,97,003,MS,"Wilkinson Count Tot Mig-Diff St",84,166,2120
28,157,28,157,MS,"Wilkinson Count Non-Migrants",2593,5970,74189
28,157,28,005,MS,"Amite County",23,56,466
28,157,22,033,LA,"East Baton Rouge Par",20,38,399
28,157,22,125,LA,"West Feliciana Paris",15,32,370
28,157,58,000,SS,"Other Flows - Same State",30,61,633
28,157,59,000,DS,"Other Flows - Diff State",49,96,1351
28,159,96,000,MS,"Winston County Tot Mig-US & For",322,687,7588
28,159,97,000,MS,"Winston County Tot Mig-US",322,687,7588
28,159,97,001,MS,"Winston County Tot Mig-Same St",209,454,4647
28,159,97,003,MS,"Winston County Tot Mig-Diff St",113,233,2941
28,159,28,159,MS,"Winston County Non-Migrants",6070,13874,189955
28,159,28,099,MS,"Neshoba County",48,114,1078
28,159,28,019,MS,"Choctaw County",16,35,297
28,159,28,007,MS,"Attala County",14,37,282
28,159,28,105,MS,"Oktibbeha County",14,24,233
28,159,28,089,MS,"Madison County",11,22,391
28,159,28,103,MS,"Noxubee County",11,20,283
28,159,58,000,SS,"Other Flows - Same State",95,202,2082
28,159,59,000,DS,"Other Flows - Diff State",113,233,2941
28,161,96,000,MS,"Yalobusha Count Tot Mig-US & For",334,693,7779
28,161,97,000,MS,"Yalobusha Count Tot Mig-US",334,693,7779
28,161,97,001,MS,"Yalobusha Count Tot Mig-Same St",252,540,5792
28,161,97,003,MS,"Yalobusha Count Tot Mig-Diff St",82,153,1987
28,161,28,161,MS,"Yalobusha Count Non-Migrants",4494,10097,138999
28,161,28,071,MS,"Lafayette County",79,170,1905
28,161,28,043,MS,"Grenada County",36,79,628
28,161,28,107,MS,"Panola County",27,55,743
28,161,28,013,MS,"Calhoun County",15,32,280
28,161,47,157,TN,"Shelby County",15,27,277
28,161,28,033,MS,"De Soto County",10,23,293
28,161,28,135,MS,"Tallahatchie County",10,24,199
28,161,58,000,SS,"Other Flows - Same State",75,157,1744
28,161,59,000,DS,"Other Flows - Diff State",67,126,1710
28,163,96,000,MS,"Yazoo County Tot Mig-US & For",450,966,11895
28,163,97,000,MS,"Yazoo County Tot Mig-US",450,966,11895
28,163,97,001,MS,"Yazoo County Tot Mig-Same St",275,604,7279
28,163,97,003,MS,"Yazoo County Tot Mig-Diff St",175,362,4616
28,163,28,163,MS,"Yazoo County Non-Migrants",7960,18723,237225
28,163,28,049,MS,"Hinds County",72,162,1537
28,163,28,089,MS,"Madison County",55,129,1690
28,163,28,121,MS,"Rankin County",27,64,831
28,163,28,051,MS,"Holmes County",25,58,533
28,163,28,053,MS,"Humphreys County",15,32,311
28,163,58,000,SS,"Other Flows - Same State",81,159,2377
28,163,59,000,DS,"Other Flows - Diff State",175,362,4616
28,163,59,001,DS,"Other Flows - Northeast",12,20,277
28,163,59,003,DS,"Other Flows - Midwest",33,75,546
28,163,59,005,DS,"Other Flows - South",118,248,3411
28,163,59,007,DS,"Other Flows - West",12,19,383
