"1995-1996 County To County Migration Inflows",,,,,,Nevada,,
"(Aggregate money amounts in thousands of dollars)",,,,,,,,
,,,,,,,,
"Migration Into",,"Migration From",,,,Number,Number,Aggregate
Nevada,,,,,,of,of,adjusted
State,County,State,County,State,"State totals, county totals,",Returns,Exemptions,Gross
"FIPS Code",,,,,"and county by county detail",,,Income
,,,,,,,,
32,000,96,000,NV,"Total Mig - US & For",61301,119505,2064948
32,000,97,000,NV,"Total Mig - US",60209,117358,2037517
32,000,97,001,NV,"Total Mig - US Same St",7915,15463,255365
32,000,97,003,NV,"Total Mig - US Diff St",52294,101895,1782152
32,000,98,000,NV,"Total Mig - Foreign",1092,2147,27431
32,001,96,000,NV,"Churchill Count Tot Mig-US & For",1001,2273,27500
32,001,97,000,NV,"Churchill Count Tot Mig-US",926,2100,25534
32,001,97,001,NV,"Churchill Count Tot Mig-Same St",278,602,7020
32,001,97,003,NV,"Churchill Count Tot Mig-Diff St",648,1498,18514
32,001,98,000,NV,"Churchill Count Tot Mig-Foreign",75,173,1966
32,001,32,001,NV,"Churchill Count Non-Migrants",6347,15240,217325
32,001,32,031,NV,"Washoe County",93,190,2350
32,001,06,073,CA,"San Diego County",75,212,2455
32,001,32,019,NV,"Lyon County",45,102,1070
32,001,32,003,NV,"Clark County",25,51,622
32,001,32,021,NV,"Mineral County",25,61,725
32,001,32,510,NV,"Carson City",22,52,436
32,001,06,071,CA,"San Bernardino Count",18,34,485
32,001,06,111,CA,"Ventura County",18,48,486
32,001,06,001,CA,"Alameda County",16,48,367
32,001,32,023,NV,"Nye County",15,27,333
32,001,51,810,VA,"Virginia Beach",15,39,457
32,001,04,013,AZ,"Maricopa County",14,28,374
32,001,06,031,CA,"Kings County",13,31,457
32,001,32,005,NV,"Douglas County",12,17,361
32,001,32,007,NV,"Elko County",12,29,356
32,001,06,029,CA,"Kern County",11,28,322
32,001,53,029,WA,"Island County",11,31,323
32,001,53,035,WA,"Kitsap County",11,35,281
32,001,32,013,NV,"Humboldt County",10,28,226
32,001,58,000,SS,"Other Flows - Same State",19,45,541
32,001,59,000,DS,"Other Flows - Diff State",446,964,12507
32,001,59,001,DS,"Other Flows - Northeast",23,43,517
32,001,59,003,DS,"Other Flows - Midwest",46,84,1039
32,001,59,005,DS,"Other Flows - South",123,264,3426
32,001,59,007,DS,"Other Flows - West",254,573,7525
32,001,57,009,FR,"Foreign - Other flows",75,173,1966
32,003,96,000,NV,"Clark County Tot Mig-US & For",38294,74001,1248446
32,003,97,000,NV,"Clark County Tot Mig-US",37541,72443,1229258
32,003,97,001,NV,"Clark County Tot Mig-Same St",1364,2470,47141
32,003,97,003,NV,"Clark County Tot Mig-Diff St",36177,69973,1182117
32,003,98,000,NV,"Clark County Tot Mig-Foreign",753,1558,19188
32,003,32,003,NV,"Clark County Non-Migrants",348447,732660,13972095
32,003,06,037,CA,"Los Angeles County",4819,10015,160117
32,003,06,059,CA,"Orange County",1475,2956,64056
32,003,06,073,CA,"San Diego County",1294,2423,36139
32,003,06,071,CA,"San Bernardino Count",1218,2695,31279
32,003,04,013,AZ,"Maricopa County",983,1915,30551
32,003,17,031,IL,"Cook County",874,1650,31298
32,003,06,065,CA,"Riverside County",819,1863,23685
32,003,32,031,NV,"Washoe County",650,1085,24161
32,003,15,003,HI,"Honolulu County",623,1162,20165
32,003,04,015,AZ,"Mohave County",606,1102,15065
32,003,57,005,FR,"Foreign - APO/FPO ZIPs",555,1236,14781
32,003,06,111,CA,"Ventura County",423,837,12766
32,003,49,035,UT,"Salt Lake County",374,742,25061
32,003,06,085,CA,"Santa Clara County",326,606,13815
32,003,04,019,AZ,"Pima County",310,577,10486
32,003,32,023,NV,"Nye County",305,610,8303
32,003,06,029,CA,"Kern County",293,679,6913
32,003,53,033,WA,"King County",269,456,8726
32,003,35,001,NM,"Bernalillo County",255,511,8559
32,003,06,001,CA,"Alameda County",250,452,9209
32,003,48,201,TX,"Harris County",219,407,7270
32,003,06,083,CA,"Santa Barbara County",212,432,5392
32,003,48,141,TX,"El Paso County",201,469,4278
32,003,06,067,CA,"Sacramento County",200,378,6556
32,003,12,011,FL,"Broward County",192,304,8128
32,003,06,013,CA,"Contra Costa County",190,383,8494
32,003,17,043,IL,"Du Page County",189,359,7997
32,003,49,053,UT,"Washington County",189,367,4958
32,003,36,103,NY,"Suffolk County",188,333,6459
32,003,26,163,MI,"Wayne County",174,290,5902
32,003,08,041,CO,"El Paso County",171,344,4785
32,003,48,029,TX,"Bexar County",163,316,4897
32,003,06,075,CA,"San Francisco County",159,234,5459
32,003,12,025,FL,"Dade County",156,257,3515
32,003,36,029,NY,"Erie County",154,268,3465
32,003,48,113,TX,"Dallas County",152,276,4274
32,003,36,081,NY,"Queens County",151,293,4689
32,003,36,047,NY,"Kings County",144,267,6072
32,003,49,049,UT,"Utah County",144,324,3857
32,003,39,035,OH,"Cuyahoga County",143,233,3620
32,003,36,059,NY,"Nassau County",141,270,5095
32,003,06,081,CA,"San Mateo County",140,246,5257
32,003,06,019,CA,"Fresno County",139,287,3344
32,003,08,005,CO,"Arapahoe County",138,254,4216
32,003,12,099,FL,"Palm Beach County",138,230,5395
32,003,02,020,AK,"Anchorage Borough",137,295,5476
32,003,48,439,TX,"Tarrant County",132,252,4412
32,003,26,125,MI,"Oakland County",126,206,5031
32,003,06,053,CA,"Monterey County",117,254,3258
32,003,06,095,CA,"Solano County",113,252,4007
32,003,08,031,CO,"Denver County",113,185,2856
32,003,12,103,FL,"Pinellas County",111,199,3792
32,003,27,053,MN,"Hennepin County",109,163,6176
32,003,08,059,CO,"Jefferson County",103,183,3461
32,003,41,051,OR,"Multnomah County",100,153,2425
32,003,04,005,AZ,"Coconino County",99,174,2978
32,003,40,109,OK,"Oklahoma County",99,187,2598
32,003,51,059,VA,"Fairfax County",98,184,6544
32,003,53,053,WA,"Pierce County",97,192,2551
32,003,04,027,AZ,"Yuma County",93,236,2174
32,003,36,061,NY,"New York County",93,126,4245
32,003,06,079,CA,"San Luis Obispo Coun",91,158,2204
32,003,32,510,NV,"Carson City",90,159,3376
32,003,31,055,NE,"Douglas County",89,173,5302
32,003,55,079,WI,"Milwaukee County",88,141,2418
32,003,26,099,MI,"Macomb County",87,140,3134
32,003,06,077,CA,"San Joaquin County",84,161,2313
32,003,15,009,HI,"Maui County",84,158,1881
32,003,34,001,NJ,"Atlantic County",84,152,14599
32,003,08,001,CO,"Adams County",82,163,2552
32,003,42,003,PA,"Allegheny County",82,143,2561
32,003,06,017,CA,"El Dorado County",81,157,1816
32,003,29,189,MO,"St Louis County",81,136,2960
32,003,48,453,TX,"Travis County",81,151,1214
32,003,32,007,NV,"Elko County",80,146,2386
32,003,53,061,WA,"Snohomish County",80,141,2317
32,003,29,095,MO,"Jackson County",79,137,2153
32,003,36,055,NY,"Monroe County",79,135,1865
32,003,06,047,CA,"Merced County",77,199,1918
32,003,17,097,IL,"Lake County",77,156,4428
32,003,18,097,IN,"Marion County",77,136,2522
32,003,28,047,MS,"Harrison County",77,137,2377
32,003,34,003,NJ,"Bergen County",77,127,3535
32,003,12,095,FL,"Orange County",76,131,2019
32,003,15,001,HI,"Hawaii County",76,142,1924
32,003,32,005,NV,"Douglas County",76,138,3811
32,003,34,023,NJ,"Middlesex County",76,131,2824
32,003,39,049,OH,"Franklin County",76,118,2009
32,003,49,011,UT,"Davis County",75,181,3000
32,003,06,107,CA,"Tulare County",73,171,1117
32,003,18,089,IN,"Lake County",73,118,2839
32,003,12,057,FL,"Hillsborough County",72,132,6894
32,003,08,013,CO,"Boulder County",69,125,2374
32,003,49,057,UT,"Weber County",69,152,3312
32,003,04,025,AZ,"Yavapai County",67,122,1585
32,003,49,021,UT,"Iron County",67,144,1195
32,003,53,063,WA,"Spokane County",66,124,2671
32,003,06,025,CA,"Imperial County",65,194,1035
32,003,06,099,CA,"Stanislaus County",64,138,1491
32,003,12,091,FL,"Okaloosa County",64,162,2452
32,003,35,013,NM,"Dona Ana County",63,124,1514
32,003,06,097,CA,"Sonoma County",62,118,1518
32,003,36,063,NY,"Niagara County",59,113,1514
32,003,12,009,FL,"Brevard County",58,108,1700
32,003,41,067,OR,"Washington County",58,98,1894
32,003,16,001,ID,"Ada County",57,110,2325
32,003,20,091,KS,"Johnson County",57,98,4132
32,003,25,017,MA,"Middlesex County",54,90,1758
32,003,31,109,NE,"Lancaster County",54,96,2228
32,003,22,071,LA,"Orleans Parish",53,89,1973
32,003,24,033,MD,"Prince George's Coun",53,83,1746
32,003,36,065,NY,"Oneida County",53,95,1252
32,003,06,087,CA,"Santa Cruz County",52,111,2905
32,003,09,001,CT,"Fairfield County",52,91,2039
32,003,12,071,FL,"Lee County",52,90,2334
32,003,40,143,OK,"Tulsa County",52,101,1990
32,003,47,037,TN,"Davidson County",52,99,1262
32,003,47,157,TN,"Shelby County",52,104,3378
32,003,56,021,WY,"Laramie County",52,108,1801
32,003,06,061,CA,"Placer County",51,87,1527
32,003,17,197,IL,"Will County",51,88,1669
32,003,36,005,NY,"Bronx County",51,100,1330
32,003,36,119,NY,"Westchester County",50,86,2349
32,003,27,037,MN,"Dakota County",49,92,1816
32,003,53,035,WA,"Kitsap County",49,110,1316
32,003,08,069,CO,"Larimer County",48,73,1134
32,003,17,089,IL,"Kane County",48,98,1697
32,003,34,029,NJ,"Ocean County",48,83,1256
32,003,37,051,NC,"Cumberland County",48,111,1221
32,003,42,101,PA,"Philadelphia County",48,69,1168
32,003,09,009,CT,"New Haven County",47,71,1103
32,003,12,127,FL,"Volusia County",47,67,909
32,003,55,025,WI,"Dane County",47,82,1175
32,003,19,153,IA,"Polk County",46,81,1888
32,003,24,031,MD,"Montgomery County",46,95,2161
32,003,41,039,OR,"Lane County",46,83,1372
32,003,53,011,WA,"Clark County",46,96,1342
32,003,41,029,OR,"Jackson County",45,112,2287
32,003,06,007,CA,"Butte County",44,76,1090
32,003,42,091,PA,"Montgomery County",44,76,1857
32,003,44,007,RI,"Providence County",44,75,1063
32,003,04,003,AZ,"Cochise County",43,86,722
32,003,20,173,KS,"Sedgwick County",43,94,1252
32,003,12,031,FL,"Duval County",42,72,10332
32,003,13,089,GA,"De Kalb County",42,76,1026
32,003,24,005,MD,"Baltimore County",42,91,2761
32,003,32,033,NV,"White Pine County",42,85,1240
32,003,02,090,AK,"Fairbanks North Star",41,98,1091
32,003,25,009,MA,"Essex County",41,66,1247
32,003,36,067,NY,"Onondaga County",41,78,1609
32,003,06,089,CA,"Shasta County",40,78,817
32,003,08,077,CO,"Mesa County",40,70,913
32,003,27,123,MN,"Ramsey County",40,61,1190
32,003,34,025,NJ,"Monmouth County",40,75,1277
32,003,39,099,OH,"Mahoning County",40,78,936
32,003,39,113,OH,"Montgomery County",40,89,1467
32,003,55,133,WI,"Waukesha County",40,65,1330
32,003,06,041,CA,"Marin County",39,70,1744
32,003,26,049,MI,"Genesee County",39,60,1324
32,003,34,013,NJ,"Essex County",39,61,872
32,003,51,810,VA,"Virginia Beach",39,66,841
32,003,13,121,GA,"Fulton County",38,62,909
32,003,22,051,LA,"Jefferson Parish",38,67,1520
32,003,36,085,NY,"Richmond County",38,74,1167
32,003,12,115,FL,"Sarasota County",37,64,1087
32,003,22,015,LA,"Bossier Parish",37,91,1317
32,003,39,095,OH,"Lucas County",37,60,779
32,003,39,153,OH,"Summit County",37,73,1087
32,003,46,103,SD,"Pennington County",37,72,2384
32,003,41,005,OR,"Clackamas County",36,56,935
32,003,48,027,TX,"Bell County",36,77,775
32,003,48,167,TX,"Galveston County",36,62,1250
32,003,11,001,DC,"District Of Columbia",35,46,996
32,003,34,007,NJ,"Camden County",35,56,991
32,003,39,061,OH,"Hamilton County",35,59,1065
32,003,39,085,OH,"Lake County",35,58,1002
32,003,41,047,OR,"Marion County",35,70,1136
32,003,48,121,TX,"Denton County",35,55,929
32,003,48,355,TX,"Nueces County",35,71,750
32,003,13,067,GA,"Cobb County",34,50,1184
32,003,36,087,NY,"Rockland County",34,61,929
32,003,53,005,WA,"Benton County",34,79,1958
32,003,04,017,AZ,"Navajo County",33,70,802
32,003,17,111,IL,"Mchenry County",33,54,1486
32,003,17,163,IL,"St Clair County",33,78,1110
32,003,17,201,IL,"Winnebago County",33,63,910
32,003,30,029,MT,"Flathead County",33,69,849
32,003,32,017,NV,"Lincoln County",33,61,702
32,003,42,017,PA,"Bucks County",33,61,1398
32,003,04,021,AZ,"Pinal County",32,85,776
32,003,08,101,CO,"Pueblo County",32,63,666
32,003,35,035,NM,"Otero County",32,76,695
32,003,12,101,FL,"Pasco County",31,49,628
32,003,34,005,NJ,"Burlington County",31,52,983
32,003,34,027,NJ,"Morris County",31,54,1231
32,003,34,031,NJ,"Passaic County",31,50,940
32,003,12,117,FL,"Seminole County",30,62,795
32,003,25,013,MA,"Hampden County",30,55,1027
32,003,25,021,MA,"Norfolk County",30,58,786
32,003,51,013,VA,"Arlington County",30,45,758
32,003,06,039,CA,"Madera County",29,65,455
32,003,26,081,MI,"Kent County",29,54,763
32,003,33,011,NH,"Hillsborough County",29,54,930
32,003,35,049,NM,"Santa Fe County",29,51,1208
32,003,53,073,WA,"Whatcom County",29,58,1160
32,003,05,119,AR,"Pulaski County",28,47,723
32,003,17,119,IL,"Madison County",28,40,1152
32,003,24,003,MD,"Anne Arundel County",28,55,1089
32,003,34,021,NJ,"Mercer County",28,44,1423
32,003,37,119,NC,"Mecklenburg County",28,48,1129
32,003,53,067,WA,"Thurston County",28,56,836
32,003,09,003,CT,"Hartford County",27,47,852
32,003,27,003,MN,"Anoka County",27,47,554
32,003,31,153,NE,"Sarpy County",27,54,900
32,003,34,017,NJ,"Hudson County",27,39,988
32,003,36,071,NY,"Orange County",27,55,943
32,003,46,099,SD,"Minnehaha County",27,44,738
32,003,49,005,UT,"Cache County",27,49,499
32,003,55,059,WI,"Kenosha County",27,46,589
32,003,26,161,MI,"Washtenaw County",26,47,1109
32,003,34,039,NJ,"Union County",26,50,759
32,003,39,093,OH,"Lorain County",26,44,746
32,003,48,085,TX,"Collin County",26,53,1326
32,003,51,650,VA,Hampton,26,59,1019
32,003,06,057,CA,"Nevada County",25,49,673
32,003,12,105,FL,"Polk County",25,45,484
32,003,16,055,ID,"Kootenai County",25,47,467
32,003,28,033,MS,"De Soto County",25,59,994
32,003,35,045,NM,"San Juan County",25,49,622
32,003,36,091,NY,"Saratoga County",25,43,612
32,003,48,485,TX,"Wichita County",25,62,697
32,003,16,019,ID,"Bonneville County",24,56,816
32,003,16,039,ID,"Elmore County",24,76,700
32,003,17,099,IL,"La Salle County",24,48,1006
32,003,25,005,MA,"Bristol County",24,33,408
32,003,25,025,MA,"Suffolk County",24,27,406
32,003,30,013,MT,"Cascade County",24,48,427
32,003,39,151,OH,"Stark County",24,48,683
32,003,12,021,FL,"Collier County",23,38,631
32,003,28,059,MS,"Jackson County",23,45,601
32,003,29,183,MO,"St Charles County",23,53,1087
32,003,30,111,MT,"Yellowstone County",23,47,1735
32,003,33,015,NH,"Rockingham County",23,44,1014
32,003,42,129,PA,"Westmoreland County",23,39,621
32,003,48,303,TX,"Lubbock County",23,40,575
32,003,48,375,TX,"Potter County",23,53,430
32,003,05,007,AR,"Benton County",22,45,735
32,003,12,005,FL,"Bay County",22,61,778
32,003,13,135,GA,"Gwinnett County",22,34,650
32,003,18,141,IN,"St Joseph County",22,34,-2681
32,003,20,177,KS,"Shawnee County",22,39,813
32,003,21,111,KY,"Jefferson County",22,39,674
32,003,26,145,MI,"Saginaw County",22,37,474
32,003,36,001,NY,"Albany County",22,39,657
32,003,36,027,NY,"Dutchess County",22,32,460
32,003,42,045,PA,"Delaware County",22,35,1364
32,003,06,031,CA,"Kings County",21,46,392
32,003,12,087,FL,"Monroe County",21,40,576
32,003,22,033,LA,"East Baton Rouge Par",21,38,582
32,003,25,023,MA,"Plymouth County",21,33,1308
32,003,25,027,MA,"Worcester County",21,39,584
32,003,34,009,NJ,"Cape May County",21,39,965
32,003,39,155,OH,"Trumbull County",21,32,565
32,003,41,017,OR,"Deschutes County",21,36,15
32,003,41,033,OR,"Josephine County",21,49,898
32,003,47,093,TN,"Knox County",21,30,476
32,003,26,065,MI,"Ingham County",20,30,442
32,003,29,510,MO,"St Louis",20,27,576
32,003,32,019,NV,"Lyon County",20,34,636
32,003,48,157,TX,"Fort Bend County",20,33,812
32,003,56,037,WY,"Sweetwater County",20,36,510
32,003,12,081,FL,"Manatee County",19,34,418
32,003,18,127,IN,"Porter County",19,39,430
32,003,26,077,MI,"Kalamazoo County",19,32,433
32,003,26,103,MI,"Marquette County",19,48,544
32,003,36,075,NY,"Oswego County",19,36,405
32,003,42,071,PA,"Lancaster County",19,35,514
32,003,48,339,TX,"Montgomery County",19,39,623
32,003,48,441,TX,"Taylor County",19,42,368
32,003,53,077,WA,"Yakima County",19,39,303
32,003,55,101,WI,"Racine County",19,28,354
32,003,06,023,CA,"Humboldt County",18,27,254
32,003,06,051,CA,"Mono County",18,32,432
32,003,12,073,FL,"Leon County",18,26,712
32,003,12,097,FL,"Osceola County",18,32,387
32,003,19,113,IA,"Linn County",18,29,699
32,003,29,047,MO,"Clay County",18,46,633
32,003,36,045,NY,"Jefferson County",18,29,320
32,003,37,183,NC,"Wake County",18,36,641
32,003,38,017,ND,"Cass County",18,25,482
32,003,41,019,OR,"Douglas County",18,39,163
32,003,42,029,PA,"Chester County",18,38,1034
32,003,51,510,VA,Alexandria,18,26,553
32,003,53,029,WA,"Island County",18,41,415
32,003,56,025,WY,"Natrona County",18,38,386
32,003,04,012,AZ,"La Paz County",17,32,337
32,003,06,055,CA,"Napa County",17,33,666
32,003,17,143,IL,"Peoria County",17,38,597
32,003,22,019,LA,"Calcasieu Parish",17,24,469
32,003,26,021,MI,"Berrien County",17,22,1795
32,003,27,137,MN,"St Louis County",17,27,562
32,003,28,045,MS,"Hancock County",17,31,468
32,003,30,063,MT,"Missoula County",17,29,282
32,003,32,001,NV,"Churchill County",17,40,630
32,003,39,133,OH,"Portage County",17,24,634
32,003,42,089,PA,"Monroe County",17,27,311
32,003,44,003,RI,"Kent County",17,23,444
32,003,55,009,WI,"Brown County",17,25,349
32,003,01,101,AL,"Montgomery County",16,25,510
32,003,06,115,CA,"Yuba County",16,52,412
32,003,08,123,CO,"Weld County",16,25,539
32,003,12,015,FL,"Charlotte County",16,28,488
32,003,13,153,GA,"Houston County",16,49,386
32,003,16,005,ID,"Bannock County",16,42,355
32,003,18,003,IN,"Allen County",16,32,1044
32,003,22,017,LA,"Caddo Parish",16,31,500
32,003,29,077,MO,"Greene County",16,29,312
32,003,35,009,NM,"Curry County",16,47,742
32,003,35,043,NM,"Sandoval County",16,31,477
32,003,36,109,NY,"Tompkins County",16,25,422
32,003,42,049,PA,"Erie County",16,25,192
32,003,42,125,PA,"Washington County",16,24,547
32,003,45,019,SC,"Charleston County",16,31,411
32,003,48,041,TX,"Brazos County",16,28,292
32,003,48,215,TX,"Hidalgo County",16,26,435
32,003,51,710,VA,Norfolk,16,26,179
32,003,08,045,CO,"Garfield County",15,28,290
32,003,12,033,FL,"Escambia County",15,28,289
32,003,12,111,FL,"St Lucie County",15,26,450
32,003,13,215,GA,"Muscogee County",15,23,374
32,003,15,007,HI,"Kauai County",15,23,380
32,003,17,113,IL,"Mclean County",15,29,953
32,003,24,510,MD,Baltimore,15,22,536
32,003,29,019,MO,"Boone County",15,30,509
32,003,32,013,NV,"Humboldt County",15,39,407
32,003,34,015,NJ,"Gloucester County",15,23,448
32,003,34,035,NJ,"Somerset County",15,29,543
32,003,35,005,NM,"Chaves County",15,34,343
32,003,40,027,OK,"Cleveland County",15,39,509
32,003,40,031,OK,"Comanche County",15,28,393
32,003,40,065,OK,"Jackson County",15,40,406
32,003,41,003,OR,"Benton County",15,23,331
32,003,42,043,PA,"Dauphin County",15,24,396
32,003,42,077,PA,"Lehigh County",15,29,470
32,003,47,125,TN,"Montgomery County",15,29,373
32,003,48,039,TX,"Brazoria County",15,34,287
32,003,48,061,TX,"Cameron County",15,36,406
32,003,48,309,TX,"Mclennan County",15,23,366
32,003,49,045,UT,"Tooele County",15,34,476
32,003,50,007,VT,"Chittenden County",15,23,341
32,003,56,005,WY,"Campbell County",15,24,398
32,003,56,041,WY,"Uinta County",15,30,423
32,003,01,073,AL,"Jefferson County",14,27,805
32,003,01,089,AL,"Madison County",14,23,596
32,003,06,033,CA,"Lake County",14,28,461
32,003,06,103,CA,"Tehama County",14,35,338
32,003,06,113,CA,"Yolo County",14,19,299
32,003,09,005,CT,"Litchfield County",14,29,359
32,003,12,053,FL,"Hernando County",14,22,166
32,003,17,167,IL,"Sangamon County",14,26,443
32,003,24,027,MD,"Howard County",14,29,708
32,003,37,133,NC,"Onslow County",14,35,315
32,003,37,191,NC,"Wayne County",14,41,557
32,003,39,017,OH,"Butler County",14,24,1207
32,003,45,013,SC,"Beaufort County",14,24,570
32,003,48,451,TX,"Tom Green County",14,26,355
32,003,51,087,VA,"Henrico County",14,19,537
32,003,51,153,VA,"Prince William Count",14,35,660
32,003,56,039,WY,"Teton County",14,22,373
32,003,04,007,AZ,"Gila County",13,21,305
32,003,04,023,AZ,"Santa Cruz County",13,30,220
32,003,05,143,AR,"Washington County",13,23,103
32,003,06,027,CA,"Inyo County",13,19,243
32,003,06,045,CA,"Mendocino County",13,17,201
32,003,09,011,CT,"New London County",13,24,419
32,003,12,017,FL,"Citrus County",13,21,360
32,003,12,069,FL,"Lake County",13,24,517
32,003,13,063,GA,"Clayton County",13,22,329
32,003,18,039,IN,"Elkhart County",13,19,194
32,003,20,061,KS,"Geary County",13,21,200
32,003,20,103,KS,"Leavenworth County",13,27,444
32,003,21,067,KY,"Fayette County",13,17,363
32,003,22,065,LA,"Madison Parish",13,29,88
32,003,22,103,LA,"St Tammany Parish",13,31,956
32,003,26,147,MI,"St Clair County",13,22,261
32,003,27,163,MN,"Washington County",13,23,314
32,003,30,093,MT,"Silver Bow County",13,15,187
32,003,36,007,NY,"Broome County",13,20,526
32,003,36,019,NY,"Clinton County",13,27,381
32,003,37,129,NC,"New Hanover County",13,16,236
32,003,38,035,ND,"Grand Forks County",13,30,556
32,003,39,043,OH,"Erie County",13,20,248
32,003,42,021,PA,"Cambria County",13,17,501
32,003,48,329,TX,"Midland County",13,27,455
32,003,48,491,TX,"Williamson County",13,28,386
32,003,49,041,UT,"Sevier County",13,36,274
32,003,56,001,WY,"Albany County",13,20,262
32,003,02,122,AK,"Kenai Peninsula Boro",12,19,259
32,003,06,101,CA,"Sutter County",12,26,248
32,003,13,051,GA,"Chatham County",12,31,568
32,003,16,083,ID,"Twin Falls County",12,28,232
32,003,17,019,IL,"Champaign County",12,17,392
32,003,18,091,IN,"La Porte County",12,29,433
32,003,19,163,IA,"Scott County",12,28,347
32,003,24,025,MD,"Harford County",12,21,596
32,003,36,013,NY,"Chautauqua County",12,15,305
32,003,38,101,ND,"Ward County",12,25,394
32,003,39,057,OH,"Greene County",12,36,613
32,003,42,095,PA,"Northampton County",12,13,271
32,003,42,133,PA,"York County",12,33,638
32,003,49,025,UT,"Kane County",12,22,410
32,003,51,550,VA,Chesapeake,12,26,383
32,003,51,700,VA,"Newport News",12,27,479
32,003,55,105,WI,"Rock County",12,17,183
32,003,08,035,CO,"Douglas County",11,30,1017
32,003,09,013,CT,"Tolland County",11,15,271
32,003,12,001,FL,"Alachua County",11,17,259
32,003,12,083,FL,"Marion County",11,18,165
32,003,12,113,FL,"Santa Rosa County",11,26,272
32,003,13,179,GA,"Liberty County",11,24,487
32,003,13,185,GA,"Lowndes County",11,29,396
32,003,13,245,GA,"Richmond County",11,28,276
32,003,16,027,ID,"Canyon County",11,19,138
32,003,17,115,IL,"Macon County",11,20,232
32,003,21,117,KY,"Kenton County",11,19,392
32,003,26,055,MI,"Grand Traverse Count",11,21,353
32,003,28,049,MS,"Hinds County",11,26,266
32,003,28,149,MS,"Warren County",11,26,363
32,003,34,037,NJ,"Sussex County",11,28,663
32,003,35,031,NM,"Mckinley County",11,22,250
32,003,35,061,NM,"Valencia County",11,19,194
32,003,36,105,NY,"Sullivan County",11,21,277
32,003,41,011,OR,"Coos County",11,28,286
32,003,41,071,OR,"Yamhill County",11,22,277
32,003,42,007,PA,"Beaver County",11,21,114
32,003,42,013,PA,"Blair County",11,21,124
32,003,47,065,TN,"Hamilton County",11,19,213
32,003,48,135,TX,"Ector County",11,20,135
32,003,49,039,UT,"Sanpete County",11,27,225
32,003,51,041,VA,"Chesterfield County",11,14,226
32,003,53,027,WA,"Grays Harbor County",11,28,288
32,003,53,057,WA,"Skagit County",11,25,198
32,003,55,127,WI,"Walworth County",11,16,539
32,003,04,001,AZ,"Apache County",10,22,213
32,003,06,109,CA,"Tuolumne County",10,20,216
32,003,08,029,CO,"Delta County",10,18,132
32,003,12,019,FL,"Clay County",10,17,167
32,003,17,011,IL,"Bureau County",10,20,398
32,003,17,179,IL,"Tazewell County",10,14,1309
32,003,18,095,IN,"Madison County",10,18,635
32,003,18,163,IN,"Vanderburgh County",10,17,233
32,003,18,167,IN,"Vigo County",10,15,260
32,003,19,193,IA,"Woodbury County",10,13,244
32,003,24,017,MD,"Charles County",10,14,219
32,003,26,075,MI,"Jackson County",10,11,213
32,003,26,093,MI,"Livingston County",10,17,299
32,003,26,121,MI,"Muskegon County",10,16,267
32,003,28,151,MS,"Washington County",10,15,199
32,003,30,031,MT,"Gallatin County",10,15,207
32,003,35,015,NM,"Eddy County",10,17,171
32,003,35,027,NM,"Lincoln County",10,19,281
32,003,39,103,OH,"Medina County",10,20,297
32,003,41,035,OR,"Klamath County",10,18,129
32,003,42,079,PA,"Luzerne County",10,15,178
32,003,49,007,UT,"Carbon County",10,28,362
32,003,50,021,VT,"Rutland County",10,21,288
32,003,51,199,VA,"York County",10,27,395
32,003,54,009,WV,"Brooke County",10,14,244
32,003,55,097,WI,"Portage County",10,13,135
32,003,55,117,WI,"Sheboygan County",10,16,262
32,003,56,023,WY,"Lincoln County",10,29,357
32,003,56,029,WY,"Park County",10,18,193
32,003,57,003,FR,"Foreign - Puerto Rico",10,21,253
32,003,58,000,SS,"Other Flows - Same State",36,73,1489
32,003,59,000,DS,"Other Flows - Diff State",3703,7001,101350
32,003,59,001,DS,"Other Flows - Northeast",407,676,11322
32,003,59,003,DS,"Other Flows - Midwest",1245,2258,36182
32,003,59,005,DS,"Other Flows - South",1335,2664,35454
32,003,59,007,DS,"Other Flows - West",716,1403,18391
32,003,57,009,FR,"Foreign - Other flows",188,301,4154
32,005,96,000,NV,"Douglas County Tot Mig-US & For",2029,3871,81798
32,005,97,000,NV,"Douglas County Tot Mig-US",2016,3844,81084
32,005,97,001,NV,"Douglas County Tot Mig-Same St",480,918,15283
32,005,97,003,NV,"Douglas County Tot Mig-Diff St",1536,2926,65801
32,005,98,000,NV,"Douglas County Tot Mig-Foreign",13,27,714
32,005,32,005,NV,"Douglas County Non-Migrants",13240,28762,609797
32,005,06,017,CA,"El Dorado County",229,400,6653
32,005,32,510,NV,"Carson City",197,384,5906
32,005,06,037,CA,"Los Angeles County",158,300,7457
32,005,32,031,NV,"Washoe County",153,273,4928
32,005,06,059,CA,"Orange County",77,156,5463
32,005,32,003,NV,"Clark County",62,123,2733
32,005,06,067,CA,"Sacramento County",59,110,2362
32,005,06,085,CA,"Santa Clara County",56,98,4293
32,005,06,073,CA,"San Diego County",50,85,2438
32,005,32,019,NV,"Lyon County",42,87,1098
32,005,06,013,CA,"Contra Costa County",37,75,2195
32,005,06,001,CA,"Alameda County",32,61,1051
32,005,06,065,CA,"Riverside County",31,74,1885
32,005,06,071,CA,"San Bernardino Count",28,62,806
32,005,06,061,CA,"Placer County",27,55,819
32,005,04,013,AZ,"Maricopa County",21,34,2039
32,005,06,077,CA,"San Joaquin County",19,49,993
32,005,06,081,CA,"San Mateo County",16,28,426
32,005,06,111,CA,"Ventura County",16,35,813
32,005,06,019,CA,"Fresno County",13,34,447
32,005,06,051,CA,"Mono County",13,22,287
32,005,06,087,CA,"Santa Cruz County",13,21,337
32,005,06,079,CA,"San Luis Obispo Coun",12,22,255
32,005,15,003,HI,"Honolulu County",12,30,489
32,005,06,003,CA,"Alpine County",10,24,369
32,005,06,029,CA,"Kern County",10,31,439
32,005,06,075,CA,"San Francisco County",10,13,335
32,005,06,095,CA,"Solano County",10,30,316
32,005,58,000,SS,"Other Flows - Same State",26,51,618
32,005,59,000,DS,"Other Flows - Diff State",577,1077,22834
32,005,59,001,DS,"Other Flows - Northeast",62,100,3446
32,005,59,003,DS,"Other Flows - Midwest",71,139,3662
32,005,59,005,DS,"Other Flows - South",133,242,5554
32,005,59,007,DS,"Other Flows - West",311,596,10173
32,005,57,009,FR,"Foreign - Other flows",13,27,714
32,007,96,000,NV,"Elko County Tot Mig-US & For",1881,4281,57582
32,007,97,000,NV,"Elko County Tot Mig-US",1866,4246,56772
32,007,97,001,NV,"Elko County Tot Mig-Same St",385,818,12102
32,007,97,003,NV,"Elko County Tot Mig-Diff St",1481,3428,44670
32,007,98,000,NV,"Elko County Tot Mig-Foreign",15,35,809
32,007,32,007,NV,"Elko County Non-Migrants",12885,32861,568226
32,007,32,031,NV,"Washoe County",109,205,3037
32,007,49,035,UT,"Salt Lake County",89,225,2845
32,007,32,003,NV,"Clark County",86,168,2724
32,007,49,045,UT,"Tooele County",82,217,2853
32,007,16,083,ID,"Twin Falls County",49,82,950
32,007,32,013,NV,"Humboldt County",44,106,1504
32,007,16,001,ID,"Ada County",38,66,1050
32,007,04,013,AZ,"Maricopa County",32,71,914
32,007,32,033,NV,"White Pine County",31,68,1132
32,007,16,079,ID,"Shoshone County",29,87,962
32,007,32,015,NV,"Lander County",29,77,941
32,007,53,007,WA,"Chelan County",22,52,1354
32,007,56,037,WY,"Sweetwater County",20,38,527
32,007,06,037,CA,"Los Angeles County",18,42,314
32,007,53,017,WA,"Douglas County",18,57,1372
32,007,49,049,UT,"Utah County",17,45,450
32,007,32,019,NV,"Lyon County",16,27,504
32,007,49,057,UT,"Weber County",16,36,416
32,007,04,019,AZ,"Pima County",15,36,414
32,007,04,021,AZ,"Pinal County",14,30,457
32,007,06,073,CA,"San Diego County",13,23,196
32,007,30,053,MT,"Lincoln County",13,35,320
32,007,30,093,MT,"Silver Bow County",13,24,350
32,007,32,001,NV,"Churchill County",13,35,512
32,007,06,019,CA,"Fresno County",12,25,201
32,007,16,005,ID,"Bannock County",12,26,284
32,007,08,059,CO,"Jefferson County",11,32,595
32,007,16,031,ID,"Cassia County",11,29,176
32,007,32,023,NV,"Nye County",11,30,341
32,007,32,510,NV,"Carson City",11,23,378
32,007,04,015,AZ,"Mohave County",10,34,260
32,007,04,025,AZ,"Yavapai County",10,31,327
32,007,06,071,CA,"San Bernardino Count",10,26,384
32,007,30,077,MT,"Powell County",10,22,366
32,007,32,011,NV,"Eureka County",10,17,259
32,007,58,000,SS,"Other Flows - Same State",25,62,772
32,007,59,000,DS,"Other Flows - Diff State",897,2037,26332
32,007,59,001,DS,"Other Flows - Northeast",24,50,447
32,007,59,003,DS,"Other Flows - Midwest",116,219,3550
32,007,59,005,DS,"Other Flows - South",94,220,3042
32,007,59,007,DS,"Other Flows - West",663,1548,19293
32,007,57,009,FR,"Foreign - Other flows",15,35,809
32,009,96,000,NV,"Esmeralda Count Tot Mig-US & For",50,94,1220
32,009,97,000,NV,"Esmeralda Count Tot Mig-US",50,94,1220
32,009,97,001,NV,"Esmeralda Count Tot Mig-Same St",22,42,495
32,009,97,003,NV,"Esmeralda Count Tot Mig-Diff St",28,52,725
32,009,32,009,NV,"Esmeralda Count Non-Migrants",291,629,9014
32,009,58,000,SS,"Other Flows - Same State",22,42,495
32,009,59,000,DS,"Other Flows - Diff State",28,52,725
32,011,96,000,NV,"Eureka County Tot Mig-US & For",87,183,2396
32,011,97,000,NV,"Eureka County Tot Mig-US",87,183,2396
32,011,97,001,NV,"Eureka County Tot Mig-Same St",62,127,1844
32,011,97,003,NV,"Eureka County Tot Mig-Diff St",25,56,552
32,011,32,011,NV,"Eureka County Non-Migrants",401,976,12742
32,011,32,007,NV,"Elko County",26,55,906
32,011,32,031,NV,"Washoe County",11,15,162
32,011,58,000,SS,"Other Flows - Same State",25,57,776
32,011,59,000,DS,"Other Flows - Diff State",25,56,552
32,013,96,000,NV,"Humboldt County Tot Mig-US & For",722,1662,23606
32,013,97,000,NV,"Humboldt County Tot Mig-US",722,1662,23606
32,013,97,001,NV,"Humboldt County Tot Mig-Same St",225,536,7900
32,013,97,003,NV,"Humboldt County Tot Mig-Diff St",497,1126,15706
32,013,32,013,NV,"Humboldt County Non-Migrants",5177,13215,206026
32,013,32,007,NV,"Elko County",46,122,1447
32,013,32,031,NV,"Washoe County",40,62,1111
32,013,32,015,NV,"Lander County",32,84,1202
32,013,32,023,NV,"Nye County",23,74,1408
32,013,32,027,NV,"Pershing County",21,59,618
32,013,32,033,NV,"White Pine County",13,30,580
32,013,04,027,AZ,"Yuma County",12,32,730
32,013,32,003,NV,"Clark County",12,21,247
32,013,49,035,UT,"Salt Lake County",12,31,454
32,013,30,093,MT,"Silver Bow County",11,19,244
32,013,32,019,NV,"Lyon County",11,22,333
32,013,06,037,CA,"Los Angeles County",10,24,133
32,013,58,000,SS,"Other Flows - Same State",27,62,955
32,013,59,000,DS,"Other Flows - Diff State",452,1020,14145
32,015,96,000,NV,"Lander County Tot Mig-US & For",290,727,8785
32,015,97,000,NV,"Lander County Tot Mig-US",290,727,8785
32,015,97,001,NV,"Lander County Tot Mig-Same St",102,250,3491
32,015,97,003,NV,"Lander County Tot Mig-Diff St",188,477,5294
32,015,32,015,NV,"Lander County Non-Migrants",1890,5116,77315
32,015,32,007,NV,"Elko County",35,102,1354
32,015,32,013,NV,"Humboldt County",23,56,627
32,015,32,031,NV,"Washoe County",22,42,786
32,015,58,000,SS,"Other Flows - Same State",22,50,724
32,015,59,000,DS,"Other Flows - Diff State",188,477,5294
32,017,96,000,NV,"Lincoln County Tot Mig-US & For",95,226,3043
32,017,97,000,NV,"Lincoln County Tot Mig-US",95,226,3043
32,017,97,001,NV,"Lincoln County Tot Mig-Same St",54,116,1884
32,017,97,003,NV,"Lincoln County Tot Mig-Diff St",41,110,1160
32,017,32,017,NV,"Lincoln County Non-Migrants",1015,2754,31573
32,017,32,003,NV,"Clark County",40,81,1498
32,017,58,000,SS,"Other Flows - Same State",14,35,386
32,017,59,000,DS,"Other Flows - Diff State",41,110,1160
32,019,96,000,NV,"Lyon County Tot Mig-US & For",1510,3329,43118
32,019,97,000,NV,"Lyon County Tot Mig-US",1510,3329,43118
32,019,97,001,NV,"Lyon County Tot Mig-Same St",812,1778,22549
32,019,97,003,NV,"Lyon County Tot Mig-Diff St",698,1551,20569
32,019,32,019,NV,"Lyon County Non-Migrants",8887,20545,283321
32,019,32,031,NV,"Washoe County",316,682,9265
32,019,32,510,NV,"Carson City",257,568,7110
32,019,32,005,NV,"Douglas County",90,183,2085
32,019,06,037,CA,"Los Angeles County",46,99,1581
32,019,32,003,NV,"Clark County",39,82,1077
32,019,32,001,NV,"Churchill County",34,74,885
32,019,06,085,CA,"Santa Clara County",29,62,2216
32,019,06,067,CA,"Sacramento County",26,52,688
32,019,06,017,CA,"El Dorado County",21,56,584
32,019,06,065,CA,"Riverside County",20,35,371
32,019,06,059,CA,"Orange County",18,35,773
32,019,04,013,AZ,"Maricopa County",17,32,385
32,019,06,071,CA,"San Bernardino Count",17,41,467
32,019,06,073,CA,"San Diego County",17,39,290
32,019,32,013,NV,"Humboldt County",15,42,468
32,019,32,021,NV,"Mineral County",15,45,379
32,019,06,077,CA,"San Joaquin County",13,35,547
32,019,06,029,CA,"Kern County",11,39,346
32,019,06,111,CA,"Ventura County",11,36,542
32,019,32,029,NV,"Storey County",11,19,208
32,019,06,001,CA,"Alameda County",10,20,167
32,019,06,013,CA,"Contra Costa County",10,23,288
32,019,06,027,CA,"Inyo County",10,24,185
32,019,06,061,CA,"Placer County",10,18,297
32,019,58,000,SS,"Other Flows - Same State",35,83,1071
32,019,59,000,DS,"Other Flows - Diff State",412,905,10841
32,019,59,001,DS,"Other Flows - Northeast",16,32,1107
32,019,59,003,DS,"Other Flows - Midwest",46,109,1142
32,019,59,005,DS,"Other Flows - South",64,141,1661
32,019,59,007,DS,"Other Flows - West",286,623,6931
32,021,96,000,NV,"Mineral County Tot Mig-US & For",182,393,4518
32,021,97,000,NV,"Mineral County Tot Mig-US",182,393,4518
32,021,97,001,NV,"Mineral County Tot Mig-Same St",61,124,1450
32,021,97,003,NV,"Mineral County Tot Mig-Diff St",121,269,3068
32,021,32,021,NV,"Mineral County Non-Migrants",1937,4292,58846
32,021,32,031,NV,"Washoe County",19,37,344
32,021,32,001,NV,"Churchill County",17,41,453
32,021,58,000,SS,"Other Flows - Same State",25,46,653
32,021,59,000,DS,"Other Flows - Diff State",121,269,3068
32,023,96,000,NV,"Nye County Tot Mig-US & For",1484,3159,46019
32,023,97,000,NV,"Nye County Tot Mig-US",1484,3159,46019
32,023,97,001,NV,"Nye County Tot Mig-Same St",656,1408,19793
32,023,97,003,NV,"Nye County Tot Mig-Diff St",828,1751,26227
32,023,32,023,NV,"Nye County Non-Migrants",7189,16053,243734
32,023,32,003,NV,"Clark County",537,1137,15962
32,023,06,037,CA,"Los Angeles County",55,116,1947
32,023,06,071,CA,"San Bernardino Count",54,124,1212
32,023,06,073,CA,"San Diego County",34,63,974
32,023,06,059,CA,"Orange County",30,58,837
32,023,32,031,NV,"Washoe County",28,55,656
32,023,06,065,CA,"Riverside County",22,52,477
32,023,32,007,NV,"Elko County",20,45,920
32,023,04,013,AZ,"Maricopa County",18,42,431
32,023,04,015,AZ,"Mohave County",13,30,386
32,023,06,029,CA,"Kern County",13,34,441
32,023,32,009,NV,"Esmeralda County",13,24,384
32,023,06,111,CA,"Ventura County",10,21,396
32,023,32,033,NV,"White Pine County",10,20,286
32,023,58,000,SS,"Other Flows - Same State",48,127,1585
32,023,59,000,DS,"Other Flows - Diff State",579,1211,19125
32,023,59,001,DS,"Other Flows - Northeast",33,58,1023
32,023,59,003,DS,"Other Flows - Midwest",90,179,3439
32,023,59,005,DS,"Other Flows - South",78,159,2321
32,023,59,007,DS,"Other Flows - West",378,815,12341
32,027,96,000,NV,"Pershing County Tot Mig-US & For",224,516,5632
32,027,97,000,NV,"Pershing County Tot Mig-US",224,516,5632
32,027,97,001,NV,"Pershing County Tot Mig-Same St",124,274,3147
32,027,97,003,NV,"Pershing County Tot Mig-Diff St",100,242,2485
32,027,32,027,NV,"Pershing County Non-Migrants",1250,3219,41609
32,027,32,031,NV,"Washoe County",34,72,696
32,027,32,510,NV,"Carson City",19,36,413
32,027,32,033,NV,"White Pine County",16,37,600
32,027,32,013,NV,"Humboldt County",14,36,214
32,027,32,003,NV,"Clark County",10,20,273
32,027,58,000,SS,"Other Flows - Same State",31,73,951
32,027,59,000,DS,"Other Flows - Diff State",100,242,2485
32,029,96,000,NV,"Storey County Tot Mig-US & For",371,736,18807
32,029,97,000,NV,"Storey County Tot Mig-US",371,736,18807
32,029,97,001,NV,"Storey County Tot Mig-Same St",231,472,11486
32,029,97,003,NV,"Storey County Tot Mig-Diff St",140,264,7321
32,029,32,029,NV,"Storey County Non-Migrants",2116,4909,136973
32,029,32,031,NV,"Washoe County",182,361,9180
32,029,32,510,NV,"Carson City",15,33,736
32,029,32,003,NV,"Clark County",14,23,834
32,029,06,037,CA,"Los Angeles County",12,22,544
32,029,58,000,SS,"Other Flows - Same State",20,55,737
32,029,59,000,DS,"Other Flows - Diff State",128,242,6777
32,031,96,000,NV,"Washoe County Tot Mig-US & For",10320,18575,411140
32,031,97,000,NV,"Washoe County Tot Mig-US",10132,18301,407436
32,031,97,001,NV,"Washoe County Tot Mig-Same St",1878,3249,66584
32,031,97,003,NV,"Washoe County Tot Mig-Diff St",8254,15052,340852
32,031,98,000,NV,"Washoe County Tot Mig-Foreign",188,274,3704
32,031,32,031,NV,"Washoe County Non-Migrants",107270,218436,4671064
32,031,32,003,NV,"Clark County",575,986,20144
32,031,06,037,CA,"Los Angeles County",572,1171,18482
32,031,32,510,NV,"Carson City",379,645,18838
32,031,06,067,CA,"Sacramento County",318,559,9419
32,031,06,059,CA,"Orange County",232,481,9727
32,031,06,085,CA,"Santa Clara County",231,428,16799
32,031,06,073,CA,"San Diego County",210,393,11021
32,031,06,001,CA,"Alameda County",209,375,8140
32,031,32,019,NV,"Lyon County",207,381,4639
32,031,06,061,CA,"Placer County",201,364,31266
32,031,32,005,NV,"Douglas County",190,317,6788
32,031,04,013,AZ,"Maricopa County",159,259,5641
32,031,06,057,CA,"Nevada County",159,290,5426
32,031,06,013,CA,"Contra Costa County",156,271,5661
32,031,32,029,NV,"Storey County",141,251,5230
32,031,06,017,CA,"El Dorado County",125,227,3677
32,031,06,081,CA,"San Mateo County",124,214,6899
32,031,06,071,CA,"San Bernardino Count",111,230,3637
32,031,06,075,CA,"San Francisco County",108,137,3524
32,031,06,077,CA,"San Joaquin County",103,200,3196
32,031,06,111,CA,"Ventura County",98,197,5030
32,031,53,033,WA,"King County",98,159,2796
32,031,06,065,CA,"Riverside County",95,185,2507
32,031,06,097,CA,"Sonoma County",95,170,3246
32,031,32,007,NV,"Elko County",95,155,2336
32,031,32,001,NV,"Churchill County",92,154,2375
32,031,06,007,CA,"Butte County",84,145,1890
32,031,06,035,CA,"Lassen County",82,166,1978
32,031,15,003,HI,"Honolulu County",82,135,2977
32,031,06,063,CA,"Plumas County",80,144,1808
32,031,06,095,CA,"Solano County",80,147,2228
32,031,06,019,CA,"Fresno County",73,141,2200
32,031,06,099,CA,"Stanislaus County",73,153,1750
32,031,06,089,CA,"Shasta County",71,148,1669
32,031,06,053,CA,"Monterey County",64,127,1928
32,031,32,013,NV,"Humboldt County",59,112,2166
32,031,04,019,AZ,"Pima County",58,107,2012
32,031,57,005,FR,"Foreign - APO/FPO ZIPs",56,94,1432
32,031,53,053,WA,"Pierce County",52,104,1164
32,031,49,035,UT,"Salt Lake County",50,98,1981
32,031,06,029,CA,"Kern County",49,90,1030
32,031,27,053,MN,"Hennepin County",49,75,2024
32,031,17,031,IL,"Cook County",47,76,2310
32,031,41,051,OR,"Multnomah County",46,76,986
32,031,16,001,ID,"Ada County",45,81,1437
32,031,53,063,WA,"Spokane County",44,75,1013
32,031,06,079,CA,"San Luis Obispo Coun",43,74,1356
32,031,41,039,OR,"Lane County",43,79,1705
32,031,06,113,CA,"Yolo County",41,72,1082
32,031,32,021,NV,"Mineral County",40,64,841
32,031,04,015,AZ,"Mohave County",39,82,804
32,031,41,029,OR,"Jackson County",39,57,837
32,031,48,113,TX,"Dallas County",37,63,12302
32,031,06,087,CA,"Santa Cruz County",36,70,2343
32,031,06,083,CA,"Santa Barbara County",34,67,4608
32,031,06,107,CA,"Tulare County",34,83,664
32,031,48,201,TX,"Harris County",34,62,1294
32,031,06,041,CA,"Marin County",32,50,6989
32,031,41,067,OR,"Washington County",32,68,960
32,031,06,023,CA,"Humboldt County",31,57,1501
32,031,06,101,CA,"Sutter County",31,51,686
32,031,48,439,TX,"Tarrant County",30,57,1353
32,031,53,011,WA,"Clark County",30,54,871
32,031,06,027,CA,"Inyo County",29,46,655
32,031,06,033,CA,"Lake County",29,57,648
32,031,06,055,CA,"Napa County",29,39,655
32,031,32,023,NV,"Nye County",28,48,1281
32,031,02,020,AK,"Anchorage Borough",27,46,817
32,031,53,061,WA,"Snohomish County",27,41,659
32,031,08,041,CO,"El Paso County",26,43,568
32,031,32,033,NV,"White Pine County",26,55,646
32,031,35,001,NM,"Bernalillo County",25,45,819
32,031,41,017,OR,"Deschutes County",25,38,601
32,031,41,005,OR,"Clackamas County",24,59,886
32,031,08,059,CO,"Jefferson County",23,39,852
32,031,12,099,FL,"Palm Beach County",23,38,1276
32,031,12,103,FL,"Pinellas County",23,55,667
32,031,06,115,CA,"Yuba County",22,45,470
32,031,08,031,CO,"Denver County",22,39,637
32,031,41,047,OR,"Marion County",21,42,364
32,031,06,091,CA,"Sierra County",20,44,567
32,031,06,109,CA,"Tuolumne County",20,40,390
32,031,27,037,MN,"Dakota County",20,34,938
32,031,28,047,MS,"Harrison County",20,32,502
32,031,41,035,OR,"Klamath County",20,43,339
32,031,29,189,MO,"St Louis County",18,39,3018
32,031,32,027,NV,"Pershing County",18,35,499
32,031,48,029,TX,"Bexar County",18,26,441
32,031,08,005,CO,"Arapahoe County",17,29,995
32,031,47,157,TN,"Shelby County",17,25,1073
32,031,06,045,CA,"Mendocino County",16,23,327
32,031,06,047,CA,"Merced County",16,45,451
32,031,08,013,CO,"Boulder County",16,24,379
32,031,30,111,MT,"Yellowstone County",16,29,575
32,031,32,015,NV,"Lander County",16,28,531
32,031,49,049,UT,"Utah County",16,34,413
32,031,06,005,CA,"Amador County",15,30,323
32,031,06,051,CA,"Mono County",15,25,316
32,031,06,093,CA,"Siskiyou County",15,29,183
32,031,08,069,CO,"Larimer County",15,21,250
32,031,12,025,FL,"Dade County",15,20,919
32,031,53,035,WA,"Kitsap County",15,27,496
32,031,06,039,CA,"Madera County",14,29,419
32,031,12,011,FL,"Broward County",14,20,448
32,031,36,029,NY,"Erie County",14,22,450
32,031,48,141,TX,"El Paso County",14,33,275
32,031,51,059,VA,"Fairfax County",14,23,4371
32,031,55,079,WI,"Milwaukee County",14,23,557
32,031,15,009,HI,"Maui County",13,23,606
32,031,16,005,ID,"Bannock County",13,18,166
32,031,26,125,MI,"Oakland County",13,22,632
32,031,39,035,OH,"Cuyahoga County",13,16,423
32,031,53,073,WA,"Whatcom County",13,18,247
32,031,06,009,CA,"Calaveras County",12,23,341
32,031,06,103,CA,"Tehama County",12,19,221
32,031,17,043,IL,"Du Page County",12,21,732
32,031,39,049,OH,"Franklin County",12,12,279
32,031,41,015,OR,"Curry County",12,22,220
32,031,53,005,WA,"Benton County",12,21,309
32,031,53,077,WA,"Yakima County",12,26,316
32,031,06,025,CA,"Imperial County",11,23,167
32,031,16,055,ID,"Kootenai County",11,14,192
32,031,16,083,ID,"Twin Falls County",11,20,233
32,031,36,061,NY,"New York County",11,18,644
32,031,36,103,NY,"Suffolk County",11,15,759
32,031,41,019,OR,"Douglas County",11,18,264
32,031,53,067,WA,"Thurston County",11,20,305
32,031,04,005,AZ,"Coconino County",10,11,211
32,031,04,021,AZ,"Pinal County",10,20,359
32,031,04,025,AZ,"Yavapai County",10,12,158
32,031,06,015,CA,"Del Norte County",10,18,350
32,031,08,001,CO,"Adams County",10,20,271
32,031,09,001,CT,"Fairfield County",10,20,762
32,031,12,057,FL,"Hillsborough County",10,11,212
32,031,13,121,GA,"Fulton County",10,11,333
32,031,17,097,IL,"Lake County",10,20,529
32,031,19,153,IA,"Polk County",10,15,423
32,031,20,173,KS,"Sedgwick County",10,23,222
32,031,21,111,KY,"Jefferson County",10,16,411
32,031,39,061,OH,"Hamilton County",10,15,398
32,031,41,033,OR,"Josephine County",10,17,230
32,031,48,121,TX,"Denton County",10,20,435
32,031,56,021,WY,"Laramie County",10,19,162
32,031,58,000,SS,"Other Flows - Same State",12,18,270
32,031,59,000,DS,"Other Flows - Diff State",1970,3530,70511
32,031,59,001,DS,"Other Flows - Northeast",318,549,19632
32,031,59,003,DS,"Other Flows - Midwest",468,763,14509
32,031,59,005,DS,"Other Flows - South",633,1156,21830
32,031,59,007,DS,"Other Flows - West",551,1062,14540
32,031,57,009,FR,"Foreign - Other flows",132,180,2271
32,033,96,000,NV,"White Pine Coun Tot Mig-US & For",536,1286,18451
32,033,97,000,NV,"White Pine Coun Tot Mig-US",536,1286,18451
32,033,97,001,NV,"White Pine Coun Tot Mig-Same St",206,462,6617
32,033,97,003,NV,"White Pine Coun Tot Mig-Diff St",330,824,11833
32,033,32,033,NV,"White Pine Coun Non-Migrants",2799,6634,97336
32,033,32,007,NV,"Elko County",60,156,2124
32,033,32,003,NV,"Clark County",57,110,1481
32,033,32,031,NV,"Washoe County",30,45,654
32,033,04,013,AZ,"Maricopa County",14,30,386
32,033,04,007,AZ,"Gila County",13,43,1160
32,033,04,021,AZ,"Pinal County",13,30,895
32,033,49,035,UT,"Salt Lake County",13,35,454
32,033,32,013,NV,"Humboldt County",11,29,524
32,033,58,000,SS,"Other Flows - Same State",48,122,1834
32,033,59,000,DS,"Other Flows - Diff State",277,686,8938
32,510,96,000,NV,"Carson City Tot Mig-US & For",2225,4193,62889
32,510,97,000,NV,"Carson City Tot Mig-US",2209,4168,62599
32,510,97,001,NV,"Carson City Tot Mig-Same St",975,1817,26579
32,510,97,003,NV,"Carson City Tot Mig-Diff St",1234,2351,36020
32,510,98,000,NV,"Carson City Tot Mig-Foreign",16,25,290
32,510,32,510,NV,"Carson City Non-Migrants",15952,33534,636190
32,510,32,031,NV,"Washoe County",355,618,9504
32,510,32,005,NV,"Douglas County",296,575,8775
32,510,32,019,NV,"Lyon County",172,334,3809
32,510,06,037,CA,"Los Angeles County",90,168,2465
32,510,32,003,NV,"Clark County",86,169,2454
32,510,06,059,CA,"Orange County",67,145,2450
32,510,06,073,CA,"San Diego County",44,78,1317
32,510,06,001,CA,"Alameda County",41,79,1794
32,510,06,017,CA,"El Dorado County",38,65,1085
32,510,06,067,CA,"Sacramento County",37,65,1023
32,510,06,085,CA,"Santa Clara County",35,64,1207
32,510,04,013,AZ,"Maricopa County",32,58,840
32,510,06,071,CA,"San Bernardino Count",30,56,710
32,510,06,065,CA,"Riverside County",21,46,1044
32,510,06,013,CA,"Contra Costa County",20,42,600
32,510,06,019,CA,"Fresno County",15,39,149
32,510,06,061,CA,"Placer County",14,30,360
32,510,32,029,NV,"Storey County",14,23,545
32,510,06,029,CA,"Kern County",13,26,283
32,510,32,007,NV,"Elko County",13,19,454
32,510,41,051,OR,"Multnomah County",13,19,265
32,510,49,035,UT,"Salt Lake County",13,32,384
32,510,06,007,CA,"Butte County",12,20,265
32,510,06,077,CA,"San Joaquin County",12,21,162
32,510,32,013,NV,"Humboldt County",12,28,344
32,510,06,081,CA,"San Mateo County",11,19,479
32,510,06,111,CA,"Ventura County",11,21,587
32,510,32,001,NV,"Churchill County",11,16,251
32,510,06,079,CA,"San Luis Obispo Coun",10,22,288
32,510,06,099,CA,"Stanislaus County",10,19,254
32,510,53,033,WA,"King County",10,24,208
32,510,58,000,SS,"Other Flows - Same State",16,35,443
32,510,59,000,DS,"Other Flows - Diff State",635,1193,17800
32,510,59,001,DS,"Other Flows - Northeast",36,67,928
32,510,59,003,DS,"Other Flows - Midwest",101,170,3177
32,510,59,005,DS,"Other Flows - South",140,278,5667
32,510,59,007,DS,"Other Flows - West",358,678,8029
32,510,57,009,FR,"Foreign - Other flows",16,25,290
