"2001 - 2002 County to County Migration Inflow",,,,,,,,
"(Aggregate money amounts are in thousands of dollars)",,,,,,,,
,,,,,,,,
,,,,,,,,
"Migration into",,"Migration from",,,,Number,Number,Aggregate
Alabama,,,,,,of,of,adjusted
State,County,State,County,State,"State totals, county totals,",returns,exemptions,gross
"FIPS Code",,,,,"and county by county detail",,,income
01,000,96,000,AL,"Total Mig - US & For",91945,187254,3217749
01,000,97,000,AL,"Total Mig - US",89665,183158,3163051
01,000,97,001,AL,"Total Mig - US Same St",50951,102686,1654302
01,000,97,003,AL,"Total Mig - US Diff St",38714,80472,1508748
01,000,98,000,AL,"Total Mig - Foreign",2280,4096,54698
01,001,96,000,AL,"Autauga County Tot Mig-US & For",1669,4127,66518
01,001,97,000,AL,"Autauga County Tot Mig-US",1619,3948,63479
01,001,97,001,AL,"Autauga County Tot Mig-Same St",1009,2217,32583
01,001,97,003,AL,"Autauga County Tot Mig-Diff St",610,1731,30896
01,001,98,000,AL,"Autauga County Tot Mig-Foreign",50,179,3039
01,001,01,001,AL,"Autauga County Non-Migrants",15271,36273,660785
01,001,01,101,AL,"Montgomery County",419,877,13487
01,001,01,051,AL,"Elmore County",224,495,6264
01,001,01,047,AL,"Dallas County",86,188,2900
01,001,01,021,AL,"Chilton County",50,113,1184
01,001,01,073,AL,"Jefferson County",37,80,1178
01,001,01,097,AL,"Mobile County",18,49,990
01,001,01,117,AL,"Shelby County",15,35,976
01,001,01,081,AL,"Lee County",13,26,369
01,001,01,123,AL,"Tallapoosa County",13,36,257
01,001,12,091,FL,"Okaloosa County",11,34,403
01,001,12,005,FL,"Bay County",10,22,386
01,001,12,033,FL,"Escambia County",10,37,570
01,001,12,113,FL,"Santa Rosa County",10,34,509
01,001,58,000,SS,"Other Flows - Same State",134,318,4978
01,001,59,000,DS,"Other Flows - Diff State",569,1604,29028
01,001,59,001,DS,"Other Flows - Northeast",43,107,2440
01,001,59,003,DS,"Other Flows - Midwest",101,290,5327
01,001,59,005,DS,"Other Flows - South",319,862,15048
01,001,59,007,DS,"Other Flows - West",106,345,6212
01,001,57,009,FR,"Foreign - Other flows",50,179,3039
01,003,96,000,AL,"Baldwin County Tot Mig-US & For",4136,8265,206951
01,003,97,000,AL,"Baldwin County Tot Mig-US",3978,8083,203114
01,003,97,001,AL,"Baldwin County Tot Mig-Same St",1735,3450,88131
01,003,97,003,AL,"Baldwin County Tot Mig-Diff St",2243,4633,114983
01,003,98,000,AL,"Baldwin County Tot Mig-Foreign",158,182,3837
01,003,01,003,AL,"Baldwin County Non-Migrants",48442,107645,2255668
01,003,01,097,AL,"Mobile County",876,1737,40866
01,003,12,033,FL,"Escambia County",250,485,8580
01,003,01,073,AL,"Jefferson County",124,221,6331
01,003,01,053,AL,"Escambia County",61,123,1390
01,003,01,101,AL,"Montgomery County",57,117,3042
01,003,01,117,AL,"Shelby County",57,103,4511
01,003,01,125,AL,"Tuscaloosa County",53,98,1368
01,003,01,099,AL,"Monroe County",34,80,1401
01,003,01,081,AL,"Lee County",33,62,1613
01,003,12,113,FL,"Santa Rosa County",33,72,1349
01,003,47,157,TN,"Shelby County",31,54,1853
01,003,48,201,TX,"Harris County",30,64,1751
01,003,01,089,AL,"Madison County",28,48,1331
01,003,12,091,FL,"Okaloosa County",28,59,958
01,003,13,067,GA,"Cobb County",27,56,1807
01,003,01,047,AL,"Dallas County",23,51,1630
01,003,01,055,AL,"Etowah County",23,44,925
01,003,17,031,IL,"Cook County",23,38,1071
01,003,01,025,AL,"Clarke County",22,44,552
01,003,22,033,LA,"East Baton Rouge Par",21,47,1332
01,003,28,047,MS,"Harrison County",21,39,662
01,003,01,103,AL,"Morgan County",20,38,835
01,003,13,121,GA,"Fulton County",19,35,1316
01,003,28,059,MS,"Jackson County",19,43,720
01,003,13,135,GA,"Gwinnett County",18,35,922
01,003,22,071,LA,"Orleans Parish",18,25,1461
01,003,47,037,TN,"Davidson County",18,36,1602
01,003,01,021,AL,"Chilton County",17,37,699
01,003,01,069,AL,"Houston County",17,35,781
01,003,12,131,FL,"Walton County",17,28,470
01,003,22,051,LA,"Jefferson Parish",17,39,615
01,003,22,103,LA,"St Tammany Parish",17,38,897
01,003,12,011,FL,"Broward County",16,42,955
01,003,12,095,FL,"Orange County",16,27,679
01,003,01,077,AL,"Lauderdale County",15,27,632
01,003,12,005,FL,"Bay County",15,31,655
01,003,01,115,AL,"St Clair County",14,23,588
01,003,04,013,AZ,"Maricopa County",14,28,807
01,003,57,005,FR,"Foreign - APO/FPO ZIPs",14,24,558
01,003,01,013,AL,"Butler County",13,26,463
01,003,01,015,AL,"Calhoun County",13,30,714
01,003,12,057,FL,"Hillsborough County",13,22,353
01,003,01,127,AL,"Walker County",12,27,793
01,003,12,086,FL,"Miami Dade County",12,24,494
01,003,26,125,MI,"Oakland County",12,28,919
01,003,29,189,MO,"St Louis County",12,19,370
01,003,48,113,TX,"Dallas County",12,23,5031
01,003,01,109,AL,"Pike County",11,22,320
01,003,12,009,FL,"Brevard County",11,20,235
01,003,12,031,FL,"Duval County",11,20,332
01,003,12,099,FL,"Palm Beach County",11,27,594
01,003,28,049,MS,"Hinds County",11,23,713
01,003,28,075,MS,"Lauderdale County",11,24,356
01,003,01,043,AL,"Cullman County",10,20,273
01,003,01,095,AL,"Marshall County",10,14,374
01,003,01,129,AL,"Washington County",10,20,331
01,003,06,037,CA,"Los Angeles County",10,23,762
01,003,12,105,FL,"Polk County",10,21,260
01,003,13,089,GA,"De Kalb County",10,12,679
01,003,13,215,GA,"Muscogee County",10,21,1416
01,003,22,055,LA,"Lafayette Parish",10,13,658
01,003,28,121,MS,"Rankin County",10,27,575
01,003,47,065,TN,"Hamilton County",10,20,353
01,003,47,093,TN,"Knox County",10,19,412
01,003,58,000,SS,"Other Flows - Same State",182,403,16366
01,003,59,000,DS,"Other Flows - Diff State",1379,2926,70011
01,003,59,001,DS,"Other Flows - Northeast",120,223,6443
01,003,59,003,DS,"Other Flows - Midwest",333,666,15899
01,003,59,005,DS,"Other Flows - South",769,1706,40073
01,003,59,007,DS,"Other Flows - West",157,331,7595
01,003,57,009,FR,"Foreign - Other flows",144,158,3279
01,005,96,000,AL,"Barbour County Tot Mig-US & For",519,1063,19333
01,005,97,000,AL,"Barbour County Tot Mig-US",519,1063,19333
01,005,97,001,AL,"Barbour County Tot Mig-Same St",300,611,12783
01,005,97,003,AL,"Barbour County Tot Mig-Diff St",219,452,6550
01,005,01,005,AL,"Barbour County Non-Migrants",8684,19567,290230
01,005,01,067,AL,"Henry County",42,79,1246
01,005,01,011,AL,"Bullock County",37,82,4903
01,005,01,045,AL,"Dale County",33,74,738
01,005,01,069,AL,"Houston County",25,52,402
01,005,01,109,AL,"Pike County",24,47,478
01,005,13,239,GA,"Quitman County",23,57,384
01,005,01,113,AL,"Russell County",19,46,514
01,005,01,101,AL,"Montgomery County",18,34,414
01,005,01,081,AL,"Lee County",17,26,399
01,005,58,000,SS,"Other Flows - Same State",85,171,3689
01,005,59,000,DS,"Other Flows - Diff State",196,395,6166
01,007,96,000,AL,"Bibb County Tot Mig-US & For",397,935,11407
01,007,97,000,AL,"Bibb County Tot Mig-US",397,935,11407
01,007,97,001,AL,"Bibb County Tot Mig-Same St",327,769,9717
01,007,97,003,AL,"Bibb County Tot Mig-Diff St",70,166,1690
01,007,01,007,AL,"Bibb County Non-Migrants",6283,15038,221339
01,007,01,073,AL,"Jefferson County",115,299,3287
01,007,01,125,AL,"Tuscaloosa County",82,185,2666
01,007,01,117,AL,"Shelby County",52,124,1760
01,007,01,021,AL,"Chilton County",17,33,328
01,007,58,000,SS,"Other Flows - Same State",61,128,1676
01,007,59,000,DS,"Other Flows - Diff State",70,166,1690
01,009,96,000,AL,"Blount County Tot Mig-US & For",1202,2763,38965
01,009,97,000,AL,"Blount County Tot Mig-US",1202,2763,38965
01,009,97,001,AL,"Blount County Tot Mig-Same St",989,2251,31638
01,009,97,003,AL,"Blount County Tot Mig-Diff St",213,512,7327
01,009,01,009,AL,"Blount County Non-Migrants",15934,38676,633754
01,009,01,073,AL,"Jefferson County",558,1276,20208
01,009,01,095,AL,"Marshall County",91,210,1756
01,009,01,043,AL,"Cullman County",71,156,1831
01,009,01,115,AL,"St Clair County",53,128,1497
01,009,01,055,AL,"Etowah County",51,127,1139
01,009,01,117,AL,"Shelby County",32,74,1398
01,009,01,127,AL,"Walker County",24,55,460
01,009,01,049,AL,"De Kalb County",10,18,267
01,009,01,089,AL,"Madison County",10,20,308
01,009,01,103,AL,"Morgan County",10,17,283
01,009,58,000,SS,"Other Flows - Same State",79,170,2490
01,009,59,000,DS,"Other Flows - Diff State",213,512,7327
01,009,59,001,DS,"Other Flows - Northeast",14,26,698
01,009,59,003,DS,"Other Flows - Midwest",22,59,534
01,009,59,005,DS,"Other Flows - South",147,351,5207
01,009,59,007,DS,"Other Flows - West",30,76,888
01,011,96,000,AL,"Bullock County Tot Mig-US & For",168,339,3746
01,011,97,000,AL,"Bullock County Tot Mig-US",168,339,3746
01,011,97,001,AL,"Bullock County Tot Mig-Same St",124,244,2722
01,011,97,003,AL,"Bullock County Tot Mig-Diff St",44,95,1024
01,011,01,011,AL,"Bullock County Non-Migrants",3136,7087,79238
01,011,01,101,AL,"Montgomery County",36,74,1061
01,011,01,087,AL,"Macon County",20,41,333
01,011,01,005,AL,"Barbour County",16,31,230
01,011,01,109,AL,"Pike County",15,31,318
01,011,58,000,SS,"Other Flows - Same State",37,67,781
01,011,59,000,DS,"Other Flows - Diff State",44,95,1024
01,013,96,000,AL,"Butler County Tot Mig-US & For",266,574,7249
01,013,97,000,AL,"Butler County Tot Mig-US",266,574,7249
01,013,97,001,AL,"Butler County Tot Mig-Same St",172,395,4600
01,013,97,003,AL,"Butler County Tot Mig-Diff St",94,179,2649
01,013,01,013,AL,"Butler County Non-Migrants",6922,15765,217121
01,013,01,085,AL,"Lowndes County",23,61,573
01,013,01,101,AL,"Montgomery County",23,54,524
01,013,01,041,AL,"Crenshaw County",20,44,475
01,013,01,035,AL,"Conecuh County",16,29,242
01,013,01,039,AL,"Covington County",13,21,387
01,013,01,097,AL,"Mobile County",11,31,318
01,013,58,000,SS,"Other Flows - Same State",66,155,2081
01,013,59,000,DS,"Other Flows - Diff State",94,179,2649
01,015,96,000,AL,"Calhoun County Tot Mig-US & For",2288,4758,74881
01,015,97,000,AL,"Calhoun County Tot Mig-US",2233,4667,73419
01,015,97,001,AL,"Calhoun County Tot Mig-Same St",1209,2511,33451
01,015,97,003,AL,"Calhoun County Tot Mig-Diff St",1024,2156,39968
01,015,98,000,AL,"Calhoun County Tot Mig-Foreign",55,91,1462
01,015,01,015,AL,"Calhoun County Non-Migrants",40719,90677,1515144
01,015,01,121,AL,"Talladega County",249,525,5883
01,015,01,055,AL,"Etowah County",226,506,6275
01,015,01,073,AL,"Jefferson County",127,247,4040
01,015,01,029,AL,"Cleburne County",79,169,2064
01,015,01,115,AL,"St Clair County",59,130,1770
01,015,01,019,AL,"Cherokee County",37,77,898
01,015,01,027,AL,"Clay County",36,73,791
01,015,01,095,AL,"Marshall County",33,57,1099
01,015,01,111,AL,"Randolph County",32,65,767
01,015,57,005,FR,"Foreign - APO/FPO ZIPs",31,67,1357
01,015,01,117,AL,"Shelby County",30,60,1256
01,015,01,089,AL,"Madison County",29,51,777
01,015,01,049,AL,"De Kalb County",27,42,425
01,015,01,101,AL,"Montgomery County",21,38,964
01,015,01,125,AL,"Tuscaloosa County",21,40,449
01,015,01,081,AL,"Lee County",20,40,872
01,015,13,115,GA,"Floyd County",19,39,471
01,015,13,121,GA,"Fulton County",18,34,828
01,015,01,123,AL,"Tallapoosa County",17,32,516
01,015,13,215,GA,"Muscogee County",16,45,565
01,015,13,089,GA,"De Kalb County",15,21,426
01,015,01,097,AL,"Mobile County",14,41,444
01,015,13,045,GA,"Carroll County",14,35,785
01,015,13,067,GA,"Cobb County",13,20,334
01,015,01,043,AL,"Cullman County",12,26,300
01,015,13,097,GA,"Douglas County",12,19,421
01,015,01,103,AL,"Morgan County",11,30,337
01,015,13,063,GA,"Clayton County",11,27,287
01,015,12,005,FL,"Bay County",10,16,162
01,015,13,135,GA,"Gwinnett County",10,14,355
01,015,58,000,SS,"Other Flows - Same State",129,262,3523
01,015,59,000,DS,"Other Flows - Diff State",886,1886,35333
01,015,59,001,DS,"Other Flows - Northeast",44,93,1802
01,015,59,003,DS,"Other Flows - Midwest",131,263,5781
01,015,59,005,DS,"Other Flows - South",612,1330,24597
01,015,59,007,DS,"Other Flows - West",99,200,3153
01,015,57,009,FR,"Foreign - Other flows",24,24,105
01,017,96,000,AL,"Chambers County Tot Mig-US & For",713,1526,18516
01,017,97,000,AL,"Chambers County Tot Mig-US",713,1526,18516
01,017,97,001,AL,"Chambers County Tot Mig-Same St",367,804,9690
01,017,97,003,AL,"Chambers County Tot Mig-Diff St",346,722,8827
01,017,01,017,AL,"Chambers County Non-Migrants",13522,29919,437604
01,017,01,081,AL,"Lee County",212,472,5270
01,017,13,285,GA,"Troup County",124,274,3193
01,017,01,111,AL,"Randolph County",42,113,1056
01,017,13,145,GA,"Harris County",17,43,608
01,017,01,073,AL,"Jefferson County",15,26,393
01,017,01,123,AL,"Tallapoosa County",15,35,341
01,017,01,101,AL,"Montgomery County",14,29,526
01,017,01,113,AL,"Russell County",13,26,389
01,017,13,215,GA,"Muscogee County",13,23,254
01,017,58,000,SS,"Other Flows - Same State",56,103,1715
01,017,59,000,DS,"Other Flows - Diff State",192,382,4771
01,017,59,001,DS,"Other Flows - Northeast",10,20,288
01,017,59,003,DS,"Other Flows - Midwest",20,49,547
01,017,59,005,DS,"Other Flows - South",149,285,3396
01,017,59,007,DS,"Other Flows - West",13,28,540
01,019,96,000,AL,"Cherokee County Tot Mig-US & For",480,1046,14825
01,019,97,000,AL,"Cherokee County Tot Mig-US",480,1046,14825
01,019,97,001,AL,"Cherokee County Tot Mig-Same St",211,453,5194
01,019,97,003,AL,"Cherokee County Tot Mig-Diff St",269,593,9631
01,019,01,019,AL,"Cherokee County Non-Migrants",7622,17178,254920
01,019,01,049,AL,"De Kalb County",75,157,1615
01,019,13,115,GA,"Floyd County",55,109,2007
01,019,01,055,AL,"Etowah County",48,112,1245
01,019,01,015,AL,"Calhoun County",39,81,1052
01,019,13,055,GA,"Chattooga County",22,56,607
01,019,13,233,GA,"Polk County",17,41,517
01,019,13,067,GA,"Cobb County",12,27,348
01,019,58,000,SS,"Other Flows - Same State",49,103,1281
01,019,59,000,DS,"Other Flows - Diff State",163,360,6152
01,021,96,000,AL,"Chilton County Tot Mig-US & For",748,1625,22027
01,021,97,000,AL,"Chilton County Tot Mig-US",748,1625,22027
01,021,97,001,AL,"Chilton County Tot Mig-Same St",547,1192,16056
01,021,97,003,AL,"Chilton County Tot Mig-Diff St",201,433,5971
01,021,01,021,AL,"Chilton County Non-Migrants",12006,28057,450005
01,021,01,117,AL,"Shelby County",198,471,5415
01,021,01,073,AL,"Jefferson County",96,188,3517
01,021,01,001,AL,"Autauga County",42,86,1063
01,021,01,051,AL,"Elmore County",31,63,876
01,021,01,007,AL,"Bibb County",28,61,622
01,021,01,047,AL,"Dallas County",27,56,659
01,021,01,101,AL,"Montgomery County",22,48,673
01,021,01,097,AL,"Mobile County",10,19,230
01,021,58,000,SS,"Other Flows - Same State",93,200,3000
01,021,59,000,DS,"Other Flows - Diff State",201,433,5971
01,023,96,000,AL,"Choctaw County Tot Mig-US & For",180,393,4282
01,023,97,000,AL,"Choctaw County Tot Mig-US",180,393,4282
01,023,97,001,AL,"Choctaw County Tot Mig-Same St",86,187,2273
01,023,97,003,AL,"Choctaw County Tot Mig-Diff St",94,206,2009
01,023,01,023,AL,"Choctaw County Non-Migrants",4972,11705,180081
01,023,28,075,MS,"Lauderdale County",19,34,318
01,023,01,097,AL,"Mobile County",12,36,288
01,023,01,129,AL,"Washington County",11,24,277
01,023,01,091,AL,"Marengo County",10,23,192
01,023,58,000,SS,"Other Flows - Same State",53,104,1517
01,023,59,000,DS,"Other Flows - Diff State",75,172,1691
01,025,96,000,AL,"Clarke County Tot Mig-US & For",376,811,10416
01,025,97,000,AL,"Clarke County Tot Mig-US",376,811,10416
01,025,97,001,AL,"Clarke County Tot Mig-Same St",251,550,6775
01,025,97,003,AL,"Clarke County Tot Mig-Diff St",125,261,3641
01,025,01,025,AL,"Clarke County Non-Migrants",8937,21916,325806
01,025,01,097,AL,"Mobile County",58,128,2092
01,025,01,129,AL,"Washington County",39,87,1007
01,025,01,131,AL,"Wilcox County",31,85,701
01,025,01,091,AL,"Marengo County",24,53,360
01,025,01,099,AL,"Monroe County",15,29,290
01,025,01,073,AL,"Jefferson County",14,24,265
01,025,01,003,AL,"Baldwin County",13,33,394
01,025,01,101,AL,"Montgomery County",11,22,305
01,025,58,000,SS,"Other Flows - Same State",46,89,1361
01,025,59,000,DS,"Other Flows - Diff State",125,261,3641
01,027,96,000,AL,"Clay County Tot Mig-US & For",279,584,6521
01,027,97,000,AL,"Clay County Tot Mig-US",279,584,6521
01,027,97,001,AL,"Clay County Tot Mig-Same St",206,434,4694
01,027,97,003,AL,"Clay County Tot Mig-Diff St",73,150,1827
01,027,01,027,AL,"Clay County Non-Migrants",5050,11495,170110
01,027,01,121,AL,"Talladega County",50,104,965
01,027,01,015,AL,"Calhoun County",39,83,1227
01,027,01,123,AL,"Tallapoosa County",26,56,448
01,027,01,111,AL,"Randolph County",20,53,599
01,027,01,073,AL,"Jefferson County",12,25,376
01,027,01,037,AL,"Coosa County",10,19,163
01,027,58,000,SS,"Other Flows - Same State",49,94,915
01,027,59,000,DS,"Other Flows - Diff State",73,150,1827
01,029,96,000,AL,"Cleburne County Tot Mig-US & For",320,743,8862
01,029,97,000,AL,"Cleburne County Tot Mig-US",320,743,8862
01,029,97,001,AL,"Cleburne County Tot Mig-Same St",142,327,3677
01,029,97,003,AL,"Cleburne County Tot Mig-Diff St",178,416,5185
01,029,01,029,AL,"Cleburne County Non-Migrants",4320,10140,146591
01,029,01,015,AL,"Calhoun County",69,156,1637
01,029,13,045,GA,"Carroll County",48,104,1356
01,029,13,143,GA,"Haralson County",31,70,882
01,029,01,111,AL,"Randolph County",21,60,592
01,029,01,121,AL,"Talladega County",10,22,164
01,029,58,000,SS,"Other Flows - Same State",42,89,1284
01,029,59,000,DS,"Other Flows - Diff State",99,242,2946
01,031,96,000,AL,"Coffee County Tot Mig-US & For",1836,3768,56121
01,031,97,000,AL,"Coffee County Tot Mig-US",1698,3420,50687
01,031,97,001,AL,"Coffee County Tot Mig-Same St",673,1395,17974
01,031,97,003,AL,"Coffee County Tot Mig-Diff St",1025,2025,32713
01,031,98,000,AL,"Coffee County Tot Mig-Foreign",138,348,5435
01,031,01,031,AL,"Coffee County Non-Migrants",13553,30811,533174
01,031,01,045,AL,"Dale County",237,493,6719
01,031,01,061,AL,"Geneva County",86,176,2117
01,031,01,039,AL,"Covington County",69,144,1501
01,031,01,069,AL,"Houston County",56,119,1646
01,031,36,071,NY,"Orange County",55,59,1036
01,031,01,109,AL,"Pike County",52,114,774
01,031,08,041,CO,"El Paso County",36,81,1490
01,031,47,125,TN,"Montgomery County",35,70,1452
01,031,37,051,NC,"Cumberland County",31,80,962
01,031,48,027,TX,"Bell County",25,52,970
01,031,15,003,HI,"Honolulu County",23,65,873
01,031,21,047,KY,"Christian County",19,53,719
01,031,01,041,AL,"Crenshaw County",18,34,404
01,031,01,101,AL,"Montgomery County",18,38,783
01,031,01,073,AL,"Jefferson County",17,25,421
01,031,13,051,GA,"Chatham County",17,30,548
01,031,01,125,AL,"Tuscaloosa County",15,23,448
01,031,48,029,TX,"Bexar County",15,29,521
01,031,01,097,AL,"Mobile County",12,30,396
01,031,12,033,FL,"Escambia County",12,19,288
01,031,22,115,LA,"Vernon Parish",12,38,586
01,031,01,005,AL,"Barbour County",11,20,227
01,031,04,013,AZ,"Maricopa County",11,24,417
01,031,12,091,FL,"Okaloosa County",11,27,317
01,031,51,059,VA,"Fairfax County",11,25,610
01,031,01,081,AL,"Lee County",10,14,254
01,031,12,005,FL,"Bay County",10,21,311
01,031,12,105,FL,"Polk County",10,20,309
01,031,53,053,WA,"Pierce County",10,19,382
01,031,58,000,SS,"Other Flows - Same State",72,165,2283
01,031,59,000,DS,"Other Flows - Diff State",682,1313,20924
01,031,59,001,DS,"Other Flows - Northeast",76,118,2170
01,031,59,003,DS,"Other Flows - Midwest",108,198,3209
01,031,59,005,DS,"Other Flows - South",378,772,11799
01,031,59,007,DS,"Other Flows - West",120,225,3746
01,031,57,009,FR,"Foreign - Other flows",138,348,5435
01,033,96,000,AL,"Colbert County Tot Mig-US & For",1042,2150,29749
01,033,97,000,AL,"Colbert County Tot Mig-US",1042,2150,29749
01,033,97,001,AL,"Colbert County Tot Mig-Same St",734,1506,20074
01,033,97,003,AL,"Colbert County Tot Mig-Diff St",308,644,9675
01,033,01,033,AL,"Colbert County Non-Migrants",18377,41418,705883
01,033,01,077,AL,"Lauderdale County",383,748,9427
01,033,01,059,AL,"Franklin County",145,329,4281
01,033,01,079,AL,"Lawrence County",59,134,1618
01,033,01,089,AL,"Madison County",22,37,504
01,033,01,103,AL,"Morgan County",21,43,1177
01,033,01,093,AL,"Marion County",18,37,672
01,033,01,073,AL,"Jefferson County",15,21,470
01,033,28,141,MS,"Tishomingo County",15,29,260
01,033,01,133,AL,"Winston County",11,28,270
01,033,58,000,SS,"Other Flows - Same State",60,129,1654
01,033,59,000,DS,"Other Flows - Diff State",293,615,9415
01,033,59,001,DS,"Other Flows - Northeast",15,31,190
01,033,59,003,DS,"Other Flows - Midwest",40,100,1382
01,033,59,005,DS,"Other Flows - South",219,451,7211
01,033,59,007,DS,"Other Flows - West",19,33,633
01,035,96,000,AL,"Conecuh County Tot Mig-US & For",231,492,5323
01,035,97,000,AL,"Conecuh County Tot Mig-US",231,492,5323
01,035,97,001,AL,"Conecuh County Tot Mig-Same St",146,310,3460
01,035,97,003,AL,"Conecuh County Tot Mig-Diff St",85,182,1863
01,035,01,035,AL,"Conecuh County Non-Migrants",4480,10203,132967
01,035,01,053,AL,"Escambia County",32,80,819
01,035,01,099,AL,"Monroe County",30,63,744
01,035,01,039,AL,"Covington County",16,32,262
01,035,01,013,AL,"Butler County",14,27,282
01,035,01,097,AL,"Mobile County",12,25,381
01,035,12,033,FL,"Escambia County",10,25,194
01,035,58,000,SS,"Other Flows - Same State",42,83,973
01,035,59,000,DS,"Other Flows - Diff State",75,157,1669
01,037,96,000,AL,"Coosa County Tot Mig-US & For",300,664,8147
01,037,97,000,AL,"Coosa County Tot Mig-US",300,664,8147
01,037,97,001,AL,"Coosa County Tot Mig-Same St",243,538,6526
01,037,97,003,AL,"Coosa County Tot Mig-Diff St",57,126,1621
01,037,01,037,AL,"Coosa County Non-Migrants",4249,9550,130597
01,037,01,121,AL,"Talladega County",102,227,2667
01,037,01,123,AL,"Tallapoosa County",65,139,1286
01,037,01,073,AL,"Jefferson County",15,31,722
01,037,01,101,AL,"Montgomery County",13,28,408
01,037,01,051,AL,"Elmore County",11,21,378
01,037,58,000,SS,"Other Flows - Same State",37,92,1067
01,037,59,000,DS,"Other Flows - Diff State",57,126,1621
01,039,96,000,AL,"Covington Count Tot Mig-US & For",604,1284,17126
01,039,97,000,AL,"Covington Count Tot Mig-US",604,1284,17126
01,039,97,001,AL,"Covington Count Tot Mig-Same St",319,695,9392
01,039,97,003,AL,"Covington Count Tot Mig-Diff St",285,589,7734
01,039,01,039,AL,"Covington Count Non-Migrants",11790,26533,395445
01,039,01,031,AL,"Coffee County",63,134,1292
01,039,12,091,FL,"Okaloosa County",35,71,796
01,039,01,041,AL,"Crenshaw County",34,81,2627
01,039,01,061,AL,"Geneva County",23,48,370
01,039,01,013,AL,"Butler County",18,39,405
01,039,01,003,AL,"Baldwin County",17,38,253
01,039,12,131,FL,"Walton County",16,30,575
01,039,01,101,AL,"Montgomery County",15,31,243
01,039,01,109,AL,"Pike County",15,32,432
01,039,12,033,FL,"Escambia County",14,29,390
01,039,01,097,AL,"Mobile County",13,30,521
01,039,01,035,AL,"Conecuh County",10,25,134
01,039,01,053,AL,"Escambia County",10,19,215
01,039,01,069,AL,"Houston County",10,26,290
01,039,58,000,SS,"Other Flows - Same State",91,192,2610
01,039,59,000,DS,"Other Flows - Diff State",220,459,5973
01,039,59,001,DS,"Other Flows - Northeast",13,29,404
01,039,59,003,DS,"Other Flows - Midwest",27,61,510
01,039,59,005,DS,"Other Flows - South",167,342,4782
01,039,59,007,DS,"Other Flows - West",13,27,278
01,041,96,000,AL,"Crenshaw County Tot Mig-US & For",288,619,6795
01,041,97,000,AL,"Crenshaw County Tot Mig-US",288,619,6795
01,041,97,001,AL,"Crenshaw County Tot Mig-Same St",225,480,4983
01,041,97,003,AL,"Crenshaw County Tot Mig-Diff St",63,139,1812
01,041,01,041,AL,"Crenshaw County Non-Migrants",4842,10847,145475
01,041,01,109,AL,"Pike County",61,117,1084
01,041,01,101,AL,"Montgomery County",43,90,1048
01,041,01,013,AL,"Butler County",20,44,435
01,041,01,039,AL,"Covington County",18,47,486
01,041,01,051,AL,"Elmore County",14,42,394
01,041,01,031,AL,"Coffee County",12,27,366
01,041,01,001,AL,"Autauga County",10,30,277
01,041,58,000,SS,"Other Flows - Same State",47,83,892
01,041,59,000,DS,"Other Flows - Diff State",63,139,1812
01,043,96,000,AL,"Cullman County Tot Mig-US & For",1291,2683,40443
01,043,97,000,AL,"Cullman County Tot Mig-US",1291,2683,40443
01,043,97,001,AL,"Cullman County Tot Mig-Same St",859,1786,26822
01,043,97,003,AL,"Cullman County Tot Mig-Diff St",432,897,13622
01,043,01,043,AL,"Cullman County Non-Migrants",25213,58581,948507
01,043,01,073,AL,"Jefferson County",223,409,7673
01,043,01,103,AL,"Morgan County",169,362,4740
01,043,01,009,AL,"Blount County",87,195,2315
01,043,01,095,AL,"Marshall County",75,152,1750
01,043,01,127,AL,"Walker County",41,84,935
01,043,01,133,AL,"Winston County",40,89,1251
01,043,01,089,AL,"Madison County",33,68,1440
01,043,01,117,AL,"Shelby County",24,49,1476
01,043,01,083,AL,"Limestone County",19,48,442
01,043,01,125,AL,"Tuscaloosa County",15,33,499
01,043,01,049,AL,"De Kalb County",14,38,286
01,043,01,079,AL,"Lawrence County",13,36,376
01,043,01,093,AL,"Marion County",11,26,357
01,043,58,000,SS,"Other Flows - Same State",95,197,3280
01,043,59,000,DS,"Other Flows - Diff State",432,897,13622
01,043,59,001,DS,"Other Flows - Northeast",25,49,636
01,043,59,003,DS,"Other Flows - Midwest",73,165,1857
01,043,59,005,DS,"Other Flows - South",290,601,9848
01,043,59,007,DS,"Other Flows - West",44,82,1281
01,045,96,000,AL,"Dale County Tot Mig-US & For",2183,5174,58528
01,045,97,000,AL,"Dale County Tot Mig-US",1991,4659,52680
01,045,97,001,AL,"Dale County Tot Mig-Same St",777,1690,18515
01,045,97,003,AL,"Dale County Tot Mig-Diff St",1214,2969,34164
01,045,98,000,AL,"Dale County Tot Mig-Foreign",192,515,5848
01,045,01,045,AL,"Dale County Non-Migrants",14701,33689,516558
01,045,01,069,AL,"Houston County",269,588,6137
01,045,01,031,AL,"Coffee County",207,465,4932
01,045,37,051,NC,"Cumberland County",54,171,1758
01,045,01,061,AL,"Geneva County",44,106,1181
01,045,21,047,KY,"Christian County",42,152,1251
01,045,01,109,AL,"Pike County",39,90,875
01,045,15,003,HI,"Honolulu County",39,110,1376
01,045,48,027,TX,"Bell County",33,96,1198
01,045,01,005,AL,"Barbour County",32,58,681
01,045,47,125,TN,"Montgomery County",31,108,1096
01,045,08,041,CO,"El Paso County",27,67,919
01,045,01,067,AL,"Henry County",26,59,494
01,045,01,101,AL,"Montgomery County",24,54,644
01,045,53,053,WA,"Pierce County",24,66,505
01,045,02,090,AK,"Fairbanks North Star",21,66,790
01,045,01,097,AL,"Mobile County",19,39,385
01,045,13,051,GA,"Chatham County",17,55,552
01,045,13,215,GA,"Muscogee County",17,46,469
01,045,22,115,LA,"Vernon Parish",16,51,491
01,045,36,045,NY,"Jefferson County",15,38,364
01,045,48,099,TX,"Coryell County",15,56,441
01,045,12,005,FL,"Bay County",14,20,257
01,045,01,089,AL,"Madison County",13,22,537
01,045,12,091,FL,"Okaloosa County",13,38,373
01,045,40,031,OK,"Comanche County",13,33,345
01,045,01,073,AL,"Jefferson County",12,29,306
01,045,01,081,AL,"Lee County",12,25,351
01,045,36,071,NY,"Orange County",12,22,298
01,045,01,015,AL,"Calhoun County",11,26,409
01,045,06,037,CA,"Los Angeles County",11,22,262
01,045,48,029,TX,"Bexar County",11,18,205
01,045,04,003,AZ,"Cochise County",10,25,270
01,045,06,071,CA,"San Bernardino Count",10,28,358
01,045,06,073,CA,"San Diego County",10,22,302
01,045,58,000,SS,"Other Flows - Same State",69,129,1584
01,045,59,000,DS,"Other Flows - Diff State",759,1659,20284
01,045,59,001,DS,"Other Flows - Northeast",72,138,1835
01,045,59,003,DS,"Other Flows - Midwest",146,325,3567
01,045,59,005,DS,"Other Flows - South",432,962,11417
01,045,59,007,DS,"Other Flows - West",109,234,3465
01,045,57,009,FR,"Foreign - Other flows",192,515,5848
01,047,96,000,AL,"Dallas County Tot Mig-US & For",562,1131,14314
01,047,97,000,AL,"Dallas County Tot Mig-US",562,1131,14314
01,047,97,001,AL,"Dallas County Tot Mig-Same St",337,694,8304
01,047,97,003,AL,"Dallas County Tot Mig-Diff St",225,437,6010
01,047,01,047,AL,"Dallas County Non-Migrants",14833,34601,456469
01,047,01,101,AL,"Montgomery County",66,133,1350
01,047,01,001,AL,"Autauga County",59,140,1684
01,047,01,073,AL,"Jefferson County",45,90,970
01,047,01,021,AL,"Chilton County",24,47,613
01,047,01,085,AL,"Lowndes County",18,41,331
01,047,01,105,AL,"Perry County",13,27,309
01,047,01,097,AL,"Mobile County",11,28,605
01,047,01,125,AL,"Tuscaloosa County",11,17,440
01,047,13,063,GA,"Clayton County",10,22,131
01,047,58,000,SS,"Other Flows - Same State",90,171,2002
01,047,59,000,DS,"Other Flows - Diff State",215,415,5879
01,047,59,001,DS,"Other Flows - Northeast",22,45,853
01,047,59,003,DS,"Other Flows - Midwest",38,74,810
01,047,59,005,DS,"Other Flows - South",137,272,3662
01,047,59,007,DS,"Other Flows - West",18,24,555
01,049,96,000,AL,"De Kalb County Tot Mig-US & For",1129,2451,29289
01,049,97,000,AL,"De Kalb County Tot Mig-US",1129,2451,29289
01,049,97,001,AL,"De Kalb County Tot Mig-Same St",704,1538,16746
01,049,97,003,AL,"De Kalb County Tot Mig-Diff St",425,913,12543
01,049,01,049,AL,"De Kalb County Non-Migrants",21679,50230,744370
01,049,01,095,AL,"Marshall County",241,520,5566
01,049,01,071,AL,"Jackson County",151,340,3513
01,049,01,055,AL,"Etowah County",86,186,1386
01,049,01,019,AL,"Cherokee County",59,129,1310
01,049,13,083,GA,"Dade County",31,75,1033
01,049,47,065,TN,"Hamilton County",24,41,644
01,049,01,015,AL,"Calhoun County",23,50,626
01,049,01,089,AL,"Madison County",20,33,516
01,049,01,073,AL,"Jefferson County",18,41,691
01,049,01,009,AL,"Blount County",17,40,617
01,049,01,043,AL,"Cullman County",13,36,223
01,049,13,295,GA,"Walker County",13,24,257
01,049,58,000,SS,"Other Flows - Same State",76,163,2297
01,049,59,000,DS,"Other Flows - Diff State",357,773,10609
01,049,59,001,DS,"Other Flows - Northeast",15,28,401
01,049,59,003,DS,"Other Flows - Midwest",45,104,1202
01,049,59,005,DS,"Other Flows - South",263,563,8340
01,049,59,007,DS,"Other Flows - West",34,78,666
01,051,96,000,AL,"Elmore County Tot Mig-US & For",2111,4567,78520
01,051,97,000,AL,"Elmore County Tot Mig-US",2082,4477,77241
01,051,97,001,AL,"Elmore County Tot Mig-Same St",1532,3195,54325
01,051,97,003,AL,"Elmore County Tot Mig-Diff St",550,1282,22916
01,051,98,000,AL,"Elmore County Tot Mig-Foreign",29,90,1279
01,051,01,051,AL,"Elmore County Non-Migrants",21461,50481,916502
01,051,01,101,AL,"Montgomery County",768,1589,30259
01,051,01,001,AL,"Autauga County",261,557,7382
01,051,01,123,AL,"Tallapoosa County",117,266,4610
01,051,01,081,AL,"Lee County",42,82,1336
01,051,01,073,AL,"Jefferson County",41,72,1875
01,051,01,087,AL,"Macon County",30,67,666
01,051,01,047,AL,"Dallas County",21,37,649
01,051,01,003,AL,"Baldwin County",18,34,498
01,051,01,021,AL,"Chilton County",16,30,390
01,051,01,037,AL,"Coosa County",16,31,453
01,051,01,069,AL,"Houston County",15,29,532
01,051,01,097,AL,"Mobile County",15,42,580
01,051,01,013,AL,"Butler County",12,30,435
01,051,01,089,AL,"Madison County",12,24,271
01,051,01,121,AL,"Talladega County",10,22,203
01,051,01,125,AL,"Tuscaloosa County",10,22,244
01,051,13,067,GA,"Cobb County",10,20,448
01,051,48,029,TX,"Bexar County",10,25,668
01,051,58,000,SS,"Other Flows - Same State",128,261,3942
01,051,59,000,DS,"Other Flows - Diff State",530,1237,21800
01,051,59,001,DS,"Other Flows - Northeast",37,88,1373
01,051,59,003,DS,"Other Flows - Midwest",78,196,3460
01,051,59,005,DS,"Other Flows - South",343,768,14227
01,051,59,007,DS,"Other Flows - West",72,185,2739
01,051,57,009,FR,"Foreign - Other flows",29,90,1279
01,053,96,000,AL,"Escambia County Tot Mig-US & For",580,1274,15573
01,053,97,000,AL,"Escambia County Tot Mig-US",580,1274,15573
01,053,97,001,AL,"Escambia County Tot Mig-Same St",248,531,5834
01,053,97,003,AL,"Escambia County Tot Mig-Diff St",332,743,9738
01,053,01,053,AL,"Escambia County Non-Migrants",11779,26877,398787
01,053,12,033,FL,"Escambia County",98,226,2371
01,053,01,003,AL,"Baldwin County",58,123,1210
01,053,01,035,AL,"Conecuh County",43,103,903
01,053,01,097,AL,"Mobile County",35,78,863
01,053,12,113,FL,"Santa Rosa County",28,66,605
01,053,01,099,AL,"Monroe County",24,50,639
01,053,01,039,AL,"Covington County",10,22,171
01,053,01,101,AL,"Montgomery County",10,19,287
01,053,58,000,SS,"Other Flows - Same State",68,136,1762
01,053,59,000,DS,"Other Flows - Diff State",206,451,6762
01,053,59,001,DS,"Other Flows - Northeast",12,21,260
01,053,59,003,DS,"Other Flows - Midwest",29,69,1389
01,053,59,005,DS,"Other Flows - South",142,320,4394
01,053,59,007,DS,"Other Flows - West",23,41,719
01,055,96,000,AL,"Etowah County Tot Mig-US & For",1607,3385,45845
01,055,97,000,AL,"Etowah County Tot Mig-US",1590,3352,45397
01,055,97,001,AL,"Etowah County Tot Mig-Same St",1056,2261,28978
01,055,97,003,AL,"Etowah County Tot Mig-Diff St",534,1091,16418
01,055,98,000,AL,"Etowah County Tot Mig-Foreign",17,33,449
01,055,01,055,AL,"Etowah County Non-Migrants",32657,73211,1173899
01,055,01,015,AL,"Calhoun County",219,430,6321
01,055,01,095,AL,"Marshall County",202,476,4559
01,055,01,073,AL,"Jefferson County",103,181,3422
01,055,01,049,AL,"De Kalb County",98,226,2073
01,055,01,115,AL,"St Clair County",89,200,2826
01,055,01,009,AL,"Blount County",69,183,1960
01,055,01,019,AL,"Cherokee County",57,116,1404
01,055,01,089,AL,"Madison County",31,56,1049
01,055,01,117,AL,"Shelby County",26,48,1091
01,055,01,121,AL,"Talladega County",17,39,267
01,055,01,103,AL,"Morgan County",14,35,228
01,055,01,125,AL,"Tuscaloosa County",14,24,327
01,055,01,043,AL,"Cullman County",12,23,267
01,055,01,097,AL,"Mobile County",12,30,416
01,055,01,101,AL,"Montgomery County",12,16,342
01,055,13,089,GA,"De Kalb County",12,27,536
01,055,01,081,AL,"Lee County",10,16,437
01,055,58,000,SS,"Other Flows - Same State",71,162,1991
01,055,59,000,DS,"Other Flows - Diff State",522,1064,15882
01,055,59,001,DS,"Other Flows - Northeast",31,61,868
01,055,59,003,DS,"Other Flows - Midwest",81,157,2557
01,055,59,005,DS,"Other Flows - South",364,772,11511
01,055,59,007,DS,"Other Flows - West",46,74,946
01,055,57,009,FR,"Foreign - Other flows",17,33,449
01,057,96,000,AL,"Fayette County Tot Mig-US & For",338,742,8945
01,057,97,000,AL,"Fayette County Tot Mig-US",338,742,8945
01,057,97,001,AL,"Fayette County Tot Mig-Same St",240,527,5670
01,057,97,003,AL,"Fayette County Tot Mig-Diff St",98,215,3275
01,057,01,057,AL,"Fayette County Non-Migrants",6539,15248,218260
01,057,01,125,AL,"Tuscaloosa County",72,142,1662
01,057,01,093,AL,"Marion County",51,116,1106
01,057,01,075,AL,"Lamar County",31,78,755
01,057,01,127,AL,"Walker County",22,51,377
01,057,58,000,SS,"Other Flows - Same State",64,140,1769
01,057,59,000,DS,"Other Flows - Diff State",98,215,3275
01,059,96,000,AL,"Franklin County Tot Mig-US & For",449,926,10270
01,059,97,000,AL,"Franklin County Tot Mig-US",449,926,10270
01,059,97,001,AL,"Franklin County Tot Mig-Same St",277,570,5967
01,059,97,003,AL,"Franklin County Tot Mig-Diff St",172,356,4303
01,059,01,059,AL,"Franklin County Non-Migrants",9719,22686,323069
01,059,01,033,AL,"Colbert County",91,179,1755
01,059,01,093,AL,"Marion County",40,98,824
01,059,01,077,AL,"Lauderdale County",35,72,541
01,059,01,133,AL,"Winston County",35,70,709
01,059,28,057,MS,"Itawamba County",21,45,480
01,059,28,141,MS,"Tishomingo County",18,38,472
01,059,01,079,AL,"Lawrence County",13,27,277
01,059,58,000,SS,"Other Flows - Same State",63,124,1862
01,059,59,000,DS,"Other Flows - Diff State",133,273,3351
01,061,96,000,AL,"Geneva County Tot Mig-US & For",576,1259,13490
01,061,97,000,AL,"Geneva County Tot Mig-US",576,1259,13490
01,061,97,001,AL,"Geneva County Tot Mig-Same St",358,757,8470
01,061,97,003,AL,"Geneva County Tot Mig-Diff St",218,502,5020
01,061,01,061,AL,"Geneva County Non-Migrants",7814,17782,251366
01,061,01,069,AL,"Houston County",149,338,3937
01,061,01,031,AL,"Coffee County",70,157,1642
01,061,12,059,FL,"Holmes County",47,131,928
01,061,01,045,AL,"Dale County",43,87,1143
01,061,01,039,AL,"Covington County",30,57,586
01,061,01,097,AL,"Mobile County",10,12,193
01,061,12,131,FL,"Walton County",10,22,134
01,061,58,000,SS,"Other Flows - Same State",56,106,969
01,061,59,000,DS,"Other Flows - Diff State",161,349,3958
01,063,96,000,AL,"Greene County Tot Mig-US & For",152,316,3251
01,063,97,000,AL,"Greene County Tot Mig-US",152,316,3251
01,063,97,001,AL,"Greene County Tot Mig-Same St",113,231,2609
01,063,97,003,AL,"Greene County Tot Mig-Diff St",39,85,643
01,063,01,063,AL,"Greene County Non-Migrants",2874,6930,75299
01,063,01,125,AL,"Tuscaloosa County",40,87,890
01,063,01,091,AL,"Marengo County",23,41,569
01,063,01,119,AL,"Sumter County",15,37,362
01,063,01,073,AL,"Jefferson County",10,16,178
01,063,58,000,SS,"Other Flows - Same State",25,50,610
01,063,59,000,DS,"Other Flows - Diff State",39,85,643
01,065,96,000,AL,"Hale County Tot Mig-US & For",290,630,8165
01,065,97,000,AL,"Hale County Tot Mig-US",290,630,8165
01,065,97,001,AL,"Hale County Tot Mig-Same St",215,472,6230
01,065,97,003,AL,"Hale County Tot Mig-Diff St",75,158,1935
01,065,01,065,AL,"Hale County Non-Migrants",5527,13088,165170
01,065,01,125,AL,"Tuscaloosa County",123,268,3606
01,065,01,091,AL,"Marengo County",17,42,806
01,065,01,105,AL,"Perry County",17,43,500
01,065,01,073,AL,"Jefferson County",10,18,197
01,065,58,000,SS,"Other Flows - Same State",48,101,1122
01,065,59,000,DS,"Other Flows - Diff State",75,158,1935
01,067,96,000,AL,"Henry County Tot Mig-US & For",394,849,10755
01,067,97,000,AL,"Henry County Tot Mig-US",394,849,10755
01,067,97,001,AL,"Henry County Tot Mig-Same St",277,614,7893
01,067,97,003,AL,"Henry County Tot Mig-Diff St",117,235,2863
01,067,01,067,AL,"Henry County Non-Migrants",5578,12549,194942
01,067,01,069,AL,"Houston County",143,305,3521
01,067,01,005,AL,"Barbour County",45,108,1214
01,067,01,045,AL,"Dale County",39,101,1544
01,067,01,101,AL,"Montgomery County",10,16,189
01,067,58,000,SS,"Other Flows - Same State",40,84,1425
01,067,59,000,DS,"Other Flows - Diff State",117,235,2863
01,069,96,000,AL,"Houston County Tot Mig-US & For",2151,4462,68169
01,069,97,000,AL,"Houston County Tot Mig-US",2126,4403,67401
01,069,97,001,AL,"Houston County Tot Mig-Same St",1105,2293,32411
01,069,97,003,AL,"Houston County Tot Mig-Diff St",1021,2110,34989
01,069,98,000,AL,"Houston County Tot Mig-Foreign",25,59,768
01,069,01,069,AL,"Houston County Non-Migrants",29843,67072,1319339
01,069,01,045,AL,"Dale County",324,678,8509
01,069,01,061,AL,"Geneva County",168,357,3608
01,069,01,067,AL,"Henry County",153,343,4436
01,069,01,031,AL,"Coffee County",88,178,2614
01,069,01,073,AL,"Jefferson County",50,89,2567
01,069,12,063,FL,"Jackson County",50,106,976
01,069,01,101,AL,"Montgomery County",46,94,1436
01,069,01,097,AL,"Mobile County",41,86,1732
01,069,01,005,AL,"Barbour County",38,81,1117
01,069,12,005,FL,"Bay County",38,72,1119
01,069,01,109,AL,"Pike County",28,47,670
01,069,13,099,GA,"Early County",27,57,693
01,069,01,081,AL,"Lee County",26,48,902
01,069,12,033,FL,"Escambia County",22,47,889
01,069,13,253,GA,"Seminole County",20,44,451
01,069,12,091,FL,"Okaloosa County",19,43,636
01,069,12,059,FL,"Holmes County",15,30,328
01,069,01,039,AL,"Covington County",13,26,295
01,069,12,057,FL,"Hillsborough County",13,22,536
01,069,13,067,GA,"Cobb County",13,24,570
01,069,13,215,GA,"Muscogee County",13,35,363
01,069,01,003,AL,"Baldwin County",12,25,668
01,069,12,086,FL,"Miami Dade County",11,19,217
01,069,12,073,FL,"Leon County",10,18,181
01,069,58,000,SS,"Other Flows - Same State",118,241,3855
01,069,59,000,DS,"Other Flows - Diff State",770,1593,28029
01,069,59,001,DS,"Other Flows - Northeast",57,119,1559
01,069,59,003,DS,"Other Flows - Midwest",113,232,3989
01,069,59,005,DS,"Other Flows - South",518,1068,19439
01,069,59,007,DS,"Other Flows - West",82,174,3042
01,069,57,009,FR,"Foreign - Other flows",25,59,768
01,071,96,000,AL,"Jackson County Tot Mig-US & For",830,1837,23999
01,071,97,000,AL,"Jackson County Tot Mig-US",830,1837,23999
01,071,97,001,AL,"Jackson County Tot Mig-Same St",407,911,11106
01,071,97,003,AL,"Jackson County Tot Mig-Diff St",423,926,12893
01,071,01,071,AL,"Jackson County Non-Migrants",17871,40110,648345
01,071,01,049,AL,"De Kalb County",169,400,3739
01,071,01,089,AL,"Madison County",77,168,2700
01,071,01,095,AL,"Marshall County",58,124,1263
01,071,47,115,TN,"Marion County",53,124,1140
01,071,13,083,GA,"Dade County",30,71,839
01,071,47,065,TN,"Hamilton County",27,66,853
01,071,01,015,AL,"Calhoun County",11,22,245
01,071,01,055,AL,"Etowah County",10,23,390
01,071,01,073,AL,"Jefferson County",10,20,380
01,071,18,089,IN,"Lake County",10,31,129
01,071,58,000,SS,"Other Flows - Same State",72,154,2388
01,071,59,000,DS,"Other Flows - Diff State",303,634,9932
01,071,59,001,DS,"Other Flows - Northeast",19,36,599
01,071,59,003,DS,"Other Flows - Midwest",49,106,1636
01,071,59,005,DS,"Other Flows - South",208,428,6741
01,071,59,007,DS,"Other Flows - West",27,64,956
01,073,96,000,AL,"Jefferson Count Tot Mig-US & For",11621,20972,463751
01,073,97,000,AL,"Jefferson Count Tot Mig-US",11256,20538,460089
01,073,97,001,AL,"Jefferson Count Tot Mig-Same St",6337,11318,235334
01,073,97,003,AL,"Jefferson Count Tot Mig-Diff St",4919,9220,224755
01,073,98,000,AL,"Jefferson Count Tot Mig-Foreign",365,434,3663
01,073,01,073,AL,"Jefferson Count Non-Migrants",229684,499082,11305572
01,073,01,117,AL,"Shelby County",1793,3223,90041
01,073,01,115,AL,"St Clair County",550,1078,17275
01,073,01,125,AL,"Tuscaloosa County",521,901,18737
01,073,01,009,AL,"Blount County",348,695,11075
01,073,01,101,AL,"Montgomery County",295,490,11422
01,073,01,127,AL,"Walker County",285,580,9493
01,073,01,097,AL,"Mobile County",218,366,7360
01,073,01,089,AL,"Madison County",211,355,7778
01,073,01,015,AL,"Calhoun County",161,258,5312
01,073,01,055,AL,"Etowah County",161,252,4491
01,073,01,121,AL,"Talladega County",136,239,3567
01,073,01,043,AL,"Cullman County",127,237,3911
01,073,13,121,GA,"Fulton County",127,202,6694
01,073,01,081,AL,"Lee County",123,183,3774
01,073,01,007,AL,"Bibb County",117,228,3174
01,073,13,067,GA,"Cobb County",113,192,5839
01,073,13,089,GA,"De Kalb County",112,183,4418
01,073,01,003,AL,"Baldwin County",103,183,4587
01,073,01,103,AL,"Morgan County",97,153,2887
01,073,47,037,TN,"Davidson County",88,154,5175
01,073,13,135,GA,"Gwinnett County",79,143,3581
01,073,47,157,TN,"Shelby County",70,124,3170
01,073,01,021,AL,"Chilton County",69,131,2127
01,073,57,005,FR,"Foreign - APO/FPO ZIPs",69,102,1381
01,073,48,201,TX,"Harris County",67,133,7324
01,073,17,031,IL,"Cook County",66,133,2843
01,073,48,113,TX,"Dallas County",66,119,3429
01,073,01,069,AL,"Houston County",62,92,2202
01,073,01,047,AL,"Dallas County",57,108,1462
01,073,01,051,AL,"Elmore County",57,116,2298
01,073,01,095,AL,"Marshall County",57,83,1856
01,073,12,033,FL,"Escambia County",57,91,1365
01,073,01,077,AL,"Lauderdale County",55,76,1318
01,073,12,011,FL,"Broward County",55,94,3109
01,073,06,037,CA,"Los Angeles County",51,106,1428
01,073,12,005,FL,"Bay County",50,93,1620
01,073,47,065,TN,"Hamilton County",50,100,1726
01,073,06,073,CA,"San Diego County",46,97,1457
01,073,26,163,MI,"Wayne County",45,100,2368
01,073,28,049,MS,"Hinds County",43,61,2717
01,073,01,001,AL,"Autauga County",40,71,1243
01,073,12,057,FL,"Hillsborough County",40,72,2842
01,073,12,095,FL,"Orange County",39,71,2180
01,073,13,215,GA,"Muscogee County",38,73,1827
01,073,01,123,AL,"Tallapoosa County",37,81,1154
01,073,01,033,AL,"Colbert County",36,64,1160
01,073,01,049,AL,"De Kalb County",35,52,794
01,073,12,091,FL,"Okaloosa County",35,62,994
01,073,01,083,AL,"Limestone County",34,59,1062
01,073,01,119,AL,"Sumter County",32,65,615
01,073,01,133,AL,"Winston County",32,47,882
01,073,12,031,FL,"Duval County",32,59,1263
01,073,37,119,NC,"Mecklenburg County",31,65,2975
01,073,01,091,AL,"Marengo County",30,55,589
01,073,12,099,FL,"Palm Beach County",30,50,1670
01,073,28,047,MS,"Harrison County",30,51,1294
01,073,04,013,AZ,"Maricopa County",29,44,1115
01,073,47,093,TN,"Knox County",29,55,1733
01,073,22,051,LA,"Jefferson Parish",27,61,1124
01,073,39,035,OH,"Cuyahoga County",27,62,1275
01,073,01,109,AL,"Pike County",26,47,447
01,073,21,111,KY,"Jefferson County",26,54,1285
01,073,22,033,LA,"East Baton Rouge Par",26,47,1217
01,073,28,075,MS,"Lauderdale County",26,51,1312
01,073,28,087,MS,"Lowndes County",26,44,688
01,073,48,029,TX,"Bexar County",26,56,1550
01,073,01,031,AL,"Coffee County",25,40,637
01,073,01,045,AL,"Dale County",25,38,848
01,073,12,086,FL,"Miami Dade County",25,53,841
01,073,36,061,NY,"New York County",25,32,1430
01,073,01,065,AL,"Hale County",24,45,830
01,073,26,125,MI,"Oakland County",24,49,1969
01,073,06,059,CA,"Orange County",23,42,852
01,073,12,103,FL,"Pinellas County",23,37,1419
01,073,13,245,GA,"Richmond County",23,41,660
01,073,22,071,LA,"Orleans Parish",23,39,654
01,073,29,189,MO,"St Louis County",23,34,1136
01,073,37,183,NC,"Wake County",23,48,1519
01,073,01,025,AL,"Clarke County",22,45,568
01,073,28,089,MS,"Madison County",22,41,1543
01,073,28,121,MS,"Rankin County",22,43,979
01,073,48,439,TX,"Tarrant County",22,44,1308
01,073,01,093,AL,"Marion County",21,29,451
01,073,12,073,FL,"Leon County",21,34,560
01,073,37,133,NC,"Onslow County",21,34,580
01,073,01,053,AL,"Escambia County",19,29,378
01,073,06,001,CA,"Alameda County",19,27,1060
01,073,13,063,GA,"Clayton County",19,33,342
01,073,01,071,AL,"Jackson County",18,30,420
01,073,21,067,KY,"Fayette County",18,35,1084
01,073,37,051,NC,"Cumberland County",18,34,424
01,073,47,187,TN,"Williamson County",18,36,1615
01,073,08,031,CO,"Denver County",17,25,851
01,073,11,001,DC,"District Of Columbia",17,22,680
01,073,12,113,FL,"Santa Rosa County",17,35,409
01,073,39,049,OH,"Franklin County",17,22,609
01,073,39,113,OH,"Montgomery County",17,32,753
01,073,48,453,TX,"Travis County",17,28,613
01,073,01,057,AL,"Fayette County",16,28,313
01,073,13,117,GA,"Forsyth County",16,35,990
01,073,13,179,GA,"Liberty County",16,33,436
01,073,28,081,MS,"Lee County",16,23,698
01,073,42,003,PA,"Allegheny County",16,40,1303
01,073,48,085,TX,"Collin County",16,31,1390
01,073,51,059,VA,"Fairfax County",16,33,1148
01,073,01,037,AL,"Coosa County",15,27,424
01,073,05,119,AR,"Pulaski County",15,28,642
01,073,06,085,CA,"Santa Clara County",15,23,692
01,073,25,025,MA,"Suffolk County",15,20,557
01,073,28,105,MS,"Oktibbeha County",15,26,378
01,073,36,047,NY,"Kings County",15,24,286
01,073,39,061,OH,"Hamilton County",15,23,1012
01,073,45,045,SC,"Greenville County",15,25,619
01,073,51,710,VA,Norfolk,15,23,222
01,073,01,013,AL,"Butler County",14,23,408
01,073,01,017,AL,"Chambers County",14,24,392
01,073,01,059,AL,"Franklin County",14,22,336
01,073,01,105,AL,"Perry County",14,29,252
01,073,01,107,AL,"Pickens County",14,31,345
01,073,29,095,MO,"Jackson County",14,21,557
01,073,36,029,NY,"Erie County",14,28,446
01,073,45,019,SC,"Charleston County",14,31,729
01,073,47,165,TN,"Sumner County",14,33,545
01,073,48,027,TX,"Bell County",14,29,411
01,073,01,005,AL,"Barbour County",13,24,245
01,073,01,023,AL,"Choctaw County",13,32,301
01,073,06,065,CA,"Riverside County",13,28,301
01,073,06,071,CA,"San Bernardino Count",13,32,307
01,073,12,001,FL,"Alachua County",13,25,683
01,073,12,009,FL,"Brevard County",13,25,624
01,073,13,057,GA,"Cherokee County",13,28,543
01,073,13,077,GA,"Coweta County",13,29,791
01,073,15,003,HI,"Honolulu County",13,30,380
01,073,18,097,IN,"Marion County",13,15,263
01,073,36,081,NY,"Queens County",13,30,409
01,073,37,063,NC,"Durham County",13,24,928
01,073,01,027,AL,"Clay County",12,16,224
01,073,01,039,AL,"Covington County",12,20,397
01,073,12,019,FL,"Clay County",12,26,391
01,073,12,117,FL,"Seminole County",12,19,474
01,073,12,131,FL,"Walton County",12,18,1239
01,073,13,051,GA,"Chatham County",12,20,416
01,073,24,033,MD,"Prince George's Coun",12,15,366
01,073,27,053,MN,"Hennepin County",12,25,467
01,073,28,035,MS,"Forrest County",12,17,422
01,073,28,071,MS,"Lafayette County",12,19,1489
01,073,47,149,TN,"Rutherford County",12,17,540
01,073,48,121,TX,"Denton County",12,24,550
01,073,48,141,TX,"El Paso County",12,15,230
01,073,53,033,WA,"King County",12,34,679
01,073,01,113,AL,"Russell County",11,18,323
01,073,06,075,CA,"San Francisco County",11,21,632
01,073,08,005,CO,"Arapahoe County",11,22,428
01,073,08,041,CO,"El Paso County",11,23,453
01,073,12,105,FL,"Polk County",11,13,217
01,073,12,127,FL,"Volusia County",11,21,384
01,073,13,097,GA,"Douglas County",11,25,642
01,073,17,097,IL,"Lake County",11,22,536
01,073,26,065,MI,"Ingham County",11,29,923
01,073,28,059,MS,"Jackson County",11,22,539
01,073,32,003,NV,"Clark County",11,23,213
01,073,45,079,SC,"Richland County",11,17,414
01,073,01,063,AL,"Greene County",10,17,236
01,073,01,087,AL,"Macon County",10,21,332
01,073,01,131,AL,"Wilcox County",10,21,132
01,073,12,101,FL,"Pasco County",10,16,224
01,073,12,115,FL,"Sarasota County",10,13,365
01,073,13,021,GA,"Bibb County",10,21,285
01,073,13,113,GA,"Fayette County",10,25,1153
01,073,13,115,GA,"Floyd County",10,21,420
01,073,17,043,IL,"Du Page County",10,25,798
01,073,24,031,MD,"Montgomery County",10,21,777
01,073,25,017,MA,"Middlesex County",10,11,357
01,073,36,005,NY,"Bronx County",10,16,157
01,073,40,031,OK,"Comanche County",10,22,151
01,073,40,109,OK,"Oklahoma County",10,16,503
01,073,40,143,OK,"Tulsa County",10,19,320
01,073,45,063,SC,"Lexington County",10,22,391
01,073,47,125,TN,"Montgomery County",10,14,164
01,073,51,087,VA,"Henrico County",10,21,396
01,073,51,510,VA,Alexandria,10,15,641
01,073,58,000,SS,"Other Flows - Same State",86,141,2447
01,073,59,000,DS,"Other Flows - Diff State",1862,3638,78222
01,073,59,001,DS,"Other Flows - Northeast",215,384,11730
01,073,59,003,DS,"Other Flows - Midwest",369,719,17042
01,073,59,005,DS,"Other Flows - South",1060,2092,42149
01,073,59,007,DS,"Other Flows - West",218,443,7302
01,073,57,009,FR,"Foreign - Other flows",296,332,2281
01,075,96,000,AL,"Lamar County Tot Mig-US & For",257,525,6187
01,075,97,000,AL,"Lamar County Tot Mig-US",257,525,6187
01,075,97,001,AL,"Lamar County Tot Mig-Same St",117,246,2940
01,075,97,003,AL,"Lamar County Tot Mig-Diff St",140,279,3247
01,075,01,075,AL,"Lamar County Non-Migrants",5249,12049,163142
01,075,01,057,AL,"Fayette County",30,65,782
01,075,28,087,MS,"Lowndes County",30,54,684
01,075,28,095,MS,"Monroe County",26,58,649
01,075,01,093,AL,"Marion County",25,49,532
01,075,01,107,AL,"Pickens County",14,25,276
01,075,58,000,SS,"Other Flows - Same State",48,107,1350
01,075,59,000,DS,"Other Flows - Diff State",84,167,1915
01,077,96,000,AL,"Lauderdale Coun Tot Mig-US & For",1423,2875,48162
01,077,97,000,AL,"Lauderdale Coun Tot Mig-US",1411,2855,47949
01,077,97,001,AL,"Lauderdale Coun Tot Mig-Same St",814,1653,23736
01,077,97,003,AL,"Lauderdale Coun Tot Mig-Diff St",597,1202,24213
01,077,98,000,AL,"Lauderdale Coun Tot Mig-Foreign",12,20,213
01,077,01,077,AL,"Lauderdale Coun Non-Migrants",29151,65407,1226339
01,077,01,033,AL,"Colbert County",395,836,9600
01,077,01,083,AL,"Limestone County",76,159,2219
01,077,01,089,AL,"Madison County",69,115,2392
01,077,01,103,AL,"Morgan County",41,78,1281
01,077,47,099,TN,"Lawrence County",35,71,972
01,077,01,059,AL,"Franklin County",30,62,800
01,077,01,073,AL,"Jefferson County",29,56,1436
01,077,01,079,AL,"Lawrence County",27,57,793
01,077,47,181,TN,"Wayne County",20,42,436
01,077,01,093,AL,"Marion County",18,35,336
01,077,47,037,TN,"Davidson County",17,45,1738
01,077,01,125,AL,"Tuscaloosa County",12,23,321
01,077,28,081,MS,"Lee County",11,24,607
01,077,01,043,AL,"Cullman County",10,24,344
01,077,01,101,AL,"Montgomery County",10,15,486
01,077,47,055,TN,"Giles County",10,19,416
01,077,58,000,SS,"Other Flows - Same State",97,193,3728
01,077,59,000,DS,"Other Flows - Diff State",504,1001,20044
01,077,59,001,DS,"Other Flows - Northeast",17,47,484
01,077,59,003,DS,"Other Flows - Midwest",76,130,2315
01,077,59,005,DS,"Other Flows - South",351,701,15040
01,077,59,007,DS,"Other Flows - West",60,123,2204
01,077,57,009,FR,"Foreign - Other flows",12,20,213
01,079,96,000,AL,"Lawrence County Tot Mig-US & For",621,1276,17433
01,079,97,000,AL,"Lawrence County Tot Mig-US",621,1276,17433
01,079,97,001,AL,"Lawrence County Tot Mig-Same St",471,967,12902
01,079,97,003,AL,"Lawrence County Tot Mig-Diff St",150,309,4531
01,079,01,079,AL,"Lawrence County Non-Migrants",11248,26580,412626
01,079,01,103,AL,"Morgan County",282,585,7781
01,079,01,033,AL,"Colbert County",34,64,827
01,079,01,077,AL,"Lauderdale County",29,51,709
01,079,01,059,AL,"Franklin County",26,56,542
01,079,01,089,AL,"Madison County",24,47,577
01,079,01,073,AL,"Jefferson County",13,25,405
01,079,01,133,AL,"Winston County",12,23,240
01,079,01,043,AL,"Cullman County",11,26,347
01,079,01,083,AL,"Limestone County",10,27,492
01,079,58,000,SS,"Other Flows - Same State",30,63,982
01,079,59,000,DS,"Other Flows - Diff State",150,309,4531
01,081,96,000,AL,"Lee County Tot Mig-US & For",3523,6577,107738
01,081,97,000,AL,"Lee County Tot Mig-US",3329,6328,106040
01,081,97,001,AL,"Lee County Tot Mig-Same St",1879,3539,53827
01,081,97,003,AL,"Lee County Tot Mig-Diff St",1450,2789,52213
01,081,98,000,AL,"Lee County Tot Mig-Foreign",194,249,1697
01,081,01,081,AL,"Lee County Non-Migrants",32651,73916,1396156
01,081,01,113,AL,"Russell County",497,1129,15712
01,081,13,215,GA,"Muscogee County",323,699,12462
01,081,01,017,AL,"Chambers County",246,533,6499
01,081,01,073,AL,"Jefferson County",123,195,4081
01,081,01,087,AL,"Macon County",105,222,2147
01,081,01,101,AL,"Montgomery County",96,171,3735
01,081,01,123,AL,"Tallapoosa County",96,168,3144
01,081,01,089,AL,"Madison County",44,77,1538
01,081,01,051,AL,"Elmore County",40,62,1077
01,081,01,097,AL,"Mobile County",39,53,971
01,081,01,117,AL,"Shelby County",38,69,1390
01,081,01,015,AL,"Calhoun County",33,55,761
01,081,13,067,GA,"Cobb County",33,54,1239
01,081,01,069,AL,"Houston County",32,43,764
01,081,13,145,GA,"Harris County",31,49,1262
01,081,01,003,AL,"Baldwin County",30,49,717
01,081,13,285,GA,"Troup County",29,65,993
01,081,01,005,AL,"Barbour County",28,45,828
01,081,57,005,FR,"Foreign - APO/FPO ZIPs",28,67,907
01,081,01,055,AL,"Etowah County",24,31,707
01,081,13,089,GA,"De Kalb County",24,43,1015
01,081,01,103,AL,"Morgan County",22,36,610
01,081,01,111,AL,"Randolph County",22,29,368
01,081,01,031,AL,"Coffee County",19,34,357
01,081,01,047,AL,"Dallas County",19,28,399
01,081,01,121,AL,"Talladega County",19,25,613
01,081,13,121,GA,"Fulton County",19,28,452
01,081,01,001,AL,"Autauga County",18,29,509
01,081,01,039,AL,"Covington County",18,25,526
01,081,01,109,AL,"Pike County",17,29,407
01,081,01,049,AL,"De Kalb County",16,24,529
01,081,01,125,AL,"Tuscaloosa County",16,26,446
01,081,13,135,GA,"Gwinnett County",14,24,702
01,081,01,053,AL,"Escambia County",13,18,281
01,081,01,099,AL,"Monroe County",12,20,358
01,081,37,051,NC,"Cumberland County",12,32,299
01,081,01,011,AL,"Bullock County",11,27,230
01,081,01,013,AL,"Butler County",11,15,340
01,081,01,027,AL,"Clay County",11,15,192
01,081,01,095,AL,"Marshall County",11,16,283
01,081,01,127,AL,"Walker County",11,20,224
01,081,04,013,AZ,"Maricopa County",11,17,308
01,081,12,091,FL,"Okaloosa County",11,23,249
01,081,47,037,TN,"Davidson County",11,23,520
01,081,01,045,AL,"Dale County",10,18,211
01,081,12,005,FL,"Bay County",10,17,189
01,081,12,095,FL,"Orange County",10,16,301
01,081,47,157,TN,"Shelby County",10,15,250
01,081,58,000,SS,"Other Flows - Same State",132,203,2873
01,081,59,000,DS,"Other Flows - Diff State",902,1684,31974
01,081,59,001,DS,"Other Flows - Northeast",74,139,2559
01,081,59,003,DS,"Other Flows - Midwest",132,242,3982
01,081,59,005,DS,"Other Flows - South",600,1140,22480
01,081,59,007,DS,"Other Flows - West",96,163,2953
01,081,57,009,FR,"Foreign - Other flows",166,182,790
01,083,96,000,AL,"Limestone Count Tot Mig-US & For",1442,3006,55152
01,083,97,000,AL,"Limestone Count Tot Mig-US",1442,3006,55152
01,083,97,001,AL,"Limestone Count Tot Mig-Same St",891,1826,34203
01,083,97,003,AL,"Limestone Count Tot Mig-Diff St",551,1180,20949
01,083,01,083,AL,"Limestone Count Non-Migrants",22010,51412,959750
01,083,01,089,AL,"Madison County",469,1006,19922
01,083,01,103,AL,"Morgan County",161,333,6224
01,083,01,077,AL,"Lauderdale County",73,129,2408
01,083,47,055,TN,"Giles County",60,119,1542
01,083,01,073,AL,"Jefferson County",25,42,908
01,083,01,033,AL,"Colbert County",24,40,633
01,083,01,079,AL,"Lawrence County",20,43,410
01,083,01,043,AL,"Cullman County",14,30,405
01,083,47,037,TN,"Davidson County",12,22,285
01,083,47,103,TN,"Lincoln County",12,26,292
01,083,01,095,AL,"Marshall County",10,21,188
01,083,58,000,SS,"Other Flows - Same State",95,182,3103
01,083,59,000,DS,"Other Flows - Diff State",467,1013,18830
01,083,59,001,DS,"Other Flows - Northeast",17,38,883
01,083,59,003,DS,"Other Flows - Midwest",90,193,3149
01,083,59,005,DS,"Other Flows - South",302,661,12354
01,083,59,007,DS,"Other Flows - West",58,121,2443
01,085,96,000,AL,"Lowndes County Tot Mig-US & For",270,592,6339
01,085,97,000,AL,"Lowndes County Tot Mig-US",270,592,6339
01,085,97,001,AL,"Lowndes County Tot Mig-Same St",210,459,4965
01,085,97,003,AL,"Lowndes County Tot Mig-Diff St",60,133,1374
01,085,01,085,AL,"Lowndes County Non-Migrants",4124,9721,112699
01,085,01,101,AL,"Montgomery County",112,250,3070
01,085,01,013,AL,"Butler County",24,58,373
01,085,01,047,AL,"Dallas County",20,44,373
01,085,01,051,AL,"Elmore County",13,25,328
01,085,58,000,SS,"Other Flows - Same State",41,82,820
01,085,59,000,DS,"Other Flows - Diff State",60,133,1374
01,087,96,000,AL,"Macon County Tot Mig-US & For",399,754,9335
01,087,97,000,AL,"Macon County Tot Mig-US",399,754,9335
01,087,97,001,AL,"Macon County Tot Mig-Same St",250,495,6101
01,087,97,003,AL,"Macon County Tot Mig-Diff St",149,259,3234
01,087,01,087,AL,"Macon County Non-Migrants",6668,14602,184873
01,087,01,101,AL,"Montgomery County",85,165,1950
01,087,01,081,AL,"Lee County",55,106,1670
01,087,01,051,AL,"Elmore County",35,78,793
01,087,01,011,AL,"Bullock County",10,20,158
01,087,01,123,AL,"Tallapoosa County",10,24,141
01,087,58,000,SS,"Other Flows - Same State",55,102,1389
01,087,59,000,DS,"Other Flows - Diff State",149,259,3234
01,087,59,001,DS,"Other Flows - Northeast",16,27,367
01,087,59,003,DS,"Other Flows - Midwest",21,38,531
01,087,59,005,DS,"Other Flows - South",92,156,1965
01,087,59,007,DS,"Other Flows - West",20,38,372
01,089,96,000,AL,"Madison County Tot Mig-US & For",6295,12761,262760
01,089,97,000,AL,"Madison County Tot Mig-US",6054,12210,254366
01,089,97,001,AL,"Madison County Tot Mig-Same St",2380,4492,78842
01,089,97,003,AL,"Madison County Tot Mig-Diff St",3674,7718,175525
01,089,98,000,AL,"Madison County Tot Mig-Foreign",241,551,8393
01,089,01,089,AL,"Madison County Non-Migrants",99610,221461,5410365
01,089,01,083,AL,"Limestone County",424,853,14190
01,089,01,103,AL,"Morgan County",376,703,10304
01,089,01,073,AL,"Jefferson County",251,431,8958
01,089,01,095,AL,"Marshall County",202,374,7898
01,089,57,005,FR,"Foreign - APO/FPO ZIPs",151,421,7014
01,089,01,071,AL,"Jackson County",139,271,4139
01,089,01,077,AL,"Lauderdale County",107,183,2985
01,089,47,103,TN,"Lincoln County",104,201,3197
01,089,47,037,TN,"Davidson County",90,144,2766
01,089,01,043,AL,"Cullman County",62,110,2407
01,089,01,125,AL,"Tuscaloosa County",61,116,2138
01,089,01,097,AL,"Mobile County",60,95,1538
01,089,01,081,AL,"Lee County",58,92,1618
01,089,01,033,AL,"Colbert County",55,104,1792
01,089,01,101,AL,"Montgomery County",54,116,2181
01,089,01,055,AL,"Etowah County",53,106,1861
01,089,01,117,AL,"Shelby County",53,114,2623
01,089,17,031,IL,"Cook County",44,81,3791
01,089,47,125,TN,"Montgomery County",43,117,2057
01,089,01,015,AL,"Calhoun County",42,90,2032
01,089,06,037,CA,"Los Angeles County",42,92,3270
01,089,51,059,VA,"Fairfax County",42,125,4247
01,089,47,055,TN,"Giles County",40,86,1343
01,089,13,089,GA,"De Kalb County",39,66,1373
01,089,13,121,GA,"Fulton County",37,64,1544
01,089,47,065,TN,"Hamilton County",37,89,1799
01,089,04,013,AZ,"Maricopa County",33,58,1221
01,089,48,201,TX,"Harris County",33,73,2340
01,089,13,135,GA,"Gwinnett County",32,68,1802
01,089,29,189,MO,"St Louis County",31,71,1590
01,089,47,157,TN,"Shelby County",31,66,1710
01,089,12,095,FL,"Orange County",30,69,1541
01,089,13,067,GA,"Cobb County",30,51,1312
01,089,48,027,TX,"Bell County",29,79,1223
01,089,12,011,FL,"Broward County",28,46,1170
01,089,12,009,FL,"Brevard County",27,57,1899
01,089,13,215,GA,"Muscogee County",27,71,1052
01,089,12,091,FL,"Okaloosa County",26,63,1363
01,089,01,079,AL,"Lawrence County",25,48,599
01,089,12,033,FL,"Escambia County",25,41,800
01,089,47,149,TN,"Rutherford County",25,52,967
01,089,53,033,WA,"King County",24,63,1859
01,089,48,113,TX,"Dallas County",23,46,897
01,089,01,003,AL,"Baldwin County",22,47,1198
01,089,06,073,CA,"San Diego County",22,55,736
01,089,08,041,CO,"El Paso County",22,62,1216
01,089,15,003,HI,"Honolulu County",22,55,740
01,089,12,031,FL,"Duval County",21,45,936
01,089,12,057,FL,"Hillsborough County",21,54,1177
01,089,47,093,TN,"Knox County",21,37,822
01,089,01,045,AL,"Dale County",20,47,1109
01,089,01,049,AL,"De Kalb County",20,39,533
01,089,01,121,AL,"Talladega County",20,38,516
01,089,26,125,MI,"Oakland County",20,31,794
01,089,12,103,FL,"Pinellas County",19,46,956
01,089,48,141,TX,"El Paso County",19,55,923
01,089,26,163,MI,"Wayne County",18,39,573
01,089,37,183,NC,"Wake County",18,38,1119
01,089,47,051,TN,"Franklin County",18,29,467
01,089,01,069,AL,"Houston County",17,38,765
01,089,12,099,FL,"Palm Beach County",17,25,1555
01,089,13,179,GA,"Liberty County",17,45,686
01,089,21,111,KY,"Jefferson County",17,40,674
01,089,28,105,MS,"Oktibbeha County",17,28,577
01,089,48,029,TX,"Bexar County",17,33,553
01,089,48,439,TX,"Tarrant County",17,32,1207
01,089,01,031,AL,"Coffee County",16,46,1122
01,089,22,033,LA,"East Baton Rouge Par",16,28,734
01,089,37,051,NC,"Cumberland County",16,32,612
01,089,40,031,OK,"Comanche County",16,44,947
01,089,48,085,TX,"Collin County",16,49,1875
01,089,48,453,TX,"Travis County",16,27,665
01,089,20,103,KS,"Leavenworth County",15,57,907
01,089,24,031,MD,"Montgomery County",15,37,1304
01,089,36,081,NY,"Queens County",15,28,526
01,089,01,047,AL,"Dallas County",14,24,302
01,089,12,086,FL,"Miami Dade County",14,26,304
01,089,18,097,IN,"Marion County",14,20,324
01,089,24,033,MD,"Prince George's Coun",14,21,506
01,089,36,047,NY,"Kings County",14,28,465
01,089,01,009,AL,"Blount County",13,23,389
01,089,06,059,CA,"Orange County",13,25,1089
01,089,21,067,KY,"Fayette County",13,34,817
01,089,28,081,MS,"Lee County",13,21,266
01,089,37,119,NC,"Mecklenburg County",13,27,764
01,089,45,045,SC,"Greenville County",13,26,515
01,089,01,059,AL,"Franklin County",12,16,221
01,089,01,127,AL,"Walker County",12,19,484
01,089,06,085,CA,"Santa Clara County",12,16,1637
01,089,47,187,TN,"Williamson County",12,17,628
01,089,51,153,VA,"Prince William Count",12,32,836
01,089,51,700,VA,"Newport News",12,33,771
01,089,01,115,AL,"St Clair County",11,29,336
01,089,01,119,AL,"Sumter County",11,17,145
01,089,12,005,FL,"Bay County",11,26,456
01,089,12,117,FL,"Seminole County",11,24,864
01,089,13,051,GA,"Chatham County",11,24,528
01,089,22,071,LA,"Orleans Parish",11,16,301
01,089,28,121,MS,"Rankin County",11,27,468
01,089,36,045,NY,"Jefferson County",11,27,354
01,089,39,035,OH,"Cuyahoga County",11,21,428
01,089,42,101,PA,"Philadelphia County",11,16,440
01,089,48,099,TX,"Coryell County",11,33,406
01,089,01,123,AL,"Tallapoosa County",10,20,402
01,089,01,133,AL,"Winston County",10,16,245
01,089,04,019,AZ,"Pima County",10,28,769
01,089,06,001,CA,"Alameda County",10,15,412
01,089,13,063,GA,"Clayton County",10,20,492
01,089,13,153,GA,"Houston County",10,29,585
01,089,17,163,IL,"St Clair County",10,25,545
01,089,21,047,KY,"Christian County",10,28,390
01,089,22,051,LA,"Jefferson Parish",10,13,519
01,089,28,075,MS,"Lauderdale County",10,25,446
01,089,32,003,NV,"Clark County",10,15,239
01,089,40,143,OK,"Tulsa County",10,32,456
01,089,47,165,TN,"Sumner County",10,27,689
01,089,49,035,UT,"Salt Lake County",10,24,482
01,089,53,053,WA,"Pierce County",10,24,435
01,089,58,000,SS,"Other Flows - Same State",150,267,3813
01,089,59,000,DS,"Other Flows - Diff State",1836,3783,84485
01,089,59,001,DS,"Other Flows - Northeast",216,452,10645
01,089,59,003,DS,"Other Flows - Midwest",391,786,16617
01,089,59,005,DS,"Other Flows - South",1024,2126,48238
01,089,59,007,DS,"Other Flows - West",205,419,8986
01,089,57,009,FR,"Foreign - Other flows",90,130,1379
01,091,96,000,AL,"Marengo County Tot Mig-US & For",359,816,9513
01,091,97,000,AL,"Marengo County Tot Mig-US",359,816,9513
01,091,97,001,AL,"Marengo County Tot Mig-Same St",238,570,6522
01,091,97,003,AL,"Marengo County Tot Mig-Diff St",121,246,2992
01,091,01,091,AL,"Marengo County Non-Migrants",6981,16798,259789
01,091,01,025,AL,"Clarke County",28,70,788
01,091,01,131,AL,"Wilcox County",21,55,493
01,091,01,125,AL,"Tuscaloosa County",20,48,710
01,091,01,065,AL,"Hale County",19,47,461
01,091,01,063,AL,"Greene County",18,47,393
01,091,01,047,AL,"Dallas County",15,30,389
01,091,01,119,AL,"Sumter County",14,30,561
01,091,01,073,AL,"Jefferson County",13,27,285
01,091,01,101,AL,"Montgomery County",12,24,248
01,091,01,023,AL,"Choctaw County",11,22,220
01,091,58,000,SS,"Other Flows - Same State",67,170,1975
01,091,59,000,DS,"Other Flows - Diff State",121,246,2992
01,093,96,000,AL,"Marion County Tot Mig-US & For",393,857,8822
01,093,97,000,AL,"Marion County Tot Mig-US",393,857,8822
01,093,97,001,AL,"Marion County Tot Mig-Same St",245,544,4852
01,093,97,003,AL,"Marion County Tot Mig-Diff St",148,313,3970
01,093,01,093,AL,"Marion County Non-Migrants",7935,18323,255845
01,093,01,057,AL,"Fayette County",53,118,989
01,093,01,059,AL,"Franklin County",32,81,629
01,093,01,075,AL,"Lamar County",30,69,544
01,093,01,133,AL,"Winston County",28,75,451
01,093,01,073,AL,"Jefferson County",18,35,413
01,093,01,127,AL,"Walker County",18,33,345
01,093,58,000,SS,"Other Flows - Same State",66,133,1480
01,093,59,000,DS,"Other Flows - Diff State",148,313,3970
01,095,96,000,AL,"Marshall County Tot Mig-US & For",1717,3843,51773
01,095,97,000,AL,"Marshall County Tot Mig-US",1717,3843,51773
01,095,97,001,AL,"Marshall County Tot Mig-Same St",1174,2597,33191
01,095,97,003,AL,"Marshall County Tot Mig-Diff St",543,1246,18582
01,095,01,095,AL,"Marshall County Non-Migrants",25602,58603,970583
01,095,01,049,AL,"De Kalb County",260,596,5831
01,095,01,055,AL,"Etowah County",186,443,4347
01,095,01,089,AL,"Madison County",160,333,6926
01,095,01,009,AL,"Blount County",109,249,3135
01,095,01,103,AL,"Morgan County",100,230,2453
01,095,01,043,AL,"Cullman County",86,204,1986
01,095,01,071,AL,"Jackson County",60,135,1500
01,095,01,073,AL,"Jefferson County",60,112,2284
01,095,01,015,AL,"Calhoun County",25,46,1133
01,095,47,065,TN,"Hamilton County",13,29,384
01,095,01,083,AL,"Limestone County",12,31,212
01,095,01,081,AL,"Lee County",11,17,294
01,095,01,125,AL,"Tuscaloosa County",11,22,242
01,095,58,000,SS,"Other Flows - Same State",94,179,2848
01,095,59,000,DS,"Other Flows - Diff State",530,1217,18198
01,095,59,001,DS,"Other Flows - Northeast",25,52,826
01,095,59,003,DS,"Other Flows - Midwest",86,196,2756
01,095,59,005,DS,"Other Flows - South",360,839,12663
01,095,59,007,DS,"Other Flows - West",59,130,1952
01,097,96,000,AL,"Mobile County Tot Mig-US & For",5147,9682,163509
01,097,97,000,AL,"Mobile County Tot Mig-US",4963,9437,160945
01,097,97,001,AL,"Mobile County Tot Mig-Same St",1618,2940,44981
01,097,97,003,AL,"Mobile County Tot Mig-Diff St",3345,6497,115964
01,097,98,000,AL,"Mobile County Tot Mig-Foreign",184,245,2565
01,097,01,097,AL,"Mobile County Non-Migrants",130297,294398,5243988
01,097,01,003,AL,"Baldwin County",576,1042,16424
01,097,28,059,MS,"Jackson County",213,442,6619
01,097,01,073,AL,"Jefferson County",143,254,4664
01,097,12,033,FL,"Escambia County",113,201,3050
01,097,01,129,AL,"Washington County",105,219,2320
01,097,01,101,AL,"Montgomery County",86,141,2234
01,097,28,047,MS,"Harrison County",78,135,1958
01,097,01,025,AL,"Clarke County",74,151,2402
01,097,22,051,LA,"Jefferson Parish",68,143,2284
01,097,01,125,AL,"Tuscaloosa County",66,108,1913
01,097,57,005,FR,"Foreign - APO/FPO ZIPs",64,106,1548
01,097,48,201,TX,"Harris County",45,87,2764
01,097,28,039,MS,"George County",43,76,1110
01,097,13,121,GA,"Fulton County",41,66,1407
01,097,13,089,GA,"De Kalb County",40,67,866
01,097,12,031,FL,"Duval County",39,77,1563
01,097,01,081,AL,"Lee County",36,44,668
01,097,01,117,AL,"Shelby County",35,66,1236
01,097,12,091,FL,"Okaloosa County",33,55,852
01,097,22,071,LA,"Orleans Parish",32,62,1099
01,097,01,047,AL,"Dallas County",31,69,828
01,097,01,089,AL,"Madison County",31,47,803
01,097,01,053,AL,"Escambia County",30,52,548
01,097,01,069,AL,"Houston County",29,52,757
01,097,47,157,TN,"Shelby County",29,46,1255
01,097,12,057,FL,"Hillsborough County",28,55,1404
01,097,12,011,FL,"Broward County",27,70,913
01,097,13,067,GA,"Cobb County",27,42,1624
01,097,01,099,AL,"Monroe County",26,45,538
01,097,12,086,FL,"Miami Dade County",26,45,820
01,097,47,037,TN,"Davidson County",25,41,789
01,097,22,033,LA,"East Baton Rouge Par",24,57,1054
01,097,26,163,MI,"Wayne County",24,49,617
01,097,48,439,TX,"Tarrant County",24,43,765
01,097,01,015,AL,"Calhoun County",23,44,576
01,097,17,031,IL,"Cook County",23,43,819
01,097,28,035,MS,"Forrest County",23,38,639
01,097,48,113,TX,"Dallas County",23,41,522
01,097,12,095,FL,"Orange County",21,35,673
01,097,13,135,GA,"Gwinnett County",21,43,882
01,097,01,023,AL,"Choctaw County",20,44,509
01,097,08,041,CO,"El Paso County",19,40,373
01,097,12,113,FL,"Santa Rosa County",19,26,598
01,097,48,029,TX,"Bexar County",19,30,630
01,097,01,035,AL,"Conecuh County",18,39,511
01,097,01,055,AL,"Etowah County",18,27,467
01,097,01,103,AL,"Morgan County",18,27,593
01,097,06,073,CA,"San Diego County",18,33,402
01,097,12,005,FL,"Bay County",18,41,665
01,097,22,103,LA,"St Tammany Parish",18,33,680
01,097,04,013,AZ,"Maricopa County",17,29,336
01,097,06,037,CA,"Los Angeles County",17,30,447
01,097,48,027,TX,"Bell County",17,33,352
01,097,01,039,AL,"Covington County",16,42,520
01,097,12,073,FL,"Leon County",16,30,401
01,097,37,133,NC,"Onslow County",16,28,381
01,097,01,121,AL,"Talladega County",15,25,267
01,097,17,097,IL,"Lake County",15,33,5184
01,097,51,710,VA,Norfolk,15,30,374
01,097,01,127,AL,"Walker County",14,27,330
01,097,15,003,HI,"Honolulu County",14,31,477
01,097,28,049,MS,"Hinds County",14,16,490
01,097,01,051,AL,"Elmore County",13,25,326
01,097,01,109,AL,"Pike County",13,22,323
01,097,06,059,CA,"Orange County",13,19,622
01,097,12,103,FL,"Pinellas County",13,26,422
01,097,13,215,GA,"Muscogee County",13,24,345
01,097,22,019,LA,"Calcasieu Parish",13,24,360
01,097,28,075,MS,"Lauderdale County",13,27,327
01,097,29,189,MO,"St Louis County",13,36,1112
01,097,36,061,NY,"New York County",13,21,527
01,097,01,045,AL,"Dale County",12,25,372
01,097,18,097,IN,"Marion County",12,33,498
01,097,28,073,MS,"Lamar County",12,27,378
01,097,48,453,TX,"Travis County",12,23,420
01,097,53,033,WA,"King County",12,33,335
01,097,06,001,CA,"Alameda County",11,23,594
01,097,12,009,FL,"Brevard County",11,32,558
01,097,22,101,LA,"St Mary Parish",11,28,282
01,097,28,023,MS,"Clarke County",11,13,156
01,097,28,041,MS,"Greene County",11,19,318
01,097,28,045,MS,"Hancock County",11,16,321
01,097,28,121,MS,"Rankin County",11,21,408
01,097,36,029,NY,"Erie County",11,22,507
01,097,36,047,NY,"Kings County",11,19,199
01,097,39,035,OH,"Cuyahoga County",11,24,290
01,097,51,810,VA,"Virginia Beach",11,25,322
01,097,53,053,WA,"Pierce County",11,20,169
01,097,01,091,AL,"Marengo County",10,23,225
01,097,01,115,AL,"St Clair County",10,17,434
01,097,12,099,FL,"Palm Beach County",10,20,199
01,097,12,105,FL,"Polk County",10,20,320
01,097,13,063,GA,"Clayton County",10,24,213
01,097,13,245,GA,"Richmond County",10,15,162
01,097,20,173,KS,"Sedgwick County",10,26,368
01,097,28,033,MS,"De Soto County",10,24,859
01,097,32,003,NV,"Clark County",10,13,244
01,097,37,119,NC,"Mecklenburg County",10,25,294
01,097,39,113,OH,"Montgomery County",10,24,308
01,097,45,079,SC,"Richland County",10,16,241
01,097,58,000,SS,"Other Flows - Same State",150,263,4192
01,097,59,000,DS,"Other Flows - Diff State",1632,3213,55149
01,097,59,001,DS,"Other Flows - Northeast",177,352,6231
01,097,59,003,DS,"Other Flows - Midwest",289,588,9853
01,097,59,005,DS,"Other Flows - South",971,1920,31677
01,097,59,007,DS,"Other Flows - West",195,353,7389
01,097,57,009,FR,"Foreign - Other flows",120,139,1016
01,099,96,000,AL,"Monroe County Tot Mig-US & For",303,699,10169
01,099,97,000,AL,"Monroe County Tot Mig-US",303,699,10169
01,099,97,001,AL,"Monroe County Tot Mig-Same St",196,455,5831
01,099,97,003,AL,"Monroe County Tot Mig-Diff St",107,244,4338
01,099,01,099,AL,"Monroe County Non-Migrants",7488,18313,256015
01,099,01,035,AL,"Conecuh County",52,119,1150
01,099,01,053,AL,"Escambia County",25,58,905
01,099,01,003,AL,"Baldwin County",19,43,595
01,099,01,025,AL,"Clarke County",16,42,571
01,099,01,097,AL,"Mobile County",14,31,376
01,099,01,131,AL,"Wilcox County",13,30,406
01,099,58,000,SS,"Other Flows - Same State",57,132,1829
01,099,59,000,DS,"Other Flows - Diff State",107,244,4338
01,101,96,000,AL,"Montgomery Coun Tot Mig-US & For",5249,10824,192571
01,101,97,000,AL,"Montgomery Coun Tot Mig-US",5078,10388,184618
01,101,97,001,AL,"Montgomery Coun Tot Mig-Same St",2609,5005,74373
01,101,97,003,AL,"Montgomery Coun Tot Mig-Diff St",2469,5383,110245
01,101,98,000,AL,"Montgomery Coun Tot Mig-Foreign",171,436,7953
01,101,01,101,AL,"Montgomery Coun Non-Migrants",74882,162325,3327949
01,101,01,051,AL,"Elmore County",567,1117,16647
01,101,01,001,AL,"Autauga County",323,649,9769
01,101,01,073,AL,"Jefferson County",187,331,6398
01,101,01,085,AL,"Lowndes County",148,333,3226
01,101,01,047,AL,"Dallas County",110,241,2673
01,101,01,081,AL,"Lee County",104,185,3004
01,101,01,097,AL,"Mobile County",104,196,3527
01,101,01,087,AL,"Macon County",88,168,1892
01,101,01,109,AL,"Pike County",67,122,1751
01,101,01,013,AL,"Butler County",65,113,1438
01,101,13,089,GA,"De Kalb County",62,111,1886
01,101,01,011,AL,"Bullock County",55,105,1510
01,101,48,029,TX,"Bexar County",55,133,2922
01,101,12,091,FL,"Okaloosa County",54,116,2219
01,101,01,125,AL,"Tuscaloosa County",51,92,1558
01,101,13,121,GA,"Fulton County",51,94,1666
01,101,01,041,AL,"Crenshaw County",50,102,990
01,101,01,089,AL,"Madison County",46,84,1196
01,101,08,041,CO,"El Paso County",46,140,2936
01,101,01,069,AL,"Houston County",45,80,1397
01,101,01,117,AL,"Shelby County",43,79,2079
01,101,51,059,VA,"Fairfax County",43,124,3065
01,101,01,123,AL,"Tallapoosa County",41,76,1192
01,101,01,031,AL,"Coffee County",36,57,1026
01,101,17,031,IL,"Cook County",33,56,721
01,101,01,005,AL,"Barbour County",32,64,732
01,101,12,033,FL,"Escambia County",32,58,822
01,101,01,003,AL,"Baldwin County",31,51,948
01,101,26,163,MI,"Wayne County",31,54,641
01,101,13,215,GA,"Muscogee County",30,70,906
01,101,01,045,AL,"Dale County",28,53,578
01,101,01,039,AL,"Covington County",27,46,757
01,101,12,031,FL,"Duval County",27,75,991
01,101,13,135,GA,"Gwinnett County",27,57,1430
01,101,13,067,GA,"Cobb County",26,51,1227
01,101,01,099,AL,"Monroe County",24,48,497
01,101,12,057,FL,"Hillsborough County",24,58,973
01,101,01,035,AL,"Conecuh County",23,42,398
01,101,28,047,MS,"Harrison County",23,39,732
01,101,48,201,TX,"Harris County",23,34,1019
01,101,06,037,CA,"Los Angeles County",22,39,688
01,101,31,153,NE,"Sarpy County",22,64,1090
01,101,47,037,TN,"Davidson County",22,40,942
01,101,01,121,AL,"Talladega County",21,37,515
01,101,06,073,CA,"San Diego County",19,47,744
01,101,13,153,GA,"Houston County",19,55,959
01,101,15,003,HI,"Honolulu County",19,47,995
01,101,47,157,TN,"Shelby County",19,41,831
01,101,01,015,AL,"Calhoun County",18,39,426
01,101,01,131,AL,"Wilcox County",18,37,479
01,101,24,033,MD,"Prince George's Coun",18,40,805
01,101,01,021,AL,"Chilton County",17,35,753
01,101,01,025,AL,"Clarke County",17,34,616
01,101,12,005,FL,"Bay County",17,35,712
01,101,12,095,FL,"Orange County",17,34,730
01,101,37,051,NC,"Cumberland County",17,41,640
01,101,39,057,OH,"Greene County",17,37,799
01,101,01,017,AL,"Chambers County",16,26,347
01,101,01,055,AL,"Etowah County",16,31,709
01,101,01,113,AL,"Russell County",16,34,501
01,101,17,163,IL,"St Clair County",16,51,1046
01,101,32,003,NV,"Clark County",16,39,758
01,101,01,053,AL,"Escambia County",14,23,254
01,101,05,119,AR,"Pulaski County",14,27,632
01,101,12,009,FL,"Brevard County",14,24,595
01,101,39,113,OH,"Montgomery County",14,48,654
01,101,45,019,SC,"Charleston County",14,27,668
01,101,01,091,AL,"Marengo County",13,24,303
01,101,12,011,FL,"Broward County",13,26,548
01,101,12,086,FL,"Miami Dade County",13,19,292
01,101,26,125,MI,"Oakland County",13,21,242
01,101,48,113,TX,"Dallas County",13,19,333
01,101,51,650,VA,Hampton,13,37,891
01,101,01,037,AL,"Coosa County",12,25,172
01,101,02,020,AK,"Anchorage Borough",12,37,624
01,101,04,013,AZ,"Maricopa County",12,28,799
01,101,25,017,MA,"Middlesex County",12,25,634
01,101,37,119,NC,"Mecklenburg County",12,24,1111
01,101,47,125,TN,"Montgomery County",12,28,461
01,101,48,439,TX,"Tarrant County",12,28,630
01,101,51,700,VA,"Newport News",12,23,562
01,101,51,810,VA,"Virginia Beach",12,27,481
01,101,01,105,AL,"Perry County",11,19,183
01,101,01,119,AL,"Sumter County",11,17,359
01,101,06,095,CA,"Solano County",11,32,621
01,101,12,073,FL,"Leon County",11,14,275
01,101,12,113,FL,"Santa Rosa County",11,23,647
01,101,13,051,GA,"Chatham County",11,25,304
01,101,35,001,NM,"Bernalillo County",11,38,819
01,101,06,083,CA,"Santa Barbara County",10,28,654
01,101,12,099,FL,"Palm Beach County",10,18,535
01,101,22,015,LA,"Bossier Parish",10,23,504
01,101,22,071,LA,"Orleans Parish",10,17,409
01,101,24,003,MD,"Anne Arundel County",10,27,572
01,101,28,089,MS,"Madison County",10,12,415
01,101,35,035,NM,"Otero County",10,45,678
01,101,39,061,OH,"Hamilton County",10,21,508
01,101,40,109,OK,"Oklahoma County",10,20,391
01,101,45,079,SC,"Richland County",10,13,212
01,101,48,027,TX,"Bell County",10,20,301
01,101,48,141,TX,"El Paso County",10,21,260
01,101,53,053,WA,"Pierce County",10,34,660
01,101,58,000,SS,"Other Flows - Same State",114,190,3573
01,101,59,000,DS,"Other Flows - Diff State",1220,2604,55428
01,101,59,001,DS,"Other Flows - Northeast",166,313,6289
01,101,59,003,DS,"Other Flows - Midwest",202,404,8163
01,101,59,005,DS,"Other Flows - South",680,1483,30080
01,101,59,007,DS,"Other Flows - West",172,404,10896
01,101,57,009,FR,"Foreign - Other flows",171,436,7953
01,103,96,000,AL,"Morgan County Tot Mig-US & For",2120,4448,70971
01,103,97,000,AL,"Morgan County Tot Mig-US",2110,4431,70720
01,103,97,001,AL,"Morgan County Tot Mig-Same St",1391,2877,41484
01,103,97,003,AL,"Morgan County Tot Mig-Diff St",719,1554,29236
01,103,98,000,AL,"Morgan County Tot Mig-Foreign",10,17,250
01,103,01,103,AL,"Morgan County Non-Migrants",37834,86684,1697420
01,103,01,089,AL,"Madison County",308,603,11512
01,103,01,079,AL,"Lawrence County",307,672,7871
01,103,01,043,AL,"Cullman County",163,347,3902
01,103,01,083,AL,"Limestone County",140,287,4011
01,103,01,095,AL,"Marshall County",65,153,2048
01,103,01,073,AL,"Jefferson County",54,98,1733
01,103,01,033,AL,"Colbert County",42,78,1043
01,103,01,077,AL,"Lauderdale County",39,70,902
01,103,01,059,AL,"Franklin County",23,59,537
01,103,01,133,AL,"Winston County",19,48,670
01,103,47,037,TN,"Davidson County",19,36,819
01,103,01,081,AL,"Lee County",18,24,437
01,103,01,125,AL,"Tuscaloosa County",16,34,623
01,103,01,097,AL,"Mobile County",15,30,718
01,103,01,015,AL,"Calhoun County",13,23,524
01,103,01,117,AL,"Shelby County",13,24,405
01,103,17,031,IL,"Cook County",13,31,450
01,103,01,009,AL,"Blount County",12,22,212
01,103,01,049,AL,"De Kalb County",12,23,362
01,103,01,071,AL,"Jackson County",12,31,380
01,103,01,003,AL,"Baldwin County",11,27,416
01,103,01,127,AL,"Walker County",11,27,499
01,103,13,089,GA,"De Kalb County",11,20,305
01,103,47,103,TN,"Lincoln County",11,23,381
01,103,58,000,SS,"Other Flows - Same State",98,197,2679
01,103,59,000,DS,"Other Flows - Diff State",665,1444,27281
01,103,59,001,DS,"Other Flows - Northeast",30,74,1261
01,103,59,003,DS,"Other Flows - Midwest",124,243,4745
01,103,59,005,DS,"Other Flows - South",429,952,17823
01,103,59,007,DS,"Other Flows - West",82,175,3452
01,103,57,009,FR,"Foreign - Other flows",10,17,250
01,105,96,000,AL,"Perry County Tot Mig-US & For",130,288,3494
01,105,97,000,AL,"Perry County Tot Mig-US",130,288,3494
01,105,97,001,AL,"Perry County Tot Mig-Same St",88,198,1990
01,105,97,003,AL,"Perry County Tot Mig-Diff St",42,90,1504
01,105,01,105,AL,"Perry County Non-Migrants",3097,7431,74022
01,105,01,047,AL,"Dallas County",18,46,397
01,105,01,073,AL,"Jefferson County",10,17,272
01,105,58,000,SS,"Other Flows - Same State",60,135,1321
01,105,59,000,DS,"Other Flows - Diff State",42,90,1504
01,107,96,000,AL,"Pickens County Tot Mig-US & For",322,701,8619
01,107,97,000,AL,"Pickens County Tot Mig-US",322,701,8619
01,107,97,001,AL,"Pickens County Tot Mig-Same St",195,437,5503
01,107,97,003,AL,"Pickens County Tot Mig-Diff St",127,264,3116
01,107,01,107,AL,"Pickens County Non-Migrants",6681,15711,211344
01,107,01,125,AL,"Tuscaloosa County",90,206,3043
01,107,28,087,MS,"Lowndes County",31,70,775
01,107,01,075,AL,"Lamar County",22,50,441
01,107,01,073,AL,"Jefferson County",13,23,379
01,107,58,000,SS,"Other Flows - Same State",70,158,1639
01,107,59,000,DS,"Other Flows - Diff State",96,194,2341
01,109,96,000,AL,"Pike County Tot Mig-US & For",637,1221,14546
01,109,97,000,AL,"Pike County Tot Mig-US",608,1170,14293
01,109,97,001,AL,"Pike County Tot Mig-Same St",409,773,9717
01,109,97,003,AL,"Pike County Tot Mig-Diff St",199,397,4576
01,109,98,000,AL,"Pike County Tot Mig-Foreign",29,51,253
01,109,01,109,AL,"Pike County Non-Migrants",8221,18135,273975
01,109,01,041,AL,"Crenshaw County",66,135,1208
01,109,01,101,AL,"Montgomery County",52,87,1107
01,109,01,031,AL,"Coffee County",38,75,1063
01,109,01,045,AL,"Dale County",37,77,664
01,109,01,005,AL,"Barbour County",23,46,310
01,109,01,011,AL,"Bullock County",21,48,640
01,109,01,069,AL,"Houston County",21,42,428
01,109,01,051,AL,"Elmore County",19,35,460
01,109,01,039,AL,"Covington County",16,24,267
01,109,01,073,AL,"Jefferson County",14,25,396
01,109,01,097,AL,"Mobile County",14,20,507
01,109,57,005,FR,"Foreign - APO/FPO ZIPs",11,29,219
01,109,58,000,SS,"Other Flows - Same State",88,159,2667
01,109,59,000,DS,"Other Flows - Diff State",199,397,4576
01,109,59,001,DS,"Other Flows - Northeast",21,41,441
01,109,59,003,DS,"Other Flows - Midwest",22,50,586
01,109,59,005,DS,"Other Flows - South",134,264,2934
01,109,59,007,DS,"Other Flows - West",22,42,615
01,109,57,009,FR,"Foreign - Other flows",18,22,34
01,111,96,000,AL,"Randolph County Tot Mig-US & For",395,882,11171
01,111,97,000,AL,"Randolph County Tot Mig-US",395,882,11171
01,111,97,001,AL,"Randolph County Tot Mig-Same St",154,321,3783
01,111,97,003,AL,"Randolph County Tot Mig-Diff St",241,561,7387
01,111,01,111,AL,"Randolph County Non-Migrants",6909,15850,219383
01,111,13,045,GA,"Carroll County",43,94,1073
01,111,01,017,AL,"Chambers County",42,92,858
01,111,01,015,AL,"Calhoun County",27,60,819
01,111,13,285,GA,"Troup County",22,55,412
01,111,13,149,GA,"Heard County",20,54,416
01,111,01,027,AL,"Clay County",18,28,410
01,111,01,081,AL,"Lee County",14,21,299
01,111,13,077,GA,"Coweta County",11,27,385
01,111,13,097,GA,"Douglas County",11,35,391
01,111,58,000,SS,"Other Flows - Same State",53,120,1398
01,111,59,000,DS,"Other Flows - Diff State",134,296,4709
01,113,96,000,AL,"Russell County Tot Mig-US & For",1689,3583,41276
01,113,97,000,AL,"Russell County Tot Mig-US",1660,3512,40481
01,113,97,001,AL,"Russell County Tot Mig-Same St",521,1088,12945
01,113,97,003,AL,"Russell County Tot Mig-Diff St",1139,2424,27535
01,113,98,000,AL,"Russell County Tot Mig-Foreign",29,71,795
01,113,01,113,AL,"Russell County Non-Migrants",15674,34812,511566
01,113,13,215,GA,"Muscogee County",683,1455,15402
01,113,01,081,AL,"Lee County",374,776,9856
01,113,01,005,AL,"Barbour County",21,47,372
01,113,13,145,GA,"Harris County",21,45,622
01,113,01,101,AL,"Montgomery County",19,36,318
01,113,37,051,NC,"Cumberland County",14,39,440
01,113,01,017,AL,"Chambers County",12,28,230
01,113,01,069,AL,"Houston County",10,24,242
01,113,58,000,SS,"Other Flows - Same State",85,177,1927
01,113,59,000,DS,"Other Flows - Diff State",421,885,11071
01,113,59,001,DS,"Other Flows - Northeast",28,64,812
01,113,59,003,DS,"Other Flows - Midwest",48,96,1152
01,113,59,005,DS,"Other Flows - South",300,630,8075
01,113,59,007,DS,"Other Flows - West",45,95,1033
01,113,57,009,FR,"Foreign - Other flows",29,71,795
01,115,96,000,AL,"St Clair County Tot Mig-US & For",1746,3711,62819
01,115,97,000,AL,"St Clair County Tot Mig-US",1746,3711,62819
01,115,97,001,AL,"St Clair County Tot Mig-Same St",1392,2971,49361
01,115,97,003,AL,"St Clair County Tot Mig-Diff St",354,740,13458
01,115,01,115,AL,"St Clair County Non-Migrants",19133,44548,789796
01,115,01,073,AL,"Jefferson County",872,1886,32269
01,115,01,117,AL,"Shelby County",113,228,4253
01,115,01,121,AL,"Talladega County",75,163,2026
01,115,01,055,AL,"Etowah County",71,144,1925
01,115,01,015,AL,"Calhoun County",62,124,1795
01,115,01,009,AL,"Blount County",36,88,1021
01,115,01,081,AL,"Lee County",12,19,345
01,115,01,125,AL,"Tuscaloosa County",12,19,504
01,115,01,049,AL,"De Kalb County",11,26,467
01,115,13,135,GA,"Gwinnett County",11,24,776
01,115,01,089,AL,"Madison County",10,22,370
01,115,58,000,SS,"Other Flows - Same State",118,252,4385
01,115,59,000,DS,"Other Flows - Diff State",343,716,12682
01,115,59,001,DS,"Other Flows - Northeast",21,39,726
01,115,59,003,DS,"Other Flows - Midwest",64,134,2860
01,115,59,005,DS,"Other Flows - South",228,482,8044
01,115,59,007,DS,"Other Flows - West",30,61,1052
01,117,96,000,AL,"Shelby County Tot Mig-US & For",5756,11455,302055
01,117,97,000,AL,"Shelby County Tot Mig-US",5722,11383,300994
01,117,97,001,AL,"Shelby County Tot Mig-Same St",4059,7805,201152
01,117,97,003,AL,"Shelby County Tot Mig-Diff St",1663,3578,99842
01,117,98,000,AL,"Shelby County Tot Mig-Foreign",34,72,1061
01,117,01,117,AL,"Shelby County Non-Migrants",46141,109896,3101140
01,117,01,073,AL,"Jefferson County",2768,5266,143707
01,117,01,021,AL,"Chilton County",130,285,3955
01,117,01,125,AL,"Tuscaloosa County",110,195,4489
01,117,01,101,AL,"Montgomery County",108,212,5873
01,117,01,115,AL,"St Clair County",94,209,3403
01,117,01,121,AL,"Talladega County",91,206,3661
01,117,01,097,AL,"Mobile County",74,150,4103
01,117,01,007,AL,"Bibb County",63,129,2304
01,117,01,089,AL,"Madison County",54,109,2817
01,117,01,081,AL,"Lee County",52,91,1815
01,117,01,015,AL,"Calhoun County",45,75,1736
01,117,01,003,AL,"Baldwin County",38,79,2057
01,117,01,055,AL,"Etowah County",37,70,1586
01,117,13,135,GA,"Gwinnett County",35,74,2356
01,117,13,121,GA,"Fulton County",34,48,1823
01,117,01,009,AL,"Blount County",33,58,1215
01,117,13,067,GA,"Cobb County",32,60,2234
01,117,01,127,AL,"Walker County",31,75,1861
01,117,12,033,FL,"Escambia County",29,56,1412
01,117,47,157,TN,"Shelby County",29,57,1354
01,117,47,037,TN,"Davidson County",27,52,1541
01,117,01,103,AL,"Morgan County",26,43,1099
01,117,01,043,AL,"Cullman County",23,37,874
01,117,17,031,IL,"Cook County",23,43,1658
01,117,01,001,AL,"Autauga County",22,52,1225
01,117,01,069,AL,"Houston County",21,42,1598
01,117,48,201,TX,"Harris County",21,51,1980
01,117,57,005,FR,"Foreign - APO/FPO ZIPs",19,43,670
01,117,12,011,FL,"Broward County",18,43,1490
01,117,01,051,AL,"Elmore County",17,35,951
01,117,01,077,AL,"Lauderdale County",17,28,732
01,117,13,089,GA,"De Kalb County",17,33,1028
01,117,06,073,CA,"San Diego County",16,31,728
01,117,01,123,AL,"Tallapoosa County",15,28,2234
01,117,12,099,FL,"Palm Beach County",15,34,975
01,117,22,033,LA,"East Baton Rouge Par",15,43,1491
01,117,47,065,TN,"Hamilton County",15,31,931
01,117,12,005,FL,"Bay County",14,26,535
01,117,12,103,FL,"Pinellas County",13,25,677
01,117,37,119,NC,"Mecklenburg County",13,27,1375
01,117,01,047,AL,"Dallas County",12,27,487
01,117,28,047,MS,"Harrison County",12,20,512
01,117,01,045,AL,"Dale County",11,18,369
01,117,01,095,AL,"Marshall County",11,21,308
01,117,04,013,AZ,"Maricopa County",11,26,578
01,117,06,037,CA,"Los Angeles County",11,17,2262
01,117,12,091,FL,"Okaloosa County",11,21,394
01,117,12,095,FL,"Orange County",11,17,334
01,117,22,103,LA,"St Tammany Parish",11,28,875
01,117,28,049,MS,"Hinds County",11,18,453
01,117,32,003,NV,"Clark County",11,21,569
01,117,37,183,NC,"Wake County",11,23,854
01,117,45,045,SC,"Greenville County",11,28,1468
01,117,01,017,AL,"Chambers County",10,17,475
01,117,01,083,AL,"Limestone County",10,17,384
01,117,12,031,FL,"Duval County",10,19,546
01,117,12,057,FL,"Hillsborough County",10,26,684
01,117,12,073,FL,"Leon County",10,21,466
01,117,12,086,FL,"Miami Dade County",10,15,469
01,117,12,117,FL,"Seminole County",10,24,693
01,117,13,117,GA,"Forsyth County",10,23,844
01,117,28,121,MS,"Rankin County",10,25,620
01,117,47,093,TN,"Knox County",10,28,744
01,117,48,113,TX,"Dallas County",10,19,394
01,117,58,000,SS,"Other Flows - Same State",136,231,5831
01,117,59,000,DS,"Other Flows - Diff State",1096,2425,62496
01,117,59,001,DS,"Other Flows - Northeast",104,236,6200
01,117,59,003,DS,"Other Flows - Midwest",206,454,14295
01,117,59,005,DS,"Other Flows - South",668,1491,36151
01,117,59,007,DS,"Other Flows - West",118,244,5851
01,117,57,009,FR,"Foreign - Other flows",15,29,391
01,119,96,000,AL,"Sumter County Tot Mig-US & For",241,460,5573
01,119,97,000,AL,"Sumter County Tot Mig-US",241,460,5573
01,119,97,001,AL,"Sumter County Tot Mig-Same St",114,224,2472
01,119,97,003,AL,"Sumter County Tot Mig-Diff St",127,236,3101
01,119,01,119,AL,"Sumter County Non-Migrants",4209,9874,116099
01,119,28,075,MS,"Lauderdale County",29,57,603
01,119,01,125,AL,"Tuscaloosa County",18,34,465
01,119,01,023,AL,"Choctaw County",15,32,196
01,119,01,063,AL,"Greene County",14,29,438
01,119,01,073,AL,"Jefferson County",11,26,203
01,119,58,000,SS,"Other Flows - Same State",56,103,1170
01,119,59,000,DS,"Other Flows - Diff State",98,179,2498
01,121,96,000,AL,"Talladega Count Tot Mig-US & For",1366,2833,39389
01,121,97,000,AL,"Talladega Count Tot Mig-US",1356,2817,39221
01,121,97,001,AL,"Talladega Count Tot Mig-Same St",1001,2084,28163
01,121,97,003,AL,"Talladega Count Tot Mig-Diff St",355,733,11059
01,121,98,000,AL,"Talladega Count Tot Mig-Foreign",10,16,167
01,121,01,121,AL,"Talladega Count Non-Migrants",24270,54785,828835
01,121,01,015,AL,"Calhoun County",195,439,5715
01,121,01,073,AL,"Jefferson County",142,261,4423
01,121,01,037,AL,"Coosa County",126,278,3418
01,121,01,115,AL,"St Clair County",119,253,3253
01,121,01,117,AL,"Shelby County",95,206,3153
01,121,01,027,AL,"Clay County",63,133,1221
01,121,01,123,AL,"Tallapoosa County",37,73,744
01,121,01,081,AL,"Lee County",21,29,618
01,121,01,101,AL,"Montgomery County",21,37,647
01,121,01,055,AL,"Etowah County",16,26,248
01,121,13,067,GA,"Cobb County",15,29,520
01,121,01,003,AL,"Baldwin County",14,25,822
01,121,01,021,AL,"Chilton County",12,30,254
01,121,01,125,AL,"Tuscaloosa County",11,20,291
01,121,58,000,SS,"Other Flows - Same State",129,274,3355
01,121,59,000,DS,"Other Flows - Diff State",340,704,10539
01,121,59,001,DS,"Other Flows - Northeast",24,51,802
01,121,59,003,DS,"Other Flows - Midwest",51,116,2011
01,121,59,005,DS,"Other Flows - South",238,494,6912
01,121,59,007,DS,"Other Flows - West",27,43,814
01,121,57,009,FR,"Foreign - Other flows",10,16,167
01,123,96,000,AL,"Tallapoosa Coun Tot Mig-US & For",679,1370,25661
01,123,97,000,AL,"Tallapoosa Coun Tot Mig-US",679,1370,25661
01,123,97,001,AL,"Tallapoosa Coun Tot Mig-Same St",464,944,16427
01,123,97,003,AL,"Tallapoosa Coun Tot Mig-Diff St",215,426,9234
01,123,01,123,AL,"Tallapoosa Coun Non-Migrants",12778,28510,462884
01,123,01,037,AL,"Coosa County",86,191,1532
01,123,01,081,AL,"Lee County",59,106,1792
01,123,01,101,AL,"Montgomery County",48,88,2581
01,123,01,051,AL,"Elmore County",46,103,1721
01,123,01,073,AL,"Jefferson County",29,63,1594
01,123,01,121,AL,"Talladega County",25,56,671
01,123,01,027,AL,"Clay County",23,45,554
01,123,01,017,AL,"Chambers County",20,40,521
01,123,01,015,AL,"Calhoun County",14,29,633
01,123,01,117,AL,"Shelby County",14,25,964
01,123,01,087,AL,"Macon County",11,23,196
01,123,01,111,AL,"Randolph County",11,23,164
01,123,58,000,SS,"Other Flows - Same State",78,152,3506
01,123,59,000,DS,"Other Flows - Diff State",215,426,9234
01,123,59,001,DS,"Other Flows - Northeast",15,24,344
01,123,59,003,DS,"Other Flows - Midwest",31,61,1181
01,123,59,005,DS,"Other Flows - South",153,308,7300
01,123,59,007,DS,"Other Flows - West",16,33,409
01,125,96,000,AL,"Tuscaloosa Coun Tot Mig-US & For",3255,5985,97704
01,125,97,000,AL,"Tuscaloosa Coun Tot Mig-US",3068,5792,96348
01,125,97,001,AL,"Tuscaloosa Coun Tot Mig-Same St",1844,3519,53107
01,125,97,003,AL,"Tuscaloosa Coun Tot Mig-Diff St",1224,2273,43242
01,125,98,000,AL,"Tuscaloosa Coun Tot Mig-Foreign",187,193,1355
01,125,01,125,AL,"Tuscaloosa Coun Non-Migrants",52513,116279,2376171
01,125,01,073,AL,"Jefferson County",428,868,15809
01,125,01,065,AL,"Hale County",152,357,3734
01,125,01,107,AL,"Pickens County",127,252,3238
01,125,01,007,AL,"Bibb County",112,266,3324
01,125,01,057,AL,"Fayette County",79,132,2506
01,125,01,117,AL,"Shelby County",73,125,2921
01,125,01,101,AL,"Montgomery County",68,102,1819
01,125,01,063,AL,"Greene County",62,136,1435
01,125,01,097,AL,"Mobile County",58,87,1247
01,125,01,089,AL,"Madison County",40,53,905
01,125,01,127,AL,"Walker County",40,71,868
01,125,01,091,AL,"Marengo County",38,66,1353
01,125,01,119,AL,"Sumter County",36,76,907
01,125,01,075,AL,"Lamar County",32,62,694
01,125,01,093,AL,"Marion County",32,64,925
01,125,01,003,AL,"Baldwin County",31,52,820
01,125,01,103,AL,"Morgan County",30,71,902
01,125,28,087,MS,"Lowndes County",29,53,732
01,125,01,047,AL,"Dallas County",23,42,473
01,125,01,077,AL,"Lauderdale County",23,36,476
01,125,01,095,AL,"Marshall County",23,33,541
01,125,01,105,AL,"Perry County",23,46,528
01,125,01,115,AL,"St Clair County",23,44,628
01,125,13,067,GA,"Cobb County",19,37,952
01,125,13,121,GA,"Fulton County",19,29,551
01,125,47,037,TN,"Davidson County",19,32,1317
01,125,57,005,FR,"Foreign - APO/FPO ZIPs",19,23,341
01,125,01,015,AL,"Calhoun County",18,25,411
01,125,01,081,AL,"Lee County",18,28,394
01,125,47,157,TN,"Shelby County",18,35,984
01,125,28,075,MS,"Lauderdale County",17,30,497
01,125,01,055,AL,"Etowah County",16,26,445
01,125,01,121,AL,"Talladega County",16,22,440
01,125,01,051,AL,"Elmore County",15,27,378
01,125,01,033,AL,"Colbert County",14,23,384
01,125,01,043,AL,"Cullman County",14,26,320
01,125,01,069,AL,"Houston County",13,27,425
01,125,13,135,GA,"Gwinnett County",13,19,391
01,125,26,163,MI,"Wayne County",13,18,182
01,125,12,033,FL,"Escambia County",12,23,299
01,125,48,201,TX,"Harris County",12,21,324
01,125,01,133,AL,"Winston County",11,17,274
01,125,06,037,CA,"Los Angeles County",11,17,388
01,125,06,073,CA,"San Diego County",11,17,230
01,125,13,089,GA,"De Kalb County",11,19,684
01,125,28,105,MS,"Oktibbeha County",11,19,479
01,125,48,439,TX,"Tarrant County",11,25,995
01,125,01,021,AL,"Chilton County",10,24,222
01,125,01,083,AL,"Limestone County",10,14,152
01,125,58,000,SS,"Other Flows - Same State",136,219,3212
01,125,59,000,DS,"Other Flows - Diff State",998,1879,34236
01,125,59,001,DS,"Other Flows - Northeast",88,155,2905
01,125,59,003,DS,"Other Flows - Midwest",181,317,6134
01,125,59,005,DS,"Other Flows - South",623,1200,21695
01,125,59,007,DS,"Other Flows - West",106,207,3501
01,125,57,009,FR,"Foreign - Other flows",168,170,1014
01,127,96,000,AL,"Walker County Tot Mig-US & For",964,1994,27904
01,127,97,000,AL,"Walker County Tot Mig-US",964,1994,27904
01,127,97,001,AL,"Walker County Tot Mig-Same St",690,1419,19836
01,127,97,003,AL,"Walker County Tot Mig-Diff St",274,575,8068
01,127,01,127,AL,"Walker County Non-Migrants",20993,48549,763621
01,127,01,073,AL,"Jefferson County",312,655,9626
01,127,01,133,AL,"Winston County",96,202,2130
01,127,01,043,AL,"Cullman County",38,84,1055
01,127,01,125,AL,"Tuscaloosa County",37,60,1216
01,127,01,057,AL,"Fayette County",26,64,727
01,127,01,117,AL,"Shelby County",24,38,1215
01,127,01,093,AL,"Marion County",20,41,387
01,127,01,009,AL,"Blount County",14,34,308
01,127,58,000,SS,"Other Flows - Same State",123,241,3172
01,127,59,000,DS,"Other Flows - Diff State",274,575,8068
01,127,59,001,DS,"Other Flows - Northeast",11,16,188
01,127,59,003,DS,"Other Flows - Midwest",50,98,1147
01,127,59,005,DS,"Other Flows - South",192,425,6265
01,127,59,007,DS,"Other Flows - West",21,36,469
01,129,96,000,AL,"Washington Coun Tot Mig-US & For",276,592,7039
01,129,97,000,AL,"Washington Coun Tot Mig-US",276,592,7039
01,129,97,001,AL,"Washington Coun Tot Mig-Same St",200,439,5492
01,129,97,003,AL,"Washington Coun Tot Mig-Diff St",76,153,1546
01,129,01,129,AL,"Washington Coun Non-Migrants",5404,13380,199681
01,129,01,097,AL,"Mobile County",113,248,3232
01,129,01,025,AL,"Clarke County",39,81,1038
01,129,01,023,AL,"Choctaw County",15,35,312
01,129,58,000,SS,"Other Flows - Same State",33,75,910
01,129,59,000,DS,"Other Flows - Diff State",76,153,1546
01,131,96,000,AL,"Wilcox County Tot Mig-US & For",214,485,5335
01,131,97,000,AL,"Wilcox County Tot Mig-US",214,485,5335
01,131,97,001,AL,"Wilcox County Tot Mig-Same St",145,345,3264
01,131,97,003,AL,"Wilcox County Tot Mig-Diff St",69,140,2071
01,131,01,131,AL,"Wilcox County Non-Migrants",3756,9500,104946
01,131,01,025,AL,"Clarke County",29,68,885
01,131,01,091,AL,"Marengo County",19,52,494
01,131,01,047,AL,"Dallas County",14,38,294
01,131,01,099,AL,"Monroe County",13,32,238
01,131,01,101,AL,"Montgomery County",11,23,287
01,131,01,073,AL,"Jefferson County",10,24,100
01,131,58,000,SS,"Other Flows - Same State",49,108,967
01,131,59,000,DS,"Other Flows - Diff State",69,140,2071
01,133,96,000,AL,"Winston County Tot Mig-US & For",451,972,13662
01,133,97,000,AL,"Winston County Tot Mig-US",451,972,13662
01,133,97,001,AL,"Winston County Tot Mig-Same St",335,747,10733
01,133,97,003,AL,"Winston County Tot Mig-Diff St",116,225,2929
01,133,01,133,AL,"Winston County Non-Migrants",7548,17416,238891
01,133,01,127,AL,"Walker County",78,173,2675
01,133,01,043,AL,"Cullman County",56,126,2324
01,133,01,093,AL,"Marion County",48,107,808
01,133,01,073,AL,"Jefferson County",33,66,1980
01,133,01,059,AL,"Franklin County",31,79,615
01,133,01,103,AL,"Morgan County",12,26,301
01,133,01,057,AL,"Fayette County",11,25,232
01,133,58,000,SS,"Other Flows - Same State",66,145,1797
01,133,59,000,DS,"Other Flows - Diff State",116,225,2929
