"2003-2004 County to County Migration Outflow",,,,,,,,"Alabama Outflows"
"(Aggregate money amounts are in thousands of dollars)",,,,,,,,
,,,,,,,,
,,,,,,,,
"Migration from",,"Migration into",,,,Number,Number,Aggregate
Alabama,,,,,,of,of,adjusted
State,County,State,County,State,"State totals, county totals,",returns,exemptions,gross
"FIPS Code",,,,,"and county by county detail",,,income
01,000,96,000,AL,"Total Mig - US & For",90509,184950,3203637
01,000,97,000,AL,"Total Mig - US",89249,182406,3158982
01,000,97,001,AL,"Total Mig - US Same St",51391,105026,1735782
01,000,97,003,AL,"Total Mig - US Diff St",37858,77380,1423201
01,000,98,000,AL,"Total Mig - Foreign",1260,2544,44655
01,001,96,000,AL,"Autauga County Tot Mig-US & For",1574,3799,63133
01,001,97,000,AL,"Autauga County Tot Mig-US",1521,3626,59543
01,001,97,001,AL,"Autauga County Tot Mig-Same St",939,1971,30315
01,001,97,003,AL,"Autauga County Tot Mig-Diff St",582,1655,29229
01,001,98,000,AL,"Autauga County Tot Mig-Foreign",53,173,3590
01,001,01,001,AL,"Autauga County Non-Migrants",15737,37607,699588
01,001,01,101,AL,"Montgomery County",353,710,9922
01,001,01,051,AL,"Elmore County",278,602,9393
01,001,01,021,AL,"Chilton County",57,124,1579
01,001,01,073,AL,"Jefferson County",47,81,1839
01,001,01,047,AL,"Dallas County",42,105,1177
01,001,51,059,VA,"Fairfax County",24,96,1907
01,001,01,081,AL,"Lee County",18,32,546
01,001,01,117,AL,"Shelby County",18,32,1061
01,001,01,097,AL,"Mobile County",15,36,906
01,001,08,041,CO,"El Paso County",12,38,734
01,001,51,153,VA,"Prince William Count",12,50,994
01,001,01,125,AL,"Tuscaloosa County",11,14,242
01,001,32,003,NV,"Clark County",10,27,629
01,001,48,029,TX,"Bexar County",10,35,690
01,001,58,000,SS,"Other Flows - Same State",100,235,3650
01,001,59,000,DS,"Other Flows - Diff State",514,1409,24274
01,001,59,001,DS,"Other Flows - Northeast",21,56,735
01,001,59,003,DS,"Other Flows - Midwest",71,192,3575
01,001,59,005,DS,"Other Flows - South",351,966,16787
01,001,59,007,DS,"Other Flows - West",71,195,3177
01,001,57,009,FR,"Foreign - Other flows",53,173,3590
01,003,96,000,AL,"Baldwin County Tot Mig-US & For",2978,5784,105553
01,003,97,000,AL,"Baldwin County Tot Mig-US",2940,5699,104350
01,003,97,001,AL,"Baldwin County Tot Mig-Same St",1136,2111,37573
01,003,97,003,AL,"Baldwin County Tot Mig-Diff St",1804,3588,66777
01,003,98,000,AL,"Baldwin County Tot Mig-Foreign",38,85,1203
01,003,01,003,AL,"Baldwin County Non-Migrants",50309,111453,2399303
01,003,01,097,AL,"Mobile County",560,1010,18192
01,003,12,033,FL,"Escambia County",252,456,7905
01,003,01,073,AL,"Jefferson County",111,176,3271
01,003,01,053,AL,"Escambia County",64,134,1459
01,003,01,081,AL,"Lee County",41,69,1508
01,003,01,101,AL,"Montgomery County",37,80,1510
01,003,01,117,AL,"Shelby County",37,66,1480
01,003,12,113,FL,"Santa Rosa County",36,76,1318
01,003,01,125,AL,"Tuscaloosa County",34,53,1042
01,003,28,059,MS,"Jackson County",26,48,1394
01,003,01,089,AL,"Madison County",22,43,1442
01,003,12,091,FL,"Okaloosa County",22,40,707
01,003,28,047,MS,"Harrison County",21,34,753
01,003,01,001,AL,"Autauga County",20,56,777
01,003,57,005,FR,"Foreign - APO/FPO ZIPs",20,42,559
01,003,48,201,TX,"Harris County",19,54,1014
01,003,12,005,FL,"Bay County",18,29,378
01,003,12,031,FL,"Duval County",18,37,594
01,003,12,095,FL,"Orange County",17,29,585
01,003,13,135,GA,"Gwinnett County",17,33,834
01,003,12,057,FL,"Hillsborough County",15,40,726
01,003,13,067,GA,"Cobb County",15,28,360
01,003,13,121,GA,"Fulton County",15,28,872
01,003,01,051,AL,"Elmore County",14,27,435
01,003,01,099,AL,"Monroe County",14,38,449
01,003,06,073,CA,"San Diego County",14,22,411
01,003,12,011,FL,"Broward County",13,23,792
01,003,13,215,GA,"Muscogee County",13,28,310
01,003,22,051,LA,"Jefferson Parish",13,25,526
01,003,47,037,TN,"Davidson County",13,14,319
01,003,47,157,TN,"Shelby County",13,24,488
01,003,01,025,AL,"Clarke County",12,29,554
01,003,13,089,GA,"De Kalb County",12,18,1107
01,003,01,069,AL,"Houston County",11,24,384
01,003,01,115,AL,"St Clair County",11,19,371
01,003,12,103,FL,"Pinellas County",11,17,220
01,003,22,033,LA,"East Baton Rouge Par",11,23,248
01,003,32,003,NV,"Clark County",11,15,254
01,003,01,103,AL,"Morgan County",10,24,432
01,003,04,013,AZ,"Maricopa County",10,22,418
01,003,06,037,CA,"Los Angeles County",10,22,371
01,003,17,031,IL,"Cook County",10,18,389
01,003,22,071,LA,"Orleans Parish",10,15,941
01,003,28,121,MS,"Rankin County",10,23,187
01,003,47,065,TN,"Hamilton County",10,20,257
01,003,58,000,SS,"Other Flows - Same State",138,263,4267
01,003,59,000,DS,"Other Flows - Diff State",1129,2327,42099
01,003,59,001,DS,"Other Flows - Northeast",79,140,2943
01,003,59,003,DS,"Other Flows - Midwest",194,408,7581
01,003,59,005,DS,"Other Flows - South",729,1526,27303
01,003,59,007,DS,"Other Flows - West",127,253,4272
01,003,57,009,FR,"Foreign - Other flows",18,43,644
01,005,96,000,AL,"Barbour County Tot Mig-US & For",601,1289,20653
01,005,97,000,AL,"Barbour County Tot Mig-US",601,1289,20653
01,005,97,001,AL,"Barbour County Tot Mig-Same St",335,720,8611
01,005,97,003,AL,"Barbour County Tot Mig-Diff St",266,569,12043
01,005,01,005,AL,"Barbour County Non-Migrants",8445,19226,284038
01,005,01,067,AL,"Henry County",53,127,1230
01,005,01,045,AL,"Dale County",46,97,1086
01,005,01,069,AL,"Houston County",43,103,1037
01,005,01,101,AL,"Montgomery County",31,56,718
01,005,01,109,AL,"Pike County",29,58,717
01,005,13,239,GA,"Quitman County",26,67,561
01,005,01,081,AL,"Lee County",21,40,754
01,005,01,011,AL,"Bullock County",20,47,367
01,005,01,073,AL,"Jefferson County",15,24,469
01,005,01,113,AL,"Russell County",12,26,191
01,005,13,215,GA,"Muscogee County",12,23,188
01,005,58,000,SS,"Other Flows - Same State",65,142,2041
01,005,59,000,DS,"Other Flows - Diff State",228,479,11294
01,007,96,000,AL,"Bibb County Tot Mig-US & For",389,897,11889
01,007,97,000,AL,"Bibb County Tot Mig-US",389,897,11889
01,007,97,001,AL,"Bibb County Tot Mig-Same St",334,752,10150
01,007,97,003,AL,"Bibb County Tot Mig-Diff St",55,145,1738
01,007,01,007,AL,"Bibb County Non-Migrants",6253,15130,233612
01,007,01,125,AL,"Tuscaloosa County",92,210,2480
01,007,01,073,AL,"Jefferson County",90,205,3356
01,007,01,117,AL,"Shelby County",59,130,1545
01,007,01,021,AL,"Chilton County",27,71,792
01,007,58,000,SS,"Other Flows - Same State",66,136,1978
01,007,59,000,DS,"Other Flows - Diff State",55,145,1738
01,009,96,000,AL,"Blount County Tot Mig-US & For",1057,2303,33214
01,009,97,000,AL,"Blount County Tot Mig-US",1057,2303,33214
01,009,97,001,AL,"Blount County Tot Mig-Same St",871,1880,27860
01,009,97,003,AL,"Blount County Tot Mig-Diff St",186,423,5354
01,009,01,009,AL,"Blount County Non-Migrants",16307,39838,661542
01,009,01,073,AL,"Jefferson County",401,829,13802
01,009,01,095,AL,"Marshall County",99,234,2290
01,009,01,043,AL,"Cullman County",98,207,3270
01,009,01,115,AL,"St Clair County",53,133,1782
01,009,01,055,AL,"Etowah County",48,108,1248
01,009,01,117,AL,"Shelby County",35,69,1322
01,009,01,127,AL,"Walker County",19,46,400
01,009,01,089,AL,"Madison County",15,28,456
01,009,01,103,AL,"Morgan County",15,32,498
01,009,01,125,AL,"Tuscaloosa County",14,30,342
01,009,01,049,AL,"De Kalb County",11,25,244
01,009,58,000,SS,"Other Flows - Same State",63,139,2206
01,009,59,000,DS,"Other Flows - Diff State",186,423,5354
01,011,96,000,AL,"Bullock County Tot Mig-US & For",211,430,5698
01,011,97,000,AL,"Bullock County Tot Mig-US",211,430,5698
01,011,97,001,AL,"Bullock County Tot Mig-Same St",167,349,4228
01,011,97,003,AL,"Bullock County Tot Mig-Diff St",44,81,1470
01,011,01,011,AL,"Bullock County Non-Migrants",3090,6918,80816
01,011,01,101,AL,"Montgomery County",55,110,1676
01,011,01,005,AL,"Barbour County",24,49,521
01,011,01,087,AL,"Macon County",17,38,218
01,011,01,109,AL,"Pike County",15,44,271
01,011,01,081,AL,"Lee County",13,22,343
01,011,01,113,AL,"Russell County",11,21,176
01,011,58,000,SS,"Other Flows - Same State",32,65,1023
01,011,59,000,DS,"Other Flows - Diff State",44,81,1470
01,013,96,000,AL,"Butler County Tot Mig-US & For",351,706,9432
01,013,97,000,AL,"Butler County Tot Mig-US",351,706,9432
01,013,97,001,AL,"Butler County Tot Mig-Same St",254,520,6760
01,013,97,003,AL,"Butler County Tot Mig-Diff St",97,186,2672
01,013,01,013,AL,"Butler County Non-Migrants",6817,15614,219186
01,013,01,101,AL,"Montgomery County",66,128,1622
01,013,01,041,AL,"Crenshaw County",23,53,426
01,013,01,039,AL,"Covington County",21,44,479
01,013,01,085,AL,"Lowndes County",19,42,473
01,013,01,003,AL,"Baldwin County",16,35,506
01,013,01,035,AL,"Conecuh County",15,26,288
01,013,01,097,AL,"Mobile County",14,29,372
01,013,01,073,AL,"Jefferson County",11,13,267
01,013,01,081,AL,"Lee County",10,14,497
01,013,58,000,SS,"Other Flows - Same State",59,136,1830
01,013,59,000,DS,"Other Flows - Diff State",97,186,2672
01,015,96,000,AL,"Calhoun County Tot Mig-US & For",2272,4591,73086
01,015,97,000,AL,"Calhoun County Tot Mig-US",2253,4558,72658
01,015,97,001,AL,"Calhoun County Tot Mig-Same St",1250,2546,38261
01,015,97,003,AL,"Calhoun County Tot Mig-Diff St",1003,2012,34397
01,015,98,000,AL,"Calhoun County Tot Mig-Foreign",19,33,428
01,015,01,015,AL,"Calhoun County Non-Migrants",40232,90305,1595393
01,015,01,055,AL,"Etowah County",261,552,7760
01,015,01,121,AL,"Talladega County",200,434,5716
01,015,01,073,AL,"Jefferson County",159,270,5309
01,015,01,115,AL,"St Clair County",88,169,3365
01,015,01,029,AL,"Cleburne County",59,124,1592
01,015,01,117,AL,"Shelby County",46,82,1838
01,015,01,019,AL,"Cherokee County",40,99,1101
01,015,01,089,AL,"Madison County",39,80,1926
01,015,01,111,AL,"Randolph County",36,79,1013
01,015,13,121,GA,"Fulton County",33,62,1108
01,015,01,027,AL,"Clay County",30,51,877
01,015,01,125,AL,"Tuscaloosa County",28,46,914
01,015,01,081,AL,"Lee County",27,44,564
01,015,01,101,AL,"Montgomery County",27,56,822
01,015,13,067,GA,"Cobb County",26,47,511
01,015,01,095,AL,"Marshall County",25,54,550
01,015,01,003,AL,"Baldwin County",23,51,684
01,015,13,045,GA,"Carroll County",23,44,734
01,015,01,049,AL,"De Kalb County",17,38,511
01,015,13,135,GA,"Gwinnett County",17,27,559
01,015,01,097,AL,"Mobile County",14,28,324
01,015,13,097,GA,"Douglas County",14,29,477
01,015,04,013,AZ,"Maricopa County",13,28,878
01,015,13,115,GA,"Floyd County",13,26,319
01,015,13,233,GA,"Polk County",13,24,419
01,015,12,105,FL,"Polk County",12,29,693
01,015,01,123,AL,"Tallapoosa County",11,22,156
01,015,12,057,FL,"Hillsborough County",11,17,245
01,015,12,091,FL,"Okaloosa County",11,24,569
01,015,13,089,GA,"De Kalb County",11,22,137
01,015,01,043,AL,"Cullman County",10,23,182
01,015,01,051,AL,"Elmore County",10,27,302
01,015,12,031,FL,"Duval County",10,15,200
01,015,13,215,GA,"Muscogee County",10,21,168
01,015,58,000,SS,"Other Flows - Same State",100,217,2757
01,015,59,000,DS,"Other Flows - Diff State",786,1597,27380
01,015,59,001,DS,"Other Flows - Northeast",40,79,1116
01,015,59,003,DS,"Other Flows - Midwest",88,189,3126
01,015,59,005,DS,"Other Flows - South",581,1174,20064
01,015,59,007,DS,"Other Flows - West",77,155,3074
01,015,57,009,FR,"Foreign - Other flows",19,33,428
01,017,96,000,AL,"Chambers County Tot Mig-US & For",738,1542,20415
01,017,97,000,AL,"Chambers County Tot Mig-US",738,1542,20415
01,017,97,001,AL,"Chambers County Tot Mig-Same St",365,755,9153
01,017,97,003,AL,"Chambers County Tot Mig-Diff St",373,787,11262
01,017,01,017,AL,"Chambers County Non-Migrants",13009,29342,436338
01,017,01,081,AL,"Lee County",216,474,5613
01,017,13,285,GA,"Troup County",139,358,5514
01,017,01,111,AL,"Randolph County",39,79,770
01,017,01,123,AL,"Tallapoosa County",19,40,448
01,017,13,121,GA,"Fulton County",16,32,360
01,017,13,215,GA,"Muscogee County",16,32,521
01,017,13,145,GA,"Harris County",13,36,406
01,017,01,073,AL,"Jefferson County",11,17,271
01,017,58,000,SS,"Other Flows - Same State",80,145,2051
01,017,59,000,DS,"Other Flows - Diff State",189,329,4462
01,019,96,000,AL,"Cherokee County Tot Mig-US & For",407,883,10670
01,019,97,000,AL,"Cherokee County Tot Mig-US",407,883,10670
01,019,97,001,AL,"Cherokee County Tot Mig-Same St",212,462,5555
01,019,97,003,AL,"Cherokee County Tot Mig-Diff St",195,421,5115
01,019,01,019,AL,"Cherokee County Non-Migrants",7449,16984,259638
01,019,01,055,AL,"Etowah County",60,126,1740
01,019,01,049,AL,"De Kalb County",55,137,1251
01,019,13,115,GA,"Floyd County",46,91,1509
01,019,01,015,AL,"Calhoun County",41,87,1173
01,019,13,055,GA,"Chattooga County",25,68,601
01,019,01,073,AL,"Jefferson County",12,20,346
01,019,58,000,SS,"Other Flows - Same State",44,92,1044
01,019,59,000,DS,"Other Flows - Diff State",124,262,3005
01,021,96,000,AL,"Chilton County Tot Mig-US & For",612,1319,17536
01,021,97,000,AL,"Chilton County Tot Mig-US",612,1319,17536
01,021,97,001,AL,"Chilton County Tot Mig-Same St",453,998,13655
01,021,97,003,AL,"Chilton County Tot Mig-Diff St",159,321,3881
01,021,01,021,AL,"Chilton County Non-Migrants",12099,28612,472053
01,021,01,117,AL,"Shelby County",129,301,3779
01,021,01,073,AL,"Jefferson County",70,111,2184
01,021,01,001,AL,"Autauga County",50,131,1666
01,021,01,007,AL,"Bibb County",41,105,1190
01,021,01,101,AL,"Montgomery County",27,46,751
01,021,01,051,AL,"Elmore County",22,48,597
01,021,01,047,AL,"Dallas County",17,46,713
01,021,01,003,AL,"Baldwin County",10,20,211
01,021,01,121,AL,"Talladega County",10,29,353
01,021,58,000,SS,"Other Flows - Same State",77,161,2211
01,021,59,000,DS,"Other Flows - Diff State",159,321,3881
01,021,59,001,DS,"Other Flows - Northeast",11,23,203
01,021,59,003,DS,"Other Flows - Midwest",11,25,255
01,021,59,005,DS,"Other Flows - South",121,245,3020
01,021,59,007,DS,"Other Flows - West",16,28,403
01,023,96,000,AL,"Choctaw County Tot Mig-US & For",223,491,5799
01,023,97,000,AL,"Choctaw County Tot Mig-US",223,491,5799
01,023,97,001,AL,"Choctaw County Tot Mig-Same St",98,214,2593
01,023,97,003,AL,"Choctaw County Tot Mig-Diff St",125,277,3206
01,023,01,023,AL,"Choctaw County Non-Migrants",4706,11208,178908
01,023,28,075,MS,"Lauderdale County",20,46,604
01,023,01,097,AL,"Mobile County",15,27,409
01,023,01,091,AL,"Marengo County",11,19,266
01,023,01,025,AL,"Clarke County",10,20,271
01,023,01,119,AL,"Sumter County",10,24,286
01,023,01,125,AL,"Tuscaloosa County",10,27,385
01,023,28,023,MS,"Clarke County",10,24,286
01,023,28,153,MS,"Wayne County",10,26,168
01,023,58,000,SS,"Other Flows - Same State",42,97,976
01,023,59,000,DS,"Other Flows - Diff State",85,181,2149
01,025,96,000,AL,"Clarke County Tot Mig-US & For",443,942,14860
01,025,97,000,AL,"Clarke County Tot Mig-US",443,942,14860
01,025,97,001,AL,"Clarke County Tot Mig-Same St",306,648,8967
01,025,97,003,AL,"Clarke County Tot Mig-Diff St",137,294,5894
01,025,01,025,AL,"Clarke County Non-Migrants",8660,21423,346614
01,025,01,097,AL,"Mobile County",61,112,1515
01,025,01,129,AL,"Washington County",33,81,796
01,025,01,091,AL,"Marengo County",31,76,819
01,025,01,131,AL,"Wilcox County",24,61,738
01,025,01,003,AL,"Baldwin County",19,42,865
01,025,01,101,AL,"Montgomery County",13,30,191
01,025,01,125,AL,"Tuscaloosa County",12,22,268
01,025,01,073,AL,"Jefferson County",11,22,792
01,025,01,023,AL,"Choctaw County",10,23,354
01,025,58,000,SS,"Other Flows - Same State",92,179,2629
01,025,59,000,DS,"Other Flows - Diff State",137,294,5894
01,027,96,000,AL,"Clay County Tot Mig-US & For",284,590,6641
01,027,97,000,AL,"Clay County Tot Mig-US",284,590,6641
01,027,97,001,AL,"Clay County Tot Mig-Same St",218,462,5004
01,027,97,003,AL,"Clay County Tot Mig-Diff St",66,128,1637
01,027,01,027,AL,"Clay County Non-Migrants",4964,11377,178964
01,027,01,015,AL,"Calhoun County",59,122,1299
01,027,01,121,AL,"Talladega County",42,96,900
01,027,01,123,AL,"Tallapoosa County",29,60,537
01,027,01,111,AL,"Randolph County",23,52,585
01,027,01,117,AL,"Shelby County",10,24,262
01,027,58,000,SS,"Other Flows - Same State",55,108,1421
01,027,59,000,DS,"Other Flows - Diff State",66,128,1637
01,029,96,000,AL,"Cleburne County Tot Mig-US & For",304,686,7631
01,029,97,000,AL,"Cleburne County Tot Mig-US",304,686,7631
01,029,97,001,AL,"Cleburne County Tot Mig-Same St",153,338,3298
01,029,97,003,AL,"Cleburne County Tot Mig-Diff St",151,348,4333
01,029,01,029,AL,"Cleburne County Non-Migrants",4266,10147,154805
01,029,01,015,AL,"Calhoun County",88,194,1972
01,029,13,045,GA,"Carroll County",40,85,1191
01,029,13,143,GA,"Haralson County",35,90,879
01,029,01,111,AL,"Randolph County",21,55,353
01,029,01,027,AL,"Clay County",12,22,266
01,029,01,055,AL,"Etowah County",12,22,223
01,029,58,000,SS,"Other Flows - Same State",20,45,484
01,029,59,000,DS,"Other Flows - Diff State",76,173,2263
01,031,96,000,AL,"Coffee County Tot Mig-US & For",1592,3192,55518
01,031,97,000,AL,"Coffee County Tot Mig-US",1469,2984,51302
01,031,97,001,AL,"Coffee County Tot Mig-Same St",656,1360,22746
01,031,97,003,AL,"Coffee County Tot Mig-Diff St",813,1624,28556
01,031,98,000,AL,"Coffee County Tot Mig-Foreign",123,208,4216
01,031,01,031,AL,"Coffee County Non-Migrants",14005,32169,590123
01,031,01,045,AL,"Dale County",196,439,5520
01,031,01,069,AL,"Houston County",102,197,3360
01,031,47,125,TN,"Montgomery County",69,123,1931
01,031,01,039,AL,"Covington County",68,146,1511
01,031,01,061,AL,"Geneva County",64,134,5236
01,031,01,109,AL,"Pike County",49,106,1002
01,031,37,051,NC,"Cumberland County",44,80,1512
01,031,48,027,TX,"Bell County",44,96,1748
01,031,01,101,AL,"Montgomery County",28,51,1065
01,031,01,073,AL,"Jefferson County",25,40,886
01,031,13,051,GA,"Chatham County",19,40,763
01,031,12,091,FL,"Okaloosa County",18,23,618
01,031,01,081,AL,"Lee County",14,18,348
01,031,12,005,FL,"Bay County",14,24,520
01,031,01,041,AL,"Crenshaw County",13,33,255
01,031,01,097,AL,"Mobile County",12,21,310
01,031,01,089,AL,"Madison County",11,28,753
01,031,15,003,HI,"Honolulu County",11,22,429
01,031,36,045,NY,"Jefferson County",11,23,447
01,031,01,003,AL,"Baldwin County",10,15,340
01,031,08,041,CO,"El Paso County",10,20,328
01,031,12,033,FL,"Escambia County",10,21,328
01,031,58,000,SS,"Other Flows - Same State",64,132,2163
01,031,59,000,DS,"Other Flows - Diff State",563,1152,19932
01,031,59,001,DS,"Other Flows - Northeast",44,70,1392
01,031,59,003,DS,"Other Flows - Midwest",63,131,2309
01,031,59,005,DS,"Other Flows - South",358,751,12640
01,031,59,007,DS,"Other Flows - West",98,200,3590
01,031,57,009,FR,"Foreign - Other flows",123,208,4216
01,033,96,000,AL,"Colbert County Tot Mig-US & For",1029,2070,30576
01,033,97,000,AL,"Colbert County Tot Mig-US",1029,2070,30576
01,033,97,001,AL,"Colbert County Tot Mig-Same St",740,1530,20530
01,033,97,003,AL,"Colbert County Tot Mig-Diff St",289,540,10046
01,033,01,033,AL,"Colbert County Non-Migrants",18007,40784,719583
01,033,01,077,AL,"Lauderdale County",361,772,9677
01,033,01,059,AL,"Franklin County",98,221,2447
01,033,01,089,AL,"Madison County",55,102,1811
01,033,01,079,AL,"Lawrence County",37,79,823
01,033,01,103,AL,"Morgan County",30,65,898
01,033,01,073,AL,"Jefferson County",20,25,690
01,033,01,083,AL,"Limestone County",16,37,472
01,033,28,141,MS,"Tishomingo County",15,27,291
01,033,01,117,AL,"Shelby County",14,21,646
01,033,01,125,AL,"Tuscaloosa County",14,25,482
01,033,01,093,AL,"Marion County",12,20,197
01,033,58,000,SS,"Other Flows - Same State",83,163,2388
01,033,59,000,DS,"Other Flows - Diff State",274,513,9755
01,033,59,001,DS,"Other Flows - Northeast",12,26,338
01,033,59,003,DS,"Other Flows - Midwest",33,62,1116
01,033,59,005,DS,"Other Flows - South",194,361,6603
01,033,59,007,DS,"Other Flows - West",35,64,1698
01,035,96,000,AL,"Conecuh County Tot Mig-US & For",278,600,6888
01,035,97,000,AL,"Conecuh County Tot Mig-US",278,600,6888
01,035,97,001,AL,"Conecuh County Tot Mig-Same St",200,439,5008
01,035,97,003,AL,"Conecuh County Tot Mig-Diff St",78,161,1881
01,035,01,035,AL,"Conecuh County Non-Migrants",4289,9876,128650
01,035,01,053,AL,"Escambia County",57,127,1296
01,035,01,099,AL,"Monroe County",36,101,848
01,035,01,039,AL,"Covington County",17,35,385
01,035,01,101,AL,"Montgomery County",17,27,337
01,035,12,033,FL,"Escambia County",10,17,163
01,035,58,000,SS,"Other Flows - Same State",73,149,2142
01,035,59,000,DS,"Other Flows - Diff State",68,144,1718
01,037,96,000,AL,"Coosa County Tot Mig-US & For",369,812,8887
01,037,97,000,AL,"Coosa County Tot Mig-US",369,812,8887
01,037,97,001,AL,"Coosa County Tot Mig-Same St",312,701,7423
01,037,97,003,AL,"Coosa County Tot Mig-Diff St",57,111,1464
01,037,01,037,AL,"Coosa County Non-Migrants",3952,8998,139028
01,037,01,121,AL,"Talladega County",116,269,2865
01,037,01,123,AL,"Tallapoosa County",91,217,2090
01,037,01,073,AL,"Jefferson County",20,37,317
01,037,01,051,AL,"Elmore County",14,27,335
01,037,01,027,AL,"Clay County",11,27,282
01,037,58,000,SS,"Other Flows - Same State",60,124,1534
01,037,59,000,DS,"Other Flows - Diff State",57,111,1464
01,039,96,000,AL,"Covington Count Tot Mig-US & For",577,1182,14607
01,039,97,000,AL,"Covington Count Tot Mig-US",577,1182,14607
01,039,97,001,AL,"Covington Count Tot Mig-Same St",301,598,7691
01,039,97,003,AL,"Covington Count Tot Mig-Diff St",276,584,6917
01,039,01,039,AL,"Covington Count Non-Migrants",11551,26060,398909
01,039,01,031,AL,"Coffee County",58,127,1285
01,039,12,091,FL,"Okaloosa County",37,66,812
01,039,12,131,FL,"Walton County",29,66,841
01,039,01,041,AL,"Crenshaw County",24,50,530
01,039,01,061,AL,"Geneva County",22,42,527
01,039,01,013,AL,"Butler County",18,38,471
01,039,12,033,FL,"Escambia County",18,37,400
01,039,01,069,AL,"Houston County",16,42,359
01,039,01,101,AL,"Montgomery County",16,32,423
01,039,01,035,AL,"Conecuh County",15,26,343
01,039,01,045,AL,"Dale County",15,32,319
01,039,01,073,AL,"Jefferson County",15,31,755
01,039,01,109,AL,"Pike County",14,21,394
01,039,01,097,AL,"Mobile County",13,19,374
01,039,12,113,FL,"Santa Rosa County",13,31,370
01,039,01,081,AL,"Lee County",11,16,189
01,039,58,000,SS,"Other Flows - Same State",64,122,1723
01,039,59,000,DS,"Other Flows - Diff State",179,384,4493
01,041,96,000,AL,"Crenshaw County Tot Mig-US & For",324,687,7191
01,041,97,000,AL,"Crenshaw County Tot Mig-US",324,687,7191
01,041,97,001,AL,"Crenshaw County Tot Mig-Same St",243,539,5851
01,041,97,003,AL,"Crenshaw County Tot Mig-Diff St",81,148,1340
01,041,01,041,AL,"Crenshaw County Non-Migrants",4699,10627,146788
01,041,01,109,AL,"Pike County",61,133,1311
01,041,01,101,AL,"Montgomery County",57,126,1357
01,041,01,039,AL,"Covington County",26,69,623
01,041,01,013,AL,"Butler County",19,45,531
01,041,01,031,AL,"Coffee County",18,44,455
01,041,01,051,AL,"Elmore County",10,23,303
01,041,58,000,SS,"Other Flows - Same State",52,99,1272
01,041,59,000,DS,"Other Flows - Diff State",81,148,1340
01,043,96,000,AL,"Cullman County Tot Mig-US & For",1188,2448,36554
01,043,97,000,AL,"Cullman County Tot Mig-US",1177,2433,36387
01,043,97,001,AL,"Cullman County Tot Mig-Same St",790,1624,24442
01,043,97,003,AL,"Cullman County Tot Mig-Diff St",387,809,11946
01,043,98,000,AL,"Cullman County Tot Mig-Foreign",11,15,166
01,043,01,043,AL,"Cullman County Non-Migrants",24844,58004,964820
01,043,01,103,AL,"Morgan County",151,328,4375
01,043,01,073,AL,"Jefferson County",137,249,5456
01,043,01,095,AL,"Marshall County",92,199,2160
01,043,01,009,AL,"Blount County",78,198,2257
01,043,01,089,AL,"Madison County",52,87,1905
01,043,01,127,AL,"Walker County",47,92,1273
01,043,01,133,AL,"Winston County",30,63,1209
01,043,01,117,AL,"Shelby County",27,42,909
01,043,01,125,AL,"Tuscaloosa County",20,33,659
01,043,01,003,AL,"Baldwin County",16,30,582
01,043,01,083,AL,"Limestone County",14,41,465
01,043,01,055,AL,"Etowah County",13,41,338
01,043,01,077,AL,"Lauderdale County",12,21,289
01,043,01,081,AL,"Lee County",11,18,379
01,043,01,097,AL,"Mobile County",10,20,196
01,043,58,000,SS,"Other Flows - Same State",80,162,1991
01,043,59,000,DS,"Other Flows - Diff State",387,809,11946
01,043,59,001,DS,"Other Flows - Northeast",14,27,380
01,043,59,003,DS,"Other Flows - Midwest",62,110,1419
01,043,59,005,DS,"Other Flows - South",258,557,8335
01,043,59,007,DS,"Other Flows - West",53,115,1811
01,043,57,009,FR,"Foreign - Other flows",11,15,166
01,045,96,000,AL,"Dale County Tot Mig-US & For",2342,5582,73869
01,045,97,000,AL,"Dale County Tot Mig-US",2125,5076,66848
01,045,97,001,AL,"Dale County Tot Mig-Same St",934,2105,27651
01,045,97,003,AL,"Dale County Tot Mig-Diff St",1191,2971,39197
01,045,98,000,AL,"Dale County Tot Mig-Foreign",217,506,7020
01,045,01,045,AL,"Dale County Non-Migrants",14318,32914,532436
01,045,01,069,AL,"Houston County",369,825,10123
01,045,01,031,AL,"Coffee County",279,677,9780
01,045,47,125,TN,"Montgomery County",60,188,1688
01,045,48,027,TX,"Bell County",52,158,1920
01,045,37,051,NC,"Cumberland County",48,156,1937
01,045,01,067,AL,"Henry County",46,98,1314
01,045,15,003,HI,"Honolulu County",34,100,1162
01,045,01,005,AL,"Barbour County",32,70,784
01,045,01,061,AL,"Geneva County",32,78,912
01,045,01,109,AL,"Pike County",26,55,576
01,045,36,045,NY,"Jefferson County",25,78,824
01,045,22,115,LA,"Vernon Parish",23,59,625
01,045,01,073,AL,"Jefferson County",22,49,527
01,045,02,090,AK,"Fairbanks North Star",21,67,671
01,045,13,051,GA,"Chatham County",19,48,714
01,045,01,101,AL,"Montgomery County",17,26,561
01,045,12,005,FL,"Bay County",17,27,612
01,045,13,215,GA,"Muscogee County",16,43,431
01,045,01,089,AL,"Madison County",15,40,618
01,045,21,047,KY,"Christian County",14,33,372
01,045,51,059,VA,"Fairfax County",13,34,499
01,045,01,081,AL,"Lee County",12,20,268
01,045,01,097,AL,"Mobile County",12,18,251
01,045,06,071,CA,"San Bernardino Count",11,26,437
01,045,12,057,FL,"Hillsborough County",11,29,522
01,045,48,029,TX,"Bexar County",11,28,388
01,045,51,650,VA,Hampton,11,16,500
01,045,08,041,CO,"El Paso County",10,34,382
01,045,12,009,FL,"Brevard County",10,16,247
01,045,21,125,KY,"Laurel County",10,40,277
01,045,53,053,WA,"Pierce County",10,20,263
01,045,58,000,SS,"Other Flows - Same State",72,149,1937
01,045,59,000,DS,"Other Flows - Diff State",765,1771,24728
01,045,59,001,DS,"Other Flows - Northeast",54,99,1769
01,045,59,003,DS,"Other Flows - Midwest",121,297,4019
01,045,59,005,DS,"Other Flows - South",461,1066,14781
01,045,59,007,DS,"Other Flows - West",129,309,4159
01,045,57,009,FR,"Foreign - Other flows",217,506,7020
01,047,96,000,AL,"Dallas County Tot Mig-US & For",754,1587,19835
01,047,97,000,AL,"Dallas County Tot Mig-US",754,1587,19835
01,047,97,001,AL,"Dallas County Tot Mig-Same St",469,1041,12429
01,047,97,003,AL,"Dallas County Tot Mig-Diff St",285,546,7406
01,047,01,047,AL,"Dallas County Non-Migrants",14181,33482,442059
01,047,01,101,AL,"Montgomery County",121,275,2708
01,047,01,001,AL,"Autauga County",67,158,1911
01,047,01,073,AL,"Jefferson County",44,97,1178
01,047,01,021,AL,"Chilton County",27,60,716
01,047,01,105,AL,"Perry County",23,50,471
01,047,01,003,AL,"Baldwin County",18,40,582
01,047,01,097,AL,"Mobile County",18,33,431
01,047,01,125,AL,"Tuscaloosa County",18,33,423
01,047,01,085,AL,"Lowndes County",17,46,407
01,047,12,033,FL,"Escambia County",15,29,357
01,047,01,089,AL,"Madison County",11,31,167
01,047,01,117,AL,"Shelby County",11,18,285
01,047,01,051,AL,"Elmore County",10,17,242
01,047,01,065,AL,"Hale County",10,16,102
01,047,58,000,SS,"Other Flows - Same State",74,167,2805
01,047,59,000,DS,"Other Flows - Diff State",270,517,7049
01,049,96,000,AL,"De Kalb County Tot Mig-US & For",1191,2538,29029
01,049,97,000,AL,"De Kalb County Tot Mig-US",1191,2538,29029
01,049,97,001,AL,"De Kalb County Tot Mig-Same St",781,1711,19536
01,049,97,003,AL,"De Kalb County Tot Mig-Diff St",410,827,9492
01,049,01,049,AL,"De Kalb County Non-Migrants",21449,50471,776508
01,049,01,095,AL,"Marshall County",266,610,6579
01,049,01,071,AL,"Jackson County",152,343,3370
01,049,01,055,AL,"Etowah County",91,202,1999
01,049,01,019,AL,"Cherokee County",54,117,1316
01,049,01,089,AL,"Madison County",44,81,1223
01,049,47,065,TN,"Hamilton County",32,57,1008
01,049,01,073,AL,"Jefferson County",30,49,722
01,049,01,015,AL,"Calhoun County",25,57,612
01,049,13,083,GA,"Dade County",21,46,605
01,049,01,009,AL,"Blount County",13,41,501
01,049,01,117,AL,"Shelby County",13,24,620
01,049,01,081,AL,"Lee County",11,14,234
01,049,01,115,AL,"St Clair County",10,19,437
01,049,58,000,SS,"Other Flows - Same State",72,154,1925
01,049,59,000,DS,"Other Flows - Diff State",357,724,7879
01,049,59,001,DS,"Other Flows - Northeast",10,15,120
01,049,59,003,DS,"Other Flows - Midwest",39,82,757
01,049,59,005,DS,"Other Flows - South",274,563,6209
01,049,59,007,DS,"Other Flows - West",34,64,794
01,051,96,000,AL,"Elmore County Tot Mig-US & For",1825,3961,63743
01,051,97,000,AL,"Elmore County Tot Mig-US",1802,3903,62946
01,051,97,001,AL,"Elmore County Tot Mig-Same St",1305,2756,42497
01,051,97,003,AL,"Elmore County Tot Mig-Diff St",497,1147,20449
01,051,98,000,AL,"Elmore County Tot Mig-Foreign",23,58,797
01,051,01,051,AL,"Elmore County Non-Migrants",22185,52105,988561
01,051,01,101,AL,"Montgomery County",551,1126,17073
01,051,01,001,AL,"Autauga County",272,637,8688
01,051,01,123,AL,"Tallapoosa County",69,154,2393
01,051,01,073,AL,"Jefferson County",52,81,1499
01,051,01,081,AL,"Lee County",43,83,1560
01,051,01,117,AL,"Shelby County",30,66,2281
01,051,01,021,AL,"Chilton County",27,67,546
01,051,01,087,AL,"Macon County",27,66,506
01,051,01,003,AL,"Baldwin County",19,36,915
01,051,01,037,AL,"Coosa County",16,44,682
01,051,01,097,AL,"Mobile County",16,22,344
01,051,01,089,AL,"Madison County",15,25,596
01,051,01,125,AL,"Tuscaloosa County",14,22,430
01,051,13,121,GA,"Fulton County",12,18,245
01,051,13,215,GA,"Muscogee County",11,23,185
01,051,12,091,FL,"Okaloosa County",10,21,545
01,051,58,000,SS,"Other Flows - Same State",154,327,4984
01,051,59,000,DS,"Other Flows - Diff State",464,1085,19475
01,051,59,001,DS,"Other Flows - Northeast",19,44,686
01,051,59,003,DS,"Other Flows - Midwest",46,119,1564
01,051,59,005,DS,"Other Flows - South",326,742,13823
01,051,59,007,DS,"Other Flows - West",73,180,3402
01,051,57,009,FR,"Foreign - Other flows",23,58,797
01,053,96,000,AL,"Escambia County Tot Mig-US & For",660,1322,16245
01,053,97,000,AL,"Escambia County Tot Mig-US",660,1322,16245
01,053,97,001,AL,"Escambia County Tot Mig-Same St",339,689,8106
01,053,97,003,AL,"Escambia County Tot Mig-Diff St",321,633,8139
01,053,01,053,AL,"Escambia County Non-Migrants",11231,25901,392401
01,053,12,033,FL,"Escambia County",105,218,2629
01,053,01,003,AL,"Baldwin County",100,215,2070
01,053,12,113,FL,"Santa Rosa County",46,93,1484
01,053,01,097,AL,"Mobile County",41,75,796
01,053,01,035,AL,"Conecuh County",31,73,911
01,053,01,073,AL,"Jefferson County",29,50,905
01,053,01,101,AL,"Montgomery County",20,31,426
01,053,01,099,AL,"Monroe County",19,49,445
01,053,01,039,AL,"Covington County",13,32,398
01,053,01,081,AL,"Lee County",10,15,182
01,053,01,125,AL,"Tuscaloosa County",10,18,175
01,053,58,000,SS,"Other Flows - Same State",66,131,1798
01,053,59,000,DS,"Other Flows - Diff State",170,322,4026
01,055,96,000,AL,"Etowah County Tot Mig-US & For",1698,3398,46402
01,055,97,000,AL,"Etowah County Tot Mig-US",1698,3398,46402
01,055,97,001,AL,"Etowah County Tot Mig-Same St",1158,2327,30647
01,055,97,003,AL,"Etowah County Tot Mig-Diff St",540,1071,15755
01,055,01,055,AL,"Etowah County Non-Migrants",32193,72928,1225249
01,055,01,015,AL,"Calhoun County",266,533,6807
01,055,01,095,AL,"Marshall County",232,484,5443
01,055,01,073,AL,"Jefferson County",128,205,4676
01,055,01,049,AL,"De Kalb County",84,199,1841
01,055,01,115,AL,"St Clair County",80,166,2182
01,055,01,019,AL,"Cherokee County",54,112,1524
01,055,01,009,AL,"Blount County",51,116,940
01,055,01,089,AL,"Madison County",49,101,1289
01,055,01,117,AL,"Shelby County",34,64,1399
01,055,01,125,AL,"Tuscaloosa County",20,30,622
01,055,01,101,AL,"Montgomery County",17,32,554
01,055,01,043,AL,"Cullman County",15,28,291
01,055,13,067,GA,"Cobb County",14,22,458
01,055,01,121,AL,"Talladega County",13,22,434
01,055,13,089,GA,"De Kalb County",12,26,503
01,055,01,081,AL,"Lee County",11,13,139
01,055,01,103,AL,"Morgan County",10,16,239
01,055,13,121,GA,"Fulton County",10,20,306
01,055,47,065,TN,"Hamilton County",10,18,197
01,055,58,000,SS,"Other Flows - Same State",94,206,2268
01,055,59,000,DS,"Other Flows - Diff State",494,985,14291
01,055,59,001,DS,"Other Flows - Northeast",12,22,305
01,055,59,003,DS,"Other Flows - Midwest",50,111,1604
01,055,59,005,DS,"Other Flows - South",391,778,11345
01,055,59,007,DS,"Other Flows - West",41,74,1037
01,057,96,000,AL,"Fayette County Tot Mig-US & For",356,753,9267
01,057,97,000,AL,"Fayette County Tot Mig-US",356,753,9267
01,057,97,001,AL,"Fayette County Tot Mig-Same St",260,556,7154
01,057,97,003,AL,"Fayette County Tot Mig-Diff St",96,197,2113
01,057,01,057,AL,"Fayette County Non-Migrants",6439,15059,220482
01,057,01,125,AL,"Tuscaloosa County",80,158,2623
01,057,01,093,AL,"Marion County",46,114,854
01,057,01,127,AL,"Walker County",31,60,603
01,057,01,075,AL,"Lamar County",20,51,415
01,057,01,073,AL,"Jefferson County",14,26,348
01,057,01,107,AL,"Pickens County",13,41,616
01,057,58,000,SS,"Other Flows - Same State",56,106,1696
01,057,59,000,DS,"Other Flows - Diff State",96,197,2113
01,059,96,000,AL,"Franklin County Tot Mig-US & For",563,1266,13859
01,059,97,000,AL,"Franklin County Tot Mig-US",563,1266,13859
01,059,97,001,AL,"Franklin County Tot Mig-Same St",350,764,9215
01,059,97,003,AL,"Franklin County Tot Mig-Diff St",213,502,4644
01,059,01,059,AL,"Franklin County Non-Migrants",9414,22141,321201
01,059,01,033,AL,"Colbert County",109,259,3282
01,059,01,077,AL,"Lauderdale County",52,100,1179
01,059,01,093,AL,"Marion County",43,97,889
01,059,01,133,AL,"Winston County",36,86,823
01,059,28,057,MS,"Itawamba County",35,84,771
01,059,28,141,MS,"Tishomingo County",21,55,392
01,059,01,089,AL,"Madison County",15,21,245
01,059,01,103,AL,"Morgan County",14,34,323
01,059,01,073,AL,"Jefferson County",12,21,457
01,059,01,079,AL,"Lawrence County",12,27,428
01,059,01,127,AL,"Walker County",10,25,258
01,059,58,000,SS,"Other Flows - Same State",47,94,1331
01,059,59,000,DS,"Other Flows - Diff State",157,363,3481
01,061,96,000,AL,"Geneva County Tot Mig-US & For",555,1146,13990
01,061,97,000,AL,"Geneva County Tot Mig-US",555,1146,13990
01,061,97,001,AL,"Geneva County Tot Mig-Same St",373,779,10174
01,061,97,003,AL,"Geneva County Tot Mig-Diff St",182,367,3816
01,061,01,061,AL,"Geneva County Non-Migrants",7613,17508,251966
01,061,01,069,AL,"Houston County",172,368,5270
01,061,01,031,AL,"Coffee County",70,157,1685
01,061,01,045,AL,"Dale County",39,73,1019
01,061,12,059,FL,"Holmes County",28,59,505
01,061,01,039,AL,"Covington County",27,57,559
01,061,12,091,FL,"Okaloosa County",13,23,250
01,061,12,005,FL,"Bay County",11,24,167
01,061,01,109,AL,"Pike County",10,17,119
01,061,58,000,SS,"Other Flows - Same State",55,107,1524
01,061,59,000,DS,"Other Flows - Diff State",130,261,2893
01,063,96,000,AL,"Greene County Tot Mig-US & For",172,393,3785
01,063,97,000,AL,"Greene County Tot Mig-US",172,393,3785
01,063,97,001,AL,"Greene County Tot Mig-Same St",131,304,2910
01,063,97,003,AL,"Greene County Tot Mig-Diff St",41,89,875
01,063,01,063,AL,"Greene County Non-Migrants",2829,6802,76515
01,063,01,125,AL,"Tuscaloosa County",72,157,1460
01,063,01,065,AL,"Hale County",12,31,359
01,063,01,091,AL,"Marengo County",10,25,262
01,063,01,119,AL,"Sumter County",10,28,235
01,063,58,000,SS,"Other Flows - Same State",27,63,594
01,063,59,000,DS,"Other Flows - Diff State",41,89,875
01,065,96,000,AL,"Hale County Tot Mig-US & For",386,815,10960
01,065,97,000,AL,"Hale County Tot Mig-US",386,815,10960
01,065,97,001,AL,"Hale County Tot Mig-Same St",303,647,8552
01,065,97,003,AL,"Hale County Tot Mig-Diff St",83,168,2408
01,065,01,065,AL,"Hale County Non-Migrants",5408,12925,172676
01,065,01,125,AL,"Tuscaloosa County",197,423,5742
01,065,01,091,AL,"Marengo County",18,38,611
01,065,01,105,AL,"Perry County",18,37,309
01,065,01,073,AL,"Jefferson County",15,35,241
01,065,58,000,SS,"Other Flows - Same State",55,114,1649
01,065,59,000,DS,"Other Flows - Diff State",83,168,2408
01,067,96,000,AL,"Henry County Tot Mig-US & For",383,837,11301
01,067,97,000,AL,"Henry County Tot Mig-US",383,837,11301
01,067,97,001,AL,"Henry County Tot Mig-Same St",300,666,8433
01,067,97,003,AL,"Henry County Tot Mig-Diff St",83,171,2868
01,067,01,067,AL,"Henry County Non-Migrants",5491,12471,202470
01,067,01,069,AL,"Houston County",158,358,4170
01,067,01,045,AL,"Dale County",43,99,1219
01,067,01,005,AL,"Barbour County",37,81,853
01,067,01,061,AL,"Geneva County",12,30,487
01,067,01,101,AL,"Montgomery County",10,17,251
01,067,58,000,SS,"Other Flows - Same State",40,81,1453
01,067,59,000,DS,"Other Flows - Diff State",83,171,2868
01,069,96,000,AL,"Houston County Tot Mig-US & For",2079,4356,69388
01,069,97,000,AL,"Houston County Tot Mig-US",2063,4319,68412
01,069,97,001,AL,"Houston County Tot Mig-Same St",1100,2302,33055
01,069,97,003,AL,"Houston County Tot Mig-Diff St",963,2017,35357
01,069,98,000,AL,"Houston County Tot Mig-Foreign",16,37,975
01,069,01,069,AL,"Houston County Non-Migrants",30276,68324,1413840
01,069,01,045,AL,"Dale County",351,772,9355
01,069,01,067,AL,"Henry County",167,370,5394
01,069,01,061,AL,"Geneva County",136,291,3388
01,069,01,073,AL,"Jefferson County",59,107,2470
01,069,01,031,AL,"Coffee County",55,103,1623
01,069,12,005,FL,"Bay County",53,114,1759
01,069,01,081,AL,"Lee County",39,55,878
01,069,12,063,FL,"Jackson County",39,80,871
01,069,01,101,AL,"Montgomery County",38,75,1000
01,069,01,005,AL,"Barbour County",33,72,852
01,069,01,109,AL,"Pike County",32,47,599
01,069,01,039,AL,"Covington County",25,46,587
01,069,01,097,AL,"Mobile County",25,48,841
01,069,01,117,AL,"Shelby County",24,49,1047
01,069,12,091,FL,"Okaloosa County",23,47,602
01,069,01,003,AL,"Baldwin County",21,46,1025
01,069,12,073,FL,"Leon County",19,36,546
01,069,13,121,GA,"Fulton County",18,27,497
01,069,01,089,AL,"Madison County",17,39,955
01,069,13,099,GA,"Early County",17,36,403
01,069,12,057,FL,"Hillsborough County",16,25,371
01,069,12,033,FL,"Escambia County",15,26,288
01,069,13,067,GA,"Cobb County",15,23,392
01,069,13,215,GA,"Muscogee County",14,30,319
01,069,13,253,GA,"Seminole County",14,35,327
01,069,13,089,GA,"De Kalb County",12,24,597
01,069,01,125,AL,"Tuscaloosa County",11,22,598
01,069,12,031,FL,"Duval County",11,28,222
01,069,47,037,TN,"Davidson County",11,24,419
01,069,06,037,CA,"Los Angeles County",10,17,212
01,069,12,059,FL,"Holmes County",10,19,327
01,069,12,086,FL,"Miami Dade County",10,21,167
01,069,12,133,FL,"Washington County",10,21,277
01,069,58,000,SS,"Other Flows - Same State",67,160,2443
01,069,59,000,DS,"Other Flows - Diff State",646,1384,26761
01,069,59,001,DS,"Other Flows - Northeast",31,68,917
01,069,59,003,DS,"Other Flows - Midwest",63,134,2744
01,069,59,005,DS,"Other Flows - South",479,1052,20063
01,069,59,007,DS,"Other Flows - West",73,130,3036
01,069,57,009,FR,"Foreign - Other flows",16,37,975
01,071,96,000,AL,"Jackson County Tot Mig-US & For",902,1863,25132
01,071,97,000,AL,"Jackson County Tot Mig-US",902,1863,25132
01,071,97,001,AL,"Jackson County Tot Mig-Same St",476,975,13647
01,071,97,003,AL,"Jackson County Tot Mig-Diff St",426,888,11486
01,071,01,071,AL,"Jackson County Non-Migrants",17533,39894,652913
01,071,01,049,AL,"De Kalb County",168,391,3848
01,071,01,089,AL,"Madison County",125,229,4561
01,071,01,095,AL,"Marshall County",54,134,1450
01,071,47,115,TN,"Marion County",46,103,833
01,071,47,065,TN,"Hamilton County",37,76,1321
01,071,13,083,GA,"Dade County",36,88,804
01,071,01,015,AL,"Calhoun County",14,23,255
01,071,01,125,AL,"Tuscaloosa County",14,16,345
01,071,01,073,AL,"Jefferson County",13,18,622
01,071,01,103,AL,"Morgan County",12,25,244
01,071,01,083,AL,"Limestone County",11,21,645
01,071,58,000,SS,"Other Flows - Same State",65,118,1676
01,071,59,000,DS,"Other Flows - Diff State",307,621,8528
01,071,59,001,DS,"Other Flows - Northeast",10,14,130
01,071,59,003,DS,"Other Flows - Midwest",53,116,1748
01,071,59,005,DS,"Other Flows - South",227,460,6338
01,071,59,007,DS,"Other Flows - West",17,31,312
01,073,96,000,AL,"Jefferson Count Tot Mig-US & For",12497,24242,563751
01,073,97,000,AL,"Jefferson Count Tot Mig-US",12388,24073,561461
01,073,97,001,AL,"Jefferson Count Tot Mig-Same St",7596,14924,340795
01,073,97,003,AL,"Jefferson Count Tot Mig-Diff St",4792,9149,220666
01,073,98,000,AL,"Jefferson Count Tot Mig-Foreign",109,169,2291
01,073,01,073,AL,"Jefferson Count Non-Migrants",225635,494588,11487696
01,073,01,117,AL,"Shelby County",3156,6107,171679
01,073,01,115,AL,"St Clair County",930,1994,39650
01,073,01,009,AL,"Blount County",559,1237,21780
01,073,01,125,AL,"Tuscaloosa County",390,720,13888
01,073,01,127,AL,"Walker County",275,601,9935
01,073,01,089,AL,"Madison County",204,355,6526
01,073,01,101,AL,"Montgomery County",202,351,8391
01,073,01,043,AL,"Cullman County",176,352,8747
01,073,13,121,GA,"Fulton County",174,299,11940
01,073,01,003,AL,"Baldwin County",161,314,7576
01,073,01,097,AL,"Mobile County",153,270,5112
01,073,13,089,GA,"De Kalb County",153,282,7009
01,073,01,121,AL,"Talladega County",143,276,4791
01,073,13,067,GA,"Cobb County",125,263,7219
01,073,47,037,TN,"Davidson County",117,188,7840
01,073,01,055,AL,"Etowah County",114,217,3596
01,073,01,081,AL,"Lee County",111,163,3891
01,073,01,007,AL,"Bibb County",101,213,3343
01,073,01,015,AL,"Calhoun County",101,191,3709
01,073,13,135,GA,"Gwinnett County",98,209,4721
01,073,01,021,AL,"Chilton County",83,167,3085
01,073,48,201,TX,"Harris County",81,156,3405
01,073,01,103,AL,"Morgan County",73,127,2360
01,073,47,157,TN,"Shelby County",68,132,4159
01,073,12,033,FL,"Escambia County",67,115,2228
01,073,06,037,CA,"Los Angeles County",58,92,1678
01,073,01,095,AL,"Marshall County",57,103,1901
01,073,12,031,FL,"Duval County",57,110,2484
01,073,12,057,FL,"Hillsborough County",57,112,2407
01,073,57,005,FR,"Foreign - APO/FPO ZIPs",57,89,1344
01,073,37,119,NC,"Mecklenburg County",54,100,5616
01,073,12,005,FL,"Bay County",46,94,2692
01,073,17,031,IL,"Cook County",46,62,1166
01,073,12,095,FL,"Orange County",45,74,1714
01,073,01,047,AL,"Dallas County",43,85,1056
01,073,12,091,FL,"Okaloosa County",43,75,3346
01,073,13,063,GA,"Clayton County",43,88,924
01,073,47,065,TN,"Hamilton County",42,77,1605
01,073,48,113,TX,"Dallas County",42,80,2049
01,073,04,013,AZ,"Maricopa County",40,70,1426
01,073,01,001,AL,"Autauga County",39,88,1483
01,073,06,073,CA,"San Diego County",37,47,869
01,073,12,011,FL,"Broward County",37,60,1167
01,073,12,113,FL,"Santa Rosa County",37,73,2006
01,073,01,051,AL,"Elmore County",35,68,1490
01,073,12,103,FL,"Pinellas County",33,62,1666
01,073,13,215,GA,"Muscogee County",33,63,928
01,073,01,123,AL,"Tallapoosa County",32,49,1318
01,073,12,086,FL,"Miami Dade County",32,58,1062
01,073,01,069,AL,"Houston County",31,69,1732
01,073,22,071,LA,"Orleans Parish",29,41,952
01,073,48,439,TX,"Tarrant County",29,56,1246
01,073,47,187,TN,"Williamson County",28,61,1956
01,073,01,033,AL,"Colbert County",27,43,797
01,073,12,001,FL,"Alachua County",27,55,1205
01,073,13,097,GA,"Douglas County",27,54,1248
01,073,36,061,NY,"New York County",27,32,2102
01,073,48,029,TX,"Bexar County",26,47,807
01,073,01,049,AL,"De Kalb County",25,49,707
01,073,01,077,AL,"Lauderdale County",25,56,961
01,073,12,099,FL,"Palm Beach County",25,56,2295
01,073,26,163,MI,"Wayne County",25,58,395
01,073,28,049,MS,"Hinds County",25,51,977
01,073,01,083,AL,"Limestone County",24,46,1088
01,073,11,001,DC,"District Of Columbia",24,28,836
01,073,12,073,FL,"Leon County",24,45,899
01,073,51,059,VA,"Fairfax County",24,52,1618
01,073,21,111,KY,"Jefferson County",23,46,929
01,073,28,047,MS,"Harrison County",23,48,816
01,073,37,133,NC,"Onslow County",23,44,457
01,073,47,093,TN,"Knox County",23,40,761
01,073,29,189,MO,"St Louis County",22,45,920
01,073,48,453,TX,"Travis County",22,42,852
01,073,06,059,CA,"Orange County",21,35,671
01,073,37,183,NC,"Wake County",20,30,702
01,073,39,035,OH,"Cuyahoga County",19,34,507
01,073,45,045,SC,"Greenville County",19,37,1152
01,073,01,057,AL,"Fayette County",18,34,526
01,073,12,105,FL,"Polk County",18,42,667
01,073,12,127,FL,"Volusia County",18,48,630
01,073,12,131,FL,"Walton County",18,38,1695
01,073,22,033,LA,"East Baton Rouge Par",18,42,1013
01,073,22,051,LA,"Jefferson Parish",18,27,596
01,073,01,037,AL,"Coosa County",17,29,710
01,073,01,133,AL,"Winston County",17,32,965
01,073,13,051,GA,"Chatham County",17,28,357
01,073,24,031,MD,"Montgomery County",17,26,605
01,073,45,019,SC,"Charleston County",17,30,917
01,073,51,810,VA,"Virginia Beach",17,31,839
01,073,01,091,AL,"Marengo County",16,32,401
01,073,22,103,LA,"St Tammany Parish",16,37,842
01,073,26,125,MI,"Oakland County",16,33,985
01,073,28,089,MS,"Madison County",16,32,822
01,073,39,049,OH,"Franklin County",16,30,383
01,073,42,003,PA,"Allegheny County",16,46,1009
01,073,48,085,TX,"Collin County",16,28,1110
01,073,13,117,GA,"Forsyth County",15,31,746
01,073,28,081,MS,"Lee County",15,37,959
01,073,36,047,NY,"Kings County",15,23,222
01,073,45,063,SC,"Lexington County",15,37,642
01,073,06,071,CA,"San Bernardino Count",14,34,296
01,073,12,115,FL,"Sarasota County",14,36,725
01,073,13,151,GA,"Henry County",14,24,343
01,073,28,059,MS,"Jackson County",14,27,525
01,073,37,021,NC,"Buncombe County",14,22,696
01,073,53,033,WA,"King County",14,29,516
01,073,01,071,AL,"Jackson County",13,26,516
01,073,12,019,FL,"Clay County",13,27,533
01,073,12,117,FL,"Seminole County",13,25,463
01,073,13,057,GA,"Cherokee County",13,29,816
01,073,13,245,GA,"Richmond County",13,22,319
01,073,15,003,HI,"Honolulu County",13,19,381
01,073,28,121,MS,"Rankin County",13,28,753
01,073,45,079,SC,"Richland County",13,29,390
01,073,47,149,TN,"Rutherford County",13,23,446
01,073,51,740,VA,Portsmouth,13,22,327
01,073,01,053,AL,"Escambia County",12,20,266
01,073,01,079,AL,"Lawrence County",12,23,353
01,073,01,093,AL,"Marion County",12,24,274
01,073,01,109,AL,"Pike County",12,21,434
01,073,01,119,AL,"Sumter County",12,19,237
01,073,05,119,AR,"Pulaski County",12,30,702
01,073,12,101,FL,"Pasco County",12,22,370
01,073,13,115,GA,"Floyd County",12,20,287
01,073,13,179,GA,"Liberty County",12,30,320
01,073,28,075,MS,"Lauderdale County",12,22,432
01,073,01,131,AL,"Wilcox County",11,24,204
01,073,12,009,FL,"Brevard County",11,21,626
01,073,12,083,FL,"Marion County",11,29,499
01,073,13,073,GA,"Columbia County",11,29,687
01,073,13,077,GA,"Coweta County",11,25,525
01,073,13,223,GA,"Paulding County",11,26,392
01,073,18,097,IN,"Marion County",11,22,322
01,073,25,025,MA,"Suffolk County",11,17,539
01,073,32,003,NV,"Clark County",11,21,248
01,073,01,005,AL,"Barbour County",10,14,229
01,073,01,013,AL,"Butler County",10,14,329
01,073,01,031,AL,"Coffee County",10,17,386
01,073,01,065,AL,"Hale County",10,24,396
01,073,04,019,AZ,"Pima County",10,18,314
01,073,08,005,CO,"Arapahoe County",10,17,182
01,073,08,031,CO,"Denver County",10,14,233
01,073,13,045,GA,"Carroll County",10,27,320
01,073,13,059,GA,"Clarke County",10,16,194
01,073,24,510,MD,Baltimore,10,16,216
01,073,36,081,NY,"Queens County",10,16,189
01,073,37,063,NC,"Durham County",10,20,546
01,073,48,121,TX,"Denton County",10,22,869
01,073,51,087,VA,"Henrico County",10,27,363
01,073,58,000,SS,"Other Flows - Same State",134,260,3978
01,073,59,000,DS,"Other Flows - Diff State",1809,3522,81091
01,073,59,001,DS,"Other Flows - Northeast",209,386,11251
01,073,59,003,DS,"Other Flows - Midwest",353,718,16550
01,073,59,005,DS,"Other Flows - South",1029,2035,43816
01,073,59,007,DS,"Other Flows - West",218,383,9475
01,073,57,009,FR,"Foreign - Other flows",52,80,947
01,075,96,000,AL,"Lamar County Tot Mig-US & For",277,583,6435
01,075,97,000,AL,"Lamar County Tot Mig-US",277,583,6435
01,075,97,001,AL,"Lamar County Tot Mig-Same St",140,293,3369
01,075,97,003,AL,"Lamar County Tot Mig-Diff St",137,290,3065
01,075,01,075,AL,"Lamar County Non-Migrants",4916,11404,158115
01,075,01,093,AL,"Marion County",43,97,817
01,075,01,057,AL,"Fayette County",33,68,726
01,075,28,087,MS,"Lowndes County",29,69,613
01,075,28,095,MS,"Monroe County",27,56,673
01,075,01,125,AL,"Tuscaloosa County",16,29,477
01,075,01,073,AL,"Jefferson County",11,19,251
01,075,01,107,AL,"Pickens County",10,27,295
01,075,58,000,SS,"Other Flows - Same State",27,53,804
01,075,59,000,DS,"Other Flows - Diff State",81,165,1779
01,077,96,000,AL,"Lauderdale Coun Tot Mig-US & For",1512,2956,49611
01,077,97,000,AL,"Lauderdale Coun Tot Mig-US",1500,2938,49273
01,077,97,001,AL,"Lauderdale Coun Tot Mig-Same St",811,1590,23712
01,077,97,003,AL,"Lauderdale Coun Tot Mig-Diff St",689,1348,25561
01,077,98,000,AL,"Lauderdale Coun Tot Mig-Foreign",12,18,337
01,077,01,077,AL,"Lauderdale Coun Non-Migrants",28678,64744,1235043
01,077,01,033,AL,"Colbert County",355,727,9165
01,077,01,089,AL,"Madison County",93,177,2487
01,077,01,083,AL,"Limestone County",74,160,2708
01,077,01,073,AL,"Jefferson County",65,101,2353
01,077,47,099,TN,"Lawrence County",40,76,1000
01,077,01,103,AL,"Morgan County",34,51,974
01,077,01,059,AL,"Franklin County",27,54,666
01,077,47,037,TN,"Davidson County",22,36,539
01,077,47,181,TN,"Wayne County",21,48,697
01,077,01,125,AL,"Tuscaloosa County",19,31,645
01,077,01,079,AL,"Lawrence County",18,47,570
01,077,01,117,AL,"Shelby County",17,35,813
01,077,47,157,TN,"Shelby County",16,31,915
01,077,47,055,TN,"Giles County",13,26,373
01,077,47,071,TN,"Hardin County",13,24,316
01,077,01,003,AL,"Baldwin County",12,25,344
01,077,47,119,TN,"Maury County",12,27,361
01,077,47,149,TN,"Rutherford County",12,28,664
01,077,28,081,MS,"Lee County",11,20,339
01,077,01,081,AL,"Lee County",10,15,206
01,077,58,000,SS,"Other Flows - Same State",87,167,2781
01,077,59,000,DS,"Other Flows - Diff State",529,1032,20359
01,077,59,001,DS,"Other Flows - Northeast",20,35,1184
01,077,59,003,DS,"Other Flows - Midwest",65,115,1863
01,077,59,005,DS,"Other Flows - South",393,787,16021
01,077,59,007,DS,"Other Flows - West",51,95,1292
01,077,57,009,FR,"Foreign - Other flows",12,18,337
01,079,96,000,AL,"Lawrence County Tot Mig-US & For",632,1345,17855
01,079,97,000,AL,"Lawrence County Tot Mig-US",632,1345,17855
01,079,97,001,AL,"Lawrence County Tot Mig-Same St",510,1080,14279
01,079,97,003,AL,"Lawrence County Tot Mig-Diff St",122,265,3576
01,079,01,079,AL,"Lawrence County Non-Migrants",11075,26191,420679
01,079,01,103,AL,"Morgan County",296,637,7940
01,079,01,033,AL,"Colbert County",49,106,1313
01,079,01,077,AL,"Lauderdale County",34,69,918
01,079,01,089,AL,"Madison County",33,65,1153
01,079,01,059,AL,"Franklin County",23,55,692
01,079,01,043,AL,"Cullman County",19,42,517
01,079,01,083,AL,"Limestone County",15,25,395
01,079,01,073,AL,"Jefferson County",11,17,320
01,079,58,000,SS,"Other Flows - Same State",30,64,1029
01,079,59,000,DS,"Other Flows - Diff State",122,265,3576
01,081,96,000,AL,"Lee County Tot Mig-US & For",3299,6283,100280
01,081,97,000,AL,"Lee County Tot Mig-US",3268,6223,99484
01,081,97,001,AL,"Lee County Tot Mig-Same St",1597,3073,45834
01,081,97,003,AL,"Lee County Tot Mig-Diff St",1671,3150,53650
01,081,98,000,AL,"Lee County Tot Mig-Foreign",31,60,796
01,081,01,081,AL,"Lee County Non-Migrants",33652,76633,1547484
01,081,01,113,AL,"Russell County",386,864,10587
01,081,13,215,GA,"Muscogee County",306,632,9189
01,081,01,017,AL,"Chambers County",215,466,5453
01,081,01,073,AL,"Jefferson County",137,201,3769
01,081,01,101,AL,"Montgomery County",105,184,3227
01,081,01,087,AL,"Macon County",81,183,1890
01,081,01,123,AL,"Tallapoosa County",80,157,2748
01,081,01,117,AL,"Shelby County",67,116,2199
01,081,01,089,AL,"Madison County",59,88,1867
01,081,01,003,AL,"Baldwin County",49,72,1472
01,081,13,121,GA,"Fulton County",44,61,1247
01,081,01,097,AL,"Mobile County",43,76,944
01,081,13,089,GA,"De Kalb County",36,53,809
01,081,13,067,GA,"Cobb County",34,50,1310
01,081,13,145,GA,"Harris County",33,83,1977
01,081,13,285,GA,"Troup County",33,59,934
01,081,01,051,AL,"Elmore County",32,58,875
01,081,01,069,AL,"Houston County",32,50,1315
01,081,01,125,AL,"Tuscaloosa County",32,57,1115
01,081,13,135,GA,"Gwinnett County",29,49,964
01,081,01,001,AL,"Autauga County",20,41,758
01,081,01,015,AL,"Calhoun County",20,32,777
01,081,12,033,FL,"Escambia County",19,28,663
01,081,12,005,FL,"Bay County",16,26,556
01,081,37,051,NC,"Cumberland County",15,28,287
01,081,01,111,AL,"Randolph County",14,28,352
01,081,12,031,FL,"Duval County",14,24,431
01,081,13,063,GA,"Clayton County",14,29,168
01,081,13,077,GA,"Coweta County",14,35,640
01,081,57,005,FR,"Foreign - APO/FPO ZIPs",14,24,394
01,081,01,005,AL,"Barbour County",13,19,375
01,081,01,031,AL,"Coffee County",13,27,548
01,081,01,115,AL,"St Clair County",13,21,462
01,081,12,073,FL,"Leon County",12,18,254
01,081,45,019,SC,"Charleston County",12,18,261
01,081,47,037,TN,"Davidson County",12,18,437
01,081,01,049,AL,"De Kalb County",11,14,313
01,081,01,083,AL,"Limestone County",11,17,232
01,081,47,157,TN,"Shelby County",11,15,237
01,081,48,439,TX,"Tarrant County",11,18,224
01,081,01,071,AL,"Jackson County",10,13,114
01,081,01,077,AL,"Lauderdale County",10,20,231
01,081,01,109,AL,"Pike County",10,31,414
01,081,01,121,AL,"Talladega County",10,13,272
01,081,04,013,AZ,"Maricopa County",10,17,193
01,081,06,037,CA,"Los Angeles County",10,13,264
01,081,12,011,FL,"Broward County",10,21,252
01,081,12,091,FL,"Okaloosa County",10,17,356
01,081,12,095,FL,"Orange County",10,13,346
01,081,13,045,GA,"Carroll County",10,23,196
01,081,21,111,KY,"Jefferson County",10,15,183
01,081,45,015,SC,"Berkeley County",10,34,445
01,081,58,000,SS,"Other Flows - Same State",124,225,3525
01,081,59,000,DS,"Other Flows - Diff State",926,1753,30824
01,081,59,001,DS,"Other Flows - Northeast",84,142,2682
01,081,59,003,DS,"Other Flows - Midwest",117,215,3780
01,081,59,005,DS,"Other Flows - South",628,1208,21024
01,081,59,007,DS,"Other Flows - West",97,188,3338
01,081,57,009,FR,"Foreign - Other flows",17,36,402
01,083,96,000,AL,"Limestone Count Tot Mig-US & For",1292,2699,45498
01,083,97,000,AL,"Limestone Count Tot Mig-US",1292,2699,45498
01,083,97,001,AL,"Limestone Count Tot Mig-Same St",794,1651,27629
01,083,97,003,AL,"Limestone Count Tot Mig-Diff St",498,1048,17869
01,083,01,083,AL,"Limestone Count Non-Migrants",22193,51884,1027355
01,083,01,089,AL,"Madison County",408,826,14858
01,083,01,103,AL,"Morgan County",160,361,4788
01,083,01,077,AL,"Lauderdale County",70,144,2450
01,083,47,055,TN,"Giles County",70,151,1985
01,083,01,043,AL,"Cullman County",20,42,350
01,083,01,079,AL,"Lawrence County",16,33,706
01,083,01,125,AL,"Tuscaloosa County",15,18,335
01,083,01,073,AL,"Jefferson County",14,22,829
01,083,47,037,TN,"Davidson County",12,22,308
01,083,47,103,TN,"Lincoln County",12,30,268
01,083,01,033,AL,"Colbert County",11,17,286
01,083,01,095,AL,"Marshall County",11,34,470
01,083,58,000,SS,"Other Flows - Same State",69,154,2558
01,083,59,000,DS,"Other Flows - Diff State",404,845,15308
01,083,59,001,DS,"Other Flows - Northeast",13,31,553
01,083,59,003,DS,"Other Flows - Midwest",69,143,2197
01,083,59,005,DS,"Other Flows - South",277,590,11316
01,083,59,007,DS,"Other Flows - West",45,81,1240
01,085,96,000,AL,"Lowndes County Tot Mig-US & For",323,743,7601
01,085,97,000,AL,"Lowndes County Tot Mig-US",323,743,7601
01,085,97,001,AL,"Lowndes County Tot Mig-Same St",279,647,6417
01,085,97,003,AL,"Lowndes County Tot Mig-Diff St",44,96,1183
01,085,01,085,AL,"Lowndes County Non-Migrants",3989,9428,113577
01,085,01,101,AL,"Montgomery County",165,384,3776
01,085,01,013,AL,"Butler County",36,87,657
01,085,01,047,AL,"Dallas County",23,52,385
01,085,01,051,AL,"Elmore County",14,33,445
01,085,01,001,AL,"Autauga County",11,26,288
01,085,58,000,SS,"Other Flows - Same State",30,65,866
01,085,59,000,DS,"Other Flows - Diff State",44,96,1183
01,087,96,000,AL,"Macon County Tot Mig-US & For",486,994,11385
01,087,97,000,AL,"Macon County Tot Mig-US",486,994,11385
01,087,97,001,AL,"Macon County Tot Mig-Same St",327,695,8219
01,087,97,003,AL,"Macon County Tot Mig-Diff St",159,299,3167
01,087,01,087,AL,"Macon County Non-Migrants",6450,14355,186737
01,087,01,081,AL,"Lee County",122,257,2892
01,087,01,101,AL,"Montgomery County",101,225,2554
01,087,01,051,AL,"Elmore County",29,60,809
01,087,01,011,AL,"Bullock County",11,28,340
01,087,01,073,AL,"Jefferson County",10,20,370
01,087,58,000,SS,"Other Flows - Same State",54,105,1254
01,087,59,000,DS,"Other Flows - Diff State",159,299,3167
01,087,59,001,DS,"Other Flows - Northeast",12,23,307
01,087,59,003,DS,"Other Flows - Midwest",13,26,293
01,087,59,005,DS,"Other Flows - South",124,230,2388
01,087,59,007,DS,"Other Flows - West",10,20,177
01,089,96,000,AL,"Madison County Tot Mig-US & For",5587,10842,238768
01,089,97,000,AL,"Madison County Tot Mig-US",5454,10566,233580
01,089,97,001,AL,"Madison County Tot Mig-Same St",2105,4002,82548
01,089,97,003,AL,"Madison County Tot Mig-Diff St",3349,6564,151032
01,089,98,000,AL,"Madison County Tot Mig-Foreign",133,276,5188
01,089,01,089,AL,"Madison County Non-Migrants",101495,227346,5908521
01,089,01,083,AL,"Limestone County",564,1222,28991
01,089,01,103,AL,"Morgan County",302,606,11431
01,089,01,073,AL,"Jefferson County",255,421,7939
01,089,01,095,AL,"Marshall County",195,371,9019
01,089,47,103,TN,"Lincoln County",125,268,4238
01,089,47,037,TN,"Davidson County",116,190,4731
01,089,57,005,FR,"Foreign - APO/FPO ZIPs",102,222,4083
01,089,01,071,AL,"Jackson County",90,158,2633
01,089,01,077,AL,"Lauderdale County",66,112,2235
01,089,01,117,AL,"Shelby County",63,110,2819
01,089,01,125,AL,"Tuscaloosa County",63,95,2103
01,089,01,081,AL,"Lee County",48,80,1537
01,089,51,059,VA,"Fairfax County",46,107,3328
01,089,01,043,AL,"Cullman County",43,79,1696
01,089,13,067,GA,"Cobb County",43,75,1555
01,089,13,089,GA,"De Kalb County",42,65,951
01,089,13,121,GA,"Fulton County",42,60,1511
01,089,47,055,TN,"Giles County",42,91,2015
01,089,01,097,AL,"Mobile County",39,71,1235
01,089,13,135,GA,"Gwinnett County",39,78,1014
01,089,01,101,AL,"Montgomery County",38,62,1090
01,089,06,037,CA,"Los Angeles County",38,64,1871
01,089,12,095,FL,"Orange County",37,64,1602
01,089,48,201,TX,"Harris County",37,60,1191
01,089,12,009,FL,"Brevard County",35,72,2218
01,089,01,003,AL,"Baldwin County",34,66,1111
01,089,01,033,AL,"Colbert County",34,72,1328
01,089,47,149,TN,"Rutherford County",33,57,1700
01,089,01,055,AL,"Etowah County",31,51,1118
01,089,12,103,FL,"Pinellas County",31,47,1623
01,089,47,157,TN,"Shelby County",31,47,1086
01,089,17,031,IL,"Cook County",30,56,738
01,089,04,013,AZ,"Maricopa County",29,59,958
01,089,06,073,CA,"San Diego County",29,49,1022
01,089,48,453,TX,"Travis County",29,47,2547
01,089,29,189,MO,"St Louis County",26,51,1070
01,089,01,079,AL,"Lawrence County",25,46,629
01,089,12,031,FL,"Duval County",24,37,662
01,089,37,051,NC,"Cumberland County",24,49,641
01,089,01,049,AL,"De Kalb County",23,40,483
01,089,13,063,GA,"Clayton County",23,42,629
01,089,24,031,MD,"Montgomery County",23,48,1090
01,089,12,033,FL,"Escambia County",22,49,943
01,089,12,091,FL,"Okaloosa County",22,47,1051
01,089,47,187,TN,"Williamson County",22,32,1897
01,089,48,113,TX,"Dallas County",20,33,656
01,089,51,013,VA,"Arlington County",20,29,1514
01,089,01,015,AL,"Calhoun County",19,27,468
01,089,12,057,FL,"Hillsborough County",19,47,1300
01,089,12,011,FL,"Broward County",18,36,594
01,089,47,065,TN,"Hamilton County",18,37,713
01,089,12,005,FL,"Bay County",17,33,739
01,089,32,003,NV,"Clark County",17,26,521
01,089,47,051,TN,"Franklin County",17,29,571
01,089,48,439,TX,"Tarrant County",17,33,1158
01,089,06,059,CA,"Orange County",16,36,1345
01,089,08,041,CO,"El Paso County",16,37,703
01,089,12,073,FL,"Leon County",16,23,398
01,089,15,003,HI,"Honolulu County",16,31,627
01,089,18,097,IN,"Marion County",16,26,638
01,089,47,093,TN,"Knox County",16,33,879
01,089,48,029,TX,"Bexar County",16,35,620
01,089,13,215,GA,"Muscogee County",15,31,658
01,089,39,035,OH,"Cuyahoga County",15,29,711
01,089,39,049,OH,"Franklin County",15,37,468
01,089,47,125,TN,"Montgomery County",15,23,490
01,089,40,031,OK,"Comanche County",14,40,636
01,089,12,117,FL,"Seminole County",13,25,602
01,089,24,033,MD,"Prince George's Coun",13,20,376
01,089,37,183,NC,"Wake County",13,23,701
01,089,47,119,TN,"Maury County",13,28,515
01,089,48,141,TX,"El Paso County",13,35,731
01,089,53,053,WA,"Pierce County",13,32,378
01,089,01,051,AL,"Elmore County",12,19,539
01,089,04,019,AZ,"Pima County",12,24,750
01,089,11,001,DC,"District Of Columbia",12,22,669
01,089,13,151,GA,"Henry County",12,26,516
01,089,21,111,KY,"Jefferson County",12,20,206
01,089,24,005,MD,"Baltimore County",12,25,649
01,089,26,125,MI,"Oakland County",12,22,582
01,089,26,163,MI,"Wayne County",12,25,181
01,089,45,019,SC,"Charleston County",12,26,586
01,089,53,033,WA,"King County",12,28,786
01,089,01,121,AL,"Talladega County",11,23,233
01,089,12,086,FL,"Miami Dade County",11,18,233
01,089,12,105,FL,"Polk County",11,21,353
01,089,21,047,KY,"Christian County",11,27,309
01,089,01,069,AL,"Houston County",10,17,155
01,089,06,001,CA,"Alameda County",10,17,284
01,089,22,071,LA,"Orleans Parish",10,19,250
01,089,24,003,MD,"Anne Arundel County",10,23,628
01,089,29,183,MO,"St Charles County",10,24,822
01,089,29,510,MO,"St Louis",10,19,506
01,089,37,133,NC,"Onslow County",10,17,197
01,089,39,113,OH,"Montgomery County",10,22,701
01,089,47,011,TN,"Bradley County",10,11,307
01,089,47,117,TN,"Marshall County",10,11,194
01,089,51,810,VA,"Virginia Beach",10,18,219
01,089,58,000,SS,"Other Flows - Same State",140,254,3757
01,089,59,000,DS,"Other Flows - Diff State",1641,3341,77978
01,089,59,001,DS,"Other Flows - Northeast",180,364,8022
01,089,59,003,DS,"Other Flows - Midwest",310,668,13116
01,089,59,005,DS,"Other Flows - South",943,1920,43863
01,089,59,007,DS,"Other Flows - West",208,389,12977
01,089,57,009,FR,"Foreign - Other flows",31,54,1105
01,091,96,000,AL,"Marengo County Tot Mig-US & For",356,771,9823
01,091,97,000,AL,"Marengo County Tot Mig-US",356,771,9823
01,091,97,001,AL,"Marengo County Tot Mig-Same St",239,511,6665
01,091,97,003,AL,"Marengo County Tot Mig-Diff St",117,260,3158
01,091,01,091,AL,"Marengo County Non-Migrants",6798,16565,256624
01,091,01,125,AL,"Tuscaloosa County",36,70,1046
01,091,01,073,AL,"Jefferson County",30,56,1055
01,091,01,025,AL,"Clarke County",22,51,500
01,091,01,065,AL,"Hale County",15,27,609
01,091,01,131,AL,"Wilcox County",14,43,445
01,091,01,063,AL,"Greene County",13,30,283
01,091,01,047,AL,"Dallas County",10,23,280
01,091,01,101,AL,"Montgomery County",10,22,254
01,091,58,000,SS,"Other Flows - Same State",89,189,2194
01,091,59,000,DS,"Other Flows - Diff State",117,260,3158
01,093,96,000,AL,"Marion County Tot Mig-US & For",445,917,11080
01,093,97,000,AL,"Marion County Tot Mig-US",445,917,11080
01,093,97,001,AL,"Marion County Tot Mig-Same St",308,636,7944
01,093,97,003,AL,"Marion County Tot Mig-Diff St",137,281,3136
01,093,01,093,AL,"Marion County Non-Migrants",7702,17821,256373
01,093,01,057,AL,"Fayette County",60,134,1319
01,093,01,133,AL,"Winston County",40,90,1064
01,093,01,059,AL,"Franklin County",36,92,903
01,093,01,127,AL,"Walker County",29,53,825
01,093,01,075,AL,"Lamar County",24,47,493
01,093,01,073,AL,"Jefferson County",23,40,748
01,093,01,125,AL,"Tuscaloosa County",22,45,558
01,093,28,057,MS,"Itawamba County",13,31,264
01,093,01,033,AL,"Colbert County",11,21,215
01,093,01,077,AL,"Lauderdale County",11,21,348
01,093,58,000,SS,"Other Flows - Same State",52,93,1473
01,093,59,000,DS,"Other Flows - Diff State",124,250,2872
01,095,96,000,AL,"Marshall County Tot Mig-US & For",1644,3604,49482
01,095,97,000,AL,"Marshall County Tot Mig-US",1644,3604,49482
01,095,97,001,AL,"Marshall County Tot Mig-Same St",1192,2644,36527
01,095,97,003,AL,"Marshall County Tot Mig-Diff St",452,960,12955
01,095,01,095,AL,"Marshall County Non-Migrants",25271,58392,1010454
01,095,01,049,AL,"De Kalb County",267,669,7511
01,095,01,055,AL,"Etowah County",204,471,8774
01,095,01,089,AL,"Madison County",184,357,5982
01,095,01,009,AL,"Blount County",91,236,2386
01,095,01,043,AL,"Cullman County",87,195,1976
01,095,01,073,AL,"Jefferson County",61,103,2137
01,095,01,103,AL,"Morgan County",59,126,1336
01,095,01,071,AL,"Jackson County",55,125,1141
01,095,01,015,AL,"Calhoun County",23,47,839
01,095,01,117,AL,"Shelby County",17,27,482
01,095,01,125,AL,"Tuscaloosa County",17,24,407
01,095,01,083,AL,"Limestone County",14,35,386
01,095,01,081,AL,"Lee County",13,26,370
01,095,01,115,AL,"St Clair County",13,23,381
01,095,01,003,AL,"Baldwin County",11,19,395
01,095,01,121,AL,"Talladega County",10,20,284
01,095,58,000,SS,"Other Flows - Same State",66,141,1740
01,095,59,000,DS,"Other Flows - Diff State",452,960,12955
01,095,59,001,DS,"Other Flows - Northeast",19,40,654
01,095,59,003,DS,"Other Flows - Midwest",67,143,2062
01,095,59,005,DS,"Other Flows - South",324,682,8357
01,095,59,007,DS,"Other Flows - West",42,95,1881
01,097,96,000,AL,"Mobile County Tot Mig-US & For",5590,11072,193893
01,097,97,000,AL,"Mobile County Tot Mig-US",5532,10991,192555
01,097,97,001,AL,"Mobile County Tot Mig-Same St",1968,3897,72049
01,097,97,003,AL,"Mobile County Tot Mig-Diff St",3564,7094,120506
01,097,98,000,AL,"Mobile County Tot Mig-Foreign",58,81,1338
01,097,01,097,AL,"Mobile County Non-Migrants",128220,292644,5191651
01,097,01,003,AL,"Baldwin County",836,1664,37964
01,097,01,073,AL,"Jefferson County",227,390,6232
01,097,28,059,MS,"Jackson County",153,327,5012
01,097,12,033,FL,"Escambia County",133,253,4749
01,097,01,129,AL,"Washington County",115,278,3142
01,097,28,047,MS,"Harrison County",107,192,2888
01,097,01,101,AL,"Montgomery County",102,176,2752
01,097,01,117,AL,"Shelby County",86,187,3726
01,097,13,089,GA,"De Kalb County",66,107,1574
01,097,12,091,FL,"Okaloosa County",59,115,2093
01,097,28,039,MS,"George County",55,140,2025
01,097,22,051,LA,"Jefferson Parish",54,96,1874
01,097,48,201,TX,"Harris County",53,109,2589
01,097,13,067,GA,"Cobb County",51,112,1419
01,097,13,121,GA,"Fulton County",51,102,1791
01,097,01,025,AL,"Clarke County",50,105,1387
01,097,01,081,AL,"Lee County",49,75,1252
01,097,01,125,AL,"Tuscaloosa County",48,78,1248
01,097,01,089,AL,"Madison County",46,80,1627
01,097,13,135,GA,"Gwinnett County",44,80,1307
01,097,57,005,FR,"Foreign - APO/FPO ZIPs",43,55,853
01,097,12,031,FL,"Duval County",41,93,1278
01,097,22,071,LA,"Orleans Parish",41,67,1318
01,097,06,073,CA,"San Diego County",38,69,1181
01,097,12,113,FL,"Santa Rosa County",34,77,1448
01,097,01,069,AL,"Houston County",33,79,866
01,097,22,033,LA,"East Baton Rouge Par",32,51,985
01,097,22,103,LA,"St Tammany Parish",31,76,1640
01,097,12,057,FL,"Hillsborough County",30,61,1010
01,097,12,095,FL,"Orange County",30,39,1112
01,097,47,037,TN,"Davidson County",29,45,733
01,097,47,157,TN,"Shelby County",29,46,845
01,097,12,073,FL,"Leon County",28,42,611
01,097,48,439,TX,"Tarrant County",27,45,743
01,097,01,053,AL,"Escambia County",26,59,1095
01,097,06,037,CA,"Los Angeles County",26,45,430
01,097,12,005,FL,"Bay County",25,48,611
01,097,12,011,FL,"Broward County",25,56,862
01,097,28,035,MS,"Forrest County",25,41,515
01,097,12,086,FL,"Miami Dade County",23,43,706
01,097,13,063,GA,"Clayton County",23,51,329
01,097,48,113,TX,"Dallas County",22,34,645
01,097,53,033,WA,"King County",21,31,600
01,097,48,029,TX,"Bexar County",19,36,545
01,097,01,099,AL,"Monroe County",18,46,704
01,097,17,031,IL,"Cook County",18,36,779
01,097,28,121,MS,"Rankin County",18,39,546
01,097,13,215,GA,"Muscogee County",17,27,349
01,097,01,043,AL,"Cullman County",16,30,520
01,097,15,003,HI,"Honolulu County",16,29,527
01,097,01,015,AL,"Calhoun County",15,34,369
01,097,01,045,AL,"Dale County",15,28,429
01,097,12,099,FL,"Palm Beach County",15,24,650
01,097,12,103,FL,"Pinellas County",15,35,1152
01,097,28,049,MS,"Hinds County",15,28,606
01,097,01,001,AL,"Autauga County",14,37,479
01,097,01,051,AL,"Elmore County",14,30,463
01,097,01,055,AL,"Etowah County",14,25,362
01,097,01,103,AL,"Morgan County",14,23,420
01,097,06,059,CA,"Orange County",14,26,570
01,097,48,027,TX,"Bell County",14,29,222
01,097,01,031,AL,"Coffee County",13,25,374
01,097,01,091,AL,"Marengo County",13,25,371
01,097,04,013,AZ,"Maricopa County",13,19,335
01,097,22,105,LA,"Tangipahoa Parish",13,25,412
01,097,28,045,MS,"Hancock County",13,27,407
01,097,32,003,NV,"Clark County",13,31,609
01,097,47,065,TN,"Hamilton County",13,29,480
01,097,48,167,TX,"Galveston County",13,25,554
01,097,12,131,FL,"Walton County",12,21,286
01,097,13,051,GA,"Chatham County",12,21,502
01,097,28,041,MS,"Greene County",12,27,232
01,097,28,075,MS,"Lauderdale County",12,32,608
01,097,28,089,MS,"Madison County",12,23,631
01,097,47,125,TN,"Montgomery County",12,23,298
01,097,48,157,TX,"Fort Bend County",12,31,600
01,097,48,339,TX,"Montgomery County",12,26,773
01,097,48,355,TX,"Nueces County",12,31,531
01,097,01,121,AL,"Talladega County",11,19,284
01,097,05,031,AR,"Craighead County",11,26,395
01,097,24,033,MD,"Prince George's Coun",11,23,229
01,097,36,061,NY,"New York County",11,17,448
01,097,37,051,NC,"Cumberland County",11,21,283
01,097,37,133,NC,"Onslow County",11,25,185
01,097,42,101,PA,"Philadelphia County",11,30,169
01,097,47,187,TN,"Williamson County",11,20,761
01,097,01,023,AL,"Choctaw County",10,20,189
01,097,01,077,AL,"Lauderdale County",10,21,778
01,097,01,113,AL,"Russell County",10,21,235
01,097,22,019,LA,"Calcasieu Parish",10,18,399
01,097,22,075,LA,"Plaquemines Parish",10,21,318
01,097,26,163,MI,"Wayne County",10,21,117
01,097,28,033,MS,"De Soto County",10,26,461
01,097,28,087,MS,"Lowndes County",10,17,412
01,097,39,061,OH,"Hamilton County",10,17,160
01,097,47,093,TN,"Knox County",10,17,302
01,097,48,141,TX,"El Paso County",10,20,284
01,097,51,710,VA,Norfolk,10,25,199
01,097,58,000,SS,"Other Flows - Same State",163,342,4778
01,097,59,000,DS,"Other Flows - Diff State",1644,3357,57260
01,097,59,001,DS,"Other Flows - Northeast",136,248,4779
01,097,59,003,DS,"Other Flows - Midwest",265,509,6794
01,097,59,005,DS,"Other Flows - South",979,2074,36372
01,097,59,007,DS,"Other Flows - West",264,526,9315
01,097,57,009,FR,"Foreign - Other flows",15,26,485
01,099,96,000,AL,"Monroe County Tot Mig-US & For",347,774,9340
01,099,97,000,AL,"Monroe County Tot Mig-US",347,774,9340
01,099,97,001,AL,"Monroe County Tot Mig-Same St",211,463,5540
01,099,97,003,AL,"Monroe County Tot Mig-Diff St",136,311,3800
01,099,01,099,AL,"Monroe County Non-Migrants",7355,18113,265408
01,099,01,035,AL,"Conecuh County",39,97,947
01,099,01,097,AL,"Mobile County",29,52,734
01,099,01,003,AL,"Baldwin County",24,53,626
01,099,01,053,AL,"Escambia County",24,52,753
01,099,01,101,AL,"Montgomery County",17,33,259
01,099,01,025,AL,"Clarke County",15,35,358
01,099,12,033,FL,"Escambia County",13,23,246
01,099,01,073,AL,"Jefferson County",11,23,343
01,099,58,000,SS,"Other Flows - Same State",52,118,1520
01,099,59,000,DS,"Other Flows - Diff State",123,288,3554
01,101,96,000,AL,"Montgomery Coun Tot Mig-US & For",5721,11999,227860
01,101,97,000,AL,"Montgomery Coun Tot Mig-US",5561,11582,219499
01,101,97,001,AL,"Montgomery Coun Tot Mig-Same St",2994,6095,106796
01,101,97,003,AL,"Montgomery Coun Tot Mig-Diff St",2567,5487,112703
01,101,98,000,AL,"Montgomery Coun Tot Mig-Foreign",160,417,8361
01,101,01,101,AL,"Montgomery Coun Non-Migrants",74445,162989,3428561
01,101,01,051,AL,"Elmore County",906,1962,38708
01,101,01,001,AL,"Autauga County",485,1066,18570
01,101,01,073,AL,"Jefferson County",280,470,10816
01,101,57,005,FR,"Foreign - APO/FPO ZIPs",148,387,7822
01,101,01,081,AL,"Lee County",116,215,-1690
01,101,01,085,AL,"Lowndes County",112,270,3256
01,101,01,117,AL,"Shelby County",90,169,4577
01,101,01,097,AL,"Mobile County",83,139,2189
01,101,01,087,AL,"Macon County",77,164,2617
01,101,01,003,AL,"Baldwin County",70,133,3525
01,101,01,089,AL,"Madison County",69,116,2585
01,101,12,091,FL,"Okaloosa County",69,138,4342
01,101,51,059,VA,"Fairfax County",66,192,4498
01,101,01,047,AL,"Dallas County",57,127,1186
01,101,01,041,AL,"Crenshaw County",54,111,1486
01,101,13,067,GA,"Cobb County",54,100,2054
01,101,13,089,GA,"De Kalb County",53,85,1422
01,101,13,121,GA,"Fulton County",53,75,1643
01,101,01,109,AL,"Pike County",52,104,1614
01,101,01,125,AL,"Tuscaloosa County",52,93,1808
01,101,48,029,TX,"Bexar County",49,118,2242
01,101,13,135,GA,"Gwinnett County",47,99,1910
01,101,08,041,CO,"El Paso County",41,112,2385
01,101,12,005,FL,"Bay County",40,75,1380
01,101,01,013,AL,"Butler County",38,64,956
01,101,01,069,AL,"Houston County",38,71,1316
01,101,01,123,AL,"Tallapoosa County",36,72,2231
01,101,12,057,FL,"Hillsborough County",34,79,1396
01,101,06,037,CA,"Los Angeles County",32,66,1312
01,101,12,033,FL,"Escambia County",32,53,1581
01,101,47,037,TN,"Davidson County",27,44,1024
01,101,13,063,GA,"Clayton County",26,50,743
01,101,13,215,GA,"Muscogee County",26,54,698
01,101,37,051,NC,"Cumberland County",25,62,995
01,101,28,047,MS,"Harrison County",24,61,932
01,101,01,011,AL,"Bullock County",22,46,312
01,101,12,131,FL,"Walton County",22,30,947
01,101,15,003,HI,"Honolulu County",22,56,1413
01,101,47,157,TN,"Shelby County",22,54,1245
01,101,01,021,AL,"Chilton County",21,48,661
01,101,12,095,FL,"Orange County",21,35,788
01,101,01,039,AL,"Covington County",20,33,465
01,101,12,031,FL,"Duval County",20,38,612
01,101,17,031,IL,"Cook County",20,36,409
01,101,26,163,MI,"Wayne County",20,41,346
01,101,01,031,AL,"Coffee County",19,35,421
01,101,51,153,VA,"Prince William Count",19,64,1310
01,101,06,073,CA,"San Diego County",18,36,447
01,101,13,153,GA,"Houston County",18,45,807
01,101,17,163,IL,"St Clair County",18,50,1163
01,101,39,113,OH,"Montgomery County",18,55,1045
01,101,01,131,AL,"Wilcox County",17,39,484
01,101,01,017,AL,"Chambers County",16,28,597
01,101,12,009,FL,"Brevard County",16,39,829
01,101,32,003,NV,"Clark County",16,34,1040
01,101,48,201,TX,"Harris County",16,30,516
01,101,12,113,FL,"Santa Rosa County",15,28,848
01,101,39,057,OH,"Greene County",15,45,1012
01,101,48,113,TX,"Dallas County",15,22,474
01,101,51,510,VA,Alexandria,15,26,1318
01,101,01,005,AL,"Barbour County",14,24,394
01,101,04,013,AZ,"Maricopa County",14,25,758
01,101,35,001,NM,"Bernalillo County",14,34,790
01,101,01,015,AL,"Calhoun County",13,22,325
01,101,01,025,AL,"Clarke County",13,25,374
01,101,01,045,AL,"Dale County",13,28,272
01,101,01,099,AL,"Monroe County",13,27,396
01,101,01,113,AL,"Russell County",13,25,271
01,101,12,103,FL,"Pinellas County",13,24,310
01,101,13,151,GA,"Henry County",13,26,459
01,101,48,439,TX,"Tarrant County",13,31,498
01,101,01,037,AL,"Coosa County",12,23,418
01,101,01,121,AL,"Talladega County",12,22,353
01,101,12,099,FL,"Palm Beach County",12,22,604
01,101,22,071,LA,"Orleans Parish",12,24,693
01,101,24,033,MD,"Prince George's Coun",12,19,432
01,101,48,187,TX,"Guadalupe County",12,44,1011
01,101,51,810,VA,"Virginia Beach",12,34,553
01,101,01,095,AL,"Marshall County",11,19,333
01,101,13,113,GA,"Fayette County",11,27,429
01,101,13,179,GA,"Liberty County",11,30,296
01,101,39,035,OH,"Cuyahoga County",11,23,161
01,101,01,091,AL,"Marengo County",10,16,346
01,101,06,083,CA,"Santa Barbara County",10,22,355
01,101,12,011,FL,"Broward County",10,17,307
01,101,20,173,KS,"Sedgwick County",10,18,470
01,101,36,061,NY,"New York County",10,12,357
01,101,37,119,NC,"Mecklenburg County",10,25,462
01,101,51,199,VA,"York County",10,37,926
01,101,58,000,SS,"Other Flows - Same State",140,289,4623
01,101,59,000,DS,"Other Flows - Diff State",1303,2766,55706
01,101,59,001,DS,"Other Flows - Northeast",123,223,5111
01,101,59,003,DS,"Other Flows - Midwest",181,410,8021
01,101,59,005,DS,"Other Flows - South",822,1753,35014
01,101,59,007,DS,"Other Flows - West",177,380,7560
01,101,57,009,FR,"Foreign - Other flows",12,30,539
01,103,96,000,AL,"Morgan County Tot Mig-US & For",2289,4776,82166
01,103,97,000,AL,"Morgan County Tot Mig-US",2272,4749,81779
01,103,97,001,AL,"Morgan County Tot Mig-Same St",1468,3114,48596
01,103,97,003,AL,"Morgan County Tot Mig-Diff St",804,1635,33182
01,103,98,000,AL,"Morgan County Tot Mig-Foreign",17,27,387
01,103,01,103,AL,"Morgan County Non-Migrants",37281,86440,1734291
01,103,01,089,AL,"Madison County",384,767,14054
01,103,01,079,AL,"Lawrence County",264,618,7320
01,103,01,043,AL,"Cullman County",170,388,4679
01,103,01,083,AL,"Limestone County",160,346,5857
01,103,01,095,AL,"Marshall County",88,216,2441
01,103,01,073,AL,"Jefferson County",87,156,3923
01,103,01,077,AL,"Lauderdale County",44,79,997
01,103,01,117,AL,"Shelby County",28,58,1349
01,103,01,125,AL,"Tuscaloosa County",27,44,779
01,103,47,037,TN,"Davidson County",26,37,807
01,103,01,003,AL,"Baldwin County",24,52,904
01,103,01,133,AL,"Winston County",24,46,1083
01,103,01,097,AL,"Mobile County",20,29,561
01,103,21,227,KY,"Warren County",19,49,1597
01,103,01,033,AL,"Colbert County",18,40,758
01,103,01,071,AL,"Jackson County",15,40,580
01,103,01,081,AL,"Lee County",14,26,554
01,103,22,017,LA,"Caddo Parish",14,35,1534
01,103,47,055,TN,"Giles County",13,27,416
01,103,01,059,AL,"Franklin County",11,27,227
01,103,12,105,FL,"Polk County",11,25,325
01,103,01,101,AL,"Montgomery County",10,17,391
01,103,58,000,SS,"Other Flows - Same State",80,165,2140
01,103,59,000,DS,"Other Flows - Diff State",721,1462,28504
01,103,59,001,DS,"Other Flows - Northeast",27,53,1201
01,103,59,003,DS,"Other Flows - Midwest",121,276,4526
01,103,59,005,DS,"Other Flows - South",490,981,19102
01,103,59,007,DS,"Other Flows - West",83,152,3674
01,103,57,009,FR,"Foreign - Other flows",17,27,387
01,105,96,000,AL,"Perry County Tot Mig-US & For",184,403,3953
01,105,97,000,AL,"Perry County Tot Mig-US",184,403,3953
01,105,97,001,AL,"Perry County Tot Mig-Same St",135,309,2839
01,105,97,003,AL,"Perry County Tot Mig-Diff St",49,94,1114
01,105,01,105,AL,"Perry County Non-Migrants",2883,7021,72956
01,105,01,065,AL,"Hale County",24,62,522
01,105,01,047,AL,"Dallas County",21,51,260
01,105,01,073,AL,"Jefferson County",15,29,283
01,105,01,007,AL,"Bibb County",13,30,316
01,105,01,091,AL,"Marengo County",13,28,224
01,105,01,125,AL,"Tuscaloosa County",13,23,231
01,105,58,000,SS,"Other Flows - Same State",36,86,1003
01,105,59,000,DS,"Other Flows - Diff State",49,94,1114
01,107,96,000,AL,"Pickens County Tot Mig-US & For",333,707,9037
01,107,97,000,AL,"Pickens County Tot Mig-US",333,707,9037
01,107,97,001,AL,"Pickens County Tot Mig-Same St",209,459,5447
01,107,97,003,AL,"Pickens County Tot Mig-Diff St",124,248,3590
01,107,01,107,AL,"Pickens County Non-Migrants",6445,15256,220441
01,107,01,125,AL,"Tuscaloosa County",130,278,3542
01,107,28,087,MS,"Lowndes County",35,76,1008
01,107,01,073,AL,"Jefferson County",14,28,418
01,107,01,057,AL,"Fayette County",13,25,235
01,107,58,000,SS,"Other Flows - Same State",52,128,1252
01,107,59,000,DS,"Other Flows - Diff State",89,172,2583
01,109,96,000,AL,"Pike County Tot Mig-US & For",652,1281,17937
01,109,97,000,AL,"Pike County Tot Mig-US",652,1281,17937
01,109,97,001,AL,"Pike County Tot Mig-Same St",414,804,11331
01,109,97,003,AL,"Pike County Tot Mig-Diff St",238,477,6606
01,109,01,109,AL,"Pike County Non-Migrants",8326,18545,292698
01,109,01,101,AL,"Montgomery County",73,119,2040
01,109,01,041,AL,"Crenshaw County",66,139,1293
01,109,01,031,AL,"Coffee County",47,97,1239
01,109,01,045,AL,"Dale County",36,81,829
01,109,01,069,AL,"Houston County",23,43,634
01,109,01,073,AL,"Jefferson County",21,36,829
01,109,01,051,AL,"Elmore County",15,24,410
01,109,01,005,AL,"Barbour County",14,31,548
01,109,01,039,AL,"Covington County",12,24,273
01,109,01,081,AL,"Lee County",10,25,511
01,109,58,000,SS,"Other Flows - Same State",97,185,2726
01,109,59,000,DS,"Other Flows - Diff State",238,477,6606
01,109,59,001,DS,"Other Flows - Northeast",13,23,342
01,109,59,003,DS,"Other Flows - Midwest",19,41,413
01,109,59,005,DS,"Other Flows - South",181,366,5303
01,109,59,007,DS,"Other Flows - West",25,47,548
01,111,96,000,AL,"Randolph County Tot Mig-US & For",352,749,9063
01,111,97,000,AL,"Randolph County Tot Mig-US",352,749,9063
01,111,97,001,AL,"Randolph County Tot Mig-Same St",174,360,4632
01,111,97,003,AL,"Randolph County Tot Mig-Diff St",178,389,4430
01,111,01,111,AL,"Randolph County Non-Migrants",6690,15511,223634
01,111,01,015,AL,"Calhoun County",33,76,951
01,111,01,017,AL,"Chambers County",33,78,784
01,111,13,045,GA,"Carroll County",29,62,549
01,111,13,285,GA,"Troup County",26,65,736
01,111,01,081,AL,"Lee County",21,31,411
01,111,01,027,AL,"Clay County",20,44,496
01,111,01,029,AL,"Cleburne County",14,35,401
01,111,13,149,GA,"Heard County",10,26,280
01,111,58,000,SS,"Other Flows - Same State",53,96,1589
01,111,59,000,DS,"Other Flows - Diff State",113,236,2865
01,113,96,000,AL,"Russell County Tot Mig-US & For",1567,3371,40575
01,113,97,000,AL,"Russell County Tot Mig-US",1557,3349,40302
01,113,97,001,AL,"Russell County Tot Mig-Same St",543,1220,15271
01,113,97,003,AL,"Russell County Tot Mig-Diff St",1014,2129,25031
01,113,98,000,AL,"Russell County Tot Mig-Foreign",10,22,273
01,113,01,113,AL,"Russell County Non-Migrants",15159,34005,497228
01,113,13,215,GA,"Muscogee County",562,1227,13082
01,113,01,081,AL,"Lee County",397,923,11402
01,113,13,145,GA,"Harris County",27,50,1097
01,113,01,005,AL,"Barbour County",17,39,511
01,113,01,017,AL,"Chambers County",12,22,222
01,113,12,005,FL,"Bay County",11,22,258
01,113,13,063,GA,"Clayton County",11,23,280
01,113,01,011,AL,"Bullock County",10,25,218
01,113,01,101,AL,"Montgomery County",10,18,223
01,113,13,135,GA,"Gwinnett County",10,22,229
01,113,58,000,SS,"Other Flows - Same State",97,193,2695
01,113,59,000,DS,"Other Flows - Diff State",393,785,10085
01,113,59,001,DS,"Other Flows - Northeast",21,34,406
01,113,59,003,DS,"Other Flows - Midwest",35,73,653
01,113,59,005,DS,"Other Flows - South",298,582,8116
01,113,59,007,DS,"Other Flows - West",39,96,910
01,113,57,009,FR,"Foreign - Other flows",10,22,273
01,115,96,000,AL,"St Clair County Tot Mig-US & For",1429,2934,45760
01,115,97,000,AL,"St Clair County Tot Mig-US",1429,2934,45760
01,115,97,001,AL,"St Clair County Tot Mig-Same St",1111,2282,35547
01,115,97,003,AL,"St Clair County Tot Mig-Diff St",318,652,10212
01,115,01,115,AL,"St Clair County Non-Migrants",19564,45698,840133
01,115,01,073,AL,"Jefferson County",512,1018,17558
01,115,01,121,AL,"Talladega County",122,245,3575
01,115,01,117,AL,"Shelby County",109,218,4211
01,115,01,055,AL,"Etowah County",103,242,2588
01,115,01,009,AL,"Blount County",59,129,1612
01,115,01,015,AL,"Calhoun County",59,127,1548
01,115,01,003,AL,"Baldwin County",16,31,742
01,115,01,125,AL,"Tuscaloosa County",14,25,347
01,115,01,043,AL,"Cullman County",12,21,337
01,115,01,081,AL,"Lee County",11,18,252
01,115,58,000,SS,"Other Flows - Same State",94,208,2777
01,115,59,000,DS,"Other Flows - Diff State",318,652,10212
01,115,59,001,DS,"Other Flows - Northeast",14,25,257
01,115,59,003,DS,"Other Flows - Midwest",38,89,1024
01,115,59,005,DS,"Other Flows - South",237,486,8142
01,115,59,007,DS,"Other Flows - West",29,52,790
01,117,96,000,AL,"Shelby County Tot Mig-US & For",4620,9119,248525
01,117,97,000,AL,"Shelby County Tot Mig-US",4596,9077,247875
01,117,97,001,AL,"Shelby County Tot Mig-Same St",2974,5613,141170
01,117,97,003,AL,"Shelby County Tot Mig-Diff St",1622,3464,106705
01,117,98,000,AL,"Shelby County Tot Mig-Foreign",24,42,650
01,117,01,117,AL,"Shelby County Non-Migrants",48817,116791,3351387
01,117,01,073,AL,"Jefferson County",1845,3327,94172
01,117,01,021,AL,"Chilton County",169,382,5773
01,117,01,115,AL,"St Clair County",139,287,5867
01,117,01,125,AL,"Tuscaloosa County",99,173,4394
01,117,01,121,AL,"Talladega County",84,191,3066
01,117,01,007,AL,"Bibb County",57,126,1599
01,117,01,003,AL,"Baldwin County",55,111,3012
01,117,01,101,AL,"Montgomery County",50,88,2573
01,117,01,089,AL,"Madison County",42,76,2612
01,117,01,081,AL,"Lee County",40,64,1769
01,117,13,121,GA,"Fulton County",40,57,2090
01,117,13,067,GA,"Cobb County",39,81,2749
01,117,13,089,GA,"De Kalb County",35,47,1455
01,117,01,009,AL,"Blount County",34,66,1215
01,117,12,057,FL,"Hillsborough County",31,70,1969
01,117,13,135,GA,"Gwinnett County",31,73,2248
01,117,01,015,AL,"Calhoun County",30,55,1029
01,117,47,037,TN,"Davidson County",30,44,1593
01,117,48,201,TX,"Harris County",29,68,3348
01,117,01,127,AL,"Walker County",28,68,823
01,117,01,043,AL,"Cullman County",27,46,1607
01,117,01,097,AL,"Mobile County",27,53,1268
01,117,47,157,TN,"Shelby County",26,54,1284
01,117,01,055,AL,"Etowah County",23,46,765
01,117,01,103,AL,"Morgan County",23,45,982
01,117,12,031,FL,"Duval County",23,40,1067
01,117,01,051,AL,"Elmore County",22,50,881
01,117,12,033,FL,"Escambia County",21,45,1134
01,117,01,095,AL,"Marshall County",17,30,507
01,117,12,091,FL,"Okaloosa County",17,35,837
01,117,37,183,NC,"Wake County",17,37,1128
01,117,47,187,TN,"Williamson County",17,53,2214
01,117,01,001,AL,"Autauga County",16,32,756
01,117,01,069,AL,"Houston County",16,41,717
01,117,12,005,FL,"Bay County",15,28,765
01,117,47,065,TN,"Hamilton County",15,30,1072
01,117,06,037,CA,"Los Angeles County",14,30,584
01,117,45,045,SC,"Greenville County",14,33,1234
01,117,12,095,FL,"Orange County",13,33,854
01,117,12,113,FL,"Santa Rosa County",13,28,1777
01,117,12,131,FL,"Walton County",13,24,1791
01,117,13,057,GA,"Cherokee County",13,32,1252
01,117,22,103,LA,"St Tammany Parish",13,30,474
01,117,48,113,TX,"Dallas County",13,28,815
01,117,48,439,TX,"Tarrant County",13,38,978
01,117,57,005,FR,"Foreign - APO/FPO ZIPs",13,17,208
01,117,13,215,GA,"Muscogee County",12,26,560
01,117,47,093,TN,"Knox County",12,29,807
01,117,48,121,TX,"Denton County",12,40,1126
01,117,01,123,AL,"Tallapoosa County",11,17,456
01,117,04,013,AZ,"Maricopa County",11,22,643
01,117,01,077,AL,"Lauderdale County",10,26,723
01,117,12,099,FL,"Palm Beach County",10,15,583
01,117,51,059,VA,"Fairfax County",10,16,611
01,117,58,000,SS,"Other Flows - Same State",110,213,4603
01,117,59,000,DS,"Other Flows - Diff State",1050,2278,67662
01,117,59,001,DS,"Other Flows - Northeast",82,157,5410
01,117,59,003,DS,"Other Flows - Midwest",161,360,11810
01,117,59,005,DS,"Other Flows - South",667,1472,43760
01,117,59,007,DS,"Other Flows - West",140,289,6683
01,117,57,009,FR,"Foreign - Other flows",11,25,442
01,119,96,000,AL,"Sumter County Tot Mig-US & For",263,531,5939
01,119,97,000,AL,"Sumter County Tot Mig-US",263,531,5939
01,119,97,001,AL,"Sumter County Tot Mig-Same St",144,284,3049
01,119,97,003,AL,"Sumter County Tot Mig-Diff St",119,247,2891
01,119,01,119,AL,"Sumter County Non-Migrants",4114,9721,114886
01,119,01,125,AL,"Tuscaloosa County",51,96,866
01,119,28,075,MS,"Lauderdale County",29,64,866
01,119,01,073,AL,"Jefferson County",17,29,350
01,119,01,023,AL,"Choctaw County",11,29,302
01,119,01,091,AL,"Marengo County",11,21,312
01,119,58,000,SS,"Other Flows - Same State",54,109,1219
01,119,59,000,DS,"Other Flows - Diff State",90,183,2025
01,121,96,000,AL,"Talladega Count Tot Mig-US & For",1302,2692,37658
01,121,97,000,AL,"Talladega Count Tot Mig-US",1302,2692,37658
01,121,97,001,AL,"Talladega Count Tot Mig-Same St",948,1972,28323
01,121,97,003,AL,"Talladega Count Tot Mig-Diff St",354,720,9336
01,121,01,121,AL,"Talladega Count Non-Migrants",23941,54367,846121
01,121,01,015,AL,"Calhoun County",231,514,7056
01,121,01,073,AL,"Jefferson County",147,272,3955
01,121,01,117,AL,"Shelby County",126,265,5015
01,121,01,115,AL,"St Clair County",107,235,3696
01,121,01,037,AL,"Coosa County",90,208,2294
01,121,01,123,AL,"Tallapoosa County",28,52,519
01,121,01,027,AL,"Clay County",27,39,507
01,121,01,055,AL,"Etowah County",24,53,696
01,121,01,101,AL,"Montgomery County",22,44,524
01,121,01,081,AL,"Lee County",17,29,443
01,121,01,051,AL,"Elmore County",13,29,346
01,121,01,003,AL,"Baldwin County",11,24,579
01,121,12,005,FL,"Bay County",11,23,345
01,121,01,111,AL,"Randolph County",10,24,143
01,121,01,125,AL,"Tuscaloosa County",10,17,350
01,121,58,000,SS,"Other Flows - Same State",85,167,2199
01,121,59,000,DS,"Other Flows - Diff State",343,697,8991
01,121,59,001,DS,"Other Flows - Northeast",14,28,500
01,121,59,003,DS,"Other Flows - Midwest",31,69,834
01,121,59,005,DS,"Other Flows - South",268,534,6841
01,121,59,007,DS,"Other Flows - West",30,66,816
01,123,96,000,AL,"Tallapoosa Coun Tot Mig-US & For",693,1420,22717
01,123,97,000,AL,"Tallapoosa Coun Tot Mig-US",693,1420,22717
01,123,97,001,AL,"Tallapoosa Coun Tot Mig-Same St",476,990,14997
01,123,97,003,AL,"Tallapoosa Coun Tot Mig-Diff St",217,430,7721
01,123,01,123,AL,"Tallapoosa Coun Non-Migrants",12215,27517,463103
01,123,01,081,AL,"Lee County",92,182,2669
01,123,01,037,AL,"Coosa County",64,152,1911
01,123,01,051,AL,"Elmore County",48,108,1660
01,123,01,121,AL,"Talladega County",37,80,916
01,123,01,027,AL,"Clay County",34,79,796
01,123,01,073,AL,"Jefferson County",31,54,1300
01,123,01,101,AL,"Montgomery County",22,46,842
01,123,01,117,AL,"Shelby County",22,40,972
01,123,01,015,AL,"Calhoun County",14,31,460
01,123,01,001,AL,"Autauga County",10,20,329
01,123,01,017,AL,"Chambers County",10,19,387
01,123,58,000,SS,"Other Flows - Same State",92,179,2755
01,123,59,000,DS,"Other Flows - Diff State",217,430,7721
01,125,96,000,AL,"Tuscaloosa Coun Tot Mig-US & For",3221,5944,110380
01,125,97,000,AL,"Tuscaloosa Coun Tot Mig-US",3175,5858,106926
01,125,97,001,AL,"Tuscaloosa Coun Tot Mig-Same St",1738,3242,56521
01,125,97,003,AL,"Tuscaloosa Coun Tot Mig-Diff St",1437,2616,50405
01,125,98,000,AL,"Tuscaloosa Coun Tot Mig-Foreign",46,86,3454
01,125,01,125,AL,"Tuscaloosa Coun Non-Migrants",52401,116737,2424379
01,125,01,073,AL,"Jefferson County",530,928,20763
01,125,01,065,AL,"Hale County",143,306,4279
01,125,01,117,AL,"Shelby County",124,228,5306
01,125,01,107,AL,"Pickens County",101,220,2655
01,125,01,007,AL,"Bibb County",68,157,1990
01,125,01,057,AL,"Fayette County",67,141,1689
01,125,01,097,AL,"Mobile County",63,102,1440
01,125,01,089,AL,"Madison County",58,92,1641
01,125,01,101,AL,"Montgomery County",58,108,1562
01,125,01,003,AL,"Baldwin County",49,97,1890
01,125,13,067,GA,"Cobb County",39,59,1078
01,125,01,119,AL,"Sumter County",30,69,671
01,125,01,115,AL,"St Clair County",29,51,949
01,125,13,089,GA,"De Kalb County",29,56,1325
01,125,01,127,AL,"Walker County",28,43,704
01,125,47,037,TN,"Davidson County",28,41,946
01,125,01,015,AL,"Calhoun County",27,38,602
01,125,13,121,GA,"Fulton County",25,31,766
01,125,01,063,AL,"Greene County",24,50,593
01,125,01,103,AL,"Morgan County",24,50,652
01,125,01,077,AL,"Lauderdale County",23,35,702
01,125,01,093,AL,"Marion County",21,33,498
01,125,01,091,AL,"Marengo County",20,33,402
01,125,22,017,LA,"Caddo Parish",19,45,2057
01,125,01,047,AL,"Dallas County",18,33,509
01,125,13,135,GA,"Gwinnett County",18,40,729
01,125,57,005,FR,"Foreign - APO/FPO ZIPs",18,20,338
01,125,01,001,AL,"Autauga County",17,40,967
01,125,47,157,TN,"Shelby County",17,27,399
01,125,12,031,FL,"Duval County",16,33,1103
01,125,01,043,AL,"Cullman County",15,31,513
01,125,01,081,AL,"Lee County",15,20,372
01,125,06,037,CA,"Los Angeles County",15,20,260
01,125,28,087,MS,"Lowndes County",15,34,343
01,125,01,055,AL,"Etowah County",14,25,506
01,125,12,033,FL,"Escambia County",13,22,400
01,125,48,113,TX,"Dallas County",13,19,221
01,125,01,009,AL,"Blount County",12,25,321
01,125,01,025,AL,"Clarke County",12,29,297
01,125,01,121,AL,"Talladega County",12,21,234
01,125,12,005,FL,"Bay County",12,18,226
01,125,12,057,FL,"Hillsborough County",12,24,318
01,125,26,163,MI,"Wayne County",12,23,490
01,125,01,021,AL,"Chilton County",11,28,257
01,125,17,031,IL,"Cook County",11,17,492
01,125,28,075,MS,"Lauderdale County",11,14,262
01,125,37,119,NC,"Mecklenburg County",11,16,360
01,125,47,093,TN,"Knox County",11,21,452
01,125,48,201,TX,"Harris County",11,20,369
01,125,01,069,AL,"Houston County",10,20,455
01,125,01,095,AL,"Marshall County",10,18,342
01,125,13,063,GA,"Clayton County",10,20,271
01,125,22,033,LA,"East Baton Rouge Par",10,22,262
01,125,39,049,OH,"Franklin County",10,16,300
01,125,58,000,SS,"Other Flows - Same State",105,171,2760
01,125,59,000,DS,"Other Flows - Diff State",1069,1978,36976
01,125,59,001,DS,"Other Flows - Northeast",92,133,2111
01,125,59,003,DS,"Other Flows - Midwest",156,306,5847
01,125,59,005,DS,"Other Flows - South",707,1324,25265
01,125,59,007,DS,"Other Flows - West",114,215,3752
01,125,57,009,FR,"Foreign - Other flows",28,66,3116
01,127,96,000,AL,"Walker County Tot Mig-US & For",962,2013,26772
01,127,97,000,AL,"Walker County Tot Mig-US",952,2000,26564
01,127,97,001,AL,"Walker County Tot Mig-Same St",666,1442,19488
01,127,97,003,AL,"Walker County Tot Mig-Diff St",286,558,7076
01,127,98,000,AL,"Walker County Tot Mig-Foreign",10,13,208
01,127,01,127,AL,"Walker County Non-Migrants",20293,47226,784518
01,127,01,073,AL,"Jefferson County",285,610,8705
01,127,01,133,AL,"Winston County",67,172,2085
01,127,01,125,AL,"Tuscaloosa County",44,85,1316
01,127,01,043,AL,"Cullman County",37,87,1019
01,127,01,117,AL,"Shelby County",37,71,1454
01,127,01,057,AL,"Fayette County",30,70,575
01,127,01,009,AL,"Blount County",21,59,559
01,127,01,103,AL,"Morgan County",15,29,334
01,127,01,003,AL,"Baldwin County",11,23,544
01,127,01,093,AL,"Marion County",11,21,220
01,127,01,089,AL,"Madison County",10,21,233
01,127,58,000,SS,"Other Flows - Same State",98,194,2443
01,127,59,000,DS,"Other Flows - Diff State",286,558,7076
01,127,57,009,FR,"Foreign - Other flows",10,13,208
01,129,96,000,AL,"Washington Coun Tot Mig-US & For",315,700,9717
01,129,97,000,AL,"Washington Coun Tot Mig-US",315,700,9717
01,129,97,001,AL,"Washington Coun Tot Mig-Same St",232,519,7591
01,129,97,003,AL,"Washington Coun Tot Mig-Diff St",83,181,2126
01,129,01,129,AL,"Washington Coun Non-Migrants",5135,12825,193176
01,129,01,097,AL,"Mobile County",117,259,4363
01,129,01,025,AL,"Clarke County",40,93,1124
01,129,01,003,AL,"Baldwin County",16,41,616
01,129,28,153,MS,"Wayne County",13,30,277
01,129,01,125,AL,"Tuscaloosa County",12,21,246
01,129,01,023,AL,"Choctaw County",10,21,243
01,129,58,000,SS,"Other Flows - Same State",37,84,999
01,129,59,000,DS,"Other Flows - Diff State",70,151,1850
01,131,96,000,AL,"Wilcox County Tot Mig-US & For",217,503,5281
01,131,97,000,AL,"Wilcox County Tot Mig-US",217,503,5281
01,131,97,001,AL,"Wilcox County Tot Mig-Same St",160,385,3554
01,131,97,003,AL,"Wilcox County Tot Mig-Diff St",57,118,1727
01,131,01,131,AL,"Wilcox County Non-Migrants",3630,9220,105288
01,131,01,025,AL,"Clarke County",24,62,584
01,131,01,047,AL,"Dallas County",23,58,374
01,131,01,101,AL,"Montgomery County",20,51,430
01,131,01,073,AL,"Jefferson County",19,43,529
01,131,01,099,AL,"Monroe County",15,44,297
01,131,01,091,AL,"Marengo County",13,33,400
01,131,58,000,SS,"Other Flows - Same State",46,94,940
01,131,59,000,DS,"Other Flows - Diff State",57,118,1727
01,133,96,000,AL,"Winston County Tot Mig-US & For",435,923,12258
01,133,97,000,AL,"Winston County Tot Mig-US",435,923,12258
01,133,97,001,AL,"Winston County Tot Mig-Same St",316,691,9424
01,133,97,003,AL,"Winston County Tot Mig-Diff St",119,232,2834
01,133,01,133,AL,"Winston County Non-Migrants",7419,17246,242624
01,133,01,127,AL,"Walker County",71,151,1729
01,133,01,093,AL,"Marion County",46,110,883
01,133,01,059,AL,"Franklin County",36,91,802
01,133,01,043,AL,"Cullman County",31,73,814
01,133,01,073,AL,"Jefferson County",28,41,1443
01,133,01,103,AL,"Morgan County",17,54,619
01,133,01,077,AL,"Lauderdale County",13,35,307
01,133,01,089,AL,"Madison County",13,16,341
01,133,01,117,AL,"Shelby County",10,13,284
01,133,58,000,SS,"Other Flows - Same State",51,107,2203
01,133,59,000,DS,"Other Flows - Diff State",119,232,2834
