"2005-2006 County to County Migration Inflow",,,,,,"Nebraska Inflows",,
"(Aggregate money amounts are in thousands of dollars)",,,,,,,,
,,,,,,,,
,,,,,,,,
"Migration into",,"Migration from",,,,Number,Number,Aggregate
Nebraska,,,,,,of,of,adjusted
State,County,State,County,State,"State totals, county totals,",returns,exemptions,gross
"FIPS Code",,,,,"and county by county detail",,,income
31,000,96,000,NE,"Total Mig - US & For",46412,87637,1669878
31,000,97,000,NE,"Total Mig - US",45445,86067,1649534
31,000,97,001,NE,"Total Mig - US Same St",26754,48429,901400
31,000,97,003,NE,"Total Mig - US Diff St",18691,37638,748134
31,000,98,000,NE,"Total Mig - Foreign",967,1570,20344
31,001,96,000,NE,"Adams County Tot Mig-US & F",672,1313,23198
31,001,97,000,NE,"Adams County Tot Mig-US",672,1313,23198
31,001,97,001,NE,"Adams County Tot Mig-Same S",448,815,12689
31,001,97,003,NE,"Adams County Tot Mig-Diff S",224,498,10509
31,001,98,000,NE,"Adams County Tot Mig-Foreig",d,d,d
31,001,31,001,NE,"Adams County Non-Migrants",10380,23466,521762
31,001,31,035,NE,"Clay County",60,141,1482
31,001,31,079,NE,"Hall County",56,112,2183
31,001,31,109,NE,"Lancaster County",38,60,1004
31,001,31,019,NE,"Buffalo County",28,37,641
31,001,31,181,NE,"Webster County",27,50,714
31,001,31,129,NE,"Nuckolls County",23,36,445
31,001,31,055,NE,"Douglas County",17,33,516
31,001,31,099,NE,"Kearney County",16,30,475
31,001,31,061,NE,"Franklin County",12,22,388
31,001,31,153,NE,"Sarpy County",11,24,494
31,001,58,000,SS,"Other Flows - Same State",160,270,4346
31,001,59,000,DS,"Other Flows - Diff State",224,498,10509
31,001,59,001,DS,"Other Flows - Northeast",16,43,716
31,001,59,003,DS,"Other Flows - Midwest",97,202,3473
31,001,59,005,DS,"Other Flows - South",35,78,1097
31,001,59,007,DS,"Other Flows - West",76,175,5223
31,003,96,000,NE,"Antelope County Tot Mig-US",128,255,3522
31,003,97,000,NE,"Antelope County Tot Mig-US",128,255,3522
31,003,97,001,NE,"Antelope County Tot Mig-Sam",94,191,2544
31,003,97,003,NE,"Antelope County Tot Mig-Dif",34,64,978
31,003,98,000,NE,"Antelope County Tot Mig-For",d,d,d
31,003,31,003,NE,"Antelope County Non-Migrant",2390,5723,89617
31,003,31,119,NE,"Madison County",20,45,450
31,003,31,109,NE,"Lancaster County",17,30,489
31,003,58,000,SS,"Other Flows - Same State",57,116,1605
31,003,59,000,DS,"Other Flows - Diff State",34,64,978
31,005,96,000,NE,"Arthur County Tot Mig-US &",d,d,d
31,005,97,000,NE,"Arthur County Tot Mig-US",d,d,d
31,005,97,001,NE,"Arthur County Tot Mig-Same",d,d,d
31,005,97,003,NE,"Arthur County Tot Mig-Diff",d,d,d
31,005,98,000,NE,"Arthur County Tot Mig-Forei",d,d,d
31,005,31,005,NE,"Arthur County Non-Migrants",d,d,d
31,007,96,000,NE,"Banner County Tot Mig-US &",d,d,d
31,007,97,000,NE,"Banner County Tot Mig-US",d,d,d
31,007,97,001,NE,"Banner County Tot Mig-Same",d,d,d
31,007,97,003,NE,"Banner County Tot Mig-Diff",d,d,d
31,007,98,000,NE,"Banner County Tot Mig-Forei",d,d,d
31,007,31,007,NE,"Banner County Non-Migrants",d,d,d
31,009,96,000,NE,"Blaine County Tot Mig-US &",d,d,d
31,009,97,000,NE,"Blaine County Tot Mig-US",d,d,d
31,009,97,001,NE,"Blaine County Tot Mig-Same",d,d,d
31,009,97,003,NE,"Blaine County Tot Mig-Diff",d,d,d
31,009,98,000,NE,"Blaine County Tot Mig-Forei",d,d,d
31,009,31,009,NE,"Blaine County Non-Migrants",d,d,d
31,011,96,000,NE,"Boone County Tot Mig-US & F",83,169,2377
31,011,97,000,NE,"Boone County Tot Mig-US",83,169,2377
31,011,97,001,NE,"Boone County Tot Mig-Same S",59,125,1706
31,011,97,003,NE,"Boone County Tot Mig-Diff S",24,44,672
31,011,98,000,NE,"Boone County Tot Mig-Foreig",d,d,d
31,011,31,011,NE,"Boone County Non-Migrants",2023,4816,77414
31,011,31,125,NE,"Nance County",17,34,433
31,011,58,000,SS,"Other Flows - Same State",42,91,1273
31,011,59,000,DS,"Other Flows - Diff State",24,44,672
31,013,96,000,NE,"Box Butte Count Tot Mig-US",230,460,8192
31,013,97,000,NE,"Box Butte Count Tot Mig-US",230,460,8192
31,013,97,001,NE,"Box Butte Count Tot Mig-Sam",113,213,3469
31,013,97,003,NE,"Box Butte Count Tot Mig-Dif",117,247,4723
31,013,98,000,NE,"Box Butte Count Tot Mig-For",d,d,d
31,013,31,013,NE,"Box Butte Count Non-Migrant",4240,9619,203463
31,013,31,157,NE,"Scotts Bluff County",24,54,881
31,013,31,045,NE,"Dawes County",15,39,374
31,013,31,161,NE,"Sheridan County",15,29,520
31,013,58,000,SS,"Other Flows - Same State",59,91,1693
31,013,59,000,DS,"Other Flows - Diff State",117,247,4723
31,015,96,000,NE,"Boyd County Tot Mig-US & Fo",24,41,587
31,015,97,000,NE,"Boyd County Tot Mig-US",24,41,587
31,015,97,001,NE,"Boyd County Tot Mig-Same St",d,d,d
31,015,97,003,NE,"Boyd County Tot Mig-Diff St",d,d,d
31,015,98,000,NE,"Boyd County Tot Mig-Foreign",d,d,d
31,015,31,015,NE,"Boyd County Non-Migrants",784,1790,21380
31,017,96,000,NE,"Brown County Tot Mig-US & F",69,149,2253
31,017,97,000,NE,"Brown County Tot Mig-US",69,149,2253
31,017,97,001,NE,"Brown County Tot Mig-Same S",46,90,1393
31,017,97,003,NE,"Brown County Tot Mig-Diff S",23,59,860
31,017,98,000,NE,"Brown County Tot Mig-Foreig",d,d,d
31,017,31,017,NE,"Brown County Non-Migrants",1148,2582,36840
31,017,58,000,SS,"Other Flows - Same State",46,90,1393
31,017,59,000,DS,"Other Flows - Diff State",23,59,860
31,019,96,000,NE,"Buffalo County Tot Mig-US &",1370,2405,41318
31,019,97,000,NE,"Buffalo County Tot Mig-US",1336,2371,41145
31,019,97,001,NE,"Buffalo County Tot Mig-Same",945,1606,27224
31,019,97,003,NE,"Buffalo County Tot Mig-Diff",391,765,13921
31,019,98,000,NE,"Buffalo County Tot Mig-Fore",34,34,173
31,019,31,019,NE,"Buffalo County Non-Migrants",14629,32864,769736
31,019,31,099,NE,"Kearney County",90,170,2598
31,019,31,109,NE,"Lancaster County",87,137,2535
31,019,31,047,NE,"Dawson County",79,146,2147
31,019,31,079,NE,"Hall County",71,121,2196
31,019,31,137,NE,"Phelps County",53,102,1933
31,019,31,041,NE,"Custer County",43,67,1050
31,019,31,111,NE,"Lincoln County",41,79,1384
31,019,31,055,NE,"Douglas County",40,65,1051
31,019,31,001,NE,"Adams County",32,48,856
31,019,31,065,NE,"Furnas County",23,38,628
31,019,31,145,NE,"Red Willow County",22,37,472
31,019,31,163,NE,"Sherman County",22,36,489
31,019,31,153,NE,"Sarpy County",20,36,993
31,019,31,061,NE,"Franklin County",17,27,415
31,019,31,083,NE,"Harlan County",16,23,365
31,019,31,119,NE,"Madison County",16,20,573
31,019,31,101,NE,"Keith County",15,23,559
31,019,31,157,NE,"Scotts Bluff County",14,31,362
31,019,31,141,NE,"Platte County",13,28,471
31,019,04,013,AZ,"Maricopa County",12,17,550
31,019,31,175,NE,"Valley County",12,21,388
31,019,08,041,CO,"El Paso County",10,18,290
31,019,58,000,SS,"Other Flows - Same State",219,351,5758
31,019,59,000,DS,"Other Flows - Diff State",369,730,13081
31,019,59,001,DS,"Other Flows - Northeast",16,28,405
31,019,59,003,DS,"Other Flows - Midwest",163,326,6226
31,019,59,005,DS,"Other Flows - South",98,208,3133
31,019,59,007,DS,"Other Flows - West",92,168,3318
31,019,57,009,FR,"Foreign - Other flows",34,34,173
31,021,96,000,NE,"Burt County Tot Mig-US & Fo",159,352,4968
31,021,97,000,NE,"Burt County Tot Mig-US",159,352,4968
31,021,97,001,NE,"Burt County Tot Mig-Same St",117,256,3709
31,021,97,003,NE,"Burt County Tot Mig-Diff St",42,96,1259
31,021,98,000,NE,"Burt County Tot Mig-Foreign",d,d,d
31,021,31,021,NE,"Burt County Non-Migrants",2506,5749,99373
31,021,31,055,NE,"Douglas County",29,74,932
31,021,31,177,NE,"Washington County",26,50,612
31,021,31,053,NE,"Dodge County",17,37,375
31,021,31,109,NE,"Lancaster County",10,13,286
31,021,58,000,SS,"Other Flows - Same State",35,82,1505
31,021,59,000,DS,"Other Flows - Diff State",42,96,1259
31,023,96,000,NE,"Butler County Tot Mig-US &",199,384,5515
31,023,97,000,NE,"Butler County Tot Mig-US",199,384,5515
31,023,97,001,NE,"Butler County Tot Mig-Same",166,319,4665
31,023,97,003,NE,"Butler County Tot Mig-Diff",33,65,851
31,023,98,000,NE,"Butler County Tot Mig-Forei",d,d,d
31,023,31,023,NE,"Butler County Non-Migrants",3184,7337,127541
31,023,31,109,NE,"Lancaster County",40,76,1142
31,023,31,141,NE,"Platte County",28,57,784
31,023,31,037,NE,"Colfax County",21,42,669
31,023,31,055,NE,"Douglas County",10,17,187
31,023,58,000,SS,"Other Flows - Same State",67,127,1883
31,023,59,000,DS,"Other Flows - Diff State",33,65,851
31,025,96,000,NE,"Cass County Tot Mig-US & Fo",795,1677,35186
31,025,97,000,NE,"Cass County Tot Mig-US",795,1677,35186
31,025,97,001,NE,"Cass County Tot Mig-Same St",593,1235,26199
31,025,97,003,NE,"Cass County Tot Mig-Diff St",202,442,8987
31,025,98,000,NE,"Cass County Tot Mig-Foreign",d,d,d
31,025,31,025,NE,"Cass County Non-Migrants",8725,20318,467792
31,025,31,055,NE,"Douglas County",177,365,8250
31,025,31,153,NE,"Sarpy County",155,342,7336
31,025,31,109,NE,"Lancaster County",132,281,5406
31,025,31,131,NE,"Otoe County",27,40,894
31,025,31,155,NE,"Saunders County",23,49,992
31,025,19,155,IA,"Pottawattamie County",10,24,420
31,025,58,000,SS,"Other Flows - Same State",79,158,3320
31,025,59,000,DS,"Other Flows - Diff State",192,418,8567
31,027,96,000,NE,"Cedar County Tot Mig-US & F",119,236,4110
31,027,97,000,NE,"Cedar County Tot Mig-US",119,236,4110
31,027,97,001,NE,"Cedar County Tot Mig-Same S",75,157,2750
31,027,97,003,NE,"Cedar County Tot Mig-Diff S",44,79,1360
31,027,98,000,NE,"Cedar County Tot Mig-Foreig",d,d,d
31,027,31,027,NE,"Cedar County Non-Migrants",3294,8034,130668
31,027,31,119,NE,"Madison County",13,23,1036
31,027,46,135,SD,"Yankton County",13,17,314
31,027,31,179,NE,"Wayne County",11,17,320
31,027,58,000,SS,"Other Flows - Same State",51,117,1394
31,027,59,000,DS,"Other Flows - Diff State",31,62,1046
31,029,96,000,NE,"Chase County Tot Mig-US & F",80,165,2053
31,029,97,000,NE,"Chase County Tot Mig-US",80,165,2053
31,029,97,001,NE,"Chase County Tot Mig-Same S",46,90,1155
31,029,97,003,NE,"Chase County Tot Mig-Diff S",34,75,898
31,029,98,000,NE,"Chase County Tot Mig-Foreig",d,d,d
31,029,31,029,NE,"Chase County Non-Migrants",1372,3177,59736
31,029,58,000,SS,"Other Flows - Same State",46,90,1155
31,029,59,000,DS,"Other Flows - Diff State",34,75,898
31,031,96,000,NE,"Cherry County Tot Mig-US &",124,235,2921
31,031,97,000,NE,"Cherry County Tot Mig-US",124,235,2921
31,031,97,001,NE,"Cherry County Tot Mig-Same",54,93,1133
31,031,97,003,NE,"Cherry County Tot Mig-Diff",70,142,1787
31,031,98,000,NE,"Cherry County Tot Mig-Forei",d,d,d
31,031,31,031,NE,"Cherry County Non-Migrants",2030,4576,71030
31,031,46,121,SD,"Todd County",12,38,392
31,031,58,000,SS,"Other Flows - Same State",54,93,1133
31,031,59,000,DS,"Other Flows - Diff State",58,104,1396
31,033,96,000,NE,"Cheyenne County Tot Mig-US",282,527,8914
31,033,97,000,NE,"Cheyenne County Tot Mig-US",282,527,8914
31,033,97,001,NE,"Cheyenne County Tot Mig-Sam",113,205,3301
31,033,97,003,NE,"Cheyenne County Tot Mig-Dif",169,322,5613
31,033,98,000,NE,"Cheyenne County Tot Mig-For",d,d,d
31,033,31,033,NE,"Cheyenne County Non-Migrant",3575,7926,183739
31,033,08,075,CO,"Logan County",14,22,310
31,033,31,157,NE,"Scotts Bluff County",14,25,301
31,033,31,123,NE,"Morrill County",12,20,334
31,033,31,109,NE,"Lancaster County",10,18,333
31,033,58,000,SS,"Other Flows - Same State",77,142,2333
31,033,59,000,DS,"Other Flows - Diff State",155,300,5304
31,035,96,000,NE,"Clay County Tot Mig-US & Fo",126,293,4167
31,035,97,000,NE,"Clay County Tot Mig-US",126,293,4167
31,035,97,001,NE,"Clay County Tot Mig-Same St",97,215,3081
31,035,97,003,NE,"Clay County Tot Mig-Diff St",29,78,1086
31,035,98,000,NE,"Clay County Tot Mig-Foreign",d,d,d
31,035,31,035,NE,"Clay County Non-Migrants",2313,5452,99200
31,035,31,001,NE,"Adams County",35,90,1213
31,035,31,109,NE,"Lancaster County",11,19,369
31,035,58,000,SS,"Other Flows - Same State",51,106,1499
31,035,59,000,DS,"Other Flows - Diff State",29,78,1086
31,037,96,000,NE,"Colfax County Tot Mig-US &",174,396,5232
31,037,97,000,NE,"Colfax County Tot Mig-US",174,396,5232
31,037,97,001,NE,"Colfax County Tot Mig-Same",137,295,4446
31,037,97,003,NE,"Colfax County Tot Mig-Diff",37,101,787
31,037,98,000,NE,"Colfax County Tot Mig-Forei",d,d,d
31,037,31,037,NE,"Colfax County Non-Migrants",3203,8155,126931
31,037,31,141,NE,"Platte County",42,94,1086
31,037,31,053,NE,"Dodge County",20,46,584
31,037,31,023,NE,"Butler County",18,44,372
31,037,31,109,NE,"Lancaster County",11,20,252
31,037,58,000,SS,"Other Flows - Same State",46,91,2152
31,037,59,000,DS,"Other Flows - Diff State",37,101,787
31,039,96,000,NE,"Cuming County Tot Mig-US &",169,367,5148
31,039,97,000,NE,"Cuming County Tot Mig-US",169,367,5148
31,039,97,001,NE,"Cuming County Tot Mig-Same",122,259,3589
31,039,97,003,NE,"Cuming County Tot Mig-Diff",47,108,1559
31,039,98,000,NE,"Cuming County Tot Mig-Forei",d,d,d
31,039,31,039,NE,"Cuming County Non-Migrants",3374,7993,147784
31,039,31,053,NE,"Dodge County",27,60,864
31,039,31,119,NE,"Madison County",13,26,274
31,039,31,055,NE,"Douglas County",11,21,434
31,039,31,021,NE,"Burt County",10,26,192
31,039,58,000,SS,"Other Flows - Same State",61,126,1825
31,039,59,000,DS,"Other Flows - Diff State",47,108,1559
31,041,96,000,NE,"Custer County Tot Mig-US &",192,411,5945
31,041,97,000,NE,"Custer County Tot Mig-US",192,411,5945
31,041,97,001,NE,"Custer County Tot Mig-Same",122,250,3614
31,041,97,003,NE,"Custer County Tot Mig-Diff",70,161,2331
31,041,98,000,NE,"Custer County Tot Mig-Forei",d,d,d
31,041,31,041,NE,"Custer County Non-Migrants",3883,9144,135016
31,041,31,109,NE,"Lancaster County",17,37,567
31,041,31,019,NE,"Buffalo County",15,28,388
31,041,31,047,NE,"Dawson County",11,25,243
31,041,31,111,NE,"Lincoln County",11,23,351
31,041,58,000,SS,"Other Flows - Same State",68,137,2064
31,041,59,000,DS,"Other Flows - Diff State",70,161,2331
31,043,96,000,NE,"Dakota County Tot Mig-US &",596,1396,16701
31,043,97,000,NE,"Dakota County Tot Mig-US",596,1396,16701
31,043,97,001,NE,"Dakota County Tot Mig-Same",129,303,3316
31,043,97,003,NE,"Dakota County Tot Mig-Diff",467,1093,13385
31,043,98,000,NE,"Dakota County Tot Mig-Forei",d,d,d
31,043,31,043,NE,"Dakota County Non-Migrants",6478,16424,280675
31,043,19,193,IA,"Woodbury County",247,603,6993
31,043,31,173,NE,"Thurston County",38,105,725
31,043,31,055,NE,"Douglas County",18,40,392
31,043,31,051,NE,"Dixon County",17,46,523
31,043,46,127,SD,"Union County",17,33,470
31,043,06,037,CA,"Los Angeles County",15,39,355
31,043,31,109,NE,"Lancaster County",11,19,425
31,043,58,000,SS,"Other Flows - Same State",45,93,1252
31,043,59,000,DS,"Other Flows - Diff State",188,418,5567
31,045,96,000,NE,"Dawes County Tot Mig-US & F",269,495,7573
31,045,97,000,NE,"Dawes County Tot Mig-US",269,495,7573
31,045,97,001,NE,"Dawes County Tot Mig-Same S",111,189,2766
31,045,97,003,NE,"Dawes County Tot Mig-Diff S",158,306,4807
31,045,98,000,NE,"Dawes County Tot Mig-Foreig",d,d,d
31,045,31,045,NE,"Dawes County Non-Migrants",2646,5767,102580
31,045,31,161,NE,"Sheridan County",21,41,625
31,045,31,013,NE,"Box Butte County",11,24,365
31,045,31,157,NE,"Scotts Bluff County",11,19,297
31,045,31,109,NE,"Lancaster County",10,18,303
31,045,46,047,SD,"Fall River County",10,20,310
31,045,58,000,SS,"Other Flows - Same State",58,87,1176
31,045,59,000,DS,"Other Flows - Diff State",148,286,4497
31,047,96,000,NE,"Dawson County Tot Mig-US &",557,1282,13504
31,047,97,000,NE,"Dawson County Tot Mig-US",557,1282,13504
31,047,97,001,NE,"Dawson County Tot Mig-Same",259,567,7127
31,047,97,003,NE,"Dawson County Tot Mig-Diff",298,715,6376
31,047,98,000,NE,"Dawson County Tot Mig-Forei",d,d,d
31,047,31,047,NE,"Dawson County Non-Migrants",8059,19950,309808
31,047,31,019,NE,"Buffalo County",38,75,976
31,047,48,215,TX,"Hidalgo County",30,78,400
31,047,31,111,NE,"Lincoln County",26,53,618
31,047,31,073,NE,"Gosper County",24,49,861
31,047,31,109,NE,"Lancaster County",16,19,307
31,047,31,041,NE,"Custer County",15,36,373
31,047,31,055,NE,"Douglas County",15,30,252
31,047,31,063,NE,"Frontier County",15,39,421
31,047,06,037,CA,"Los Angeles County",14,41,244
31,047,48,141,TX,"El Paso County",14,25,174
31,047,48,061,TX,"Cameron County",11,32,118
31,047,48,113,TX,"Dallas County",11,27,205
31,047,31,137,NE,"Phelps County",10,22,147
31,047,58,000,SS,"Other Flows - Same State",100,244,3172
31,047,59,000,DS,"Other Flows - Diff State",218,512,5236
31,047,59,001,DS,"Other Flows - Northeast",11,28,279
31,047,59,003,DS,"Other Flows - Midwest",68,153,1562
31,047,59,005,DS,"Other Flows - South",38,104,709
31,047,59,007,DS,"Other Flows - West",101,227,2686
31,049,96,000,NE,"Deuel County Tot Mig-US & F",57,119,1401
31,049,97,000,NE,"Deuel County Tot Mig-US",57,119,1401
31,049,97,001,NE,"Deuel County Tot Mig-Same S",37,76,921
31,049,97,003,NE,"Deuel County Tot Mig-Diff S",20,43,480
31,049,98,000,NE,"Deuel County Tot Mig-Foreig",d,d,d
31,049,31,049,NE,"Deuel County Non-Migrants",694,1502,26769
31,049,31,033,NE,"Cheyenne County",12,25,252
31,049,58,000,SS,"Other Flows - Same State",25,51,670
31,049,59,000,DS,"Other Flows - Diff State",20,43,480
31,051,96,000,NE,"Dixon County Tot Mig-US & F",135,281,4105
31,051,97,000,NE,"Dixon County Tot Mig-US",135,281,4105
31,051,97,001,NE,"Dixon County Tot Mig-Same S",74,143,1879
31,051,97,003,NE,"Dixon County Tot Mig-Diff S",61,138,2226
31,051,98,000,NE,"Dixon County Tot Mig-Foreig",d,d,d
31,051,31,051,NE,"Dixon County Non-Migrants",2070,5005,83148
31,051,31,043,NE,"Dakota County",22,47,491
31,051,19,193,IA,"Woodbury County",17,50,692
31,051,31,179,NE,"Wayne County",13,20,210
31,051,31,027,NE,"Cedar County",10,21,255
31,051,58,000,SS,"Other Flows - Same State",29,55,923
31,051,59,000,DS,"Other Flows - Diff State",44,88,1534
31,053,96,000,NE,"Dodge County Tot Mig-US & F",821,1568,24602
31,053,97,000,NE,"Dodge County Tot Mig-US",821,1568,24602
31,053,97,001,NE,"Dodge County Tot Mig-Same S",570,1067,17077
31,053,97,003,NE,"Dodge County Tot Mig-Diff S",251,501,7525
31,053,98,000,NE,"Dodge County Tot Mig-Foreig",d,d,d
31,053,31,053,NE,"Dodge County Non-Migrants",13115,28747,602618
31,053,31,055,NE,"Douglas County",165,296,4627
31,053,31,177,NE,"Washington County",60,110,1744
31,053,31,155,NE,"Saunders County",59,112,1521
31,053,31,109,NE,"Lancaster County",41,72,1650
31,053,31,153,NE,"Sarpy County",37,67,1294
31,053,31,021,NE,"Burt County",23,53,729
31,053,31,039,NE,"Cuming County",23,47,603
31,053,31,037,NE,"Colfax County",21,51,634
31,053,31,141,NE,"Platte County",17,34,365
31,053,31,119,NE,"Madison County",13,32,368
31,053,19,155,IA,"Pottawattamie County",11,25,273
31,053,58,000,SS,"Other Flows - Same State",111,193,3543
31,053,59,000,DS,"Other Flows - Diff State",240,476,7253
31,053,59,001,DS,"Other Flows - Northeast",10,16,180
31,053,59,003,DS,"Other Flows - Midwest",102,200,3131
31,053,59,005,DS,"Other Flows - South",62,120,1728
31,053,59,007,DS,"Other Flows - West",66,140,2213
31,055,96,000,NE,"Douglas County Tot Mig-US &",12141,21398,488937
31,055,97,000,NE,"Douglas County Tot Mig-US",11895,21068,484378
31,055,97,001,NE,"Douglas County Tot Mig-Same",5644,9273,197821
31,055,97,003,NE,"Douglas County Tot Mig-Diff",6251,11795,286557
31,055,98,000,NE,"Douglas County Tot Mig-Fore",246,330,4559
31,055,31,055,NE,"Douglas County Non-Migrants",172773,376229,11049967
31,055,31,153,NE,"Sarpy County",2767,4920,97805
31,055,31,109,NE,"Lancaster County",717,1068,24583
31,055,19,155,IA,"Pottawattamie County",674,1150,19331
31,055,31,053,NE,"Dodge County",249,396,8365
31,055,31,177,NE,"Washington County",243,396,8988
31,055,31,025,NE,"Cass County",192,311,7852
31,055,04,013,AZ,"Maricopa County",164,325,7091
31,055,31,119,NE,"Madison County",150,218,5600
31,055,31,155,NE,"Saunders County",132,205,4985
31,055,31,019,NE,"Buffalo County",129,181,4531
31,055,06,037,CA,"Los Angeles County",117,268,5564
31,055,19,153,IA,"Polk County",115,225,5036
31,055,19,193,IA,"Woodbury County",99,162,3132
31,055,17,031,IL,"Cook County",96,190,5260
31,055,31,141,NE,"Platte County",95,134,2919
31,055,31,079,NE,"Hall County",88,130,4349
31,055,20,091,KS,"Johnson County",84,180,4959
31,055,31,111,NE,"Lincoln County",70,120,2619
31,055,19,085,IA,"Harrison County",69,104,2056
31,055,06,073,CA,"San Diego County",68,135,3015
31,055,31,001,NE,"Adams County",65,96,1911
31,055,57,005,FR,"Foreign - APO/FPO ZIPs",65,116,2312
31,055,19,129,IA,"Mills County",64,109,2591
31,055,46,099,SD,"Minnehaha County",62,101,2907
31,055,27,053,MN,"Hennepin County",61,113,2939
31,055,29,095,MO,"Jackson County",61,99,1958
31,055,53,033,WA,"King County",55,91,3480
31,055,32,003,NV,"Clark County",53,111,2670
31,055,29,189,MO,"St Louis County",49,98,2676
31,055,48,201,TX,"Harris County",49,85,2284
31,055,06,059,CA,"Orange County",45,86,3531
31,055,08,041,CO,"El Paso County",44,88,1705
31,055,20,173,KS,"Sedgwick County",44,95,2090
31,055,31,131,NE,"Otoe County",44,60,1040
31,055,48,029,TX,"Bexar County",42,79,1920
31,055,22,071,LA,"Orleans Parish",40,84,1095
31,055,31,157,NE,"Scotts Bluff County",40,67,1356
31,055,08,031,CO,"Denver County",39,62,1288
31,055,31,039,NE,"Cuming County",39,50,1042
31,055,06,065,CA,"Riverside County",38,91,1811
31,055,19,165,IA,"Shelby County",37,49,834
31,055,31,043,NE,"Dakota County",37,60,1237
31,055,17,043,IL,"Du Page County",36,81,2889
31,055,19,103,IA,"Johnson County",36,56,1694
31,055,08,005,CO,"Arapahoe County",35,66,1776
31,055,08,035,CO,"Douglas County",33,78,2791
31,055,48,113,TX,"Dallas County",33,68,1469
31,055,06,071,CA,"San Bernardino Count",32,70,1219
31,055,48,439,TX,"Tarrant County",31,60,1665
31,055,19,113,IA,"Linn County",30,53,1392
31,055,27,123,MN,"Ramsey County",30,48,954
31,055,08,059,CO,"Jefferson County",29,53,1614
31,055,31,089,NE,"Holt County",29,43,682
31,055,49,035,UT,"Salt Lake County",29,65,1008
31,055,19,169,IA,"Story County",28,37,921
31,055,31,021,NE,"Burt County",28,54,1040
31,055,27,037,MN,"Dakota County",27,61,1321
31,055,31,037,NE,"Colfax County",27,37,792
31,055,31,047,NE,"Dawson County",27,43,3096
31,055,31,185,NE,"York County",27,47,795
31,055,20,045,KS,"Douglas County",26,50,1550
31,055,31,179,NE,"Wayne County",26,30,524
31,055,12,057,FL,"Hillsborough County",25,39,1025
31,055,29,047,MO,"Clay County",25,51,1594
31,055,15,003,HI,"Honolulu County",24,43,938
31,055,55,079,WI,"Milwaukee County",24,37,887
31,055,19,137,IA,"Montgomery County",23,35,716
31,055,06,067,CA,"Sacramento County",22,38,894
31,055,51,059,VA,"Fairfax County",22,50,1489
31,055,08,001,CO,"Adams County",21,54,1109
31,055,08,069,CO,"Larimer County",21,32,387
31,055,12,011,FL,"Broward County",21,34,853
31,055,20,177,KS,"Shawnee County",21,35,741
31,055,06,001,CA,"Alameda County",20,39,1287
31,055,19,029,IA,"Cass County",20,27,597
31,055,19,163,IA,"Scott County",20,33,776
31,055,20,161,KS,"Riley County",20,33,661
31,055,29,165,MO,"Platte County",20,45,1560
31,055,38,017,ND,"Cass County",20,41,754
31,055,19,071,IA,"Fremont County",19,23,467
31,055,31,067,NE,"Gage County",19,33,656
31,055,36,061,NY,"New York County",19,25,755
31,055,46,103,SD,"Pennington County",19,28,657
31,055,19,049,IA,"Dallas County",18,27,787
31,055,34,023,NJ,"Middlesex County",18,33,748
31,055,47,157,TN,"Shelby County",18,38,1184
31,055,25,017,MA,"Middlesex County",17,26,3979
31,055,26,163,MI,"Wayne County",17,39,1052
31,055,29,510,MO,"St Louis",17,26,712
31,055,31,121,NE,"Merrick County",17,23,389
31,055,36,029,NY,"Erie County",17,35,741
31,055,36,047,NY,"Kings County",17,26,537
31,055,40,143,OK,"Tulsa County",17,34,785
31,055,46,127,SD,"Union County",17,26,802
31,055,48,085,TX,"Collin County",17,35,1027
31,055,48,339,TX,"Montgomery County",17,41,2392
31,055,55,025,WI,"Dane County",17,38,1208
31,055,06,085,CA,"Santa Clara County",16,31,883
31,055,12,095,FL,"Orange County",16,33,873
31,055,19,013,IA,"Black Hawk County",16,23,470
31,055,19,027,IA,"Carroll County",16,31,758
31,055,19,145,IA,"Page County",16,21,539
31,055,29,077,MO,"Greene County",16,24,413
31,055,31,139,NE,"Pierce County",16,23,484
31,055,31,147,NE,"Richardson County",16,17,330
31,055,31,159,NE,"Seward County",16,23,548
31,055,51,013,VA,"Arlington County",16,20,876
31,055,53,061,WA,"Snohomish County",16,36,869
31,055,17,097,IL,"Lake County",15,34,1752
31,055,31,011,NE,"Boone County",15,17,417
31,055,31,023,NE,"Butler County",15,26,369
31,055,31,081,NE,"Hamilton County",15,22,319
31,055,31,107,NE,"Knox County",15,22,418
31,055,35,001,NM,"Bernalillo County",15,30,769
31,055,39,049,OH,"Franklin County",15,32,1985
31,055,40,109,OK,"Oklahoma County",15,31,1299
31,055,48,453,TX,"Travis County",15,29,731
31,055,04,019,AZ,"Pima County",14,22,670
31,055,08,123,CO,"Weld County",14,33,632
31,055,12,031,FL,"Duval County",14,22,541
31,055,13,089,GA,"De Kalb County",14,26,917
31,055,17,197,IL,"Will County",14,35,1288
31,055,31,045,NE,"Dawes County",14,24,278
31,055,46,083,SD,"Lincoln County",14,25,561
31,055,48,141,TX,"El Paso County",14,27,459
31,055,05,119,AR,"Pulaski County",13,19,422
31,055,08,013,CO,"Boulder County",13,21,429
31,055,12,086,FL,"Miami Dade County",13,20,284
31,055,19,133,IA,"Monona County",13,23,534
31,055,28,047,MS,"Harrison County",13,32,333
31,055,31,003,NE,"Antelope County",13,17,306
31,055,31,127,NE,"Nemaha County",13,16,393
31,055,31,137,NE,"Phelps County",13,20,448
31,055,39,061,OH,"Hamilton County",13,34,881
31,055,06,083,CA,"Santa Barbara County",12,28,559
31,055,09,003,CT,"Hartford County",12,26,1632
31,055,13,067,GA,"Cobb County",12,36,523
31,055,13,121,GA,"Fulton County",12,26,1135
31,055,17,119,IL,"Madison County",12,21,501
31,055,18,097,IN,"Marion County",12,21,502
31,055,19,149,IA,"Plymouth County",12,19,498
31,055,20,209,KS,"Wyandotte County",12,29,446
31,055,22,051,LA,"Jefferson Parish",12,21,399
31,055,31,027,NE,"Cedar County",12,18,354
31,055,31,167,NE,"Stanton County",12,19,318
31,055,37,183,NC,"Wake County",12,29,888
31,055,46,135,SD,"Yankton County",12,19,241
31,055,06,019,CA,"Fresno County",11,26,534
31,055,12,103,FL,"Pinellas County",11,21,327
31,055,16,001,ID,"Ada County",11,23,713
31,055,17,089,IL,"Kane County",11,19,1526
31,055,20,061,KS,"Geary County",11,22,357
31,055,26,125,MI,"Oakland County",11,21,558
31,055,27,109,MN,"Olmsted County",11,18,361
31,055,31,051,NE,"Dixon County",11,13,463
31,055,31,143,NE,"Polk County",11,17,157
31,055,31,151,NE,"Saline County",11,14,307
31,055,32,031,NV,"Washoe County",11,25,461
31,055,38,035,ND,"Grand Forks County",11,15,323
31,055,06,053,CA,"Monterey County",10,17,417
31,055,11,001,DC,"District Of Columbia",10,16,746
31,055,12,099,FL,"Palm Beach County",10,19,311
31,055,16,057,ID,"Latah County",10,19,392
31,055,19,021,IA,"Buena Vista County",10,17,283
31,055,19,047,IA,"Crawford County",10,13,307
31,055,19,187,IA,"Webster County",10,12,225
31,055,29,183,MO,"St Charles County",10,17,551
31,055,31,169,NE,"Thayer County",10,15,247
31,055,41,067,OR,"Washington County",10,22,632
31,055,45,019,SC,"Charleston County",10,15,715
31,055,47,037,TN,"Davidson County",10,18,267
31,055,51,810,VA,"Virginia Beach",10,24,393
31,055,53,063,WA,"Spokane County",10,14,479
31,055,55,009,WI,"Brown County",10,20,259
31,055,58,000,SS,"Other Flows - Same State",159,228,4509
31,055,59,000,DS,"Other Flows - Diff State",2147,4181,100340
31,055,59,001,DS,"Other Flows - Northeast",232,470,15111
31,055,59,003,DS,"Other Flows - Midwest",839,1558,36595
31,055,59,005,DS,"Other Flows - South",683,1357,32710
31,055,59,007,DS,"Other Flows - West",393,796,15924
31,055,57,009,FR,"Foreign - Other flows",181,214,2246
31,057,96,000,NE,"Dundy County Tot Mig-US & F",31,64,682
31,057,97,000,NE,"Dundy County Tot Mig-US",31,64,682
31,057,97,001,NE,"Dundy County Tot Mig-Same S",17,33,446
31,057,97,003,NE,"Dundy County Tot Mig-Diff S",14,31,236
31,057,98,000,NE,"Dundy County Tot Mig-Foreig",d,d,d
31,057,31,057,NE,"Dundy County Non-Migrants",711,1585,27730
31,057,58,000,SS,"Other Flows - Same State",17,33,446
31,057,59,000,DS,"Other Flows - Diff State",14,31,236
31,059,96,000,NE,"Fillmore County Tot Mig-US",130,260,4239
31,059,97,000,NE,"Fillmore County Tot Mig-US",130,260,4239
31,059,97,001,NE,"Fillmore County Tot Mig-Sam",101,203,3315
31,059,97,003,NE,"Fillmore County Tot Mig-Dif",29,57,923
31,059,98,000,NE,"Fillmore County Tot Mig-For",d,d,d
31,059,31,059,NE,"Fillmore County Non-Migrant",2311,5354,101483
31,059,31,185,NE,"York County",26,59,697
31,059,31,109,NE,"Lancaster County",18,31,557
31,059,31,169,NE,"Thayer County",11,18,343
31,059,58,000,SS,"Other Flows - Same State",46,95,1719
31,059,59,000,DS,"Other Flows - Diff State",29,57,923
31,061,96,000,NE,"Franklin County Tot Mig-US",66,128,1860
31,061,97,000,NE,"Franklin County Tot Mig-US",66,128,1860
31,061,97,001,NE,"Franklin County Tot Mig-Sam",48,92,1189
31,061,97,003,NE,"Franklin County Tot Mig-Dif",18,36,671
31,061,98,000,NE,"Franklin County Tot Mig-For",d,d,d
31,061,31,061,NE,"Franklin County Non-Migrant",1220,2740,37264
31,061,31,019,NE,"Buffalo County",12,22,236
31,061,31,099,NE,"Kearney County",10,18,297
31,061,58,000,SS,"Other Flows - Same State",26,52,655
31,061,59,000,DS,"Other Flows - Diff State",18,36,671
31,063,96,000,NE,"Frontier County Tot Mig-US",75,164,2129
31,063,97,000,NE,"Frontier County Tot Mig-US",75,164,2129
31,063,97,001,NE,"Frontier County Tot Mig-Sam",52,111,1318
31,063,97,003,NE,"Frontier County Tot Mig-Dif",23,53,812
31,063,98,000,NE,"Frontier County Tot Mig-For",d,d,d
31,063,31,063,NE,"Frontier County Non-Migrant",870,2023,28252
31,063,58,000,SS,"Other Flows - Same State",52,111,1318
31,063,59,000,DS,"Other Flows - Diff State",23,53,812
31,065,96,000,NE,"Furnas County Tot Mig-US &",119,282,3592
31,065,97,000,NE,"Furnas County Tot Mig-US",119,282,3592
31,065,97,001,NE,"Furnas County Tot Mig-Same",71,146,1825
31,065,97,003,NE,"Furnas County Tot Mig-Diff",48,136,1767
31,065,98,000,NE,"Furnas County Tot Mig-Forei",d,d,d
31,065,31,065,NE,"Furnas County Non-Migrants",1819,4146,61521
31,065,31,145,NE,"Red Willow County",13,29,328
31,065,58,000,SS,"Other Flows - Same State",58,117,1496
31,065,59,000,DS,"Other Flows - Diff State",48,136,1767
31,067,96,000,NE,"Gage County Tot Mig-US & Fo",530,1072,17359
31,067,97,000,NE,"Gage County Tot Mig-US",530,1072,17359
31,067,97,001,NE,"Gage County Tot Mig-Same St",369,721,11869
31,067,97,003,NE,"Gage County Tot Mig-Diff St",161,351,5490
31,067,98,000,NE,"Gage County Tot Mig-Foreign",d,d,d
31,067,31,067,NE,"Gage County Non-Migrants",8273,18243,346807
31,067,31,109,NE,"Lancaster County",160,313,4955
31,067,31,095,NE,"Jefferson County",42,79,987
31,067,31,151,NE,"Saline County",38,73,1514
31,067,31,097,NE,"Johnson County",23,47,825
31,067,20,117,KS,"Marshall County",11,14,208
31,067,31,133,NE,"Pawnee County",11,20,164
31,067,58,000,SS,"Other Flows - Same State",95,189,3423
31,067,59,000,DS,"Other Flows - Diff State",150,337,5282
31,067,59,001,DS,"Other Flows - Northeast",11,18,297
31,067,59,003,DS,"Other Flows - Midwest",76,169,2456
31,067,59,005,DS,"Other Flows - South",37,99,1717
31,067,59,007,DS,"Other Flows - West",26,51,812
31,069,96,000,NE,"Garden County Tot Mig-US &",49,119,1354
31,069,97,000,NE,"Garden County Tot Mig-US",49,119,1354
31,069,97,001,NE,"Garden County Tot Mig-Same",23,66,675
31,069,97,003,NE,"Garden County Tot Mig-Diff",26,53,680
31,069,98,000,NE,"Garden County Tot Mig-Forei",d,d,d
31,069,31,069,NE,"Garden County Non-Migrants",736,1554,27125
31,069,58,000,SS,"Other Flows - Same State",23,66,675
31,069,59,000,DS,"Other Flows - Diff State",26,53,680
31,071,96,000,NE,"Garfield County Tot Mig-US",35,73,1119
31,071,97,000,NE,"Garfield County Tot Mig-US",35,73,1119
31,071,97,001,NE,"Garfield County Tot Mig-Sam",d,d,d
31,071,97,003,NE,"Garfield County Tot Mig-Dif",d,d,d
31,071,98,000,NE,"Garfield County Tot Mig-For",d,d,d
31,071,31,071,NE,"Garfield County Non-Migrant",634,1442,16502
31,073,96,000,NE,"Gosper County Tot Mig-US &",74,152,2362
31,073,97,000,NE,"Gosper County Tot Mig-US",74,152,2362
31,073,97,001,NE,"Gosper County Tot Mig-Same",54,110,1804
31,073,97,003,NE,"Gosper County Tot Mig-Diff",20,42,558
31,073,98,000,NE,"Gosper County Tot Mig-Forei",d,d,d
31,073,31,073,NE,"Gosper County Non-Migrants",722,1680,28456
31,073,31,047,NE,"Dawson County",16,37,505
31,073,58,000,SS,"Other Flows - Same State",38,73,1299
31,073,59,000,DS,"Other Flows - Diff State",20,42,558
31,075,96,000,NE,"Grant County Tot Mig-US & F",d,d,d
31,075,97,000,NE,"Grant County Tot Mig-US",d,d,d
31,075,97,001,NE,"Grant County Tot Mig-Same S",d,d,d
31,075,97,003,NE,"Grant County Tot Mig-Diff S",d,d,d
31,075,98,000,NE,"Grant County Tot Mig-Foreig",d,d,d
31,075,31,075,NE,"Grant County Non-Migrants",d,d,d
31,077,96,000,NE,"Greeley County Tot Mig-US &",56,103,1459
31,077,97,000,NE,"Greeley County Tot Mig-US",56,103,1459
31,077,97,001,NE,"Greeley County Tot Mig-Same",d,d,d
31,077,97,003,NE,"Greeley County Tot Mig-Diff",d,d,d
31,077,98,000,NE,"Greeley County Tot Mig-Fore",d,d,d
31,077,31,077,NE,"Greeley County Non-Migrants",902,2102,25651
31,079,96,000,NE,"Hall County Tot Mig-US & Fo",1288,2466,45507
31,079,97,000,NE,"Hall County Tot Mig-US",1288,2466,45507
31,079,97,001,NE,"Hall County Tot Mig-Same St",828,1521,30492
31,079,97,003,NE,"Hall County Tot Mig-Diff St",460,945,15015
31,079,98,000,NE,"Hall County Tot Mig-Foreign",d,d,d
31,079,31,079,NE,"Hall County Non-Migrants",18844,43627,924940
31,079,31,109,NE,"Lancaster County",96,152,2838
31,079,31,001,NE,"Adams County",86,156,5084
31,079,31,019,NE,"Buffalo County",83,170,3492
31,079,31,093,NE,"Howard County",71,114,1856
31,079,31,121,NE,"Merrick County",62,120,1592
31,079,31,081,NE,"Hamilton County",59,114,1641
31,079,31,055,NE,"Douglas County",56,98,2175
31,079,06,037,CA,"Los Angeles County",24,49,415
31,079,31,111,NE,"Lincoln County",24,49,622
31,079,31,047,NE,"Dawson County",23,49,517
31,079,31,153,NE,"Sarpy County",15,30,403
31,079,31,119,NE,"Madison County",14,25,381
31,079,31,141,NE,"Platte County",13,32,621
31,079,04,013,AZ,"Maricopa County",11,23,534
31,079,31,163,NE,"Sherman County",11,24,335
31,079,31,185,NE,"York County",10,19,425
31,079,58,000,SS,"Other Flows - Same State",205,369,8510
31,079,59,000,DS,"Other Flows - Diff State",425,873,14066
31,079,59,001,DS,"Other Flows - Northeast",24,49,625
31,079,59,003,DS,"Other Flows - Midwest",161,318,5361
31,079,59,005,DS,"Other Flows - South",108,228,3342
31,079,59,007,DS,"Other Flows - West",132,278,4738
31,081,96,000,NE,"Hamilton County Tot Mig-US",241,496,8010
31,081,97,000,NE,"Hamilton County Tot Mig-US",241,496,8010
31,081,97,001,NE,"Hamilton County Tot Mig-Sam",186,374,6072
31,081,97,003,NE,"Hamilton County Tot Mig-Dif",55,122,1938
31,081,98,000,NE,"Hamilton County Tot Mig-For",d,d,d
31,081,31,081,NE,"Hamilton County Non-Migrant",3250,8028,166416
31,081,31,079,NE,"Hall County",69,138,2525
31,081,31,121,NE,"Merrick County",18,40,609
31,081,31,109,NE,"Lancaster County",17,24,406
31,081,31,185,NE,"York County",16,35,594
31,081,58,000,SS,"Other Flows - Same State",66,137,1939
31,081,59,000,DS,"Other Flows - Diff State",55,122,1938
31,083,96,000,NE,"Harlan County Tot Mig-US &",68,149,2040
31,083,97,000,NE,"Harlan County Tot Mig-US",68,149,2040
31,083,97,001,NE,"Harlan County Tot Mig-Same",42,85,1181
31,083,97,003,NE,"Harlan County Tot Mig-Diff",26,64,859
31,083,98,000,NE,"Harlan County Tot Mig-Forei",d,d,d
31,083,31,083,NE,"Harlan County Non-Migrants",1139,2582,40864
31,083,58,000,SS,"Other Flows - Same State",42,85,1181
31,083,59,000,DS,"Other Flows - Diff State",26,64,859
31,085,96,000,NE,"Hayes County Tot Mig-US & F",14,31,348
31,085,97,000,NE,"Hayes County Tot Mig-US",14,31,348
31,085,97,001,NE,"Hayes County Tot Mig-Same S",d,d,d
31,085,97,003,NE,"Hayes County Tot Mig-Diff S",d,d,d
31,085,98,000,NE,"Hayes County Tot Mig-Foreig",d,d,d
31,085,31,085,NE,"Hayes County Non-Migrants",325,774,7387
31,087,96,000,NE,"Hitchcock Count Tot Mig-US",86,165,2195
31,087,97,000,NE,"Hitchcock Count Tot Mig-US",86,165,2195
31,087,97,001,NE,"Hitchcock Count Tot Mig-Sam",52,98,1293
31,087,97,003,NE,"Hitchcock Count Tot Mig-Dif",34,67,902
31,087,98,000,NE,"Hitchcock Count Tot Mig-For",d,d,d
31,087,31,087,NE,"Hitchcock Count Non-Migrant",1048,2363,33817
31,087,31,145,NE,"Red Willow County",30,56,728
31,087,58,000,SS,"Other Flows - Same State",22,42,565
31,087,59,000,DS,"Other Flows - Diff State",34,67,902
31,089,96,000,NE,"Holt County Tot Mig-US & Fo",166,318,5026
31,089,97,000,NE,"Holt County Tot Mig-US",166,318,5026
31,089,97,001,NE,"Holt County Tot Mig-Same St",121,225,3661
31,089,97,003,NE,"Holt County Tot Mig-Diff St",45,93,1364
31,089,98,000,NE,"Holt County Tot Mig-Foreign",d,d,d
31,089,31,089,NE,"Holt County Non-Migrants",3662,8573,128657
31,089,31,109,NE,"Lancaster County",14,23,362
31,089,31,119,NE,"Madison County",11,20,173
31,089,58,000,SS,"Other Flows - Same State",96,182,3126
31,089,59,000,DS,"Other Flows - Diff State",45,93,1364
31,091,96,000,NE,"Hooker County Tot Mig-US &",30,59,428
31,091,97,000,NE,"Hooker County Tot Mig-US",30,59,428
31,091,97,001,NE,"Hooker County Tot Mig-Same",19,35,37
31,091,97,003,NE,"Hooker County Tot Mig-Diff",11,24,392
31,091,98,000,NE,"Hooker County Tot Mig-Forei",d,d,d
31,091,31,091,NE,"Hooker County Non-Migrants",316,742,11511
31,091,58,000,SS,"Other Flows - Same State",19,35,37
31,091,59,000,DS,"Other Flows - Diff State",11,24,392
31,093,96,000,NE,"Howard County Tot Mig-US &",164,337,5323
31,093,97,000,NE,"Howard County Tot Mig-US",164,337,5323
31,093,97,001,NE,"Howard County Tot Mig-Same",142,289,4587
31,093,97,003,NE,"Howard County Tot Mig-Diff",22,48,735
31,093,98,000,NE,"Howard County Tot Mig-Forei",d,d,d
31,093,31,093,NE,"Howard County Non-Migrants",2226,5220,79283
31,093,31,079,NE,"Hall County",75,146,2378
31,093,31,109,NE,"Lancaster County",10,12,247
31,093,58,000,SS,"Other Flows - Same State",57,131,1962
31,093,59,000,DS,"Other Flows - Diff State",22,48,735
31,095,96,000,NE,"Jefferson Count Tot Mig-US",152,298,4263
31,095,97,000,NE,"Jefferson Count Tot Mig-US",152,298,4263
31,095,97,001,NE,"Jefferson Count Tot Mig-Sam",105,202,2523
31,095,97,003,NE,"Jefferson Count Tot Mig-Dif",47,96,1740
31,095,98,000,NE,"Jefferson Count Tot Mig-For",d,d,d
31,095,31,095,NE,"Jefferson Count Non-Migrant",2857,6353,125573
31,095,31,067,NE,"Gage County",32,63,946
31,095,31,109,NE,"Lancaster County",17,27,12
31,095,31,169,NE,"Thayer County",16,34,463
31,095,58,000,SS,"Other Flows - Same State",40,78,1101
31,095,59,000,DS,"Other Flows - Diff State",47,96,1740
31,097,96,000,NE,"Johnson County Tot Mig-US &",111,205,2596
31,097,97,000,NE,"Johnson County Tot Mig-US",111,205,2596
31,097,97,001,NE,"Johnson County Tot Mig-Same",82,153,1902
31,097,97,003,NE,"Johnson County Tot Mig-Diff",29,52,694
31,097,98,000,NE,"Johnson County Tot Mig-Fore",d,d,d
31,097,31,097,NE,"Johnson County Non-Migrants",1491,3355,56407
31,097,31,109,NE,"Lancaster County",30,54,756
31,097,31,131,NE,"Otoe County",13,28,70
31,097,58,000,SS,"Other Flows - Same State",39,71,1076
31,097,59,000,DS,"Other Flows - Diff State",29,52,694
31,099,96,000,NE,"Kearney County Tot Mig-US &",219,443,6771
31,099,97,000,NE,"Kearney County Tot Mig-US",219,443,6771
31,099,97,001,NE,"Kearney County Tot Mig-Same",184,375,5802
31,099,97,003,NE,"Kearney County Tot Mig-Diff",35,68,969
31,099,98,000,NE,"Kearney County Tot Mig-Fore",d,d,d
31,099,31,099,NE,"Kearney County Non-Migrants",2259,5282,102157
31,099,31,019,NE,"Buffalo County",86,188,2716
31,099,31,137,NE,"Phelps County",13,27,355
31,099,31,001,NE,"Adams County",10,14,346
31,099,31,061,NE,"Franklin County",10,20,216
31,099,58,000,SS,"Other Flows - Same State",65,126,2169
31,099,59,000,DS,"Other Flows - Diff State",35,68,969
31,101,96,000,NE,"Keith County Tot Mig-US & F",234,477,6978
31,101,97,000,NE,"Keith County Tot Mig-US",234,477,6978
31,101,97,001,NE,"Keith County Tot Mig-Same S",123,250,3542
31,101,97,003,NE,"Keith County Tot Mig-Diff S",111,227,3436
31,101,98,000,NE,"Keith County Tot Mig-Foreig",d,d,d
31,101,31,101,NE,"Keith County Non-Migrants",2871,6392,112992
31,101,31,111,NE,"Lincoln County",29,63,1015
31,101,31,135,NE,"Perkins County",12,28,328
31,101,58,000,SS,"Other Flows - Same State",82,159,2198
31,101,59,000,DS,"Other Flows - Diff State",111,227,3436
31,103,96,000,NE,"Keya Paha Count Tot Mig-US",11,29,390
31,103,97,000,NE,"Keya Paha Count Tot Mig-US",11,29,390
31,103,97,001,NE,"Keya Paha Count Tot Mig-Sam",d,d,d
31,103,97,003,NE,"Keya Paha Count Tot Mig-Dif",d,d,d
31,103,98,000,NE,"Keya Paha Count Tot Mig-For",d,d,d
31,103,31,103,NE,"Keya Paha Count Non-Migrant",331,739,8268
31,105,96,000,NE,"Kimball County Tot Mig-US &",93,202,2811
31,105,97,000,NE,"Kimball County Tot Mig-US",93,202,2811
31,105,97,001,NE,"Kimball County Tot Mig-Same",32,71,881
31,105,97,003,NE,"Kimball County Tot Mig-Diff",61,131,1930
31,105,98,000,NE,"Kimball County Tot Mig-Fore",d,d,d
31,105,31,105,NE,"Kimball County Non-Migrants",1346,2866,56523
31,105,31,033,NE,"Cheyenne County",17,41,357
31,105,56,021,WY,"Laramie County",11,23,382
31,105,58,000,SS,"Other Flows - Same State",15,30,524
31,105,59,000,DS,"Other Flows - Diff State",50,108,1548
31,107,96,000,NE,"Knox County Tot Mig-US & Fo",167,336,4748
31,107,97,000,NE,"Knox County Tot Mig-US",167,336,4748
31,107,97,001,NE,"Knox County Tot Mig-Same St",108,210,3357
31,107,97,003,NE,"Knox County Tot Mig-Diff St",59,126,1391
31,107,98,000,NE,"Knox County Tot Mig-Foreign",d,d,d
31,107,31,107,NE,"Knox County Non-Migrants",3036,7094,106694
31,107,31,119,NE,"Madison County",22,45,596
31,107,31,109,NE,"Lancaster County",13,18,217
31,107,58,000,SS,"Other Flows - Same State",73,147,2544
31,107,59,000,DS,"Other Flows - Diff State",59,126,1391
31,109,96,000,NE,"Lancaster Count Tot Mig-US",6689,10760,217468
31,109,97,000,NE,"Lancaster Count Tot Mig-US",6367,10383,214133
31,109,97,001,NE,"Lancaster Count Tot Mig-Sam",3791,5653,109280
31,109,97,003,NE,"Lancaster Count Tot Mig-Dif",2576,4730,104853
31,109,98,000,NE,"Lancaster Count Tot Mig-For",322,377,3336
31,109,31,109,NE,"Lancaster Count Non-Migrant",96215,203643,5412274
31,109,31,055,NE,"Douglas County",464,682,14932
31,109,31,079,NE,"Hall County",188,282,5409
31,109,31,159,NE,"Seward County",186,305,5702
31,109,31,151,NE,"Saline County",184,336,5569
31,109,31,067,NE,"Gage County",183,277,4937
31,109,31,155,NE,"Saunders County",164,265,4701
31,109,31,153,NE,"Sarpy County",141,232,4523
31,109,31,025,NE,"Cass County",139,243,5533
31,109,31,131,NE,"Otoe County",139,231,3927
31,109,31,141,NE,"Platte County",139,179,3523
31,109,31,019,NE,"Buffalo County",137,217,4125
31,109,31,001,NE,"Adams County",112,175,3012
31,109,31,185,NE,"York County",110,152,2595
31,109,31,119,NE,"Madison County",103,163,2764
31,109,31,111,NE,"Lincoln County",102,139,2499
31,109,31,053,NE,"Dodge County",90,132,2753
31,109,31,157,NE,"Scotts Bluff County",76,120,2230
31,109,31,047,NE,"Dawson County",63,84,1772
31,109,31,023,NE,"Butler County",55,74,1221
31,109,04,013,AZ,"Maricopa County",54,94,2268
31,109,46,099,SD,"Minnehaha County",48,78,1617
31,109,31,081,NE,"Hamilton County",43,60,2054
31,109,06,073,CA,"San Diego County",41,66,918
31,109,20,091,KS,"Johnson County",41,76,1731
31,109,31,097,NE,"Johnson County",38,56,850
31,109,31,039,NE,"Cuming County",36,45,897
31,109,06,037,CA,"Los Angeles County",35,86,1135
31,109,31,127,NE,"Nemaha County",33,40,1006
31,109,57,005,FR,"Foreign - APO/FPO ZIPs",32,57,1363
31,109,31,013,NE,"Box Butte County",31,38,814
31,109,31,041,NE,"Custer County",31,44,815
31,109,31,059,NE,"Fillmore County",31,43,751
31,109,31,089,NE,"Holt County",31,35,772
31,109,31,101,NE,"Keith County",31,45,1040
31,109,17,031,IL,"Cook County",30,49,781
31,109,31,095,NE,"Jefferson County",30,40,791
31,109,31,121,NE,"Merrick County",30,36,648
31,109,19,153,IA,"Polk County",29,53,1371
31,109,27,053,MN,"Hennepin County",28,40,1409
31,109,31,145,NE,"Red Willow County",28,43,837
31,109,31,147,NE,"Richardson County",28,40,695
31,109,29,095,MO,"Jackson County",27,52,959
31,109,31,137,NE,"Phelps County",27,29,547
31,109,32,003,NV,"Clark County",25,46,966
31,109,31,003,NE,"Antelope County",24,35,688
31,109,19,155,IA,"Pottawattamie County",23,38,1350
31,109,31,169,NE,"Thayer County",23,28,554
31,109,19,193,IA,"Woodbury County",22,35,715
31,109,31,027,NE,"Cedar County",22,27,614
31,109,31,099,NE,"Kearney County",22,24,437
31,109,31,033,NE,"Cheyenne County",21,31,690
31,109,31,177,NE,"Washington County",21,34,709
31,109,08,005,CO,"Arapahoe County",19,30,776
31,109,08,041,CO,"El Paso County",19,31,599
31,109,20,161,KS,"Riley County",19,36,514
31,109,27,123,MN,"Ramsey County",19,24,999
31,109,31,139,NE,"Pierce County",19,22,391
31,109,31,179,NE,"Wayne County",19,28,585
31,109,48,201,TX,"Harris County",19,33,584
31,109,20,173,KS,"Sedgwick County",18,44,761
31,109,27,163,MN,"Washington County",18,40,1615
31,109,29,189,MO,"St Louis County",18,30,717
31,109,31,035,NE,"Clay County",18,28,489
31,109,31,037,NE,"Colfax County",18,20,432
31,109,31,043,NE,"Dakota County",18,18,399
31,109,48,439,TX,"Tarrant County",18,32,961
31,109,08,031,CO,"Denver County",17,30,694
31,109,08,069,CO,"Larimer County",17,30,558
31,109,31,093,NE,"Howard County",17,19,354
31,109,04,019,AZ,"Pima County",16,26,411
31,109,08,059,CO,"Jefferson County",16,29,489
31,109,31,175,NE,"Valley County",16,31,379
31,109,48,113,TX,"Dallas County",16,29,241
31,109,53,033,WA,"King County",16,39,658
31,109,31,021,NE,"Burt County",15,28,528
31,109,31,107,NE,"Knox County",15,17,294
31,109,31,133,NE,"Pawnee County",15,24,298
31,109,31,167,NE,"Stanton County",15,21,416
31,109,20,177,KS,"Shawnee County",14,35,887
31,109,22,071,LA,"Orleans Parish",14,25,358
31,109,31,011,NE,"Boone County",14,17,283
31,109,31,045,NE,"Dawes County",14,23,786
31,109,31,077,NE,"Greeley County",14,15,301
31,109,31,143,NE,"Polk County",14,19,494
31,109,31,173,NE,"Thurston County",14,27,339
31,109,06,065,CA,"Riverside County",13,27,461
31,109,06,071,CA,"San Bernardino Count",13,42,560
31,109,12,057,FL,"Hillsborough County",13,17,342
31,109,19,169,IA,"Story County",13,15,532
31,109,20,045,KS,"Douglas County",13,24,994
31,109,38,017,ND,"Cass County",13,28,543
31,109,08,035,CO,"Douglas County",12,26,583
31,109,17,043,IL,"Du Page County",12,16,278
31,109,29,047,MO,"Clay County",12,24,376
31,109,31,029,NE,"Chase County",12,16,304
31,109,31,031,NE,"Cherry County",12,18,391
31,109,36,061,NY,"New York County",12,16,324
31,109,08,013,CO,"Boulder County",11,23,397
31,109,19,103,IA,"Johnson County",11,16,457
31,109,27,037,MN,"Dakota County",11,15,246
31,109,29,077,MO,"Greene County",11,21,826
31,109,41,051,OR,"Multnomah County",11,27,581
31,109,46,011,SD,"Brookings County",11,17,417
31,109,46,103,SD,"Pennington County",11,14,266
31,109,48,029,TX,"Bexar County",11,21,286
31,109,49,049,UT,"Utah County",11,29,247
31,109,06,059,CA,"Orange County",10,14,391
31,109,20,169,KS,"Saline County",10,19,280
31,109,26,125,MI,"Oakland County",10,16,541
31,109,27,003,MN,"Anoka County",10,24,758
31,109,31,065,NE,"Furnas County",10,14,241
31,109,31,073,NE,"Gosper County",10,12,339
31,109,31,125,NE,"Nance County",10,12,-4
31,109,31,129,NE,"Nuckolls County",10,12,204
31,109,31,135,NE,"Perkins County",10,16,290
31,109,31,161,NE,"Sheridan County",10,12,381
31,109,31,163,NE,"Sherman County",10,14,266
31,109,34,023,NJ,"Middlesex County",10,15,395
31,109,37,133,NC,"Onslow County",10,13,149
31,109,48,453,TX,"Travis County",10,23,392
31,109,49,035,UT,"Salt Lake County",10,25,502
31,109,58,000,SS,"Other Flows - Same State",86,109,2162
31,109,59,000,DS,"Other Flows - Diff State",1575,2907,65686
31,109,59,001,DS,"Other Flows - Northeast",149,267,6153
31,109,59,003,DS,"Other Flows - Midwest",619,1111,24911
31,109,59,005,DS,"Other Flows - South",507,993,23758
31,109,59,007,DS,"Other Flows - West",300,536,10864
31,109,57,009,FR,"Foreign - Other flows",290,320,1973
31,111,96,000,NE,"Lincoln County Tot Mig-US &",874,1842,31513
31,111,97,000,NE,"Lincoln County Tot Mig-US",874,1842,31513
31,111,97,001,NE,"Lincoln County Tot Mig-Same",469,945,15547
31,111,97,003,NE,"Lincoln County Tot Mig-Diff",405,897,15966
31,111,98,000,NE,"Lincoln County Tot Mig-Fore",d,d,d
31,111,31,111,NE,"Lincoln County Non-Migrants",12644,28565,601416
31,111,31,109,NE,"Lancaster County",51,94,1718
31,111,31,047,NE,"Dawson County",49,105,1414
31,111,31,101,NE,"Keith County",38,70,1082
31,111,31,055,NE,"Douglas County",33,64,1501
31,111,31,019,NE,"Buffalo County",32,64,848
31,111,31,079,NE,"Hall County",20,34,521
31,111,31,157,NE,"Scotts Bluff County",16,38,476
31,111,31,041,NE,"Custer County",15,29,329
31,111,31,145,NE,"Red Willow County",14,31,465
31,111,16,005,ID,"Bannock County",12,31,882
31,111,31,135,NE,"Perkins County",12,26,407
31,111,31,153,NE,"Sarpy County",11,21,933
31,111,56,021,WY,"Laramie County",11,22,384
31,111,04,013,AZ,"Maricopa County",10,21,230
31,111,58,000,SS,"Other Flows - Same State",178,369,5854
31,111,59,000,DS,"Other Flows - Diff State",372,823,14469
31,111,59,001,DS,"Other Flows - Northeast",12,25,881
31,111,59,003,DS,"Other Flows - Midwest",129,278,4972
31,111,59,005,DS,"Other Flows - South",74,166,2600
31,111,59,007,DS,"Other Flows - West",157,354,6015
31,113,96,000,NE,"Logan County Tot Mig-US & F",20,45,705
31,113,97,000,NE,"Logan County Tot Mig-US",20,45,705
31,113,97,001,NE,"Logan County Tot Mig-Same S",d,d,d
31,113,97,003,NE,"Logan County Tot Mig-Diff S",d,d,d
31,113,98,000,NE,"Logan County Tot Mig-Foreig",d,d,d
31,113,31,113,NE,"Logan County Non-Migrants",295,689,11582
31,115,96,000,NE,"Loup County Tot Mig-US & Fo",12,25,217
31,115,97,000,NE,"Loup County Tot Mig-US",12,25,217
31,115,97,001,NE,"Loup County Tot Mig-Same St",d,d,d
31,115,97,003,NE,"Loup County Tot Mig-Diff St",d,d,d
31,115,98,000,NE,"Loup County Tot Mig-Foreign",d,d,d
31,115,31,115,NE,"Loup County Non-Migrants",215,507,5855
31,117,96,000,NE,"Mcpherson Count Tot Mig-US",d,d,d
31,117,97,000,NE,"Mcpherson Count Tot Mig-US",d,d,d
31,117,97,001,NE,"Mcpherson Count Tot Mig-Sam",d,d,d
31,117,97,003,NE,"Mcpherson Count Tot Mig-Dif",d,d,d
31,117,98,000,NE,"Mcpherson Count Tot Mig-For",d,d,d
31,117,31,117,NE,"Mcpherson Count Non-Migrant",d,d,d
31,119,96,000,NE,"Madison County Tot Mig-US &",890,1617,24957
31,119,97,000,NE,"Madison County Tot Mig-US",890,1617,24957
31,119,97,001,NE,"Madison County Tot Mig-Same",608,1071,15280
31,119,97,003,NE,"Madison County Tot Mig-Diff",282,546,9677
31,119,98,000,NE,"Madison County Tot Mig-Fore",d,d,d
31,119,31,119,NE,"Madison County Non-Migrants",12471,28862,603607
31,119,31,139,NE,"Pierce County",71,140,1818
31,119,31,109,NE,"Lancaster County",56,91,1375
31,119,31,167,NE,"Stanton County",52,92,492
31,119,31,055,NE,"Douglas County",49,69,1294
31,119,31,003,NE,"Antelope County",45,95,1509
31,119,31,141,NE,"Platte County",44,86,1460
31,119,31,179,NE,"Wayne County",33,50,513
31,119,31,107,NE,"Knox County",27,37,471
31,119,31,027,NE,"Cedar County",23,41,1028
31,119,31,053,NE,"Dodge County",20,40,429
31,119,31,089,NE,"Holt County",19,30,377
31,119,31,039,NE,"Cuming County",15,27,317
31,119,31,153,NE,"Sarpy County",14,23,454
31,119,27,053,MN,"Hennepin County",13,21,216
31,119,31,037,NE,"Colfax County",12,23,397
31,119,31,079,NE,"Hall County",12,23,272
31,119,31,011,NE,"Boone County",11,25,418
31,119,58,000,SS,"Other Flows - Same State",105,179,2654
31,119,59,000,DS,"Other Flows - Diff State",269,525,9461
31,121,96,000,NE,"Merrick County Tot Mig-US &",206,416,5869
31,121,97,000,NE,"Merrick County Tot Mig-US",206,416,5869
31,121,97,001,NE,"Merrick County Tot Mig-Same",171,344,4915
31,121,97,003,NE,"Merrick County Tot Mig-Diff",35,72,954
31,121,98,000,NE,"Merrick County Tot Mig-Fore",d,d,d
31,121,31,121,NE,"Merrick County Non-Migrants",2623,6165,105598
31,121,31,079,NE,"Hall County",52,110,1338
31,121,31,081,NE,"Hamilton County",16,29,418
31,121,31,093,NE,"Howard County",16,37,367
31,121,58,000,SS,"Other Flows - Same State",87,168,2791
31,121,59,000,DS,"Other Flows - Diff State",35,72,954
31,123,96,000,NE,"Morrill County Tot Mig-US &",141,320,3629
31,123,97,000,NE,"Morrill County Tot Mig-US",141,320,3629
31,123,97,001,NE,"Morrill County Tot Mig-Same",76,155,2023
31,123,97,003,NE,"Morrill County Tot Mig-Diff",65,165,1606
31,123,98,000,NE,"Morrill County Tot Mig-Fore",d,d,d
31,123,31,123,NE,"Morrill County Non-Migrants",1652,3862,67718
31,123,31,157,NE,"Scotts Bluff County",37,81,826
31,123,58,000,SS,"Other Flows - Same State",39,74,1198
31,123,59,000,DS,"Other Flows - Diff State",65,165,1606
31,125,96,000,NE,"Nance County Tot Mig-US & F",89,191,2638
31,125,97,000,NE,"Nance County Tot Mig-US",89,191,2638
31,125,97,001,NE,"Nance County Tot Mig-Same S",68,146,2249
31,125,97,003,NE,"Nance County Tot Mig-Diff S",21,45,389
31,125,98,000,NE,"Nance County Tot Mig-Foreig",d,d,d
31,125,31,125,NE,"Nance County Non-Migrants",1195,2773,39653
31,125,31,141,NE,"Platte County",20,39,474
31,125,58,000,SS,"Other Flows - Same State",48,107,1774
31,125,59,000,DS,"Other Flows - Diff State",21,45,389
31,127,96,000,NE,"Nemaha County Tot Mig-US &",187,403,6379
31,127,97,000,NE,"Nemaha County Tot Mig-US",187,403,6379
31,127,97,001,NE,"Nemaha County Tot Mig-Same",116,245,3483
31,127,97,003,NE,"Nemaha County Tot Mig-Diff",71,158,2896
31,127,98,000,NE,"Nemaha County Tot Mig-Forei",d,d,d
31,127,31,127,NE,"Nemaha County Non-Migrants",2397,5420,114028
31,127,31,131,NE,"Otoe County",28,64,731
31,127,31,109,NE,"Lancaster County",25,55,743
31,127,31,147,NE,"Richardson County",17,37,532
31,127,31,055,NE,"Douglas County",11,21,309
31,127,58,000,SS,"Other Flows - Same State",35,68,1168
31,127,59,000,DS,"Other Flows - Diff State",71,158,2896
31,129,96,000,NE,"Nuckolls County Tot Mig-US",91,175,2140
31,129,97,000,NE,"Nuckolls County Tot Mig-US",91,175,2140
31,129,97,001,NE,"Nuckolls County Tot Mig-Sam",56,106,1273
31,129,97,003,NE,"Nuckolls County Tot Mig-Dif",35,69,867
31,129,98,000,NE,"Nuckolls County Tot Mig-For",d,d,d
31,129,31,129,NE,"Nuckolls County Non-Migrant",1699,3811,59498
31,129,31,001,NE,"Adams County",11,14,248
31,129,31,035,NE,"Clay County",10,25,299
31,129,58,000,SS,"Other Flows - Same State",35,67,726
31,129,59,000,DS,"Other Flows - Diff State",35,69,867
31,131,96,000,NE,"Otoe County Tot Mig-US & Fo",468,965,19296
31,131,97,000,NE,"Otoe County Tot Mig-US",468,965,19296
31,131,97,001,NE,"Otoe County Tot Mig-Same St",307,624,12142
31,131,97,003,NE,"Otoe County Tot Mig-Diff St",161,341,7154
31,131,98,000,NE,"Otoe County Tot Mig-Foreign",d,d,d
31,131,31,131,NE,"Otoe County Non-Migrants",5669,12884,265201
31,131,31,109,NE,"Lancaster County",120,238,5411
31,131,31,055,NE,"Douglas County",37,64,1055
31,131,31,025,NE,"Cass County",26,61,1167
31,131,31,097,NE,"Johnson County",26,57,739
31,131,31,127,NE,"Nemaha County",18,31,532
31,131,19,071,IA,"Fremont County",14,22,414
31,131,58,000,SS,"Other Flows - Same State",80,173,3237
31,131,59,000,DS,"Other Flows - Diff State",147,319,6740
31,133,96,000,NE,"Pawnee County Tot Mig-US &",58,106,1623
31,133,97,000,NE,"Pawnee County Tot Mig-US",58,106,1623
31,133,97,001,NE,"Pawnee County Tot Mig-Same",37,72,1139
31,133,97,003,NE,"Pawnee County Tot Mig-Diff",21,34,483
31,133,98,000,NE,"Pawnee County Tot Mig-Forei",d,d,d
31,133,31,133,NE,"Pawnee County Non-Migrants",906,1953,29727
31,133,58,000,SS,"Other Flows - Same State",37,72,1139
31,133,59,000,DS,"Other Flows - Diff State",21,34,483
31,135,96,000,NE,"Perkins County Tot Mig-US &",42,83,1256
31,135,97,000,NE,"Perkins County Tot Mig-US",42,83,1256
31,135,97,001,NE,"Perkins County Tot Mig-Same",19,36,569
31,135,97,003,NE,"Perkins County Tot Mig-Diff",23,47,687
31,135,98,000,NE,"Perkins County Tot Mig-Fore",d,d,d
31,135,31,135,NE,"Perkins County Non-Migrants",1070,2570,42210
31,135,58,000,SS,"Other Flows - Same State",19,36,569
31,135,59,000,DS,"Other Flows - Diff State",23,47,687
31,137,96,000,NE,"Phelps County Tot Mig-US &",229,466,6726
31,137,97,000,NE,"Phelps County Tot Mig-US",229,466,6726
31,137,97,001,NE,"Phelps County Tot Mig-Same",160,304,4387
31,137,97,003,NE,"Phelps County Tot Mig-Diff",69,162,2339
31,137,98,000,NE,"Phelps County Tot Mig-Forei",d,d,d
31,137,31,137,NE,"Phelps County Non-Migrants",3352,7806,150399
31,137,31,019,NE,"Buffalo County",28,55,799
31,137,31,099,NE,"Kearney County",15,29,367
31,137,31,109,NE,"Lancaster County",15,21,192
31,137,31,047,NE,"Dawson County",14,30,379
31,137,58,000,SS,"Other Flows - Same State",88,169,2650
31,137,59,000,DS,"Other Flows - Diff State",69,162,2339
31,139,96,000,NE,"Pierce County Tot Mig-US &",163,300,4575
31,139,97,000,NE,"Pierce County Tot Mig-US",163,300,4575
31,139,97,001,NE,"Pierce County Tot Mig-Same",133,253,3764
31,139,97,003,NE,"Pierce County Tot Mig-Diff",30,47,811
31,139,98,000,NE,"Pierce County Tot Mig-Forei",d,d,d
31,139,31,139,NE,"Pierce County Non-Migrants",2570,6318,107217
31,139,31,119,NE,"Madison County",51,100,1512
31,139,31,107,NE,"Knox County",19,30,437
31,139,31,055,NE,"Douglas County",10,23,404
31,139,58,000,SS,"Other Flows - Same State",53,100,1411
31,139,59,000,DS,"Other Flows - Diff State",30,47,811
31,141,96,000,NE,"Platte County Tot Mig-US &",681,1308,20860
31,141,97,000,NE,"Platte County Tot Mig-US",681,1308,20860
31,141,97,001,NE,"Platte County Tot Mig-Same",481,904,13933
31,141,97,003,NE,"Platte County Tot Mig-Diff",200,404,6927
31,141,98,000,NE,"Platte County Tot Mig-Forei",d,d,d
31,141,31,141,NE,"Platte County Non-Migrants",11249,26701,532526
31,141,31,109,NE,"Lancaster County",65,96,1673
31,141,31,037,NE,"Colfax County",55,129,1741
31,141,31,119,NE,"Madison County",51,89,1033
31,141,31,023,NE,"Butler County",46,81,1289
31,141,31,055,NE,"Douglas County",32,48,1012
31,141,31,079,NE,"Hall County",22,41,632
31,141,31,143,NE,"Polk County",22,42,665
31,141,31,011,NE,"Boone County",18,30,345
31,141,31,125,NE,"Nance County",18,39,491
31,141,31,019,NE,"Buffalo County",14,28,473
31,141,31,121,NE,"Merrick County",14,26,395
31,141,58,000,SS,"Other Flows - Same State",124,255,4183
31,141,59,000,DS,"Other Flows - Diff State",200,404,6927
31,143,96,000,NE,"Polk County Tot Mig-US & Fo",116,239,3319
31,143,97,000,NE,"Polk County Tot Mig-US",116,239,3319
31,143,97,001,NE,"Polk County Tot Mig-Same St",97,201,2850
31,143,97,003,NE,"Polk County Tot Mig-Diff St",19,38,469
31,143,98,000,NE,"Polk County Tot Mig-Foreign",d,d,d
31,143,31,143,NE,"Polk County Non-Migrants",1957,4580,82616
31,143,31,141,NE,"Platte County",19,35,531
31,143,31,185,NE,"York County",18,42,498
31,143,31,023,NE,"Butler County",12,21,410
31,143,58,000,SS,"Other Flows - Same State",48,103,1411
31,143,59,000,DS,"Other Flows - Diff State",19,38,469
31,145,96,000,NE,"Red Willow Coun Tot Mig-US",239,468,7494
31,145,97,000,NE,"Red Willow Coun Tot Mig-US",239,468,7494
31,145,97,001,NE,"Red Willow Coun Tot Mig-Sam",140,282,4272
31,145,97,003,NE,"Red Willow Coun Tot Mig-Dif",99,186,3222
31,145,98,000,NE,"Red Willow Coun Tot Mig-For",d,d,d
31,145,31,145,NE,"Red Willow Coun Non-Migrant",3888,8824,166145
31,145,31,087,NE,"Hitchcock County",24,44,590
31,145,31,109,NE,"Lancaster County",22,36,478
31,145,31,111,NE,"Lincoln County",11,22,417
31,145,58,000,SS,"Other Flows - Same State",83,180,2787
31,145,59,000,DS,"Other Flows - Diff State",99,186,3222
31,147,96,000,NE,"Richardson Coun Tot Mig-US",158,300,4109
31,147,97,000,NE,"Richardson Coun Tot Mig-US",158,300,4109
31,147,97,001,NE,"Richardson Coun Tot Mig-Sam",73,133,1796
31,147,97,003,NE,"Richardson Coun Tot Mig-Dif",85,167,2313
31,147,98,000,NE,"Richardson Coun Tot Mig-For",d,d,d
31,147,31,147,NE,"Richardson Coun Non-Migrant",3227,6914,119334
31,147,31,109,NE,"Lancaster County",15,23,446
31,147,31,127,NE,"Nemaha County",15,32,367
31,147,20,013,KS,"Brown County",12,27,226
31,147,58,000,SS,"Other Flows - Same State",43,78,984
31,147,59,000,DS,"Other Flows - Diff State",73,140,2087
31,149,96,000,NE,"Rock County Tot Mig-US & Fo",39,62,1141
31,149,97,000,NE,"Rock County Tot Mig-US",39,62,1141
31,149,97,001,NE,"Rock County Tot Mig-Same St",29,44,804
31,149,97,003,NE,"Rock County Tot Mig-Diff St",10,18,337
31,149,98,000,NE,"Rock County Tot Mig-Foreign",d,d,d
31,149,31,149,NE,"Rock County Non-Migrants",540,1155,17276
31,149,58,000,SS,"Other Flows - Same State",29,44,804
31,149,59,000,DS,"Other Flows - Diff State",10,18,337
31,151,96,000,NE,"Saline County Tot Mig-US &",340,714,10760
31,151,97,000,NE,"Saline County Tot Mig-US",340,714,10760
31,151,97,001,NE,"Saline County Tot Mig-Same",245,494,7133
31,151,97,003,NE,"Saline County Tot Mig-Diff",95,220,3627
31,151,98,000,NE,"Saline County Tot Mig-Forei",d,d,d
31,151,31,151,NE,"Saline County Non-Migrants",4647,10929,203268
31,151,31,109,NE,"Lancaster County",94,188,3217
31,151,31,067,NE,"Gage County",25,52,620
31,151,31,047,NE,"Dawson County",22,46,555
31,151,31,159,NE,"Seward County",13,30,348
31,151,58,000,SS,"Other Flows - Same State",91,178,2394
31,151,59,000,DS,"Other Flows - Diff State",95,220,3627
31,151,59,001,DS,"Other Flows - Northeast",12,16,204
31,151,59,003,DS,"Other Flows - Midwest",36,83,1497
31,151,59,005,DS,"Other Flows - South",22,44,626
31,151,59,007,DS,"Other Flows - West",25,77,1299
31,153,96,000,NE,"Sarpy County Tot Mig-US & F",7048,14227,305732
31,153,97,000,NE,"Sarpy County Tot Mig-US",6786,13555,295370
31,153,97,001,NE,"Sarpy County Tot Mig-Same S",4105,7701,180251
31,153,97,003,NE,"Sarpy County Tot Mig-Diff S",2681,5854,115119
31,153,98,000,NE,"Sarpy County Tot Mig-Foreig",262,672,10363
31,153,31,153,NE,"Sarpy County Non-Migrants",48046,115076,2943090
31,153,31,055,NE,"Douglas County",3276,6258,147778
31,153,57,005,FR,"Foreign - APO/FPO ZIPs",251,658,10188
31,153,31,109,NE,"Lancaster County",213,373,9385
31,153,19,155,IA,"Pottawattamie County",177,307,5265
31,153,31,025,NE,"Cass County",167,322,7320
31,153,48,029,TX,"Bexar County",91,189,3540
31,153,06,053,CA,"Monterey County",90,158,2693
31,153,04,013,AZ,"Maricopa County",42,74,1677
31,153,31,053,NE,"Dodge County",41,69,1268
31,153,31,177,NE,"Washington County",40,83,1857
31,153,31,155,NE,"Saunders County",39,78,1676
31,153,15,003,HI,"Honolulu County",38,102,1833
31,153,08,041,CO,"El Paso County",37,99,2062
31,153,19,153,IA,"Polk County",35,66,1739
31,153,31,119,NE,"Madison County",35,47,1152
31,153,31,019,NE,"Buffalo County",33,46,853
31,153,48,451,TX,"Tom Green County",33,55,790
31,153,19,129,IA,"Mills County",32,74,1555
31,153,06,037,CA,"Los Angeles County",31,72,885
31,153,32,003,NV,"Clark County",27,65,1216
31,153,31,079,NE,"Hall County",26,44,909
31,153,46,099,SD,"Minnehaha County",25,56,999
31,153,51,059,VA,"Fairfax County",24,64,1929
31,153,06,073,CA,"San Diego County",23,57,738
31,153,19,193,IA,"Woodbury County",23,60,1617
31,153,20,091,KS,"Johnson County",23,35,1178
31,153,17,031,IL,"Cook County",22,37,1181
31,153,08,005,CO,"Arapahoe County",21,59,1352
31,153,28,047,MS,"Harrison County",20,46,634
31,153,31,141,NE,"Platte County",20,29,563
31,153,02,020,AK,"Anchorage Borough",19,34,608
31,153,12,057,FL,"Hillsborough County",19,43,617
31,153,31,001,NE,"Adams County",19,31,741
31,153,31,111,NE,"Lincoln County",18,42,1010
31,153,31,131,NE,"Otoe County",17,28,679
31,153,48,485,TX,"Wichita County",17,46,621
31,153,29,095,MO,"Jackson County",14,32,1017
31,153,48,439,TX,"Tarrant County",14,25,588
31,153,12,091,FL,"Okaloosa County",13,36,671
31,153,19,085,IA,"Harrison County",13,26,360
31,153,51,810,VA,"Virginia Beach",13,45,660
31,153,56,021,WY,"Laramie County",13,44,655
31,153,04,019,AZ,"Pima County",12,28,524
31,153,19,165,IA,"Shelby County",12,20,357
31,153,20,173,KS,"Sedgwick County",12,30,583
31,153,20,177,KS,"Shawnee County",12,22,510
31,153,29,189,MO,"St Louis County",12,22,907
31,153,38,101,ND,"Ward County",12,41,655
31,153,48,201,TX,"Harris County",12,23,580
31,153,53,035,WA,"Kitsap County",12,34,854
31,153,08,001,CO,"Adams County",11,26,460
31,153,24,003,MD,"Anne Arundel County",11,34,567
31,153,24,033,MD,"Prince George's Coun",11,28,413
31,153,40,109,OK,"Oklahoma County",11,30,490
31,153,01,101,AL,"Montgomery County",10,37,794
31,153,06,059,CA,"Orange County",10,26,433
31,153,06,071,CA,"San Bernardino Count",10,21,457
31,153,08,035,CO,"Douglas County",10,25,1036
31,153,17,163,IL,"St Clair County",10,26,806
31,153,51,199,VA,"York County",10,38,993
31,153,51,700,VA,"Newport News",10,29,564
31,153,58,000,SS,"Other Flows - Same State",161,251,5059
31,153,59,000,DS,"Other Flows - Diff State",1522,3308,64456
31,153,59,001,DS,"Other Flows - Northeast",128,248,5183
31,153,59,003,DS,"Other Flows - Midwest",552,1114,22376
31,153,59,005,DS,"Other Flows - South",555,1271,23226
31,153,59,007,DS,"Other Flows - West",287,675,13671
31,153,57,009,FR,"Foreign - Other flows",11,14,174
31,155,96,000,NE,"Saunders County Tot Mig-US",546,1062,21059
31,155,97,000,NE,"Saunders County Tot Mig-US",546,1062,21059
31,155,97,001,NE,"Saunders County Tot Mig-Sam",433,837,16775
31,155,97,003,NE,"Saunders County Tot Mig-Dif",113,225,4284
31,155,98,000,NE,"Saunders County Tot Mig-For",d,d,d
31,155,31,155,NE,"Saunders County Non-Migrant",7016,16698,354925
31,155,31,109,NE,"Lancaster County",135,242,4876
31,155,31,055,NE,"Douglas County",117,238,5199
31,155,31,053,NE,"Dodge County",56,102,1827
31,155,31,153,NE,"Sarpy County",31,63,1504
31,155,31,025,NE,"Cass County",17,31,346
31,155,58,000,SS,"Other Flows - Same State",77,161,3024
31,155,59,000,DS,"Other Flows - Diff State",113,225,4284
31,157,96,000,NE,"Scotts Bluff Co Tot Mig-US",770,1553,23517
31,157,97,000,NE,"Scotts Bluff Co Tot Mig-US",759,1539,23453
31,157,97,001,NE,"Scotts Bluff Co Tot Mig-Sam",301,596,8137
31,157,97,003,NE,"Scotts Bluff Co Tot Mig-Dif",458,943,15316
31,157,98,000,NE,"Scotts Bluff Co Tot Mig-For",11,14,63
31,157,31,157,NE,"Scotts Bluff Co Non-Migrant",12144,27059,519100
31,157,31,123,NE,"Morrill County",57,121,1586
31,157,56,015,WY,"Goshen County",37,80,1128
31,157,31,013,NE,"Box Butte County",25,49,717
31,157,31,033,NE,"Cheyenne County",23,45,498
31,157,31,045,NE,"Dawes County",23,39,516
31,157,31,109,NE,"Lancaster County",20,37,580
31,157,08,069,CO,"Larimer County",19,30,976
31,157,56,021,WY,"Laramie County",19,39,689
31,157,31,105,NE,"Kimball County",17,34,418
31,157,04,013,AZ,"Maricopa County",14,25,473
31,157,31,079,NE,"Hall County",14,35,250
31,157,31,111,NE,"Lincoln County",13,23,380
31,157,31,007,NE,"Banner County",12,22,312
31,157,56,001,WY,"Albany County",12,19,220
31,157,08,005,CO,"Arapahoe County",11,23,280
31,157,31,165,NE,"Sioux County",11,23,132
31,157,56,025,WY,"Natrona County",10,24,261
31,157,58,000,SS,"Other Flows - Same State",86,168,2747
31,157,59,000,DS,"Other Flows - Diff State",336,703,11288
31,157,57,009,FR,"Foreign - Other flows",11,14,63
31,159,96,000,NE,"Seward County Tot Mig-US &",445,923,16639
31,159,97,000,NE,"Seward County Tot Mig-US",445,923,16639
31,159,97,001,NE,"Seward County Tot Mig-Same",323,667,12003
31,159,97,003,NE,"Seward County Tot Mig-Diff",122,256,4636
31,159,98,000,NE,"Seward County Tot Mig-Forei",d,d,d
31,159,31,159,NE,"Seward County Non-Migrants",5468,12905,281726
31,159,31,109,NE,"Lancaster County",157,335,6387
31,159,31,151,NE,"Saline County",22,40,848
31,159,31,185,NE,"York County",15,27,582
31,159,58,000,SS,"Other Flows - Same State",129,265,4186
31,159,59,000,DS,"Other Flows - Diff State",122,256,4636
31,161,96,000,NE,"Sheridan County Tot Mig-US",134,277,3804
31,161,97,000,NE,"Sheridan County Tot Mig-US",134,277,3804
31,161,97,001,NE,"Sheridan County Tot Mig-Sam",53,108,1347
31,161,97,003,NE,"Sheridan County Tot Mig-Dif",81,169,2458
31,161,98,000,NE,"Sheridan County Tot Mig-For",d,d,d
31,161,31,161,NE,"Sheridan County Non-Migrant",1975,4338,70848
31,161,31,045,NE,"Dawes County",17,36,392
31,161,46,113,SD,"Shannon County",13,32,457
31,161,58,000,SS,"Other Flows - Same State",36,72,954
31,161,59,000,DS,"Other Flows - Diff State",68,137,2001
31,163,96,000,NE,"Sherman County Tot Mig-US &",58,134,2180
31,163,97,000,NE,"Sherman County Tot Mig-US",58,134,2180
31,163,97,001,NE,"Sherman County Tot Mig-Same",46,101,1683
31,163,97,003,NE,"Sherman County Tot Mig-Diff",12,33,497
31,163,98,000,NE,"Sherman County Tot Mig-Fore",d,d,d
31,163,31,163,NE,"Sherman County Non-Migrants",1108,2460,35000
31,163,58,000,SS,"Other Flows - Same State",46,101,1683
31,163,59,000,DS,"Other Flows - Diff State",12,33,497
31,165,96,000,NE,"Sioux County Tot Mig-US & F",24,55,392
31,165,97,000,NE,"Sioux County Tot Mig-US",24,55,392
31,165,97,001,NE,"Sioux County Tot Mig-Same S",12,35,245
31,165,97,003,NE,"Sioux County Tot Mig-Diff S",12,20,147
31,165,98,000,NE,"Sioux County Tot Mig-Foreig",d,d,d
31,165,31,165,NE,"Sioux County Non-Migrants",396,945,13986
31,165,58,000,SS,"Other Flows - Same State",12,35,245
31,165,59,000,DS,"Other Flows - Diff State",12,20,147
31,167,96,000,NE,"Stanton County Tot Mig-US &",154,302,4636
31,167,97,000,NE,"Stanton County Tot Mig-US",154,302,4636
31,167,97,001,NE,"Stanton County Tot Mig-Same",134,259,4069
31,167,97,003,NE,"Stanton County Tot Mig-Diff",20,43,567
31,167,98,000,NE,"Stanton County Tot Mig-Fore",d,d,d
31,167,31,167,NE,"Stanton County Non-Migrants",2176,5361,89915
31,167,31,119,NE,"Madison County",68,133,1998
31,167,58,000,SS,"Other Flows - Same State",66,126,2071
31,167,59,000,DS,"Other Flows - Diff State",20,43,567
31,169,96,000,NE,"Thayer County Tot Mig-US &",95,192,2661
31,169,97,000,NE,"Thayer County Tot Mig-US",95,192,2661
31,169,97,001,NE,"Thayer County Tot Mig-Same",63,132,1878
31,169,97,003,NE,"Thayer County Tot Mig-Diff",32,60,784
31,169,98,000,NE,"Thayer County Tot Mig-Forei",d,d,d
31,169,31,169,NE,"Thayer County Non-Migrants",1934,4312,74832
31,169,31,109,NE,"Lancaster County",17,25,450
31,169,58,000,SS,"Other Flows - Same State",46,107,1428
31,169,59,000,DS,"Other Flows - Diff State",32,60,784
31,171,96,000,NE,"Thomas County Tot Mig-US &",22,55,564
31,171,97,000,NE,"Thomas County Tot Mig-US",22,55,564
31,171,97,001,NE,"Thomas County Tot Mig-Same",d,d,d
31,171,97,003,NE,"Thomas County Tot Mig-Diff",d,d,d
31,171,98,000,NE,"Thomas County Tot Mig-Forei",d,d,d
31,171,31,171,NE,"Thomas County Non-Migrants",234,521,7911
31,173,96,000,NE,"Thurston County Tot Mig-US",121,282,2869
31,173,97,000,NE,"Thurston County Tot Mig-US",121,282,2869
31,173,97,001,NE,"Thurston County Tot Mig-Sam",72,177,1713
31,173,97,003,NE,"Thurston County Tot Mig-Dif",49,105,1156
31,173,98,000,NE,"Thurston County Tot Mig-For",d,d,d
31,173,31,173,NE,"Thurston County Non-Migrant",2030,5319,70119
31,173,31,043,NE,"Dakota County",21,63,533
31,173,31,055,NE,"Douglas County",10,22,120
31,173,31,109,NE,"Lancaster County",10,19,284
31,173,58,000,SS,"Other Flows - Same State",31,73,776
31,173,59,000,DS,"Other Flows - Diff State",49,105,1156
31,175,96,000,NE,"Valley County Tot Mig-US &",99,210,3122
31,175,97,000,NE,"Valley County Tot Mig-US",99,210,3122
31,175,97,001,NE,"Valley County Tot Mig-Same",76,175,2386
31,175,97,003,NE,"Valley County Tot Mig-Diff",23,35,736
31,175,98,000,NE,"Valley County Tot Mig-Forei",d,d,d
31,175,31,175,NE,"Valley County Non-Migrants",1487,3452,53447
31,175,58,000,SS,"Other Flows - Same State",76,175,2386
31,175,59,000,DS,"Other Flows - Diff State",23,35,736
31,177,96,000,NE,"Washington Coun Tot Mig-US",580,1156,26270
31,177,97,000,NE,"Washington Coun Tot Mig-US",580,1156,26270
31,177,97,001,NE,"Washington Coun Tot Mig-Sam",420,812,18658
31,177,97,003,NE,"Washington Coun Tot Mig-Dif",160,344,7612
31,177,98,000,NE,"Washington Coun Tot Mig-For",d,d,d
31,177,31,177,NE,"Washington Coun Non-Migrant",6707,16157,418244
31,177,31,055,NE,"Douglas County",244,493,12354
31,177,31,053,NE,"Dodge County",51,94,1902
31,177,31,153,NE,"Sarpy County",27,51,1258
31,177,31,021,NE,"Burt County",23,47,617
31,177,31,109,NE,"Lancaster County",16,30,898
31,177,19,085,IA,"Harrison County",13,34,406
31,177,58,000,SS,"Other Flows - Same State",59,97,1629
31,177,59,000,DS,"Other Flows - Diff State",147,310,7206
31,179,96,000,NE,"Wayne County Tot Mig-US & F",248,443,7293
31,179,97,000,NE,"Wayne County Tot Mig-US",248,443,7293
31,179,97,001,NE,"Wayne County Tot Mig-Same S",185,330,5047
31,179,97,003,NE,"Wayne County Tot Mig-Diff S",63,113,2247
31,179,98,000,NE,"Wayne County Tot Mig-Foreig",d,d,d
31,179,31,179,NE,"Wayne County Non-Migrants",2830,6597,123844
31,179,31,119,NE,"Madison County",35,75,1145
31,179,31,051,NE,"Dixon County",20,44,600
31,179,31,027,NE,"Cedar County",14,26,424
31,179,31,055,NE,"Douglas County",12,18,294
31,179,31,089,NE,"Holt County",11,21,266
31,179,31,109,NE,"Lancaster County",10,14,146
31,179,58,000,SS,"Other Flows - Same State",83,132,2171
31,179,59,000,DS,"Other Flows - Diff State",63,113,2247
31,181,96,000,NE,"Webster County Tot Mig-US &",72,138,2077
31,181,97,000,NE,"Webster County Tot Mig-US",72,138,2077
31,181,97,001,NE,"Webster County Tot Mig-Same",47,87,1489
31,181,97,003,NE,"Webster County Tot Mig-Diff",25,51,588
31,181,98,000,NE,"Webster County Tot Mig-Fore",d,d,d
31,181,31,181,NE,"Webster County Non-Migrants",1324,3003,47642
31,181,31,001,NE,"Adams County",15,26,358
31,181,58,000,SS,"Other Flows - Same State",32,61,1131
31,181,59,000,DS,"Other Flows - Diff State",25,51,588
31,183,96,000,NE,"Wheeler County Tot Mig-US &",19,45,473
31,183,97,000,NE,"Wheeler County Tot Mig-US",19,45,473
31,183,97,001,NE,"Wheeler County Tot Mig-Same",d,d,d
31,183,97,003,NE,"Wheeler County Tot Mig-Diff",d,d,d
31,183,98,000,NE,"Wheeler County Tot Mig-Fore",d,d,d
31,183,31,183,NE,"Wheeler County Non-Migrants",287,707,8465
31,185,96,000,NE,"York County Tot Mig-US & Fo",364,741,10968
31,185,97,000,NE,"York County Tot Mig-US",364,741,10968
31,185,97,001,NE,"York County Tot Mig-Same St",239,467,6902
31,185,97,003,NE,"York County Tot Mig-Diff St",125,274,4066
31,185,98,000,NE,"York County Tot Mig-Foreign",d,d,d
31,185,31,185,NE,"York County Non-Migrants",4874,11172,225225
31,185,31,109,NE,"Lancaster County",43,75,1119
31,185,31,059,NE,"Fillmore County",24,44,783
31,185,31,143,NE,"Polk County",24,49,587
31,185,31,081,NE,"Hamilton County",21,42,456
31,185,31,159,NE,"Seward County",20,42,635
31,185,31,055,NE,"Douglas County",13,21,201
31,185,31,079,NE,"Hall County",13,31,338
31,185,58,000,SS,"Other Flows - Same State",81,163,2784
31,185,59,000,DS,"Other Flows - Diff State",125,274,4066
