"2005-2006 County to County Migration Inflow",,,,,,"Oregon Inflows",,
"(Aggregate money amounts are in thousands of dollars)",,,,,,,,
,,,,,,,,
,,,,,,,,
"Migration into",,"Migration from",,,,Number,Number,Aggregate
Oregon,,,,,,of,of,adjusted
State,County,State,County,State,"State totals, county totals,",returns,exemptions,gross
"FIPS Code",,,,,"and county by county detail",,,income
41,000,96,000,OR,"Total Mig - US & For",113915,206805,4782727
41,000,97,000,OR,"Total Mig - US",112413,204495,4736160
41,000,97,001,OR,"Total Mig - US Same St",56719,101890,2201372
41,000,97,003,OR,"Total Mig - US Diff St",55694,102605,2534788
41,000,98,000,OR,"Total Mig - Foreign",1502,2310,46567
41,001,96,000,OR,"Baker County Tot Mig-US & F",433,859,16102
41,001,97,000,OR,"Baker County Tot Mig-US",433,859,16102
41,001,97,001,OR,"Baker County Tot Mig-Same S",215,406,7447
41,001,97,003,OR,"Baker County Tot Mig-Diff S",218,453,8655
41,001,98,000,OR,"Baker County Tot Mig-Foreig",d,d,d
41,001,41,001,OR,"Baker County Non-Migrants",4982,10796,193065
41,001,41,061,OR,"Union County",40,72,1039
41,001,41,017,OR,"Deschutes County",23,49,694
41,001,41,051,OR,"Multnomah County",15,32,489
41,001,41,059,OR,"Umatilla County",15,29,382
41,001,41,045,OR,"Malheur County",14,26,1221
41,001,16,001,ID,"Ada County",13,21,518
41,001,41,023,OR,"Grant County",13,26,290
41,001,41,039,OR,"Lane County",11,21,490
41,001,41,047,OR,"Marion County",11,20,324
41,001,41,067,OR,"Washington County",10,17,182
41,001,58,000,SS,"Other Flows - Same State",63,114,2338
41,001,59,000,DS,"Other Flows - Diff State",205,432,8136
41,003,96,000,OR,"Benton County Tot Mig-US &",3087,5091,115723
41,003,97,000,OR,"Benton County Tot Mig-US",2930,4906,114043
41,003,97,001,OR,"Benton County Tot Mig-Same",1634,2550,49578
41,003,97,003,OR,"Benton County Tot Mig-Diff",1296,2356,64465
41,003,98,000,OR,"Benton County Tot Mig-Forei",157,185,1680
41,003,41,003,OR,"Benton County Non-Migrants",24675,52442,1568652
41,003,41,043,OR,"Linn County",379,696,13534
41,003,41,039,OR,"Lane County",215,343,7087
41,003,41,051,OR,"Multnomah County",174,224,4020
41,003,41,047,OR,"Marion County",137,206,3970
41,003,41,067,OR,"Washington County",123,182,4250
41,003,41,005,OR,"Clackamas County",78,115,2499
41,003,41,017,OR,"Deschutes County",71,111,1919
41,003,41,041,OR,"Lincoln County",71,113,1816
41,003,41,053,OR,"Polk County",69,110,2713
41,003,41,019,OR,"Douglas County",54,85,1145
41,003,06,037,CA,"Los Angeles County",49,87,3256
41,003,53,033,WA,"King County",49,83,1866
41,003,41,029,OR,"Jackson County",42,56,1032
41,003,06,073,CA,"San Diego County",37,66,2004
41,003,41,071,OR,"Yamhill County",35,52,957
41,003,06,085,CA,"Santa Clara County",31,68,3843
41,003,41,035,OR,"Klamath County",31,46,725
41,003,41,011,OR,"Coos County",23,25,332
41,003,41,033,OR,"Josephine County",23,29,429
41,003,53,011,WA,"Clark County",23,42,849
41,003,32,003,NV,"Clark County",20,51,1203
41,003,06,065,CA,"Riverside County",19,34,728
41,003,04,013,AZ,"Maricopa County",18,38,903
41,003,06,059,CA,"Orange County",18,51,2530
41,003,49,035,UT,"Salt Lake County",18,39,891
41,003,06,001,CA,"Alameda County",16,31,1879
41,003,04,019,AZ,"Pima County",15,36,862
41,003,06,067,CA,"Sacramento County",15,27,541
41,003,06,097,CA,"Sonoma County",14,26,686
41,003,17,031,IL,"Cook County",14,18,974
41,003,06,113,CA,"Yolo County",13,31,714
41,003,15,003,HI,"Honolulu County",13,22,439
41,003,41,057,OR,"Tillamook County",13,20,736
41,003,41,059,OR,"Umatilla County",13,20,372
41,003,02,020,AK,"Anchorage Borough",12,16,263
41,003,41,013,OR,"Crook County",12,15,183
41,003,57,005,FR,"Foreign - APO/FPO ZIPs",12,21,434
41,003,41,009,OR,"Columbia County",11,14,198
41,003,53,035,WA,"Kitsap County",11,20,373
41,003,53,063,WA,"Spokane County",11,20,521
41,003,04,005,AZ,"Coconino County",10,20,387
41,003,06,013,CA,"Contra Costa County",10,14,900
41,003,06,053,CA,"Monterey County",10,12,249
41,003,06,071,CA,"San Bernardino Count",10,15,284
41,003,41,007,OR,"Clatsop County",10,12,238
41,003,58,000,SS,"Other Flows - Same State",50,76,1423
41,003,59,000,DS,"Other Flows - Diff State",840,1489,37319
41,003,59,001,DS,"Other Flows - Northeast",87,139,3612
41,003,59,003,DS,"Other Flows - Midwest",158,284,7165
41,003,59,005,DS,"Other Flows - South",204,371,10552
41,003,59,007,DS,"Other Flows - West",391,695,15990
41,003,57,009,FR,"Foreign - Other flows",145,164,1246
41,005,96,000,OR,"Clackamas Count Tot Mig-US",12332,23234,622434
41,005,97,000,OR,"Clackamas Count Tot Mig-US",12233,23049,612204
41,005,97,001,OR,"Clackamas Count Tot Mig-Sam",8144,15092,370204
41,005,97,003,OR,"Clackamas Count Tot Mig-Dif",4089,7957,242000
41,005,98,000,OR,"Clackamas Count Tot Mig-For",99,185,10230
41,005,41,005,OR,"Clackamas Count Non-Migrant",116915,262093,8143142
41,005,41,051,OR,"Multnomah County",4590,8726,211283
41,005,41,067,OR,"Washington County",1689,3036,88599
41,005,41,047,OR,"Marion County",587,1168,22471
41,005,53,011,WA,"Clark County",449,868,22176
41,005,06,037,CA,"Los Angeles County",195,406,14189
41,005,41,039,OR,"Lane County",195,292,8006
41,005,06,073,CA,"San Diego County",141,283,9500
41,005,41,071,OR,"Yamhill County",135,239,4394
41,005,41,017,OR,"Deschutes County",134,226,4593
41,005,53,033,WA,"King County",117,186,6694
41,005,04,013,AZ,"Maricopa County",115,255,6195
41,005,06,059,CA,"Orange County",114,231,6585
41,005,41,003,OR,"Benton County",96,150,3690
41,005,06,085,CA,"Santa Clara County",78,171,8944
41,005,41,053,OR,"Polk County",76,124,3281
41,005,32,003,NV,"Clark County",73,147,2794
41,005,41,009,OR,"Columbia County",70,132,2285
41,005,53,053,WA,"Pierce County",70,130,2702
41,005,41,041,OR,"Lincoln County",69,110,3610
41,005,41,029,OR,"Jackson County",64,105,2903
41,005,06,013,CA,"Contra Costa County",62,135,6131
41,005,06,001,CA,"Alameda County",58,121,5545
41,005,06,067,CA,"Sacramento County",55,126,3439
41,005,06,065,CA,"Riverside County",54,118,4401
41,005,41,043,OR,"Linn County",53,108,1589
41,005,06,071,CA,"San Bernardino Count",49,112,2553
41,005,41,007,OR,"Clatsop County",49,88,1970
41,005,15,003,HI,"Honolulu County",42,77,1185
41,005,53,061,WA,"Snohomish County",40,74,1980
41,005,41,019,OR,"Douglas County",39,68,1011
41,005,53,063,WA,"Spokane County",37,68,1652
41,005,41,059,OR,"Umatilla County",36,56,827
41,005,16,001,ID,"Ada County",35,66,1639
41,005,41,057,OR,"Tillamook County",33,47,913
41,005,06,097,CA,"Sonoma County",32,60,1577
41,005,06,081,CA,"San Mateo County",31,76,3567
41,005,41,011,OR,"Coos County",31,61,910
41,005,06,111,CA,"Ventura County",30,63,2210
41,005,49,035,UT,"Salt Lake County",30,74,947
41,005,41,065,OR,"Wasco County",28,48,809
41,005,53,015,WA,"Cowlitz County",28,40,915
41,005,57,005,FR,"Foreign - APO/FPO ZIPs",26,47,904
41,005,06,075,CA,"San Francisco County",25,40,1966
41,005,41,035,OR,"Klamath County",25,54,1262
41,005,04,019,AZ,"Pima County",24,53,1305
41,005,41,027,OR,"Hood River County",24,45,909
41,005,53,067,WA,"Thurston County",23,41,1183
41,005,17,031,IL,"Cook County",22,45,1331
41,005,53,005,WA,"Benton County",22,47,951
41,005,06,053,CA,"Monterey County",20,47,1552
41,005,41,033,OR,"Josephine County",20,40,936
41,005,53,035,WA,"Kitsap County",19,38,1136
41,005,02,020,AK,"Anchorage Borough",18,24,733
41,005,06,061,CA,"Placer County",18,39,1435
41,005,32,031,NV,"Washoe County",18,33,800
41,005,41,061,OR,"Union County",17,34,745
41,005,06,029,CA,"Kern County",15,38,1189
41,005,06,083,CA,"Santa Barbara County",15,27,1268
41,005,08,005,CO,"Arapahoe County",15,37,1112
41,005,41,031,OR,"Jefferson County",15,25,374
41,005,06,023,CA,"Humboldt County",14,24,472
41,005,06,041,CA,"Marin County",14,31,3873
41,005,06,079,CA,"San Luis Obispo Coun",14,26,575
41,005,06,089,CA,"Shasta County",14,28,600
41,005,30,063,MT,"Missoula County",14,16,339
41,005,39,049,OH,"Franklin County",14,17,529
41,005,48,201,TX,"Harris County",14,29,1740
41,005,53,073,WA,"Whatcom County",14,23,392
41,005,06,077,CA,"San Joaquin County",13,28,782
41,005,41,015,OR,"Curry County",13,24,355
41,005,06,095,CA,"Solano County",12,25,585
41,005,08,013,CO,"Boulder County",12,22,947
41,005,16,027,ID,"Canyon County",12,24,340
41,005,36,061,NY,"New York County",12,21,895
41,005,41,013,OR,"Crook County",12,20,371
41,005,49,049,UT,"Utah County",12,33,316
41,005,53,059,WA,"Skamania County",12,22,383
41,005,06,099,CA,"Stanislaus County",11,18,248
41,005,12,095,FL,"Orange County",11,17,372
41,005,17,043,IL,"Du Page County",11,23,623
41,005,20,091,KS,"Johnson County",11,15,568
41,005,30,111,MT,"Yellowstone County",11,17,248
41,005,53,027,WA,"Grays Harbor County",11,17,372
41,005,53,057,WA,"Skagit County",11,21,540
41,005,02,170,AK,"Matanuska Susitna Bo",10,18,442
41,005,06,007,CA,"Butte County",10,20,386
41,005,06,019,CA,"Fresno County",10,23,320
41,005,06,047,CA,"Merced County",10,29,468
41,005,06,093,CA,"Siskiyou County",10,13,194
41,005,06,113,CA,"Yolo County",10,28,387
41,005,12,099,FL,"Palm Beach County",10,18,1028
41,005,25,017,MA,"Middlesex County",10,23,724
41,005,35,001,NM,"Bernalillo County",10,15,380
41,005,48,113,TX,"Dallas County",10,13,240
41,005,48,141,TX,"El Paso County",10,19,296
41,005,53,025,WA,"Grant County",10,17,421
41,005,53,071,WA,"Walla Walla County",10,21,493
41,005,53,077,WA,"Yakima County",10,16,366
41,005,58,000,SS,"Other Flows - Same State",44,66,2108
41,005,59,000,DS,"Other Flows - Diff State",1486,2791,86632
41,005,59,001,DS,"Other Flows - Northeast",190,312,9313
41,005,59,003,DS,"Other Flows - Midwest",320,610,20272
41,005,59,005,DS,"Other Flows - South",508,991,34794
41,005,59,007,DS,"Other Flows - West",468,878,22253
41,005,57,009,FR,"Foreign - Other flows",73,138,9327
41,007,96,000,OR,"Clatsop County Tot Mig-US &",1086,2031,40222
41,007,97,000,OR,"Clatsop County Tot Mig-US",1076,2018,40025
41,007,97,001,OR,"Clatsop County Tot Mig-Same",438,789,16054
41,007,97,003,OR,"Clatsop County Tot Mig-Diff",638,1229,23971
41,007,98,000,OR,"Clatsop County Tot Mig-Fore",10,13,197
41,007,41,007,OR,"Clatsop County Non-Migrants",11378,23569,531586
41,007,41,051,OR,"Multnomah County",97,148,3737
41,007,41,067,OR,"Washington County",77,150,3749
41,007,41,009,OR,"Columbia County",37,74,1192
41,007,41,005,OR,"Clackamas County",36,69,2286
41,007,53,033,WA,"King County",31,61,1351
41,007,41,057,OR,"Tillamook County",30,53,727
41,007,53,049,WA,"Pacific County",23,43,905
41,007,41,047,OR,"Marion County",21,30,395
41,007,53,011,WA,"Clark County",21,37,984
41,007,41,003,OR,"Benton County",18,28,437
41,007,53,061,WA,"Snohomish County",17,28,422
41,007,04,013,AZ,"Maricopa County",16,31,606
41,007,06,073,CA,"San Diego County",15,27,488
41,007,41,017,OR,"Deschutes County",15,35,752
41,007,06,037,CA,"Los Angeles County",14,23,995
41,007,41,039,OR,"Lane County",14,19,336
41,007,53,015,WA,"Cowlitz County",12,18,270
41,007,41,071,OR,"Yamhill County",10,14,205
41,007,58,000,SS,"Other Flows - Same State",83,169,2238
41,007,59,000,DS,"Other Flows - Diff State",489,961,17951
41,007,59,001,DS,"Other Flows - Northeast",25,57,796
41,007,59,003,DS,"Other Flows - Midwest",50,113,2250
41,007,59,005,DS,"Other Flows - South",81,169,3541
41,007,59,007,DS,"Other Flows - West",333,622,11364
41,007,57,009,FR,"Foreign - Other flows",10,13,197
41,009,96,000,OR,"Columbia County Tot Mig-US",1536,3121,68991
41,009,97,000,OR,"Columbia County Tot Mig-US",1536,3121,68991
41,009,97,001,OR,"Columbia County Tot Mig-Sam",1012,2063,47059
41,009,97,003,OR,"Columbia County Tot Mig-Dif",524,1058,21932
41,009,98,000,OR,"Columbia County Tot Mig-For",d,d,d
41,009,41,009,OR,"Columbia County Non-Migrant",15154,34806,799305
41,009,41,067,OR,"Washington County",375,799,19309
41,009,41,051,OR,"Multnomah County",363,730,15543
41,009,41,005,OR,"Clackamas County",85,163,4188
41,009,53,011,WA,"Clark County",59,126,2182
41,009,53,015,WA,"Cowlitz County",52,112,1855
41,009,41,007,OR,"Clatsop County",33,55,1315
41,009,41,039,OR,"Lane County",28,58,1612
41,009,41,071,OR,"Yamhill County",19,41,955
41,009,41,047,OR,"Marion County",15,29,517
41,009,04,013,AZ,"Maricopa County",14,27,797
41,009,53,033,WA,"King County",14,22,1656
41,009,41,057,OR,"Tillamook County",13,21,607
41,009,53,053,WA,"Pierce County",13,29,504
41,009,06,073,CA,"San Diego County",11,28,407
41,009,53,041,WA,"Lewis County",11,24,298
41,009,41,017,OR,"Deschutes County",10,21,420
41,009,58,000,SS,"Other Flows - Same State",71,146,2594
41,009,59,000,DS,"Other Flows - Diff State",350,690,14232
41,009,59,001,DS,"Other Flows - Northeast",16,34,701
41,009,59,003,DS,"Other Flows - Midwest",28,57,1218
41,009,59,005,DS,"Other Flows - South",62,97,2079
41,009,59,007,DS,"Other Flows - West",244,502,10235
41,011,96,000,OR,"Coos County Tot Mig-US & Fo",1591,3091,57674
41,011,97,000,OR,"Coos County Tot Mig-US",1579,3072,57465
41,011,97,001,OR,"Coos County Tot Mig-Same St",656,1273,19446
41,011,97,003,OR,"Coos County Tot Mig-Diff St",923,1799,38020
41,011,98,000,OR,"Coos County Tot Mig-Foreign",12,19,208
41,011,41,011,OR,"Coos County Non-Migrants",20013,41168,853647
41,011,41,039,OR,"Lane County",109,204,2944
41,011,41,019,OR,"Douglas County",102,194,2633
41,011,41,015,OR,"Curry County",58,117,2406
41,011,41,051,OR,"Multnomah County",49,97,1198
41,011,41,029,OR,"Jackson County",48,88,1391
41,011,41,047,OR,"Marion County",34,68,1132
41,011,41,017,OR,"Deschutes County",32,56,830
41,011,06,037,CA,"Los Angeles County",31,59,1623
41,011,06,073,CA,"San Diego County",31,59,1532
41,011,32,003,NV,"Clark County",30,59,1264
41,011,41,067,OR,"Washington County",30,55,1080
41,011,06,067,CA,"Sacramento County",29,53,918
41,011,41,035,OR,"Klamath County",27,48,595
41,011,04,013,AZ,"Maricopa County",26,44,874
41,011,41,033,OR,"Josephine County",22,44,709
41,011,41,043,OR,"Linn County",22,52,726
41,011,53,033,WA,"King County",22,43,979
41,011,41,005,OR,"Clackamas County",21,35,867
41,011,41,003,OR,"Benton County",18,22,518
41,011,06,071,CA,"San Bernardino Count",16,30,719
41,011,06,023,CA,"Humboldt County",15,29,502
41,011,53,053,WA,"Pierce County",15,33,1130
41,011,06,001,CA,"Alameda County",14,22,1041
41,011,06,059,CA,"Orange County",14,30,884
41,011,41,041,OR,"Lincoln County",14,30,496
41,011,06,013,CA,"Contra Costa County",13,20,777
41,011,06,061,CA,"Placer County",13,19,773
41,011,06,019,CA,"Fresno County",12,31,557
41,011,06,077,CA,"San Joaquin County",12,27,671
41,011,06,065,CA,"Riverside County",11,23,535
41,011,41,053,OR,"Polk County",11,18,341
41,011,06,007,CA,"Butte County",10,24,330
41,011,06,017,CA,"El Dorado County",10,18,469
41,011,06,029,CA,"Kern County",10,23,492
41,011,06,045,CA,"Mendocino County",10,19,933
41,011,06,099,CA,"Stanislaus County",10,19,638
41,011,32,031,NV,"Washoe County",10,20,222
41,011,53,011,WA,"Clark County",10,18,430
41,011,58,000,SS,"Other Flows - Same State",59,145,1581
41,011,59,000,DS,"Other Flows - Diff State",549,1077,19726
41,011,59,001,DS,"Other Flows - Northeast",30,49,921
41,011,59,003,DS,"Other Flows - Midwest",93,177,4197
41,011,59,005,DS,"Other Flows - South",97,174,2789
41,011,59,007,DS,"Other Flows - West",329,677,11819
41,011,57,009,FR,"Foreign - Other flows",12,19,208
41,013,96,000,OR,"Crook County Tot Mig-US & F",820,1736,31888
41,013,97,000,OR,"Crook County Tot Mig-US",820,1736,31888
41,013,97,001,OR,"Crook County Tot Mig-Same S",571,1203,22131
41,013,97,003,OR,"Crook County Tot Mig-Diff S",249,533,9758
41,013,98,000,OR,"Crook County Tot Mig-Foreig",d,d,d
41,013,41,013,OR,"Crook County Non-Migrants",6290,14002,291801
41,013,41,017,OR,"Deschutes County",294,608,11060
41,013,41,005,OR,"Clackamas County",36,81,1715
41,013,41,051,OR,"Multnomah County",34,69,1398
41,013,41,031,OR,"Jefferson County",26,60,860
41,013,41,039,OR,"Lane County",26,60,692
41,013,41,047,OR,"Marion County",22,49,737
41,013,41,067,OR,"Washington County",21,48,1284
41,013,58,000,SS,"Other Flows - Same State",112,228,4385
41,013,59,000,DS,"Other Flows - Diff State",249,533,9758
41,015,96,000,OR,"Curry County Tot Mig-US & F",772,1432,37750
41,015,97,000,OR,"Curry County Tot Mig-US",772,1432,37750
41,015,97,001,OR,"Curry County Tot Mig-Same S",245,465,7225
41,015,97,003,OR,"Curry County Tot Mig-Diff S",527,967,30525
41,015,98,000,OR,"Curry County Tot Mig-Foreig",d,d,d
41,015,41,015,OR,"Curry County Non-Migrants",7529,14958,334953
41,015,41,029,OR,"Jackson County",46,77,1234
41,015,06,015,CA,"Del Norte County",42,91,1632
41,015,41,011,OR,"Coos County",37,67,1057
41,015,41,039,OR,"Lane County",35,66,853
41,015,06,067,CA,"Sacramento County",31,55,1249
41,015,41,033,OR,"Josephine County",19,39,481
41,015,06,037,CA,"Los Angeles County",18,33,6920
41,015,41,019,OR,"Douglas County",18,46,738
41,015,06,073,CA,"San Diego County",15,20,526
41,015,41,067,OR,"Washington County",12,28,796
41,015,06,017,CA,"El Dorado County",11,21,570
41,015,32,003,NV,"Clark County",11,18,663
41,015,41,017,OR,"Deschutes County",11,24,195
41,015,06,085,CA,"Santa Clara County",10,19,457
41,015,06,089,CA,"Shasta County",10,21,238
41,015,41,035,OR,"Klamath County",10,20,348
41,015,41,047,OR,"Marion County",10,13,252
41,015,58,000,SS,"Other Flows - Same State",47,85,1271
41,015,59,000,DS,"Other Flows - Diff State",379,689,18271
41,017,96,000,OR,"Deschutes Count Tot Mig-US",6303,12220,340378
41,017,97,000,OR,"Deschutes Count Tot Mig-US",6266,12148,339069
41,017,97,001,OR,"Deschutes Count Tot Mig-Sam",2776,5251,120455
41,017,97,003,OR,"Deschutes Count Tot Mig-Dif",3490,6897,218614
41,017,98,000,OR,"Deschutes Count Tot Mig-For",37,72,1309
41,017,41,017,OR,"Deschutes Count Non-Migrant",46602,99221,2740996
41,017,41,039,OR,"Lane County",328,576,12801
41,017,41,051,OR,"Multnomah County",321,572,18507
41,017,41,067,OR,"Washington County",276,515,16698
41,017,41,005,OR,"Clackamas County",245,483,14608
41,017,41,031,OR,"Jefferson County",206,438,7513
41,017,41,013,OR,"Crook County",201,380,7543
41,017,41,047,OR,"Marion County",189,371,8368
41,017,06,037,CA,"Los Angeles County",177,399,18016
41,017,53,033,WA,"King County",142,262,9495
41,017,06,059,CA,"Orange County",138,288,15319
41,017,06,073,CA,"San Diego County",132,285,7304
41,017,41,029,OR,"Jackson County",110,197,3907
41,017,41,043,OR,"Linn County",100,206,3394
41,017,41,003,OR,"Benton County",89,143,3210
41,017,41,035,OR,"Klamath County",85,158,3333
41,017,53,011,WA,"Clark County",85,180,4143
41,017,41,071,OR,"Yamhill County",69,145,2577
41,017,06,085,CA,"Santa Clara County",67,152,9827
41,017,32,003,NV,"Clark County",65,141,4004
41,017,06,065,CA,"Riverside County",64,136,2310
41,017,04,013,AZ,"Maricopa County",63,121,3026
41,017,06,097,CA,"Sonoma County",63,128,2532
41,017,41,019,OR,"Douglas County",62,130,2092
41,017,06,067,CA,"Sacramento County",58,120,2462
41,017,06,001,CA,"Alameda County",56,123,4177
41,017,06,071,CA,"San Bernardino Count",55,124,2638
41,017,41,011,OR,"Coos County",52,102,1736
41,017,06,083,CA,"Santa Barbara County",48,89,1978
41,017,06,013,CA,"Contra Costa County",47,105,5165
41,017,53,053,WA,"Pierce County",46,93,2884
41,017,41,041,OR,"Lincoln County",45,79,1290
41,017,41,053,OR,"Polk County",44,83,2520
41,017,06,111,CA,"Ventura County",42,90,3938
41,017,06,087,CA,"Santa Cruz County",41,88,2365
41,017,41,033,OR,"Josephine County",38,91,1207
41,017,32,031,NV,"Washoe County",37,74,1942
41,017,41,007,OR,"Clatsop County",36,82,1489
41,017,41,059,OR,"Umatilla County",36,64,1043
41,017,16,001,ID,"Ada County",33,61,1223
41,017,53,061,WA,"Snohomish County",32,52,1550
41,017,06,061,CA,"Placer County",31,67,2600
41,017,06,079,CA,"San Luis Obispo Coun",30,47,1088
41,017,49,035,UT,"Salt Lake County",30,66,1058
41,017,41,061,OR,"Union County",29,45,639
41,017,06,095,CA,"Solano County",28,60,2124
41,017,04,025,AZ,"Yavapai County",27,46,907
41,017,06,023,CA,"Humboldt County",27,54,906
41,017,06,081,CA,"San Mateo County",27,51,5430
41,017,06,053,CA,"Monterey County",25,60,1430
41,017,41,025,OR,"Harney County",25,47,656
41,017,41,057,OR,"Tillamook County",25,48,904
41,017,41,037,OR,"Lake County",24,37,581
41,017,02,020,AK,"Anchorage Borough",23,48,1168
41,017,15,009,HI,"Maui County",23,44,749
41,017,41,009,OR,"Columbia County",23,36,700
41,017,06,089,CA,"Shasta County",22,43,1240
41,017,57,005,FR,"Foreign - APO/FPO ZIPs",22,39,639
41,017,06,029,CA,"Kern County",21,44,1104
41,017,06,041,CA,"Marin County",21,34,2673
41,017,53,015,WA,"Cowlitz County",21,42,963
41,017,53,063,WA,"Spokane County",21,35,731
41,017,06,099,CA,"Stanislaus County",20,42,1548
41,017,41,065,OR,"Wasco County",20,37,514
41,017,06,077,CA,"San Joaquin County",19,54,1073
41,017,06,019,CA,"Fresno County",18,41,881
41,017,15,003,HI,"Honolulu County",18,40,7206
41,017,41,015,OR,"Curry County",18,33,454
41,017,53,035,WA,"Kitsap County",18,30,887
41,017,53,077,WA,"Yakima County",18,45,1005
41,017,06,075,CA,"San Francisco County",17,21,2249
41,017,41,023,OR,"Grant County",17,33,588
41,017,08,069,CO,"Larimer County",16,27,656
41,017,41,001,OR,"Baker County",16,31,462
41,017,04,019,AZ,"Pima County",15,25,951
41,017,17,031,IL,"Cook County",15,30,888
41,017,06,017,CA,"El Dorado County",14,28,866
41,017,06,055,CA,"Napa County",14,29,1176
41,017,15,001,HI,"Hawaii County",14,22,805
41,017,53,067,WA,"Thurston County",14,37,1046
41,017,06,045,CA,"Mendocino County",13,28,340
41,017,48,201,TX,"Harris County",13,21,1811
41,017,53,073,WA,"Whatcom County",13,25,618
41,017,53,005,WA,"Benton County",12,21,608
41,017,02,090,AK,"Fairbanks North Star",11,18,461
41,017,08,013,CO,"Boulder County",11,17,480
41,017,08,031,CO,"Denver County",11,17,492
41,017,08,041,CO,"El Paso County",11,24,368
41,017,16,055,ID,"Kootenai County",11,17,359
41,017,27,053,MN,"Hennepin County",11,18,493
41,017,04,015,AZ,"Mohave County",10,21,421
41,017,06,057,CA,"Nevada County",10,21,721
41,017,08,059,CO,"Jefferson County",10,15,518
41,017,16,017,ID,"Bonner County",10,12,198
41,017,16,027,ID,"Canyon County",10,22,455
41,017,41,063,OR,"Wallowa County",10,21,219
41,017,58,000,SS,"Other Flows - Same State",37,68,899
41,017,59,000,DS,"Other Flows - Diff State",1225,2277,58567
41,017,59,001,DS,"Other Flows - Northeast",126,231,5120
41,017,59,003,DS,"Other Flows - Midwest",231,426,12062
41,017,59,005,DS,"Other Flows - South",357,649,19522
41,017,59,007,DS,"Other Flows - West",511,971,21863
41,017,57,009,FR,"Foreign - Other flows",15,33,670
41,019,96,000,OR,"Douglas County Tot Mig-US &",2459,4813,86789
41,019,97,000,OR,"Douglas County Tot Mig-US",2443,4788,86492
41,019,97,001,OR,"Douglas County Tot Mig-Same",1022,1953,29524
41,019,97,003,OR,"Douglas County Tot Mig-Diff",1421,2835,56968
41,019,98,000,OR,"Douglas County Tot Mig-Fore",16,25,297
41,019,41,019,OR,"Douglas County Non-Migrants",33915,72986,1479465
41,019,41,039,OR,"Lane County",238,474,6561
41,019,41,011,OR,"Coos County",128,242,3210
41,019,41,029,OR,"Jackson County",99,182,3033
41,019,41,033,OR,"Josephine County",97,199,2723
41,019,06,037,CA,"Los Angeles County",61,118,3897
41,019,41,067,OR,"Washington County",53,92,1696
41,019,41,051,OR,"Multnomah County",51,77,1392
41,019,41,047,OR,"Marion County",49,82,1439
41,019,41,005,OR,"Clackamas County",40,61,1140
41,019,06,067,CA,"Sacramento County",39,87,1686
41,019,06,071,CA,"San Bernardino Count",39,89,1910
41,019,06,073,CA,"San Diego County",39,77,1977
41,019,41,035,OR,"Klamath County",37,99,1136
41,019,06,065,CA,"Riverside County",34,75,1151
41,019,06,097,CA,"Sonoma County",34,62,1163
41,019,41,017,OR,"Deschutes County",34,50,1064
41,019,04,013,AZ,"Maricopa County",31,55,864
41,019,41,043,OR,"Linn County",31,63,1233
41,019,06,059,CA,"Orange County",30,46,1238
41,019,41,003,OR,"Benton County",30,52,794
41,019,32,003,NV,"Clark County",28,56,827
41,019,41,015,OR,"Curry County",27,61,907
41,019,06,079,CA,"San Luis Obispo Coun",26,46,1626
41,019,53,033,WA,"King County",24,43,1083
41,019,06,085,CA,"Santa Clara County",21,38,2571
41,019,06,023,CA,"Humboldt County",20,35,398
41,019,41,041,OR,"Lincoln County",20,39,419
41,019,06,089,CA,"Shasta County",18,31,804
41,019,32,031,NV,"Washoe County",18,26,816
41,019,53,011,WA,"Clark County",18,42,799
41,019,06,061,CA,"Placer County",17,33,285
41,019,06,077,CA,"San Joaquin County",16,31,525
41,019,06,099,CA,"Stanislaus County",16,45,790
41,019,06,013,CA,"Contra Costa County",15,26,832
41,019,06,019,CA,"Fresno County",15,37,663
41,019,06,111,CA,"Ventura County",15,21,640
41,019,53,053,WA,"Pierce County",15,32,463
41,019,06,007,CA,"Butte County",14,28,491
41,019,16,001,ID,"Ada County",14,32,396
41,019,41,053,OR,"Polk County",14,25,486
41,019,04,015,AZ,"Mohave County",13,27,394
41,019,06,053,CA,"Monterey County",13,24,1026
41,019,53,063,WA,"Spokane County",13,22,411
41,019,06,017,CA,"El Dorado County",12,26,751
41,019,06,107,CA,"Tulare County",12,32,425
41,019,15,003,HI,"Honolulu County",12,21,336
41,019,06,001,CA,"Alameda County",11,20,989
41,019,41,059,OR,"Umatilla County",11,21,225
41,019,53,061,WA,"Snohomish County",11,24,362
41,019,06,029,CA,"Kern County",10,19,-36
41,019,06,087,CA,"Santa Cruz County",10,17,268
41,019,58,000,SS,"Other Flows - Same State",63,134,2067
41,019,59,000,DS,"Other Flows - Diff State",687,1392,24146
41,019,59,001,DS,"Other Flows - Northeast",24,43,752
41,019,59,003,DS,"Other Flows - Midwest",104,202,4622
41,019,59,005,DS,"Other Flows - South",159,324,5113
41,019,59,007,DS,"Other Flows - West",400,823,13659
41,019,57,009,FR,"Foreign - Other flows",16,25,297
41,021,96,000,OR,"Gilliam County Tot Mig-US &",54,107,1517
41,021,97,000,OR,"Gilliam County Tot Mig-US",54,107,1517
41,021,97,001,OR,"Gilliam County Tot Mig-Same",39,75,1001
41,021,97,003,OR,"Gilliam County Tot Mig-Diff",15,32,516
41,021,98,000,OR,"Gilliam County Tot Mig-Fore",d,d,d
41,021,41,021,OR,"Gilliam County Non-Migrants",601,1273,25832
41,021,58,000,SS,"Other Flows - Same State",39,75,1001
41,021,59,000,DS,"Other Flows - Diff State",15,32,516
41,023,96,000,OR,"Grant County Tot Mig-US & F",195,421,8383
41,023,97,000,OR,"Grant County Tot Mig-US",195,421,8383
41,023,97,001,OR,"Grant County Tot Mig-Same S",102,201,3404
41,023,97,003,OR,"Grant County Tot Mig-Diff S",93,220,4979
41,023,98,000,OR,"Grant County Tot Mig-Foreig",d,d,d
41,023,41,023,OR,"Grant County Non-Migrants",2327,5012,96400
41,023,41,017,OR,"Deschutes County",19,37,731
41,023,41,045,OR,"Malheur County",12,27,378
41,023,41,059,OR,"Umatilla County",10,22,389
41,023,58,000,SS,"Other Flows - Same State",61,115,1906
41,023,59,000,DS,"Other Flows - Diff State",93,220,4979
41,025,96,000,OR,"Harney County Tot Mig-US &",202,418,4923
41,025,97,000,OR,"Harney County Tot Mig-US",202,418,4923
41,025,97,001,OR,"Harney County Tot Mig-Same",120,253,2229
41,025,97,003,OR,"Harney County Tot Mig-Diff",82,165,2693
41,025,98,000,OR,"Harney County Tot Mig-Forei",d,d,d
41,025,41,025,OR,"Harney County Non-Migrants",2155,4839,76992
41,025,41,017,OR,"Deschutes County",26,48,877
41,025,58,000,SS,"Other Flows - Same State",94,205,1352
41,025,59,000,DS,"Other Flows - Diff State",82,165,2693
41,027,96,000,OR,"Hood River Coun Tot Mig-US",575,1052,24488
41,027,97,000,OR,"Hood River Coun Tot Mig-US",575,1052,24488
41,027,97,001,OR,"Hood River Coun Tot Mig-Sam",251,445,9865
41,027,97,003,OR,"Hood River Coun Tot Mig-Dif",324,607,14623
41,027,98,000,OR,"Hood River Coun Tot Mig-For",d,d,d
41,027,41,027,OR,"Hood River Coun Non-Migrant",6811,16162,316341
41,027,41,051,OR,"Multnomah County",79,117,2481
41,027,41,065,OR,"Wasco County",53,92,1932
41,027,53,039,WA,"Klickitat County",38,75,1343
41,027,41,005,OR,"Clackamas County",29,54,1527
41,027,41,067,OR,"Washington County",18,34,731
41,027,53,059,WA,"Skamania County",13,22,464
41,027,06,037,CA,"Los Angeles County",11,26,856
41,027,53,033,WA,"King County",10,17,496
41,027,58,000,SS,"Other Flows - Same State",72,148,3193
41,027,59,000,DS,"Other Flows - Diff State",252,467,11465
41,027,59,001,DS,"Other Flows - Northeast",18,29,700
41,027,59,003,DS,"Other Flows - Midwest",36,61,1205
41,027,59,005,DS,"Other Flows - South",35,52,1627
41,027,59,007,DS,"Other Flows - West",163,325,7933
41,029,96,000,OR,"Jackson County Tot Mig-US &",4614,8353,198946
41,029,97,000,OR,"Jackson County Tot Mig-US",4577,8294,198226
41,029,97,001,OR,"Jackson County Tot Mig-Same",1496,2633,46966
41,029,97,003,OR,"Jackson County Tot Mig-Diff",3081,5661,151260
41,029,98,000,OR,"Jackson County Tot Mig-Fore",37,59,720
41,029,41,029,OR,"Jackson County Non-Migrants",65085,136952,3164542
41,029,41,033,OR,"Josephine County",385,726,11737
41,029,41,039,OR,"Lane County",144,224,4075
41,029,06,037,CA,"Los Angeles County",141,288,6376
41,029,41,051,OR,"Multnomah County",122,165,3698
41,029,41,035,OR,"Klamath County",121,218,4025
41,029,06,073,CA,"San Diego County",111,210,5525
41,029,41,067,OR,"Washington County",94,169,3499
41,029,06,093,CA,"Siskiyou County",88,150,4726
41,029,41,019,OR,"Douglas County",88,175,2649
41,029,06,085,CA,"Santa Clara County",86,163,7707
41,029,41,017,OR,"Deschutes County",80,146,2681
41,029,06,059,CA,"Orange County",66,125,5264
41,029,32,003,NV,"Clark County",64,125,9078
41,029,04,013,AZ,"Maricopa County",62,122,2410
41,029,41,011,OR,"Coos County",62,105,1454
41,029,41,015,OR,"Curry County",60,112,1264
41,029,53,033,WA,"King County",60,104,2236
41,029,06,001,CA,"Alameda County",58,91,4060
41,029,41,005,OR,"Clackamas County",57,93,2759
41,029,06,067,CA,"Sacramento County",56,95,2459
41,029,06,013,CA,"Contra Costa County",54,100,3980
41,029,06,097,CA,"Sonoma County",54,104,2748
41,029,32,031,NV,"Washoe County",54,91,1893
41,029,41,047,OR,"Marion County",53,103,1958
41,029,06,065,CA,"Riverside County",49,110,2490
41,029,06,111,CA,"Ventura County",45,94,4246
41,029,06,071,CA,"San Bernardino Count",43,80,1899
41,029,06,023,CA,"Humboldt County",42,64,937
41,029,53,011,WA,"Clark County",41,71,1584
41,029,41,003,OR,"Benton County",39,55,1108
41,029,06,041,CA,"Marin County",36,58,3770
41,029,06,053,CA,"Monterey County",36,66,2884
41,029,06,015,CA,"Del Norte County",35,66,1065
41,029,06,007,CA,"Butte County",32,58,1158
41,029,06,089,CA,"Shasta County",32,52,1055
41,029,06,077,CA,"San Joaquin County",30,68,1331
41,029,41,043,OR,"Linn County",29,43,851
41,029,53,053,WA,"Pierce County",29,51,870
41,029,04,019,AZ,"Pima County",28,51,1379
41,029,06,087,CA,"Santa Cruz County",28,58,1448
41,029,06,083,CA,"Santa Barbara County",27,51,1819
41,029,06,099,CA,"Stanislaus County",27,46,1035
41,029,49,035,UT,"Salt Lake County",27,63,1465
41,029,53,061,WA,"Snohomish County",26,53,1323
41,029,06,019,CA,"Fresno County",25,54,1258
41,029,06,075,CA,"San Francisco County",24,40,1228
41,029,06,081,CA,"San Mateo County",24,43,4470
41,029,06,055,CA,"Napa County",22,43,1306
41,029,06,079,CA,"San Luis Obispo Coun",22,37,725
41,029,06,061,CA,"Placer County",21,43,972
41,029,53,063,WA,"Spokane County",21,39,919
41,029,16,001,ID,"Ada County",20,34,781
41,029,41,041,OR,"Lincoln County",20,35,439
41,029,41,053,OR,"Polk County",20,35,766
41,029,02,020,AK,"Anchorage Borough",19,30,1492
41,029,06,029,CA,"Kern County",19,32,548
41,029,06,095,CA,"Solano County",17,39,709
41,029,57,005,FR,"Foreign - APO/FPO ZIPs",17,22,350
41,029,04,025,AZ,"Yavapai County",16,27,617
41,029,06,107,CA,"Tulare County",14,38,419
41,029,08,041,CO,"El Paso County",14,22,681
41,029,06,045,CA,"Mendocino County",13,25,728
41,029,15,001,HI,"Hawaii County",13,17,584
41,029,15,003,HI,"Honolulu County",13,21,550
41,029,41,059,OR,"Umatilla County",13,28,412
41,029,41,071,OR,"Yamhill County",13,21,422
41,029,04,021,AZ,"Pinal County",12,20,286
41,029,06,017,CA,"El Dorado County",12,14,336
41,029,41,037,OR,"Lake County",12,20,373
41,029,41,061,OR,"Union County",12,19,602
41,029,53,005,WA,"Benton County",12,32,596
41,029,08,013,CO,"Boulder County",11,21,370
41,029,06,047,CA,"Merced County",10,18,401
41,029,08,069,CO,"Larimer County",10,17,264
41,029,17,031,IL,"Cook County",10,16,348
41,029,41,013,OR,"Crook County",10,21,317
41,029,41,031,OR,"Jefferson County",10,27,529
41,029,48,453,TX,"Travis County",10,19,331
41,029,53,067,WA,"Thurston County",10,21,399
41,029,58,000,SS,"Other Flows - Same State",52,93,1349
41,029,59,000,DS,"Other Flows - Diff State",1100,1971,39723
41,029,59,001,DS,"Other Flows - Northeast",117,192,3811
41,029,59,003,DS,"Other Flows - Midwest",206,356,8070
41,029,59,005,DS,"Other Flows - South",327,597,11627
41,029,59,007,DS,"Other Flows - West",450,826,16214
41,029,57,009,FR,"Foreign - Other flows",20,37,371
41,031,96,000,OR,"Jefferson Count Tot Mig-US",687,1486,26753
41,031,97,000,OR,"Jefferson Count Tot Mig-US",687,1486,26753
41,031,97,001,OR,"Jefferson Count Tot Mig-Sam",450,954,17224
41,031,97,003,OR,"Jefferson Count Tot Mig-Dif",237,532,9530
41,031,98,000,OR,"Jefferson Count Tot Mig-For",d,d,d
41,031,41,031,OR,"Jefferson Count Non-Migrant",5882,14228,241750
41,031,41,017,OR,"Deschutes County",166,340,5742
41,031,41,005,OR,"Clackamas County",48,108,2383
41,031,41,051,OR,"Multnomah County",36,72,1527
41,031,41,013,OR,"Crook County",30,60,1028
41,031,41,047,OR,"Marion County",22,55,717
41,031,41,039,OR,"Lane County",20,47,941
41,031,53,011,WA,"Clark County",19,38,853
41,031,41,067,OR,"Washington County",17,38,816
41,031,41,043,OR,"Linn County",16,39,660
41,031,41,003,OR,"Benton County",12,18,453
41,031,06,037,CA,"Los Angeles County",11,34,413
41,031,58,000,SS,"Other Flows - Same State",83,177,2958
41,031,59,000,DS,"Other Flows - Diff State",207,460,8264
41,033,96,000,OR,"Josephine Count Tot Mig-US",2073,4051,83054
41,033,97,000,OR,"Josephine Count Tot Mig-US",2057,4031,82761
41,033,97,001,OR,"Josephine Count Tot Mig-Sam",762,1474,22222
41,033,97,003,OR,"Josephine Count Tot Mig-Dif",1295,2557,60539
41,033,98,000,OR,"Josephine Count Tot Mig-For",16,20,293
41,033,41,033,OR,"Josephine Count Non-Migrant",25620,54048,1087064
41,033,41,029,OR,"Jackson County",388,781,12452
41,033,06,037,CA,"Los Angeles County",89,174,4429
41,033,41,019,OR,"Douglas County",62,119,1413
41,033,41,039,OR,"Lane County",56,103,1488
41,033,06,059,CA,"Orange County",51,104,2580
41,033,06,073,CA,"San Diego County",49,90,3407
41,033,06,065,CA,"Riverside County",40,88,1488
41,033,06,067,CA,"Sacramento County",40,75,1571
41,033,06,097,CA,"Sonoma County",35,69,3153
41,033,06,013,CA,"Contra Costa County",33,66,2370
41,033,41,067,OR,"Washington County",32,62,1032
41,033,06,001,CA,"Alameda County",31,74,1808
41,033,06,085,CA,"Santa Clara County",31,53,2026
41,033,06,015,CA,"Del Norte County",30,58,1049
41,033,41,051,OR,"Multnomah County",30,52,754
41,033,32,003,NV,"Clark County",29,57,642
41,033,41,035,OR,"Klamath County",28,58,815
41,033,06,095,CA,"Solano County",27,59,1969
41,033,41,015,OR,"Curry County",27,66,636
41,033,06,071,CA,"San Bernardino Count",26,57,969
41,033,32,031,NV,"Washoe County",25,45,1157
41,033,53,033,WA,"King County",25,39,812
41,033,06,111,CA,"Ventura County",23,46,1675
41,033,41,017,OR,"Deschutes County",20,33,697
41,033,04,013,AZ,"Maricopa County",19,45,692
41,033,41,005,OR,"Clackamas County",19,25,656
41,033,41,011,OR,"Coos County",19,30,510
41,033,06,099,CA,"Stanislaus County",17,36,583
41,033,41,043,OR,"Linn County",17,34,444
41,033,41,047,OR,"Marion County",15,24,395
41,033,06,023,CA,"Humboldt County",14,29,523
41,033,06,077,CA,"San Joaquin County",14,28,294
41,033,06,089,CA,"Shasta County",14,29,597
41,033,06,029,CA,"Kern County",13,25,661
41,033,06,087,CA,"Santa Cruz County",13,32,849
41,033,06,081,CA,"San Mateo County",12,21,1311
41,033,06,083,CA,"Santa Barbara County",12,19,1068
41,033,06,079,CA,"San Luis Obispo Coun",11,25,517
41,033,06,041,CA,"Marin County",10,14,1216
41,033,53,011,WA,"Clark County",10,23,324
41,033,58,000,SS,"Other Flows - Same State",49,87,930
41,033,59,000,DS,"Other Flows - Diff State",552,1077,20799
41,033,59,001,DS,"Other Flows - Northeast",21,34,905
41,033,59,003,DS,"Other Flows - Midwest",66,114,2123
41,033,59,005,DS,"Other Flows - South",121,239,5151
41,033,59,007,DS,"Other Flows - West",344,690,12621
41,033,57,009,FR,"Foreign - Other flows",16,20,293
41,035,96,000,OR,"Klamath County Tot Mig-US &",1613,3361,59834
41,035,97,000,OR,"Klamath County Tot Mig-US",1595,3325,59579
41,035,97,001,OR,"Klamath County Tot Mig-Same",565,1097,16326
41,035,97,003,OR,"Klamath County Tot Mig-Diff",1030,2228,43253
41,035,98,000,OR,"Klamath County Tot Mig-Fore",18,36,255
41,035,41,035,OR,"Klamath County Non-Migrants",20140,44711,887911
41,035,41,029,OR,"Jackson County",139,272,3974
41,035,41,017,OR,"Deschutes County",66,137,2042
41,035,41,039,OR,"Lane County",59,96,1385
41,035,06,067,CA,"Sacramento County",54,111,1541
41,035,06,093,CA,"Siskiyou County",43,106,1289
41,035,06,037,CA,"Los Angeles County",34,57,1913
41,035,41,051,OR,"Multnomah County",32,59,1040
41,035,41,047,OR,"Marion County",29,68,1000
41,035,41,033,OR,"Josephine County",25,46,821
41,035,06,023,CA,"Humboldt County",23,41,717
41,035,41,019,OR,"Douglas County",22,43,596
41,035,06,013,CA,"Contra Costa County",21,46,1143
41,035,06,085,CA,"Santa Clara County",21,36,457
41,035,41,037,OR,"Lake County",21,42,588
41,035,06,065,CA,"Riverside County",20,39,1165
41,035,06,073,CA,"San Diego County",20,52,723
41,035,04,013,AZ,"Maricopa County",18,32,711
41,035,06,059,CA,"Orange County",18,37,1526
41,035,06,089,CA,"Shasta County",18,40,368
41,035,06,097,CA,"Sonoma County",18,40,1390
41,035,41,011,OR,"Coos County",18,41,425
41,035,06,029,CA,"Kern County",17,36,439
41,035,06,049,CA,"Modoc County",17,40,684
41,035,32,003,NV,"Clark County",17,35,678
41,035,41,067,OR,"Washington County",17,36,639
41,035,06,001,CA,"Alameda County",16,34,790
41,035,06,071,CA,"San Bernardino Count",16,41,625
41,035,53,033,WA,"King County",16,26,684
41,035,32,031,NV,"Washoe County",15,30,420
41,035,53,011,WA,"Clark County",15,29,556
41,035,06,079,CA,"San Luis Obispo Coun",14,25,643
41,035,41,005,OR,"Clackamas County",14,33,350
41,035,06,077,CA,"San Joaquin County",13,36,489
41,035,06,007,CA,"Butte County",12,23,366
41,035,06,095,CA,"Solano County",12,30,510
41,035,06,111,CA,"Ventura County",12,26,513
41,035,41,003,OR,"Benton County",12,17,197
41,035,53,061,WA,"Snohomish County",12,31,577
41,035,41,043,OR,"Linn County",11,20,347
41,035,53,053,WA,"Pierce County",11,24,864
41,035,06,017,CA,"El Dorado County",10,23,597
41,035,06,053,CA,"Monterey County",10,17,494
41,035,06,061,CA,"Placer County",10,23,598
41,035,58,000,SS,"Other Flows - Same State",100,187,2922
41,035,59,000,DS,"Other Flows - Diff State",477,1062,19784
41,035,59,001,DS,"Other Flows - Northeast",20,50,1843
41,035,59,003,DS,"Other Flows - Midwest",57,135,2075
41,035,59,005,DS,"Other Flows - South",113,256,5162
41,035,59,007,DS,"Other Flows - West",287,621,10704
41,035,57,009,FR,"Foreign - Other flows",18,36,255
41,037,96,000,OR,"Lake County Tot Mig-US & Fo",275,594,9705
41,037,97,000,OR,"Lake County Tot Mig-US",275,594,9705
41,037,97,001,OR,"Lake County Tot Mig-Same St",152,328,5384
41,037,97,003,OR,"Lake County Tot Mig-Diff St",123,266,4321
41,037,98,000,OR,"Lake County Tot Mig-Foreign",d,d,d
41,037,41,037,OR,"Lake County Non-Migrants",2248,4951,87654
41,037,41,017,OR,"Deschutes County",22,49,573
41,037,41,039,OR,"Lane County",15,23,255
41,037,41,035,OR,"Klamath County",13,28,302
41,037,41,059,OR,"Umatilla County",11,32,620
41,037,41,047,OR,"Marion County",10,20,429
41,037,58,000,SS,"Other Flows - Same State",81,176,3206
41,037,59,000,DS,"Other Flows - Diff State",123,266,4321
41,039,96,000,OR,"Lane County Tot Mig-US & Fo",8056,14040,289865
41,039,97,000,OR,"Lane County Tot Mig-US",7856,13787,287561
41,039,97,001,OR,"Lane County Tot Mig-Same St",3136,5349,99380
41,039,97,003,OR,"Lane County Tot Mig-Diff St",4720,8438,188182
41,039,98,000,OR,"Lane County Tot Mig-Foreign",200,253,2304
41,039,41,039,OR,"Lane County Non-Migrants",111692,228652,5604804
41,039,41,051,OR,"Multnomah County",393,556,10600
41,039,41,019,OR,"Douglas County",381,713,13935
41,039,41,043,OR,"Linn County",269,506,9046
41,039,41,067,OR,"Washington County",252,408,8274
41,039,41,029,OR,"Jackson County",250,434,8181
41,039,06,037,CA,"Los Angeles County",227,470,9577
41,039,41,017,OR,"Deschutes County",219,411,7058
41,039,41,003,OR,"Benton County",187,292,5289
41,039,41,047,OR,"Marion County",183,325,5884
41,039,41,005,OR,"Clackamas County",180,272,6454
41,039,41,011,OR,"Coos County",179,324,5450
41,039,53,033,WA,"King County",157,216,4914
41,039,06,073,CA,"San Diego County",149,277,5944
41,039,04,013,AZ,"Maricopa County",112,183,4009
41,039,06,059,CA,"Orange County",101,195,5617
41,039,32,003,NV,"Clark County",101,167,4201
41,039,41,041,OR,"Lincoln County",98,165,2664
41,039,06,067,CA,"Sacramento County",96,179,3142
41,039,41,033,OR,"Josephine County",83,144,2242
41,039,41,035,OR,"Klamath County",81,142,2022
41,039,53,011,WA,"Clark County",77,149,2988
41,039,06,085,CA,"Santa Clara County",67,123,5797
41,039,06,001,CA,"Alameda County",66,126,3651
41,039,06,013,CA,"Contra Costa County",59,117,3043
41,039,53,053,WA,"Pierce County",59,119,1999
41,039,06,065,CA,"Riverside County",57,122,2721
41,039,41,053,OR,"Polk County",57,93,1627
41,039,41,071,OR,"Yamhill County",56,98,1344
41,039,06,071,CA,"San Bernardino Count",54,130,2137
41,039,06,023,CA,"Humboldt County",48,81,1393
41,039,06,097,CA,"Sonoma County",48,79,2269
41,039,53,063,WA,"Spokane County",48,82,1420
41,039,04,019,AZ,"Pima County",46,88,2292
41,039,57,005,FR,"Foreign - APO/FPO ZIPs",44,68,1237
41,039,41,015,OR,"Curry County",40,64,1562
41,039,02,020,AK,"Anchorage Borough",37,77,1520
41,039,06,077,CA,"San Joaquin County",37,76,1773
41,039,06,111,CA,"Ventura County",37,81,1698
41,039,16,001,ID,"Ada County",36,66,1616
41,039,06,075,CA,"San Francisco County",35,43,1247
41,039,41,059,OR,"Umatilla County",35,66,1290
41,039,32,031,NV,"Washoe County",34,63,982
41,039,53,061,WA,"Snohomish County",34,67,1155
41,039,53,067,WA,"Thurston County",34,63,1627
41,039,06,079,CA,"San Luis Obispo Coun",33,53,1552
41,039,49,035,UT,"Salt Lake County",33,63,1249
41,039,06,081,CA,"San Mateo County",31,49,1670
41,039,15,003,HI,"Honolulu County",31,64,1015
41,039,41,061,OR,"Union County",30,54,606
41,039,41,007,OR,"Clatsop County",29,35,738
41,039,06,053,CA,"Monterey County",28,42,1033
41,039,48,453,TX,"Travis County",28,46,1200
41,039,06,083,CA,"Santa Barbara County",27,46,1759
41,039,06,089,CA,"Shasta County",26,53,858
41,039,08,041,CO,"El Paso County",26,53,874
41,039,17,031,IL,"Cook County",25,30,971
41,039,06,087,CA,"Santa Cruz County",24,38,1017
41,039,06,099,CA,"Stanislaus County",24,46,810
41,039,06,029,CA,"Kern County",23,55,1391
41,039,06,061,CA,"Placer County",23,42,901
41,039,53,073,WA,"Whatcom County",23,40,576
41,039,06,095,CA,"Solano County",22,55,883
41,039,53,005,WA,"Benton County",21,39,628
41,039,06,007,CA,"Butte County",20,46,740
41,039,15,009,HI,"Maui County",20,29,513
41,039,30,063,MT,"Missoula County",20,30,574
41,039,35,001,NM,"Bernalillo County",20,29,720
41,039,53,015,WA,"Cowlitz County",20,40,573
41,039,27,053,MN,"Hennepin County",19,25,864
41,039,41,013,OR,"Crook County",18,36,500
41,039,53,035,WA,"Kitsap County",18,29,576
41,039,06,019,CA,"Fresno County",17,36,614
41,039,06,113,CA,"Yolo County",17,26,508
41,039,08,031,CO,"Denver County",17,21,450
41,039,15,001,HI,"Hawaii County",17,26,679
41,039,06,017,CA,"El Dorado County",16,31,676
41,039,06,057,CA,"Nevada County",16,24,504
41,039,16,027,ID,"Canyon County",16,45,755
41,039,22,071,LA,"Orleans Parish",16,26,336
41,039,41,009,OR,"Columbia County",16,25,2223
41,039,41,057,OR,"Tillamook County",16,43,509
41,039,48,201,TX,"Harris County",16,35,879
41,039,53,077,WA,"Yakima County",16,30,982
41,039,06,045,CA,"Mendocino County",15,34,388
41,039,25,017,MA,"Middlesex County",15,18,465
41,039,36,061,NY,"New York County",15,18,945
41,039,41,045,OR,"Malheur County",15,22,293
41,039,04,025,AZ,"Yavapai County",14,27,456
41,039,06,041,CA,"Marin County",14,29,620
41,039,06,055,CA,"Napa County",14,33,650
41,039,41,027,OR,"Hood River County",14,19,236
41,039,48,113,TX,"Dallas County",14,25,450
41,039,49,049,UT,"Utah County",14,33,2053
41,039,55,025,WI,"Dane County",14,23,493
41,039,06,047,CA,"Merced County",13,33,596
41,039,08,013,CO,"Boulder County",13,19,596
41,039,08,069,CO,"Larimer County",13,19,469
41,039,02,090,AK,"Fairbanks North Star",12,23,521
41,039,08,005,CO,"Arapahoe County",12,25,329
41,039,16,055,ID,"Kootenai County",12,20,352
41,039,24,031,MD,"Montgomery County",12,16,386
41,039,04,005,AZ,"Coconino County",11,17,300
41,039,16,019,ID,"Bonneville County",11,20,406
41,039,30,111,MT,"Yellowstone County",11,13,246
41,039,39,049,OH,"Franklin County",11,16,531
41,039,48,439,TX,"Tarrant County",11,18,569
41,039,02,122,AK,"Kenai Peninsula Boro",10,18,171
41,039,04,021,AZ,"Pinal County",10,20,393
41,039,06,039,CA,"Madera County",10,24,503
41,039,12,103,FL,"Pinellas County",10,23,150
41,039,13,089,GA,"De Kalb County",10,21,868
41,039,13,121,GA,"Fulton County",10,11,375
41,039,17,043,IL,"Du Page County",10,17,309
41,039,30,031,MT,"Gallatin County",10,13,233
41,039,30,049,MT,"Lewis And Clark Coun",10,15,317
41,039,41,031,OR,"Jefferson County",10,17,267
41,039,41,065,OR,"Wasco County",10,27,273
41,039,53,041,WA,"Lewis County",10,16,198
41,039,58,000,SS,"Other Flows - Same State",35,58,814
41,039,59,000,DS,"Other Flows - Diff State",1744,3000,64783
41,039,59,001,DS,"Other Flows - Northeast",237,367,10071
41,039,59,003,DS,"Other Flows - Midwest",471,750,19126
41,039,59,005,DS,"Other Flows - South",560,977,19990
41,039,59,007,DS,"Other Flows - West",476,906,15596
41,039,57,009,FR,"Foreign - Other flows",156,185,1067
41,041,96,000,OR,"Lincoln County Tot Mig-US &",1539,2726,64515
41,041,97,000,OR,"Lincoln County Tot Mig-US",1539,2726,64515
41,041,97,001,OR,"Lincoln County Tot Mig-Same",691,1236,26379
41,041,97,003,OR,"Lincoln County Tot Mig-Diff",848,1490,38136
41,041,98,000,OR,"Lincoln County Tot Mig-Fore",d,d,d
41,041,41,041,OR,"Lincoln County Non-Migrants",14427,28354,654218
41,041,41,051,OR,"Multnomah County",91,145,3928
41,041,41,047,OR,"Marion County",79,127,2592
41,041,41,039,OR,"Lane County",73,132,2761
41,041,41,005,OR,"Clackamas County",63,127,2995
41,041,41,067,OR,"Washington County",62,108,2899
41,041,41,043,OR,"Linn County",38,63,916
41,041,06,037,CA,"Los Angeles County",37,58,1521
41,041,41,003,OR,"Benton County",36,61,1661
41,041,41,017,OR,"Deschutes County",30,58,850
41,041,53,033,WA,"King County",29,47,1625
41,041,32,003,NV,"Clark County",28,47,878
41,041,41,053,OR,"Polk County",28,60,1252
41,041,41,071,OR,"Yamhill County",27,50,946
41,041,06,073,CA,"San Diego County",25,42,1459
41,041,53,011,WA,"Clark County",25,49,1072
41,041,41,057,OR,"Tillamook County",22,40,681
41,041,16,001,ID,"Ada County",20,31,874
41,041,06,065,CA,"Riverside County",19,31,679
41,041,41,011,OR,"Coos County",19,37,498
41,041,41,019,OR,"Douglas County",18,34,628
41,041,04,013,AZ,"Maricopa County",17,30,506
41,041,41,029,OR,"Jackson County",17,34,561
41,041,06,067,CA,"Sacramento County",15,24,399
41,041,06,071,CA,"San Bernardino Count",15,27,813
41,041,41,007,OR,"Clatsop County",15,27,437
41,041,41,015,OR,"Curry County",13,20,337
41,041,32,031,NV,"Washoe County",12,25,968
41,041,06,059,CA,"Orange County",11,20,800
41,041,41,033,OR,"Josephine County",11,24,578
41,041,53,061,WA,"Snohomish County",11,13,256
41,041,53,063,WA,"Spokane County",11,25,265
41,041,16,027,ID,"Canyon County",10,17,232
41,041,58,000,SS,"Other Flows - Same State",49,89,1858
41,041,59,000,DS,"Other Flows - Diff State",563,1004,25789
41,041,59,001,DS,"Other Flows - Northeast",31,47,1801
41,041,59,003,DS,"Other Flows - Midwest",74,119,6465
41,041,59,005,DS,"Other Flows - South",90,162,3666
41,041,59,007,DS,"Other Flows - West",368,676,13857
41,043,96,000,OR,"Linn County Tot Mig-US & Fo",3273,6662,115330
41,043,97,000,OR,"Linn County Tot Mig-US",3250,6618,114196
41,043,97,001,OR,"Linn County Tot Mig-Same St",2170,4349,75589
41,043,97,003,OR,"Linn County Tot Mig-Diff St",1080,2269,38607
41,043,98,000,OR,"Linn County Tot Mig-Foreign",23,44,1134
41,043,41,043,OR,"Linn County Non-Migrants",34227,77262,1588642
41,043,41,003,OR,"Benton County",564,1021,20358
41,043,41,047,OR,"Marion County",436,972,15658
41,043,41,039,OR,"Lane County",403,856,14537
41,043,41,051,OR,"Multnomah County",84,164,3378
41,043,41,017,OR,"Deschutes County",74,152,2079
41,043,41,041,OR,"Lincoln County",68,124,2752
41,043,41,053,OR,"Polk County",68,127,2272
41,043,41,067,OR,"Washington County",68,151,2761
41,043,41,005,OR,"Clackamas County",65,119,2194
41,043,41,019,OR,"Douglas County",48,94,1441
41,043,41,029,OR,"Jackson County",47,85,1278
41,043,06,037,CA,"Los Angeles County",43,92,1986
41,043,06,073,CA,"San Diego County",43,88,1377
41,043,41,011,OR,"Coos County",39,69,909
41,043,41,035,OR,"Klamath County",31,63,613
41,043,04,013,AZ,"Maricopa County",30,56,1103
41,043,41,071,OR,"Yamhill County",30,72,949
41,043,53,033,WA,"King County",29,50,1034
41,043,53,011,WA,"Clark County",25,50,1079
41,043,06,067,CA,"Sacramento County",24,45,766
41,043,32,003,NV,"Clark County",23,34,597
41,043,06,059,CA,"Orange County",22,46,790
41,043,41,059,OR,"Umatilla County",22,43,584
41,043,53,061,WA,"Snohomish County",21,42,816
41,043,06,065,CA,"Riverside County",19,44,722
41,043,53,053,WA,"Pierce County",19,47,463
41,043,16,001,ID,"Ada County",18,44,617
41,043,41,033,OR,"Josephine County",18,30,611
41,043,41,013,OR,"Crook County",17,40,436
41,043,06,071,CA,"San Bernardino Count",15,31,713
41,043,06,029,CA,"Kern County",14,33,857
41,043,04,019,AZ,"Pima County",13,28,425
41,043,06,001,CA,"Alameda County",13,24,747
41,043,06,085,CA,"Santa Clara County",13,26,956
41,043,06,111,CA,"Ventura County",13,34,382
41,043,41,057,OR,"Tillamook County",13,24,584
41,043,53,063,WA,"Spokane County",13,29,452
41,043,02,020,AK,"Anchorage Borough",12,24,452
41,043,06,019,CA,"Fresno County",12,24,411
41,043,06,099,CA,"Stanislaus County",12,28,533
41,043,32,031,NV,"Washoe County",11,28,333
41,043,06,097,CA,"Sonoma County",10,18,418
41,043,53,035,WA,"Kitsap County",10,16,271
41,043,58,000,SS,"Other Flows - Same State",75,143,2195
41,043,59,000,DS,"Other Flows - Diff State",603,1288,20307
41,043,59,001,DS,"Other Flows - Northeast",28,50,1059
41,043,59,003,DS,"Other Flows - Midwest",88,177,2834
41,043,59,005,DS,"Other Flows - South",124,277,4251
41,043,59,007,DS,"Other Flows - West",363,784,12163
41,043,57,009,FR,"Foreign - Other flows",23,44,1134
41,045,96,000,OR,"Malheur County Tot Mig-US &",638,1378,18835
41,045,97,000,OR,"Malheur County Tot Mig-US",638,1378,18835
41,045,97,001,OR,"Malheur County Tot Mig-Same",138,279,4351
41,045,97,003,OR,"Malheur County Tot Mig-Diff",500,1099,14484
41,045,98,000,OR,"Malheur County Tot Mig-Fore",d,d,d
41,045,41,045,OR,"Malheur County Non-Migrants",7767,19163,285551
41,045,16,075,ID,"Payette County",113,247,3117
41,045,16,001,ID,"Ada County",61,117,2256
41,045,16,027,ID,"Canyon County",61,148,1524
41,045,16,087,ID,"Washington County",20,45,460
41,045,41,059,OR,"Umatilla County",14,35,509
41,045,41,039,OR,"Lane County",13,25,296
41,045,41,001,OR,"Baker County",12,29,367
41,045,41,051,OR,"Multnomah County",11,18,106
41,045,16,073,ID,"Owyhee County",10,24,203
41,045,41,017,OR,"Deschutes County",10,18,203
41,045,58,000,SS,"Other Flows - Same State",78,154,2871
41,045,59,000,DS,"Other Flows - Diff State",235,518,6924
41,047,96,000,OR,"Marion County Tot Mig-US &",7335,14610,280400
41,047,97,000,OR,"Marion County Tot Mig-US",7252,14494,279092
41,047,97,001,OR,"Marion County Tot Mig-Same",4377,8500,159047
41,047,97,003,OR,"Marion County Tot Mig-Diff",2875,5994,120045
41,047,98,000,OR,"Marion County Tot Mig-Forei",83,116,1308
41,047,41,047,OR,"Marion County Non-Migrants",91795,212320,4520137
41,047,41,053,OR,"Polk County",956,1854,33051
41,047,41,005,OR,"Clackamas County",710,1500,31541
41,047,41,067,OR,"Washington County",485,938,20160
41,047,41,043,OR,"Linn County",430,877,14627
41,047,41,051,OR,"Multnomah County",412,723,14822
41,047,41,039,OR,"Lane County",250,434,8546
41,047,41,071,OR,"Yamhill County",222,463,7315
41,047,41,003,OR,"Benton County",174,287,5591
41,047,06,037,CA,"Los Angeles County",173,458,6498
41,047,41,017,OR,"Deschutes County",137,256,4371
41,047,53,011,WA,"Clark County",106,225,5126
41,047,06,073,CA,"San Diego County",102,204,3905
41,047,04,013,AZ,"Maricopa County",92,192,3508
41,047,41,041,OR,"Lincoln County",89,182,2957
41,047,41,029,OR,"Jackson County",80,145,2332
41,047,06,059,CA,"Orange County",74,185,3109
41,047,53,033,WA,"King County",72,101,2296
41,047,41,019,OR,"Douglas County",65,112,1774
41,047,53,053,WA,"Pierce County",61,123,2741
41,047,32,003,NV,"Clark County",59,136,2356
41,047,06,067,CA,"Sacramento County",51,97,15020
41,047,06,065,CA,"Riverside County",50,114,1908
41,047,06,085,CA,"Santa Clara County",49,100,3960
41,047,41,059,OR,"Umatilla County",45,115,1574
41,047,41,011,OR,"Coos County",43,94,1252
41,047,06,071,CA,"San Bernardino Count",41,99,1216
41,047,53,061,WA,"Snohomish County",40,76,1948
41,047,06,013,CA,"Contra Costa County",38,81,1654
41,047,57,005,FR,"Foreign - APO/FPO ZIPs",35,60,979
41,047,06,097,CA,"Sonoma County",34,66,1252
41,047,41,035,OR,"Klamath County",33,68,1009
41,047,41,057,OR,"Tillamook County",33,57,1034
41,047,06,001,CA,"Alameda County",32,71,1265
41,047,53,067,WA,"Thurston County",32,64,942
41,047,41,031,OR,"Jefferson County",31,67,1130
41,047,15,003,HI,"Honolulu County",30,67,1004
41,047,53,063,WA,"Spokane County",28,50,1110
41,047,32,031,NV,"Washoe County",27,48,714
41,047,41,007,OR,"Clatsop County",26,51,941
41,047,16,001,ID,"Ada County",24,50,792
41,047,41,009,OR,"Columbia County",23,36,841
41,047,41,033,OR,"Josephine County",23,47,722
41,047,49,035,UT,"Salt Lake County",23,55,889
41,047,06,077,CA,"San Joaquin County",22,52,747
41,047,06,019,CA,"Fresno County",21,64,569
41,047,02,020,AK,"Anchorage Borough",20,30,1016
41,047,06,099,CA,"Stanislaus County",20,55,759
41,047,04,019,AZ,"Pima County",18,36,1082
41,047,06,089,CA,"Shasta County",18,33,434
41,047,06,029,CA,"Kern County",17,44,598
41,047,06,095,CA,"Solano County",16,42,712
41,047,06,111,CA,"Ventura County",16,36,915
41,047,41,065,OR,"Wasco County",16,26,552
41,047,53,005,WA,"Benton County",16,28,665
41,047,53,035,WA,"Kitsap County",16,32,419
41,047,06,053,CA,"Monterey County",15,39,630
41,047,53,077,WA,"Yakima County",15,32,426
41,047,06,017,CA,"El Dorado County",14,32,605
41,047,41,015,OR,"Curry County",14,20,395
41,047,04,015,AZ,"Mohave County",13,32,446
41,047,06,079,CA,"San Luis Obispo Coun",13,22,309
41,047,06,083,CA,"Santa Barbara County",13,36,420
41,047,16,027,ID,"Canyon County",13,36,322
41,047,41,013,OR,"Crook County",13,24,316
41,047,48,201,TX,"Harris County",13,35,458
41,047,49,049,UT,"Utah County",13,23,166
41,047,06,075,CA,"San Francisco County",12,22,543
41,047,06,107,CA,"Tulare County",12,30,338
41,047,15,009,HI,"Maui County",12,27,468
41,047,30,063,MT,"Missoula County",12,17,239
41,047,41,027,OR,"Hood River County",12,21,392
41,047,48,029,TX,"Bexar County",12,17,281
41,047,53,015,WA,"Cowlitz County",12,28,297
41,047,08,041,CO,"El Paso County",11,24,259
41,047,35,001,NM,"Bernalillo County",11,13,145
41,047,06,007,CA,"Butte County",10,14,226
41,047,06,039,CA,"Madera County",10,32,118
41,047,06,061,CA,"Placer County",10,17,445
41,047,06,081,CA,"San Mateo County",10,20,738
41,047,06,113,CA,"Yolo County",10,22,487
41,047,15,001,HI,"Hawaii County",10,20,402
41,047,41,045,OR,"Malheur County",10,20,398
41,047,58,000,SS,"Other Flows - Same State",45,83,1404
41,047,59,000,DS,"Other Flows - Diff State",1161,2290,40148
41,047,59,001,DS,"Other Flows - Northeast",94,169,3486
41,047,59,003,DS,"Other Flows - Midwest",251,490,8389
41,047,59,005,DS,"Other Flows - South",344,699,11901
41,047,59,007,DS,"Other Flows - West",472,932,16372
41,047,57,009,FR,"Foreign - Other flows",48,56,329
41,049,96,000,OR,"Morrow County Tot Mig-US &",294,713,8444
41,049,97,000,OR,"Morrow County Tot Mig-US",294,713,8444
41,049,97,001,OR,"Morrow County Tot Mig-Same",199,462,5638
41,049,97,003,OR,"Morrow County Tot Mig-Diff",95,251,2806
41,049,98,000,OR,"Morrow County Tot Mig-Forei",d,d,d
41,049,41,049,OR,"Morrow County Non-Migrants",3119,8297,125476
41,049,41,059,OR,"Umatilla County",126,318,3643
41,049,53,005,WA,"Benton County",10,32,349
41,049,58,000,SS,"Other Flows - Same State",73,144,1994
41,049,59,000,DS,"Other Flows - Diff State",85,219,2457
41,051,96,000,OR,"Multnomah Count Tot Mig-US",24804,37742,969254
41,051,97,000,OR,"Multnomah Count Tot Mig-US",24381,37173,958752
41,051,97,001,OR,"Multnomah Count Tot Mig-Sam",10845,16948,420553
41,051,97,003,OR,"Multnomah Count Tot Mig-Dif",13536,20225,538199
41,051,98,000,OR,"Multnomah Count Tot Mig-For",423,569,10502
41,051,41,051,OR,"Multnomah Count Non-Migrant",230100,450480,12741360
41,051,41,067,OR,"Washington County",3757,5867,173871
41,051,41,005,OR,"Clackamas County",3715,6292,147606
41,051,53,011,WA,"Clark County",1369,2255,50397
41,051,41,039,OR,"Lane County",742,953,18944
41,051,53,033,WA,"King County",632,860,26431
41,051,06,037,CA,"Los Angeles County",573,965,25330
41,051,41,047,OR,"Marion County",467,713,14441
41,051,06,073,CA,"San Diego County",317,481,13333
41,051,41,003,OR,"Benton County",266,314,7229
41,051,06,075,CA,"San Francisco County",263,387,18444
41,051,06,001,CA,"Alameda County",254,397,14910
41,051,41,017,OR,"Deschutes County",254,378,8495
41,051,41,029,OR,"Jackson County",249,323,6588
41,051,04,013,AZ,"Maricopa County",230,379,9408
41,051,06,059,CA,"Orange County",183,269,8376
41,051,17,031,IL,"Cook County",172,238,9118
41,051,06,085,CA,"Santa Clara County",169,295,21506
41,051,41,009,OR,"Columbia County",167,252,6412
41,051,53,053,WA,"Pierce County",166,248,4559
41,051,41,071,OR,"Yamhill County",160,238,5216
41,051,06,067,CA,"Sacramento County",136,225,5113
41,051,32,003,NV,"Clark County",127,182,4053
41,051,53,063,WA,"Spokane County",122,164,3464
41,051,49,035,UT,"Salt Lake County",117,165,4316
41,051,15,003,HI,"Honolulu County",113,165,3156
41,051,36,061,NY,"New York County",111,155,7436
41,051,53,067,WA,"Thurston County",109,138,2957
41,051,16,001,ID,"Ada County",108,161,3305
41,051,53,061,WA,"Snohomish County",100,164,3160
41,051,27,053,MN,"Hennepin County",98,113,3742
41,051,41,007,OR,"Clatsop County",96,140,2912
41,051,04,019,AZ,"Pima County",95,140,3062
41,051,41,043,OR,"Linn County",95,128,3393
41,051,41,027,OR,"Hood River County",94,150,2975
41,051,08,031,CO,"Denver County",93,118,3564
41,051,36,047,NY,"Kings County",92,115,2977
41,051,53,015,WA,"Cowlitz County",89,134,3620
41,051,22,071,LA,"Orleans Parish",88,124,2188
41,051,06,097,CA,"Sonoma County",86,131,4214
41,051,41,053,OR,"Polk County",86,116,2598
41,051,06,013,CA,"Contra Costa County",82,124,8908
41,051,41,041,OR,"Lincoln County",82,124,2378
41,051,41,059,OR,"Umatilla County",81,122,1813
41,051,06,071,CA,"San Bernardino Count",79,147,2865
41,051,06,081,CA,"San Mateo County",79,132,5949
41,051,41,019,OR,"Douglas County",79,113,1923
41,051,06,087,CA,"Santa Cruz County",77,106,3114
41,051,48,201,TX,"Harris County",74,127,3958
41,051,02,020,AK,"Anchorage Borough",73,113,2215
41,051,06,065,CA,"Riverside County",72,139,2536
41,051,25,017,MA,"Middlesex County",72,87,2931
41,051,57,005,FR,"Foreign - APO/FPO ZIPs",71,123,2263
41,051,06,023,CA,"Humboldt County",70,95,2274
41,051,06,111,CA,"Ventura County",69,113,2630
41,051,08,013,CO,"Boulder County",69,88,1957
41,051,41,057,OR,"Tillamook County",68,105,3124
41,051,41,065,OR,"Wasco County",68,112,1981
41,051,41,011,OR,"Coos County",67,104,1829
41,051,39,049,OH,"Franklin County",64,85,2448
41,051,48,453,TX,"Travis County",64,93,2694
41,051,06,083,CA,"Santa Barbara County",63,98,3506
41,051,11,001,DC,"District Of Columbia",63,79,2427
41,051,30,063,MT,"Missoula County",63,73,1181
41,051,06,041,CA,"Marin County",59,96,5846
41,051,48,113,TX,"Dallas County",59,83,4535
41,051,32,031,NV,"Washoe County",58,89,1803
41,051,53,073,WA,"Whatcom County",57,74,1203
41,051,25,025,MA,"Suffolk County",55,73,2090
41,051,55,025,WI,"Dane County",55,74,1864
41,051,41,033,OR,"Josephine County",54,82,1578
41,051,53,035,WA,"Kitsap County",52,80,1784
41,051,06,053,CA,"Monterey County",50,81,2558
41,051,35,001,NM,"Bernalillo County",50,66,1155
41,051,53,005,WA,"Benton County",49,75,1282
41,051,26,125,MI,"Oakland County",46,61,2007
41,051,51,059,VA,"Fairfax County",43,83,3358
41,051,06,019,CA,"Fresno County",42,79,1255
41,051,30,031,MT,"Gallatin County",42,50,949
41,051,39,061,OH,"Hamilton County",42,49,1116
41,051,42,101,PA,"Philadelphia County",41,49,1518
41,051,08,041,CO,"El Paso County",40,63,1412
41,051,41,035,OR,"Klamath County",40,64,1000
41,051,48,029,TX,"Bexar County",40,61,1167
41,051,55,079,WI,"Milwaukee County",40,45,1706
41,051,27,123,MN,"Ramsey County",38,46,1228
41,051,39,035,OH,"Cuyahoga County",37,49,3979
41,051,53,071,WA,"Walla Walla County",37,50,1041
41,051,12,095,FL,"Orange County",36,59,1315
41,051,06,079,CA,"San Luis Obispo Coun",35,57,1435
41,051,41,061,OR,"Union County",35,49,851
41,051,24,031,MD,"Montgomery County",34,49,1675
41,051,36,081,NY,"Queens County",34,52,871
41,051,53,077,WA,"Yakima County",34,60,883
41,051,15,001,HI,"Hawaii County",33,53,957
41,051,17,043,IL,"Du Page County",33,42,1116
41,051,08,069,CO,"Larimer County",32,49,1087
41,051,16,055,ID,"Kootenai County",32,44,750
41,051,02,090,AK,"Fairbanks North Star",31,42,722
41,051,06,007,CA,"Butte County",31,41,873
41,051,06,029,CA,"Kern County",31,62,755
41,051,06,077,CA,"San Joaquin County",31,60,718
41,051,18,097,IN,"Marion County",31,41,1662
41,051,50,007,VT,"Chittenden County",31,37,790
41,051,29,189,MO,"St Louis County",30,47,2348
41,051,53,039,WA,"Klickitat County",30,38,1004
41,051,06,061,CA,"Placer County",29,50,1446
41,051,06,089,CA,"Shasta County",29,36,630
41,051,02,110,AK,"Juneau Borough",28,43,894
41,051,04,025,AZ,"Yavapai County",28,40,851
41,051,12,086,FL,"Miami Dade County",28,37,1007
41,051,25,021,MA,"Norfolk County",28,46,1102
41,051,26,161,MI,"Washtenaw County",28,35,1113
41,051,41,031,OR,"Jefferson County",28,46,681
41,051,48,439,TX,"Tarrant County",28,35,1014
41,051,51,013,VA,"Arlington County",28,46,1712
41,051,06,095,CA,"Solano County",27,46,1506
41,051,12,011,FL,"Broward County",27,50,1224
41,051,23,005,ME,"Cumberland County",27,39,575
41,051,04,005,AZ,"Coconino County",26,45,633
41,051,08,059,CO,"Jefferson County",26,34,784
41,051,13,121,GA,"Fulton County",26,32,1043
41,051,42,003,PA,"Allegheny County",26,34,1358
41,051,53,041,WA,"Lewis County",26,38,424
41,051,24,510,MD,Baltimore,25,39,1500
41,051,47,037,TN,"Davidson County",25,35,770
41,051,15,009,HI,"Maui County",24,30,546
41,051,20,091,KS,"Johnson County",24,35,761
41,051,25,009,MA,"Essex County",24,34,607
41,051,26,081,MI,"Kent County",24,35,623
41,051,30,029,MT,"Flathead County",24,36,378
41,051,06,045,CA,"Mendocino County",23,26,957
41,051,26,163,MI,"Wayne County",23,42,677
41,051,29,095,MO,"Jackson County",23,33,2290
41,051,30,111,MT,"Yellowstone County",23,39,868
41,051,40,109,OK,"Oklahoma County",23,35,883
41,051,02,170,AK,"Matanuska Susitna Bo",22,28,409
41,051,37,183,NC,"Wake County",22,30,1278
41,051,12,103,FL,"Pinellas County",21,33,708
41,051,37,021,NC,"Buncombe County",21,30,467
41,051,53,027,WA,"Grays Harbor County",21,41,563
41,051,53,075,WA,"Whitman County",21,24,451
41,051,09,001,CT,"Fairfield County",20,25,1108
41,051,12,057,FL,"Hillsborough County",20,32,570
41,051,35,049,NM,"Santa Fe County",20,24,616
41,051,53,009,WA,"Clallam County",20,22,621
41,051,06,017,CA,"El Dorado County",19,39,697
41,051,08,005,CO,"Arapahoe County",19,28,786
41,051,19,103,IA,"Johnson County",19,27,873
41,051,36,055,NY,"Monroe County",19,24,734
41,051,36,103,NY,"Suffolk County",19,28,735
41,051,41,001,OR,"Baker County",19,33,707
41,051,06,099,CA,"Stanislaus County",18,40,500
41,051,06,113,CA,"Yolo County",18,32,874
41,051,12,099,FL,"Palm Beach County",18,22,614
41,051,13,067,GA,"Cobb County",18,28,592
41,051,16,057,ID,"Latah County",18,25,430
41,051,31,055,NE,"Douglas County",18,20,711
41,051,35,055,NM,"Taos County",18,24,690
41,051,36,029,NY,"Erie County",18,26,659
41,051,42,091,PA,"Montgomery County",18,23,672
41,051,47,093,TN,"Knox County",18,25,340
41,051,06,107,CA,"Tulare County",17,46,624
41,051,09,009,CT,"New Haven County",17,20,873
41,051,18,141,IN,"St Joseph County",17,25,370
41,051,29,510,MO,"St Louis",17,17,669
41,051,34,017,NJ,"Hudson County",17,19,1073
41,051,41,013,OR,"Crook County",17,27,375
41,051,47,157,TN,"Shelby County",17,23,816
41,051,49,049,UT,"Utah County",17,38,347
41,051,12,115,FL,"Sarasota County",16,17,447
41,051,13,089,GA,"De Kalb County",16,20,666
41,051,25,015,MA,"Hampshire County",16,22,284
41,051,26,077,MI,"Kalamazoo County",16,19,312
41,051,27,003,MN,"Anoka County",16,21,432
41,051,27,109,MN,"Olmsted County",16,20,506
41,051,30,049,MT,"Lewis And Clark Coun",16,17,318
41,051,31,109,NE,"Lancaster County",16,23,425
41,051,33,015,NH,"Rockingham County",16,22,656
41,051,34,023,NJ,"Middlesex County",16,28,742
41,051,36,001,NY,"Albany County",16,21,309
41,051,42,029,PA,"Chester County",16,25,676
41,051,42,071,PA,"Lancaster County",16,30,520
41,051,44,007,RI,"Providence County",16,18,782
41,051,48,085,TX,"Collin County",16,41,809
41,051,53,029,WA,"Island County",16,22,391
41,051,06,055,CA,"Napa County",15,30,820
41,051,12,031,FL,"Duval County",15,25,511
41,051,16,027,ID,"Canyon County",15,28,368
41,051,24,005,MD,"Baltimore County",15,17,524
41,051,34,003,NJ,"Bergen County",15,23,682
41,051,34,027,NJ,"Morris County",15,21,2452
41,051,36,119,NY,"Westchester County",15,26,1737
41,051,37,119,NC,"Mecklenburg County",15,24,978
41,051,41,015,OR,"Curry County",15,28,521
41,051,48,121,TX,"Denton County",15,21,369
41,051,49,011,UT,"Davis County",15,25,387
41,051,06,057,CA,"Nevada County",14,16,261
41,051,16,083,ID,"Twin Falls County",14,21,301
41,051,20,173,KS,"Sedgwick County",14,19,596
41,051,26,065,MI,"Ingham County",14,19,417
41,051,26,099,MI,"Macomb County",14,16,567
41,051,27,137,MN,"St Louis County",14,16,205
41,051,36,059,NY,"Nassau County",14,22,484
41,051,45,019,SC,"Charleston County",14,19,631
41,051,51,760,VA,Richmond,14,22,571
41,051,53,059,WA,"Skamania County",14,18,384
41,051,04,015,AZ,"Mohave County",13,24,310
41,051,09,003,CT,"Hartford County",13,17,354
41,051,21,111,KY,"Jefferson County",13,25,1020
41,051,22,051,LA,"Jefferson Parish",13,26,416
41,051,27,037,MN,"Dakota County",13,17,430
41,051,30,013,MT,"Cascade County",13,16,258
41,051,34,025,NJ,"Monmouth County",13,18,490
41,051,36,067,NY,"Onondaga County",13,15,334
41,051,37,063,NC,"Durham County",13,19,551
41,051,37,129,NC,"New Hanover County",13,17,347
41,051,39,113,OH,"Montgomery County",13,19,417
41,051,40,143,OK,"Tulsa County",13,20,463
41,051,42,045,PA,"Delaware County",13,18,499
41,051,51,510,VA,Alexandria,13,19,935
41,051,02,122,AK,"Kenai Peninsula Boro",12,16,323
41,051,06,047,CA,"Merced County",12,22,516
41,051,12,033,FL,"Escambia County",12,13,289
41,051,16,019,ID,"Bonneville County",12,19,461
41,051,17,019,IL,"Champaign County",12,13,381
41,051,17,097,IL,"Lake County",12,18,586
41,051,25,027,MA,"Worcester County",12,19,450
41,051,34,021,NJ,"Mercer County",12,13,430
41,051,36,109,NY,"Tompkins County",12,13,431
41,051,37,051,NC,"Cumberland County",12,18,249
41,051,39,095,OH,"Lucas County",12,15,382
41,051,51,810,VA,"Virginia Beach",12,26,426
41,051,53,021,WA,"Franklin County",12,23,258
41,051,53,025,WA,"Grant County",12,18,389
41,051,53,049,WA,"Pacific County",12,13,223
41,051,53,057,WA,"Skagit County",12,13,303
41,051,12,001,FL,"Alachua County",11,15,251
41,051,25,013,MA,"Hampden County",11,12,302
41,051,37,081,NC,"Guilford County",11,15,255
41,051,39,153,OH,"Summit County",11,14,478
41,051,45,079,SC,"Richland County",11,13,285
41,051,46,099,SD,"Minnehaha County",11,23,197
41,051,46,103,SD,"Pennington County",11,20,323
41,051,49,057,UT,"Weber County",11,21,182
41,051,53,007,WA,"Chelan County",11,20,448
41,051,55,133,WI,"Waukesha County",11,16,529
41,051,08,067,CO,"La Plata County",10,11,159
41,051,16,069,ID,"Nez Perce County",10,12,212
41,051,18,105,IN,"Monroe County",10,13,241
41,051,18,157,IN,"Tippecanoe County",10,10,147
41,051,23,009,ME,"Hancock County",10,10,1027
41,051,24,033,MD,"Prince George's Coun",10,14,291
41,051,29,077,MO,"Greene County",10,11,116
41,051,34,035,NJ,"Somerset County",10,16,928
41,051,37,135,NC,"Orange County",10,12,276
41,051,38,035,ND,"Grand Forks County",10,16,227
41,051,41,045,OR,"Malheur County",10,14,201
41,051,48,141,TX,"El Paso County",10,16,446
41,051,48,339,TX,"Montgomery County",10,18,530
41,051,53,003,WA,"Asotin County",10,14,308
41,051,53,031,WA,"Jefferson County",10,11,295
41,051,58,000,SS,"Other Flows - Same State",34,61,910
41,051,59,000,DS,"Other Flows - Diff State",2288,3367,68113
41,051,59,001,DS,"Other Flows - Northeast",367,500,12096
41,051,59,003,DS,"Other Flows - Midwest",623,866,16620
41,051,59,005,DS,"Other Flows - South",780,1198,24875
41,051,59,007,DS,"Other Flows - West",518,803,14522
41,051,57,009,FR,"Foreign - Other flows",352,446,8239
41,053,96,000,OR,"Polk County Tot Mig-US & Fo",2809,5930,115335
41,053,97,000,OR,"Polk County Tot Mig-US",2794,5896,115101
41,053,97,001,OR,"Polk County Tot Mig-Same St",1951,4005,74825
41,053,97,003,OR,"Polk County Tot Mig-Diff St",843,1891,40276
41,053,98,000,OR,"Polk County Tot Mig-Foreign",15,34,234
41,053,41,053,OR,"Polk County Non-Migrants",20341,47306,1114099
41,053,41,047,OR,"Marion County",1065,2347,42624
41,053,41,071,OR,"Yamhill County",143,282,4427
41,053,41,067,OR,"Washington County",101,194,4910
41,053,41,003,OR,"Benton County",96,169,3261
41,053,41,043,OR,"Linn County",79,168,2447
41,053,41,051,OR,"Multnomah County",78,127,2968
41,053,41,039,OR,"Lane County",72,124,2154
41,053,41,005,OR,"Clackamas County",58,102,2829
41,053,41,041,OR,"Lincoln County",58,110,2235
41,053,06,037,CA,"Los Angeles County",53,129,2135
41,053,41,017,OR,"Deschutes County",31,63,1191
41,053,04,013,AZ,"Maricopa County",28,66,1516
41,053,06,073,CA,"San Diego County",25,65,1483
41,053,41,029,OR,"Jackson County",25,49,909
41,053,53,011,WA,"Clark County",25,58,1274
41,053,06,059,CA,"Orange County",23,63,894
41,053,06,065,CA,"Riverside County",23,57,797
41,053,41,019,OR,"Douglas County",21,34,691
41,053,41,011,OR,"Coos County",20,34,691
41,053,41,035,OR,"Klamath County",20,34,530
41,053,53,033,WA,"King County",20,40,1060
41,053,06,071,CA,"San Bernardino Count",17,42,738
41,053,06,067,CA,"Sacramento County",14,37,904
41,053,06,111,CA,"Ventura County",14,27,461
41,053,53,053,WA,"Pierce County",14,33,997
41,053,32,003,NV,"Clark County",13,31,615
41,053,06,001,CA,"Alameda County",12,23,1005
41,053,41,033,OR,"Josephine County",12,32,622
41,053,41,057,OR,"Tillamook County",11,25,395
41,053,41,065,OR,"Wasco County",11,13,436
41,053,53,061,WA,"Snohomish County",11,24,395
41,053,06,099,CA,"Stanislaus County",10,27,649
41,053,41,007,OR,"Clatsop County",10,21,261
41,053,58,000,SS,"Other Flows - Same State",40,77,1244
41,053,59,000,DS,"Other Flows - Diff State",541,1169,25351
41,053,59,001,DS,"Other Flows - Northeast",26,62,1568
41,053,59,003,DS,"Other Flows - Midwest",70,135,3138
41,053,59,005,DS,"Other Flows - South",103,219,5456
41,053,59,007,DS,"Other Flows - West",342,753,15188
41,053,57,009,FR,"Foreign - Other flows",15,34,234
41,055,96,000,OR,"Sherman County Tot Mig-US &",54,97,1444
41,055,97,000,OR,"Sherman County Tot Mig-US",54,97,1444
41,055,97,001,OR,"Sherman County Tot Mig-Same",32,59,851
41,055,97,003,OR,"Sherman County Tot Mig-Diff",22,38,592
41,055,98,000,OR,"Sherman County Tot Mig-Fore",d,d,d
41,055,41,055,OR,"Sherman County Non-Migrants",552,1208,23834
41,055,58,000,SS,"Other Flows - Same State",32,59,851
41,055,59,000,DS,"Other Flows - Diff State",22,38,592
41,057,96,000,OR,"Tillamook Count Tot Mig-US",786,1466,42904
41,057,97,000,OR,"Tillamook Count Tot Mig-US",786,1466,42904
41,057,97,001,OR,"Tillamook Count Tot Mig-Sam",431,777,23918
41,057,97,003,OR,"Tillamook Count Tot Mig-Dif",355,689,18986
41,057,98,000,OR,"Tillamook Count Tot Mig-For",d,d,d
41,057,41,057,OR,"Tillamook Count Non-Migrant",8145,17150,359925
41,057,41,067,OR,"Washington County",77,145,5677
41,057,41,051,OR,"Multnomah County",75,113,6011
41,057,41,005,OR,"Clackamas County",49,85,2186
41,057,41,007,OR,"Clatsop County",30,46,901
41,057,41,047,OR,"Marion County",29,54,1201
41,057,41,071,OR,"Yamhill County",26,47,862
41,057,41,041,OR,"Lincoln County",24,42,898
41,057,41,039,OR,"Lane County",18,35,540
41,057,53,011,WA,"Clark County",16,27,1312
41,057,41,053,OR,"Polk County",14,30,626
41,057,41,017,OR,"Deschutes County",11,28,324
41,057,06,073,CA,"San Diego County",10,16,434
41,057,41,043,OR,"Linn County",10,22,275
41,057,53,033,WA,"King County",10,13,393
41,057,58,000,SS,"Other Flows - Same State",68,130,4418
41,057,59,000,DS,"Other Flows - Diff State",319,633,16848
41,057,59,001,DS,"Other Flows - Northeast",23,30,653
41,057,59,003,DS,"Other Flows - Midwest",27,57,1051
41,057,59,005,DS,"Other Flows - South",32,60,1134
41,057,59,007,DS,"Other Flows - West",237,486,14011
41,059,96,000,OR,"Umatilla County Tot Mig-US",1498,3237,48381
41,059,97,000,OR,"Umatilla County Tot Mig-US",1478,3201,47645
41,059,97,001,OR,"Umatilla County Tot Mig-Sam",587,1242,17930
41,059,97,003,OR,"Umatilla County Tot Mig-Dif",891,1959,29715
41,059,98,000,OR,"Umatilla County Tot Mig-For",20,36,736
41,059,41,059,OR,"Umatilla County Non-Migrant",21699,51927,938227
41,059,53,071,WA,"Walla Walla County",162,392,4730
41,059,41,049,OR,"Morrow County",144,357,4153
41,059,53,005,WA,"Benton County",68,148,2576
41,059,41,051,OR,"Multnomah County",64,116,2156
41,059,41,061,OR,"Union County",59,120,1857
41,059,41,047,OR,"Marion County",32,71,1131
41,059,53,077,WA,"Yakima County",31,70,850
41,059,53,063,WA,"Spokane County",28,55,923
41,059,41,067,OR,"Washington County",26,49,994
41,059,41,005,OR,"Clackamas County",25,58,752
41,059,53,033,WA,"King County",24,39,996
41,059,06,037,CA,"Los Angeles County",23,65,507
41,059,41,017,OR,"Deschutes County",21,45,745
41,059,41,039,OR,"Lane County",19,35,646
41,059,53,011,WA,"Clark County",19,41,674
41,059,41,003,OR,"Benton County",17,25,158
41,059,53,021,WA,"Franklin County",17,37,497
41,059,53,053,WA,"Pierce County",17,35,556
41,059,41,045,OR,"Malheur County",16,28,333
41,059,41,001,OR,"Baker County",14,22,197
41,059,41,043,OR,"Linn County",14,44,676
41,059,41,019,OR,"Douglas County",13,30,386
41,059,53,061,WA,"Snohomish County",13,26,375
41,059,04,013,AZ,"Maricopa County",12,26,569
41,059,16,001,ID,"Ada County",12,21,438
41,059,32,003,NV,"Clark County",12,30,361
41,059,41,023,OR,"Grant County",12,20,331
41,059,41,063,OR,"Wallowa County",12,20,342
41,059,41,065,OR,"Wasco County",11,22,353
41,059,06,065,CA,"Riverside County",10,32,631
41,059,58,000,SS,"Other Flows - Same State",88,180,2722
41,059,59,000,DS,"Other Flows - Diff State",443,942,15033
41,059,59,001,DS,"Other Flows - Northeast",15,24,230
41,059,59,003,DS,"Other Flows - Midwest",51,107,1404
41,059,59,005,DS,"Other Flows - South",83,163,2478
41,059,59,007,DS,"Other Flows - West",294,648,10921
41,059,57,009,FR,"Foreign - Other flows",20,36,736
41,061,96,000,OR,"Union County Tot Mig-US & F",630,1203,20134
41,061,97,000,OR,"Union County Tot Mig-US",617,1190,20035
41,061,97,001,OR,"Union County Tot Mig-Same S",324,628,9588
41,061,97,003,OR,"Union County Tot Mig-Diff S",293,562,10446
41,061,98,000,OR,"Union County Tot Mig-Foreig",13,13,100
41,061,41,061,OR,"Union County Non-Migrants",8166,18102,360036
41,061,41,001,OR,"Baker County",46,101,1289
41,061,41,059,OR,"Umatilla County",44,95,1149
41,061,41,051,OR,"Multnomah County",29,49,838
41,061,41,017,OR,"Deschutes County",26,48,664
41,061,41,067,OR,"Washington County",20,47,916
41,061,41,063,OR,"Wallowa County",17,37,403
41,061,41,045,OR,"Malheur County",15,26,219
41,061,41,023,OR,"Grant County",14,20,402
41,061,41,047,OR,"Marion County",14,22,613
41,061,41,005,OR,"Clackamas County",12,22,294
41,061,16,027,ID,"Canyon County",11,19,444
41,061,41,039,OR,"Lane County",11,18,317
41,061,53,053,WA,"Pierce County",11,24,420
41,061,04,013,AZ,"Maricopa County",10,16,269
41,061,16,001,ID,"Ada County",10,20,547
41,061,41,003,OR,"Benton County",10,11,352
41,061,58,000,SS,"Other Flows - Same State",66,132,2132
41,061,59,000,DS,"Other Flows - Diff State",251,483,8767
41,061,57,009,FR,"Foreign - Other flows",13,13,100
41,063,96,000,OR,"Wallowa County Tot Mig-US &",176,339,6613
41,063,97,000,OR,"Wallowa County Tot Mig-US",176,339,6613
41,063,97,001,OR,"Wallowa County Tot Mig-Same",85,169,3261
41,063,97,003,OR,"Wallowa County Tot Mig-Diff",91,170,3352
41,063,98,000,OR,"Wallowa County Tot Mig-Fore",d,d,d
41,063,41,063,OR,"Wallowa County Non-Migrants",2442,5111,102368
41,063,41,061,OR,"Union County",14,26,381
41,063,41,005,OR,"Clackamas County",10,21,695
41,063,58,000,SS,"Other Flows - Same State",61,122,2185
41,063,59,000,DS,"Other Flows - Diff State",91,170,3352
41,065,96,000,OR,"Wasco County Tot Mig-US & F",635,1278,21506
41,065,97,000,OR,"Wasco County Tot Mig-US",635,1278,21506
41,065,97,001,OR,"Wasco County Tot Mig-Same S",362,723,12896
41,065,97,003,OR,"Wasco County Tot Mig-Diff S",273,555,8611
41,065,98,000,OR,"Wasco County Tot Mig-Foreig",d,d,d
41,065,41,065,OR,"Wasco County Non-Migrants",7369,16228,318817
41,065,41,027,OR,"Hood River County",95,212,3393
41,065,41,051,OR,"Multnomah County",60,108,1883
41,065,41,005,OR,"Clackamas County",43,78,1684
41,065,53,039,WA,"Klickitat County",39,72,1078
41,065,41,067,OR,"Washington County",23,37,875
41,065,53,011,WA,"Clark County",20,44,744
41,065,41,055,OR,"Sherman County",18,38,766
41,065,41,017,OR,"Deschutes County",16,34,527
41,065,41,047,OR,"Marion County",14,30,536
41,065,41,059,OR,"Umatilla County",11,27,352
41,065,58,000,SS,"Other Flows - Same State",82,159,2879
41,065,59,000,DS,"Other Flows - Diff State",214,439,6789
41,067,96,000,OR,"Washington Coun Tot Mig-US",17904,32170,822815
41,067,97,000,OR,"Washington Coun Tot Mig-US",17644,31658,810754
41,067,97,001,OR,"Washington Coun Tot Mig-Sam",8888,14809,372173
41,067,97,003,OR,"Washington Coun Tot Mig-Dif",8756,16849,438581
41,067,98,000,OR,"Washington Coun Tot Mig-For",260,512,12061
41,067,41,067,OR,"Washington Coun Non-Migrant",159591,363447,10649714
41,067,41,051,OR,"Multnomah County",3976,6577,179650
41,067,41,005,OR,"Clackamas County",1894,3145,84042
41,067,53,011,WA,"Clark County",537,940,25230
41,067,41,047,OR,"Marion County",510,931,19870
41,067,41,071,OR,"Yamhill County",470,870,17367
41,067,06,037,CA,"Los Angeles County",419,913,22738
41,067,41,039,OR,"Lane County",378,554,12136
41,067,53,033,WA,"King County",367,625,20636
41,067,04,013,AZ,"Maricopa County",308,552,15977
41,067,06,073,CA,"San Diego County",305,635,21507
41,067,06,085,CA,"Santa Clara County",291,633,24165
41,067,41,003,OR,"Benton County",267,407,8638
41,067,41,009,OR,"Columbia County",227,410,9663
41,067,06,059,CA,"Orange County",197,453,10363
41,067,41,029,OR,"Jackson County",150,259,5550
41,067,41,017,OR,"Deschutes County",137,217,7766
41,067,06,067,CA,"Sacramento County",133,295,8259
41,067,53,053,WA,"Pierce County",123,222,4388
41,067,32,003,NV,"Clark County",122,241,4800
41,067,06,001,CA,"Alameda County",112,244,8156
41,067,15,003,HI,"Honolulu County",111,211,4039
41,067,06,065,CA,"Riverside County",95,223,4274
41,067,41,043,OR,"Linn County",95,167,3052
41,067,49,035,UT,"Salt Lake County",94,181,4247
41,067,53,061,WA,"Snohomish County",93,182,4871
41,067,53,063,WA,"Spokane County",92,159,3366
41,067,41,041,OR,"Lincoln County",90,151,2812
41,067,41,053,OR,"Polk County",90,152,3532
41,067,41,019,OR,"Douglas County",89,132,2567
41,067,16,001,ID,"Ada County",84,169,4620
41,067,17,031,IL,"Cook County",84,156,4651
41,067,06,111,CA,"Ventura County",79,178,4986
41,067,06,013,CA,"Contra Costa County",78,169,4874
41,067,06,071,CA,"San Bernardino Count",77,180,3206
41,067,41,007,OR,"Clatsop County",76,120,2447
41,067,41,057,OR,"Tillamook County",71,134,2915
41,067,57,005,FR,"Foreign - APO/FPO ZIPs",61,122,1995
41,067,41,035,OR,"Klamath County",57,87,1631
41,067,41,011,OR,"Coos County",56,82,1654
41,067,35,001,NM,"Bernalillo County",53,109,3358
41,067,49,049,UT,"Utah County",53,132,2267
41,067,53,067,WA,"Thurston County",52,79,1926
41,067,41,059,OR,"Umatilla County",51,88,1189
41,067,48,201,TX,"Harris County",51,98,3623
41,067,53,077,WA,"Yakima County",51,88,1044
41,067,48,453,TX,"Travis County",50,96,3386
41,067,53,015,WA,"Cowlitz County",50,85,1869
41,067,04,019,AZ,"Pima County",47,86,2243
41,067,06,081,CA,"San Mateo County",47,98,3413
41,067,06,097,CA,"Sonoma County",47,104,3169
41,067,25,017,MA,"Middlesex County",47,83,2961
41,067,06,075,CA,"San Francisco County",45,65,3923
41,067,48,113,TX,"Dallas County",45,87,2658
41,067,27,053,MN,"Hennepin County",44,65,2134
41,067,53,005,WA,"Benton County",43,70,1829
41,067,08,041,CO,"El Paso County",42,91,2394
41,067,32,031,NV,"Washoe County",42,64,1244
41,067,02,020,AK,"Anchorage Borough",41,62,1823
41,067,06,019,CA,"Fresno County",41,88,1172
41,067,41,033,OR,"Josephine County",41,70,1290
41,067,39,049,OH,"Franklin County",37,69,1663
41,067,48,029,TX,"Bexar County",34,78,1857
41,067,53,073,WA,"Whatcom County",34,49,884
41,067,06,053,CA,"Monterey County",33,80,1712
41,067,06,061,CA,"Placer County",33,82,2610
41,067,30,063,MT,"Missoula County",33,52,1028
41,067,26,125,MI,"Oakland County",32,54,1672
41,067,48,085,TX,"Collin County",31,82,3192
41,067,53,035,WA,"Kitsap County",31,55,1440
41,067,06,023,CA,"Humboldt County",30,57,1361
41,067,34,023,NJ,"Middlesex County",28,43,1303
41,067,06,029,CA,"Kern County",27,56,1019
41,067,08,031,CO,"Denver County",27,43,1125
41,067,08,059,CO,"Jefferson County",27,55,1205
41,067,08,069,CO,"Larimer County",27,57,1799
41,067,41,027,OR,"Hood River County",27,51,729
41,067,06,077,CA,"San Joaquin County",26,63,782
41,067,06,087,CA,"Santa Cruz County",26,46,1796
41,067,08,005,CO,"Arapahoe County",26,48,1463
41,067,41,061,OR,"Union County",26,46,687
41,067,41,065,OR,"Wasco County",26,34,679
41,067,42,003,PA,"Allegheny County",26,47,1379
41,067,06,083,CA,"Santa Barbara County",25,40,976
41,067,12,095,FL,"Orange County",25,41,954
41,067,26,163,MI,"Wayne County",25,49,1360
41,067,30,031,MT,"Gallatin County",24,40,643
41,067,06,099,CA,"Stanislaus County",23,62,1331
41,067,12,011,FL,"Broward County",23,39,892
41,067,13,121,GA,"Fulton County",23,28,1215
41,067,48,439,TX,"Tarrant County",23,34,812
41,067,06,089,CA,"Shasta County",22,42,747
41,067,08,035,CO,"Douglas County",22,49,1562
41,067,16,055,ID,"Kootenai County",22,34,774
41,067,24,031,MD,"Montgomery County",22,35,1284
41,067,26,161,MI,"Washtenaw County",21,43,1157
41,067,39,061,OH,"Hamilton County",20,42,863
41,067,48,141,TX,"El Paso County",20,43,639
41,067,49,011,UT,"Davis County",20,49,851
41,067,08,013,CO,"Boulder County",19,32,1191
41,067,36,061,NY,"New York County",19,25,1153
41,067,39,035,OH,"Cuyahoga County",19,21,857
41,067,16,027,ID,"Canyon County",18,37,442
41,067,17,043,IL,"Du Page County",18,32,1151
41,067,22,071,LA,"Orleans Parish",18,27,542
41,067,30,111,MT,"Yellowstone County",18,34,664
41,067,49,005,UT,"Cache County",18,36,482
41,067,55,025,WI,"Dane County",18,41,966
41,067,06,007,CA,"Butte County",17,35,453
41,067,06,095,CA,"Solano County",17,38,694
41,067,12,086,FL,"Miami Dade County",17,26,650
41,067,12,103,FL,"Pinellas County",17,32,780
41,067,15,009,HI,"Maui County",17,38,457
41,067,16,005,ID,"Bannock County",17,48,563
41,067,30,029,MT,"Flathead County",17,31,445
41,067,36,055,NY,"Monroe County",17,35,1210
41,067,41,031,OR,"Jefferson County",17,24,605
41,067,06,079,CA,"San Luis Obispo Coun",16,31,779
41,067,17,019,IL,"Champaign County",16,30,767
41,067,26,081,MI,"Kent County",16,32,726
41,067,27,123,MN,"Ramsey County",16,27,640
41,067,29,189,MO,"St Louis County",16,26,1223
41,067,37,119,NC,"Mecklenburg County",16,25,783
41,067,53,041,WA,"Lewis County",16,30,456
41,067,06,057,CA,"Nevada County",15,19,613
41,067,15,001,HI,"Hawaii County",15,33,525
41,067,16,065,ID,"Madison County",15,42,288
41,067,27,037,MN,"Dakota County",15,27,897
41,067,37,183,NC,"Wake County",15,33,1018
41,067,41,015,OR,"Curry County",15,23,581
41,067,48,491,TX,"Williamson County",15,26,787
41,067,53,029,WA,"Island County",15,38,574
41,067,06,041,CA,"Marin County",14,30,712
41,067,08,001,CO,"Adams County",14,24,592
41,067,08,077,CO,"Mesa County",14,23,412
41,067,09,001,CT,"Fairfield County",14,29,870
41,067,16,017,ID,"Bonner County",14,21,422
41,067,16,057,ID,"Latah County",14,21,344
41,067,24,005,MD,"Baltimore County",14,24,946
41,067,25,025,MA,"Suffolk County",14,22,739
41,067,31,055,NE,"Douglas County",14,28,733
41,067,51,087,VA,"Henrico County",14,42,916
41,067,53,007,WA,"Chelan County",14,26,347
41,067,02,090,AK,"Fairbanks North Star",13,22,416
41,067,13,089,GA,"De Kalb County",13,21,769
41,067,16,019,ID,"Bonneville County",13,28,439
41,067,20,091,KS,"Johnson County",13,23,775
41,067,36,047,NY,"Kings County",13,23,609
41,067,40,143,OK,"Tulsa County",13,23,464
41,067,41,045,OR,"Malheur County",13,21,275
41,067,48,121,TX,"Denton County",13,33,803
41,067,53,009,WA,"Clallam County",13,19,239
41,067,53,037,WA,"Kittitas County",13,18,250
41,067,06,107,CA,"Tulare County",12,25,240
41,067,12,057,FL,"Hillsborough County",12,25,673
41,067,20,173,KS,"Sedgwick County",12,25,543
41,067,24,033,MD,"Prince George's Coun",12,21,644
41,067,30,013,MT,"Cascade County",12,14,214
41,067,47,037,TN,"Davidson County",12,22,345
41,067,51,059,VA,"Fairfax County",12,21,810
41,067,53,025,WA,"Grant County",12,25,274
41,067,53,071,WA,"Walla Walla County",12,22,405
41,067,04,005,AZ,"Coconino County",11,15,365
41,067,04,025,AZ,"Yavapai County",11,17,329
41,067,04,027,AZ,"Yuma County",11,23,344
41,067,06,017,CA,"El Dorado County",11,26,737
41,067,06,113,CA,"Yolo County",11,22,493
41,067,12,001,FL,"Alachua County",11,20,579
41,067,12,127,FL,"Volusia County",11,19,311
41,067,15,007,HI,"Kauai County",11,22,234
41,067,17,197,IL,"Will County",11,24,779
41,067,18,157,IN,"Tippecanoe County",11,18,535
41,067,25,009,MA,"Essex County",11,22,695
41,067,29,095,MO,"Jackson County",11,17,422
41,067,37,063,NC,"Durham County",11,28,805
41,067,55,079,WI,"Milwaukee County",11,24,482
41,067,08,123,CO,"Weld County",10,20,720
41,067,18,097,IN,"Marion County",10,14,402
41,067,30,049,MT,"Lewis And Clark Coun",10,15,236
41,067,35,043,NM,"Sandoval County",10,27,847
41,067,48,041,TX,"Brazos County",10,19,418
41,067,53,017,WA,"Douglas County",10,28,301
41,067,53,027,WA,"Grays Harbor County",10,12,151
41,067,53,039,WA,"Klickitat County",10,16,295
41,067,58,000,SS,"Other Flows - Same State",39,57,849
41,067,59,000,DS,"Other Flows - Diff State",2005,3717,88238
41,067,59,001,DS,"Other Flows - Northeast",373,724,21169
41,067,59,003,DS,"Other Flows - Midwest",526,913,21771
41,067,59,005,DS,"Other Flows - South",672,1300,31095
41,067,59,007,DS,"Other Flows - West",434,780,14203
41,067,57,009,FR,"Foreign - Other flows",199,390,10065
41,069,96,000,OR,"Wheeler County Tot Mig-US &",43,86,1352
41,069,97,000,OR,"Wheeler County Tot Mig-US",43,86,1352
41,069,97,001,OR,"Wheeler County Tot Mig-Same",32,64,978
41,069,97,003,OR,"Wheeler County Tot Mig-Diff",11,22,374
41,069,98,000,OR,"Wheeler County Tot Mig-Fore",d,d,d
41,069,41,069,OR,"Wheeler County Non-Migrants",390,863,14401
41,069,58,000,SS,"Other Flows - Same State",32,64,978
41,069,59,000,DS,"Other Flows - Diff State",11,22,374
41,071,96,000,OR,"Yamhill County Tot Mig-US &",2734,5657,120046
41,071,97,000,OR,"Yamhill County Tot Mig-US",2716,5633,119395
41,071,97,001,OR,"Yamhill County Tot Mig-Same",1821,3786,80272
41,071,97,003,OR,"Yamhill County Tot Mig-Diff",895,1847,39122
41,071,98,000,OR,"Yamhill County Tot Mig-Fore",18,24,651
41,071,41,071,OR,"Yamhill County Non-Migrants",26926,63618,1454070
41,071,41,067,OR,"Washington County",753,1722,40353
41,071,41,005,OR,"Clackamas County",221,428,10281
41,071,41,051,OR,"Multnomah County",190,337,8334
41,071,41,047,OR,"Marion County",169,357,5866
41,071,41,053,OR,"Polk County",127,258,4066
41,071,41,041,OR,"Lincoln County",37,68,1042
41,071,41,017,OR,"Deschutes County",36,59,1195
41,071,06,073,CA,"San Diego County",34,49,1368
41,071,41,003,OR,"Benton County",34,52,1118
41,071,41,039,OR,"Lane County",34,56,908
41,071,53,011,WA,"Clark County",34,65,1143
41,071,06,037,CA,"Los Angeles County",33,76,2176
41,071,41,057,OR,"Tillamook County",28,60,1253
41,071,41,043,OR,"Linn County",25,43,708
41,071,53,033,WA,"King County",25,48,1210
41,071,04,013,AZ,"Maricopa County",22,44,867
41,071,06,059,CA,"Orange County",22,52,1476
41,071,41,029,OR,"Jackson County",22,45,491
41,071,06,071,CA,"San Bernardino Count",20,45,868
41,071,32,003,NV,"Clark County",20,49,846
41,071,41,009,OR,"Columbia County",19,38,730
41,071,41,019,OR,"Douglas County",17,27,455
41,071,41,035,OR,"Klamath County",17,34,489
41,071,41,011,OR,"Coos County",16,36,368
41,071,53,053,WA,"Pierce County",16,31,430
41,071,06,001,CA,"Alameda County",15,27,689
41,071,53,063,WA,"Spokane County",15,29,507
41,071,06,065,CA,"Riverside County",14,35,903
41,071,41,033,OR,"Josephine County",14,29,315
41,071,06,085,CA,"Santa Clara County",13,31,1614
41,071,53,061,WA,"Snohomish County",13,27,699
41,071,06,067,CA,"Sacramento County",12,29,512
41,071,41,059,OR,"Umatilla County",11,27,553
41,071,06,089,CA,"Shasta County",10,20,355
41,071,58,000,SS,"Other Flows - Same State",51,110,1747
41,071,59,000,DS,"Other Flows - Diff State",577,1190,23460
41,071,59,001,DS,"Other Flows - Northeast",30,69,1809
41,071,59,003,DS,"Other Flows - Midwest",72,145,3020
41,071,59,005,DS,"Other Flows - South",108,219,4866
41,071,59,007,DS,"Other Flows - West",367,757,13765
41,071,57,009,FR,"Foreign - Other flows",18,24,651
