"2005-2006 County to County Migration Inflow",,,,,,"Utah Inflows",,
"(Aggregate money amounts are in thousands of dollars)",,,,,,,,
,,,,,,,,
,,,,,,,,
"Migration into",,"Migration from",,,,Number,Number,Aggregate
Utah,,,,,,of,of,adjusted
State,County,State,County,State,"State totals, county totals,",returns,exemptions,gross
"FIPS Code",,,,,"and county by county detail",,,income
49,000,96,000,UT,"Total Mig - US & For",63379,143216,2645778
49,000,97,000,UT,"Total Mig - US",61968,140876,2611548
49,000,97,001,UT,"Total Mig - US Same St",30496,68989,1167352
49,000,97,003,UT,"Total Mig - US Diff St",31472,71887,1444196
49,000,98,000,UT,"Total Mig - Foreign",1411,2340,34230
49,001,96,000,UT,"Beaver County Tot Mig-US &",145,379,5031
49,001,97,000,UT,"Beaver County Tot Mig-US",145,379,5031
49,001,97,001,UT,"Beaver County Tot Mig-Same",64,171,2245
49,001,97,003,UT,"Beaver County Tot Mig-Diff",81,208,2786
49,001,98,000,UT,"Beaver County Tot Mig-Forei",d,d,d
49,001,49,001,UT,"Beaver County Non-Migrants",1736,4933,74730
49,001,32,003,NV,"Clark County",23,52,1020
49,001,49,021,UT,"Iron County",23,54,703
49,001,49,053,UT,"Washington County",15,45,603
49,001,58,000,SS,"Other Flows - Same State",26,72,938
49,001,59,000,DS,"Other Flows - Diff State",58,156,1766
49,003,96,000,UT,"Box Elder Count Tot Mig-US",1063,2687,41289
49,003,97,000,UT,"Box Elder Count Tot Mig-US",1063,2687,41289
49,003,97,001,UT,"Box Elder Count Tot Mig-Sam",734,1801,27609
49,003,97,003,UT,"Box Elder Count Tot Mig-Dif",329,886,13680
49,003,98,000,UT,"Box Elder Count Tot Mig-For",d,d,d
49,003,49,003,UT,"Box Elder Count Non-Migrant",13989,38180,676400
49,003,49,057,UT,"Weber County",289,685,11416
49,003,49,005,UT,"Cache County",142,338,4428
49,003,49,011,UT,"Davis County",115,302,4497
49,003,49,035,UT,"Salt Lake County",94,221,3371
49,003,49,049,UT,"Utah County",37,95,1401
49,003,16,005,ID,"Bannock County",14,52,508
49,003,49,053,UT,"Washington County",14,40,643
49,003,32,003,NV,"Clark County",13,39,697
49,003,04,013,AZ,"Maricopa County",12,39,432
49,003,16,071,ID,"Oneida County",11,40,594
49,003,58,000,SS,"Other Flows - Same State",43,120,1853
49,003,59,000,DS,"Other Flows - Diff State",279,716,11450
49,003,59,001,DS,"Other Flows - Northeast",12,37,686
49,003,59,003,DS,"Other Flows - Midwest",19,64,857
49,003,59,005,DS,"Other Flows - South",56,148,2685
49,003,59,007,DS,"Other Flows - West",192,467,7221
49,005,96,000,UT,"Cache County Tot Mig-US & F",2544,5472,76546
49,005,97,000,UT,"Cache County Tot Mig-US",2436,5338,75788
49,005,97,001,UT,"Cache County Tot Mig-Same S",1247,2562,34787
49,005,97,003,UT,"Cache County Tot Mig-Diff S",1189,2776,41001
49,005,98,000,UT,"Cache County Tot Mig-Foreig",108,134,758
49,005,49,005,UT,"Cache County Non-Migrants",27756,75861,1345871
49,005,49,035,UT,"Salt Lake County",309,618,9932
49,005,49,049,UT,"Utah County",184,374,4388
49,005,49,003,UT,"Box Elder County",180,378,4816
49,005,49,011,UT,"Davis County",180,380,5106
49,005,49,057,UT,"Weber County",116,256,3725
49,005,16,041,ID,"Franklin County",96,205,2413
49,005,49,053,UT,"Washington County",72,157,2198
49,005,04,013,AZ,"Maricopa County",49,126,2223
49,005,06,037,CA,"Los Angeles County",47,126,1163
49,005,32,003,NV,"Clark County",41,83,1093
49,005,16,005,ID,"Bannock County",34,69,839
49,005,49,039,UT,"Sanpete County",31,63,502
49,005,06,071,CA,"San Bernardino Count",23,57,904
49,005,16,065,ID,"Madison County",23,47,411
49,005,49,045,UT,"Tooele County",23,43,561
49,005,49,047,UT,"Uintah County",22,49,617
49,005,16,011,ID,"Bingham County",20,60,406
49,005,49,007,UT,"Carbon County",19,37,370
49,005,16,001,ID,"Ada County",18,36,443
49,005,16,019,ID,"Bonneville County",18,39,446
49,005,06,065,CA,"Riverside County",17,51,835
49,005,16,083,ID,"Twin Falls County",16,38,320
49,005,49,021,UT,"Iron County",16,33,422
49,005,06,073,CA,"San Diego County",15,30,357
49,005,53,033,WA,"King County",15,38,532
49,005,16,007,ID,"Bear Lake County",14,18,254
49,005,56,023,WY,"Lincoln County",14,29,267
49,005,06,067,CA,"Sacramento County",13,39,353
49,005,49,013,UT,"Duchesne County",13,22,249
49,005,49,029,UT,"Morgan County",12,25,313
49,005,16,029,ID,"Caribou County",11,22,229
49,005,16,031,ID,"Cassia County",11,18,223
49,005,49,015,UT,"Emery County",11,25,320
49,005,49,033,UT,"Rich County",10,18,244
49,005,49,037,UT,"San Juan County",10,15,178
49,005,58,000,SS,"Other Flows - Same State",39,69,845
49,005,59,000,DS,"Other Flows - Diff State",694,1645,27290
49,005,59,001,DS,"Other Flows - Northeast",68,134,3939
49,005,59,003,DS,"Other Flows - Midwest",96,230,3459
49,005,59,005,DS,"Other Flows - South",159,373,5774
49,005,59,007,DS,"Other Flows - West",371,908,14119
49,005,57,009,FR,"Foreign - Other flows",108,134,758
49,007,96,000,UT,"Carbon County Tot Mig-US &",449,1043,15332
49,007,97,000,UT,"Carbon County Tot Mig-US",449,1043,15332
49,007,97,001,UT,"Carbon County Tot Mig-Same",261,647,8373
49,007,97,003,UT,"Carbon County Tot Mig-Diff",188,396,6959
49,007,98,000,UT,"Carbon County Tot Mig-Forei",d,d,d
49,007,49,007,UT,"Carbon County Non-Migrants",6094,14759,291892
49,007,49,015,UT,"Emery County",67,179,2228
49,007,49,035,UT,"Salt Lake County",63,138,1814
49,007,49,049,UT,"Utah County",34,99,1188
49,007,32,003,NV,"Clark County",12,23,319
49,007,49,005,UT,"Cache County",12,31,350
49,007,49,013,UT,"Duchesne County",11,23,270
49,007,58,000,SS,"Other Flows - Same State",74,177,2523
49,007,59,000,DS,"Other Flows - Diff State",176,373,6639
49,009,96,000,UT,"Daggett County Tot Mig-US &",39,93,1566
49,009,97,000,UT,"Daggett County Tot Mig-US",39,93,1566
49,009,97,001,UT,"Daggett County Tot Mig-Same",22,59,1104
49,009,97,003,UT,"Daggett County Tot Mig-Diff",17,34,462
49,009,98,000,UT,"Daggett County Tot Mig-Fore",d,d,d
49,009,49,009,UT,"Daggett County Non-Migrants",269,624,12205
49,009,58,000,SS,"Other Flows - Same State",22,59,1104
49,009,59,000,DS,"Other Flows - Diff State",17,34,462
49,011,96,000,UT,"Davis County Tot Mig-US & F",8980,22024,387733
49,011,97,000,UT,"Davis County Tot Mig-US",8677,21307,376744
49,011,97,001,UT,"Davis County Tot Mig-Same S",5377,12638,216085
49,011,97,003,UT,"Davis County Tot Mig-Diff S",3300,8669,160659
49,011,98,000,UT,"Davis County Tot Mig-Foreig",303,717,10989
49,011,49,011,UT,"Davis County Non-Migrants",80471,217593,4893512
49,011,49,035,UT,"Salt Lake County",2324,5318,103711
49,011,49,057,UT,"Weber County",2043,4759,74012
49,011,49,049,UT,"Utah County",329,904,12832
49,011,57,005,FR,"Foreign - APO/FPO ZIPs",269,642,9799
49,011,49,005,UT,"Cache County",232,603,9128
49,011,06,037,CA,"Los Angeles County",128,355,6027
49,011,04,013,AZ,"Maricopa County",127,350,7733
49,011,32,003,NV,"Clark County",124,350,6708
49,011,49,053,UT,"Washington County",94,220,3115
49,011,49,003,UT,"Box Elder County",81,203,2789
49,011,06,073,CA,"San Diego County",79,199,3187
49,011,49,045,UT,"Tooele County",76,202,3224
49,011,06,059,CA,"Orange County",50,144,2310
49,011,16,001,ID,"Ada County",47,127,2611
49,011,06,071,CA,"San Bernardino Count",46,135,2381
49,011,49,029,UT,"Morgan County",45,101,1837
49,011,06,067,CA,"Sacramento County",40,99,2009
49,011,08,041,CO,"El Paso County",40,110,2085
49,011,06,065,CA,"Riverside County",37,117,1314
49,011,15,003,HI,"Honolulu County",36,108,1566
49,011,53,033,WA,"King County",35,93,1952
49,011,16,005,ID,"Bannock County",31,64,1053
49,011,02,020,AK,"Anchorage Borough",30,86,1387
49,011,49,043,UT,"Summit County",30,74,1739
49,011,02,090,AK,"Fairbanks North Star",27,66,825
49,011,06,085,CA,"Santa Clara County",27,63,1845
49,011,16,019,ID,"Bonneville County",27,66,1228
49,011,48,439,TX,"Tarrant County",27,84,1575
49,011,48,485,TX,"Wichita County",27,71,910
49,011,49,021,UT,"Iron County",27,58,698
49,011,48,029,TX,"Bexar County",25,60,1338
49,011,04,019,AZ,"Pima County",24,71,1001
49,011,12,091,FL,"Okaloosa County",24,52,885
49,011,48,201,TX,"Harris County",24,81,1724
49,011,08,005,CO,"Arapahoe County",22,61,928
49,011,16,065,ID,"Madison County",22,71,587
49,011,51,059,VA,"Fairfax County",22,54,1662
49,011,06,029,CA,"Kern County",21,76,1110
49,011,06,111,CA,"Ventura County",21,53,1156
49,011,06,077,CA,"San Joaquin County",20,58,765
49,011,53,053,WA,"Pierce County",20,52,746
49,011,06,013,CA,"Contra Costa County",19,41,1268
49,011,06,083,CA,"Santa Barbara County",19,56,1010
49,011,16,027,ID,"Canyon County",18,47,503
49,011,53,011,WA,"Clark County",18,57,967
49,011,35,001,NM,"Bernalillo County",17,60,906
49,011,53,063,WA,"Spokane County",17,44,500
49,011,06,001,CA,"Alameda County",16,31,652
49,011,32,031,NV,"Washoe County",16,35,747
49,011,06,095,CA,"Solano County",15,43,866
49,011,12,095,FL,"Orange County",15,41,725
49,011,16,083,ID,"Twin Falls County",15,38,828
49,011,28,047,MS,"Harrison County",15,42,525
49,011,30,013,MT,"Cascade County",15,42,605
49,011,56,021,WY,"Laramie County",15,48,716
49,011,12,005,FL,"Bay County",14,38,633
49,011,39,057,OH,"Greene County",14,36,939
49,011,39,113,OH,"Montgomery County",14,40,835
49,011,32,007,NV,"Elko County",13,29,596
49,011,41,067,OR,"Washington County",13,39,874
49,011,47,125,TN,"Montgomery County",13,38,470
49,011,48,113,TX,"Dallas County",13,28,568
49,011,48,121,TX,"Denton County",13,37,902
49,011,56,041,WY,"Uinta County",13,32,556
49,011,25,017,MA,"Middlesex County",12,40,1824
49,011,40,109,OK,"Oklahoma County",12,34,852
49,011,41,005,OR,"Clackamas County",12,29,1261
49,011,41,051,OR,"Multnomah County",12,25,436
49,011,53,061,WA,"Snohomish County",12,34,540
49,011,06,061,CA,"Placer County",11,31,444
49,011,06,099,CA,"Stanislaus County",11,30,481
49,011,08,035,CO,"Douglas County",11,39,1317
49,011,08,059,CO,"Jefferson County",11,25,633
49,011,12,086,FL,"Miami Dade County",11,35,416
49,011,49,013,UT,"Duchesne County",11,21,269
49,011,49,041,UT,"Sevier County",11,15,264
49,011,49,051,UT,"Wasatch County",11,34,434
49,011,06,019,CA,"Fresno County",10,33,289
49,011,06,053,CA,"Monterey County",10,19,200
49,011,24,031,MD,"Montgomery County",10,25,594
49,011,36,061,NY,"New York County",10,17,529
49,011,48,441,TX,"Taylor County",10,32,425
49,011,48,453,TX,"Travis County",10,20,344
49,011,49,007,UT,"Carbon County",10,19,275
49,011,51,107,VA,"Loudoun County",10,30,785
49,011,58,000,SS,"Other Flows - Same State",53,107,1760
49,011,59,000,DS,"Other Flows - Diff State",1535,3853,71492
49,011,59,001,DS,"Other Flows - Northeast",161,380,7734
49,011,59,003,DS,"Other Flows - Midwest",330,828,15270
49,011,59,005,DS,"Other Flows - South",556,1432,28634
49,011,59,007,DS,"Other Flows - West",488,1213,19854
49,011,57,009,FR,"Foreign - Other flows",34,75,1190
49,013,96,000,UT,"Duchesne County Tot Mig-US",390,972,14433
49,013,97,000,UT,"Duchesne County Tot Mig-US",390,972,14433
49,013,97,001,UT,"Duchesne County Tot Mig-Sam",268,678,9608
49,013,97,003,UT,"Duchesne County Tot Mig-Dif",122,294,4825
49,013,98,000,UT,"Duchesne County Tot Mig-For",d,d,d
49,013,49,013,UT,"Duchesne County Non-Migrant",4353,11981,217718
49,013,49,035,UT,"Salt Lake County",71,172,2620
49,013,49,047,UT,"Uintah County",69,187,2900
49,013,49,049,UT,"Utah County",39,95,1269
49,013,49,011,UT,"Davis County",15,36,602
49,013,49,051,UT,"Wasatch County",14,45,431
49,013,49,053,UT,"Washington County",13,39,369
49,013,58,000,SS,"Other Flows - Same State",47,104,1418
49,013,59,000,DS,"Other Flows - Diff State",122,294,4825
49,015,96,000,UT,"Emery County Tot Mig-US & F",196,478,6339
49,015,97,000,UT,"Emery County Tot Mig-US",196,478,6339
49,015,97,001,UT,"Emery County Tot Mig-Same S",130,330,4224
49,015,97,003,UT,"Emery County Tot Mig-Diff S",66,148,2115
49,015,98,000,UT,"Emery County Tot Mig-Foreig",d,d,d
49,015,49,015,UT,"Emery County Non-Migrants",3019,8421,141770
49,015,49,007,UT,"Carbon County",32,80,1123
49,015,49,035,UT,"Salt Lake County",25,65,979
49,015,49,049,UT,"Utah County",20,48,605
49,015,58,000,SS,"Other Flows - Same State",53,137,1517
49,015,59,000,DS,"Other Flows - Diff State",66,148,2115
49,017,96,000,UT,"Garfield County Tot Mig-US",160,353,5566
49,017,97,000,UT,"Garfield County Tot Mig-US",160,353,5566
49,017,97,001,UT,"Garfield County Tot Mig-Sam",83,192,2578
49,017,97,003,UT,"Garfield County Tot Mig-Dif",77,161,2988
49,017,98,000,UT,"Garfield County Tot Mig-For",d,d,d
49,017,49,017,UT,"Garfield County Non-Migrant",1288,3281,51463
49,017,49,021,UT,"Iron County",19,46,572
49,017,49,053,UT,"Washington County",15,34,456
49,017,32,003,NV,"Clark County",12,24,576
49,017,49,035,UT,"Salt Lake County",11,29,327
49,017,58,000,SS,"Other Flows - Same State",38,83,1222
49,017,59,000,DS,"Other Flows - Diff State",65,137,2413
49,019,96,000,UT,"Grand County Tot Mig-US & F",351,615,10361
49,019,97,000,UT,"Grand County Tot Mig-US",351,615,10361
49,019,97,001,UT,"Grand County Tot Mig-Same S",94,178,2718
49,019,97,003,UT,"Grand County Tot Mig-Diff S",257,437,7643
49,019,98,000,UT,"Grand County Tot Mig-Foreig",d,d,d
49,019,49,019,UT,"Grand County Non-Migrants",2877,5983,119296
49,019,49,035,UT,"Salt Lake County",30,56,1096
49,019,08,077,CO,"Mesa County",17,31,520
49,019,32,003,NV,"Clark County",12,22,378
49,019,49,037,UT,"San Juan County",10,15,188
49,019,58,000,SS,"Other Flows - Same State",54,107,1435
49,019,59,000,DS,"Other Flows - Diff State",228,384,6745
49,019,59,001,DS,"Other Flows - Northeast",19,27,168
49,019,59,003,DS,"Other Flows - Midwest",24,34,686
49,019,59,005,DS,"Other Flows - South",26,39,465
49,019,59,007,DS,"Other Flows - West",159,284,5427
49,021,96,000,UT,"Iron County Tot Mig-US & Fo",1597,3790,56832
49,021,97,000,UT,"Iron County Tot Mig-US",1597,3790,56832
49,021,97,001,UT,"Iron County Tot Mig-Same St",748,1732,23143
49,021,97,003,UT,"Iron County Tot Mig-Diff St",849,2058,33689
49,021,98,000,UT,"Iron County Tot Mig-Foreign",d,d,d
49,021,49,021,UT,"Iron County Non-Migrants",9958,26715,460427
49,021,49,053,UT,"Washington County",230,524,6642
49,021,32,003,NV,"Clark County",203,539,8799
49,021,49,035,UT,"Salt Lake County",114,270,4823
49,021,49,049,UT,"Utah County",82,201,2008
49,021,06,037,CA,"Los Angeles County",52,121,2789
49,021,06,071,CA,"San Bernardino Count",39,99,1576
49,021,06,073,CA,"San Diego County",38,79,2005
49,021,49,017,UT,"Garfield County",38,85,1177
49,021,49,041,UT,"Sevier County",36,72,900
49,021,49,001,UT,"Beaver County",35,74,1200
49,021,06,065,CA,"Riverside County",33,92,1303
49,021,04,013,AZ,"Maricopa County",32,84,906
49,021,49,027,UT,"Millard County",32,80,785
49,021,49,039,UT,"Sanpete County",31,82,707
49,021,06,059,CA,"Orange County",23,52,734
49,021,49,057,UT,"Weber County",22,47,651
49,021,49,005,UT,"Cache County",21,50,485
49,021,49,025,UT,"Kane County",16,27,646
49,021,49,011,UT,"Davis County",15,34,1021
49,021,49,037,UT,"San Juan County",14,21,283
49,021,06,111,CA,"Ventura County",13,40,630
49,021,04,005,AZ,"Coconino County",12,25,319
49,021,32,017,NV,"Lincoln County",12,23,411
49,021,49,045,UT,"Tooele County",11,32,315
49,021,58,000,SS,"Other Flows - Same State",51,133,1500
49,021,59,000,DS,"Other Flows - Diff State",392,904,14217
49,021,59,001,DS,"Other Flows - Northeast",15,27,582
49,021,59,003,DS,"Other Flows - Midwest",55,124,1796
49,021,59,005,DS,"Other Flows - South",78,177,2990
49,021,59,007,DS,"Other Flows - West",244,576,8848
49,023,96,000,UT,"Juab County Tot Mig-US & Fo",246,667,9575
49,023,97,000,UT,"Juab County Tot Mig-US",246,667,9575
49,023,97,001,UT,"Juab County Tot Mig-Same St",177,504,6589
49,023,97,003,UT,"Juab County Tot Mig-Diff St",69,163,2987
49,023,98,000,UT,"Juab County Tot Mig-Foreign",d,d,d
49,023,49,023,UT,"Juab County Non-Migrants",2368,6945,102360
49,023,49,049,UT,"Utah County",102,292,3925
49,023,49,035,UT,"Salt Lake County",17,48,496
49,023,49,039,UT,"Sanpete County",10,32,395
49,023,49,053,UT,"Washington County",10,26,380
49,023,58,000,SS,"Other Flows - Same State",38,106,1393
49,023,59,000,DS,"Other Flows - Diff State",69,163,2987
49,025,96,000,UT,"Kane County Tot Mig-US & Fo",290,583,16894
49,025,97,000,UT,"Kane County Tot Mig-US",290,583,16894
49,025,97,001,UT,"Kane County Tot Mig-Same St",94,232,3126
49,025,97,003,UT,"Kane County Tot Mig-Diff St",196,351,13767
49,025,98,000,UT,"Kane County Tot Mig-Foreign",d,d,d
49,025,49,025,UT,"Kane County Non-Migrants",1791,4298,79570
49,025,49,053,UT,"Washington County",30,81,887
49,025,32,003,NV,"Clark County",29,61,1274
49,025,04,005,AZ,"Coconino County",19,43,557
49,025,49,035,UT,"Salt Lake County",17,37,752
49,025,49,021,UT,"Iron County",10,22,205
49,025,58,000,SS,"Other Flows - Same State",37,92,1282
49,025,59,000,DS,"Other Flows - Diff State",148,247,11937
49,025,59,001,DS,"Other Flows - Northeast",20,28,635
49,025,59,003,DS,"Other Flows - Midwest",19,24,789
49,025,59,005,DS,"Other Flows - South",14,24,517
49,025,59,007,DS,"Other Flows - West",95,171,9996
49,027,96,000,UT,"Millard County Tot Mig-US &",218,556,7554
49,027,97,000,UT,"Millard County Tot Mig-US",218,556,7554
49,027,97,001,UT,"Millard County Tot Mig-Same",139,347,4156
49,027,97,003,UT,"Millard County Tot Mig-Diff",79,209,3398
49,027,98,000,UT,"Millard County Tot Mig-Fore",d,d,d
49,027,49,027,UT,"Millard County Non-Migrants",3277,9496,133961
49,027,49,049,UT,"Utah County",43,108,1241
49,027,49,035,UT,"Salt Lake County",23,45,654
49,027,49,053,UT,"Washington County",23,58,721
49,027,58,000,SS,"Other Flows - Same State",50,136,1540
49,027,59,000,DS,"Other Flows - Diff State",79,209,3398
49,029,96,000,UT,"Morgan County Tot Mig-US &",270,793,16906
49,029,97,000,UT,"Morgan County Tot Mig-US",270,793,16906
49,029,97,001,UT,"Morgan County Tot Mig-Same",212,615,13189
49,029,97,003,UT,"Morgan County Tot Mig-Diff",58,178,3718
49,029,98,000,UT,"Morgan County Tot Mig-Forei",d,d,d
49,029,49,029,UT,"Morgan County Non-Migrants",2382,6585,152687
49,029,49,011,UT,"Davis County",74,218,4649
49,029,49,057,UT,"Weber County",74,197,4911
49,029,49,035,UT,"Salt Lake County",21,43,1749
49,029,49,049,UT,"Utah County",13,65,632
49,029,49,043,UT,"Summit County",11,32,526
49,029,58,000,SS,"Other Flows - Same State",19,60,722
49,029,59,000,DS,"Other Flows - Diff State",58,178,3718
49,031,96,000,UT,"Piute County Tot Mig-US & F",33,69,965
49,031,97,000,UT,"Piute County Tot Mig-US",33,69,965
49,031,97,001,UT,"Piute County Tot Mig-Same S",18,37,558
49,031,97,003,UT,"Piute County Tot Mig-Diff S",15,32,407
49,031,98,000,UT,"Piute County Tot Mig-Foreig",d,d,d
49,031,49,031,UT,"Piute County Non-Migrants",372,957,12085
49,031,58,000,SS,"Other Flows - Same State",18,37,558
49,031,59,000,DS,"Other Flows - Diff State",15,32,407
49,033,96,000,UT,"Rich County Tot Mig-US & Fo",55,128,1906
49,033,97,000,UT,"Rich County Tot Mig-US",55,128,1906
49,033,97,001,UT,"Rich County Tot Mig-Same St",27,64,867
49,033,97,003,UT,"Rich County Tot Mig-Diff St",28,64,1040
49,033,98,000,UT,"Rich County Tot Mig-Foreign",d,d,d
49,033,49,033,UT,"Rich County Non-Migrants",537,1476,25232
49,033,49,035,UT,"Salt Lake County",11,18,404
49,033,58,000,SS,"Other Flows - Same State",16,46,463
49,033,59,000,DS,"Other Flows - Diff State",28,64,1040
49,035,96,000,UT,"Salt Lake Count Tot Mig-US",19387,39660,818712
49,035,97,000,UT,"Salt Lake Count Tot Mig-US",18954,39071,807505
49,035,97,001,UT,"Salt Lake Count Tot Mig-Sam",8008,15812,301252
49,035,97,003,UT,"Salt Lake Count Tot Mig-Dif",10946,23259,506253
49,035,98,000,UT,"Salt Lake Count Tot Mig-For",433,589,11207
49,035,49,035,UT,"Salt Lake Count Non-Migrant",303190,740701,16958304
49,035,49,049,UT,"Utah County",2500,5239,93540
49,035,49,011,UT,"Davis County",1860,3563,65302
49,035,06,037,CA,"Los Angeles County",646,1698,24945
49,035,49,057,UT,"Weber County",640,1142,20785
49,035,49,045,UT,"Tooele County",581,1339,21170
49,035,49,005,UT,"Cache County",559,1037,16472
49,035,04,013,AZ,"Maricopa County",482,1156,25226
49,035,32,003,NV,"Clark County",428,930,18598
49,035,49,053,UT,"Washington County",413,794,13519
49,035,49,043,UT,"Summit County",385,694,33043
49,035,06,059,CA,"Orange County",270,636,16969
49,035,06,073,CA,"San Diego County",258,584,10513
49,035,06,071,CA,"San Bernardino Count",200,575,6302
49,035,53,033,WA,"King County",185,366,7468
49,035,49,051,UT,"Wasatch County",168,355,6789
49,035,06,065,CA,"Riverside County",163,424,7469
49,035,49,021,UT,"Iron County",144,292,3581
49,035,16,001,ID,"Ada County",140,313,5959
49,035,49,003,UT,"Box Elder County",110,179,3908
49,035,49,007,UT,"Carbon County",104,199,3244
49,035,15,003,HI,"Honolulu County",98,213,2845
49,035,06,067,CA,"Sacramento County",97,255,4646
49,035,06,001,CA,"Alameda County",89,193,10614
49,035,16,019,ID,"Bonneville County",88,180,3443
49,035,17,031,IL,"Cook County",87,170,4380
49,035,49,047,UT,"Uintah County",87,151,7403
49,035,04,019,AZ,"Pima County",84,163,3204
49,035,49,039,UT,"Sanpete County",83,157,2150
49,035,08,031,CO,"Denver County",80,126,3006
49,035,06,085,CA,"Santa Clara County",79,147,5992
49,035,48,439,TX,"Tarrant County",77,157,3962
49,035,41,051,OR,"Multnomah County",76,140,2527
49,035,32,031,NV,"Washoe County",74,177,3409
49,035,48,201,TX,"Harris County",74,150,3783
49,035,16,005,ID,"Bannock County",73,132,2322
49,035,06,111,CA,"Ventura County",72,187,3562
49,035,57,005,FR,"Foreign - APO/FPO ZIPs",72,113,1909
49,035,16,065,ID,"Madison County",70,135,1553
49,035,41,067,OR,"Washington County",67,149,3263
49,035,08,005,CO,"Arapahoe County",66,139,3291
49,035,53,053,WA,"Pierce County",63,149,1942
49,035,48,113,TX,"Dallas County",61,114,2967
49,035,06,013,CA,"Contra Costa County",58,128,3579
49,035,35,001,NM,"Bernalillo County",57,117,2577
49,035,49,041,UT,"Sevier County",57,92,1566
49,035,32,007,NV,"Elko County",52,96,1848
49,035,49,013,UT,"Duchesne County",52,90,1439
49,035,56,041,WY,"Uinta County",52,88,1772
49,035,08,041,CO,"El Paso County",51,102,2167
49,035,53,063,WA,"Spokane County",51,112,2617
49,035,56,037,WY,"Sweetwater County",51,85,1785
49,035,06,075,CA,"San Francisco County",50,73,2568
49,035,36,061,NY,"New York County",50,76,3705
49,035,08,059,CO,"Jefferson County",49,97,2436
49,035,27,053,MN,"Hennepin County",49,70,8211
49,035,53,011,WA,"Clark County",49,98,2133
49,035,53,061,WA,"Snohomish County",46,109,2445
49,035,49,027,UT,"Millard County",45,81,1031
49,035,41,039,OR,"Lane County",43,91,1501
49,035,08,077,CO,"Mesa County",41,79,1285
49,035,48,453,TX,"Travis County",41,79,1744
49,035,51,059,VA,"Fairfax County",41,64,2104
49,035,06,061,CA,"Placer County",38,88,1809
49,035,06,019,CA,"Fresno County",37,87,1300
49,035,16,011,ID,"Bingham County",37,71,1034
49,035,16,027,ID,"Canyon County",37,97,1408
49,035,22,071,LA,"Orleans Parish",37,68,553
49,035,49,037,UT,"San Juan County",37,95,1353
49,035,06,081,CA,"San Mateo County",36,81,2092
49,035,06,097,CA,"Sonoma County",36,91,1832
49,035,08,069,CO,"Larimer County",36,67,1478
49,035,24,031,MD,"Montgomery County",36,78,1864
49,035,25,017,MA,"Middlesex County",36,74,1955
49,035,39,049,OH,"Franklin County",36,72,1376
49,035,06,029,CA,"Kern County",35,97,1180
49,035,08,035,CO,"Douglas County",35,91,3349
49,035,12,011,FL,"Broward County",35,81,1779
49,035,35,045,NM,"San Juan County",35,86,931
49,035,06,053,CA,"Monterey County",34,91,1113
49,035,47,157,TN,"Shelby County",34,71,2495
49,035,48,121,TX,"Denton County",34,69,2342
49,035,49,019,UT,"Grand County",34,55,758
49,035,02,020,AK,"Anchorage Borough",33,70,1232
49,035,06,083,CA,"Santa Barbara County",33,68,1716
49,035,04,005,AZ,"Coconino County",32,72,849
49,035,04,015,AZ,"Mohave County",32,58,804
49,035,08,001,CO,"Adams County",32,65,1285
49,035,06,099,CA,"Stanislaus County",31,82,1782
49,035,12,095,FL,"Orange County",31,58,1699
49,035,30,111,MT,"Yellowstone County",31,60,1424
49,035,20,091,KS,"Johnson County",30,68,4875
49,035,48,029,TX,"Bexar County",30,65,1972
49,035,49,015,UT,"Emery County",30,48,932
49,035,30,031,MT,"Gallatin County",29,43,780
49,035,39,035,OH,"Cuyahoga County",29,55,1706
49,035,41,047,OR,"Marion County",29,75,1184
49,035,16,083,ID,"Twin Falls County",28,46,698
49,035,30,063,MT,"Missoula County",28,47,1071
49,035,12,057,FL,"Hillsborough County",27,55,1750
49,035,49,023,UT,"Juab County",27,52,770
49,035,49,029,UT,"Morgan County",27,39,582
49,035,55,025,WI,"Dane County",27,42,887
49,035,56,023,WY,"Lincoln County",27,51,806
49,035,08,123,CO,"Weld County",26,55,1049
49,035,13,121,GA,"Fulton County",26,42,2454
49,035,41,005,OR,"Clackamas County",26,45,989
49,035,48,141,TX,"El Paso County",26,80,929
49,035,56,039,WY,"Teton County",26,35,812
49,035,08,013,CO,"Boulder County",25,36,916
49,035,12,086,FL,"Miami Dade County",25,56,627
49,035,12,099,FL,"Palm Beach County",25,59,1042
49,035,25,025,MA,"Suffolk County",25,44,1064
49,035,06,077,CA,"San Joaquin County",24,57,1020
49,035,06,095,CA,"Solano County",24,54,863
49,035,12,103,FL,"Pinellas County",24,35,786
49,035,26,125,MI,"Oakland County",24,48,1642
49,035,48,085,TX,"Collin County",24,63,3241
49,035,56,025,WY,"Natrona County",24,52,535
49,035,31,055,NE,"Douglas County",23,44,761
49,035,42,101,PA,"Philadelphia County",22,29,1155
49,035,16,051,ID,"Jefferson County",21,44,781
49,035,17,043,IL,"Du Page County",21,47,1017
49,035,26,161,MI,"Washtenaw County",21,49,1782
49,035,18,097,IN,"Marion County",20,35,662
49,035,35,031,NM,"Mckinley County",20,43,423
49,035,39,061,OH,"Hamilton County",20,27,624
49,035,53,005,WA,"Benton County",20,44,801
49,035,04,025,AZ,"Yavapai County",19,46,725
49,035,26,163,MI,"Wayne County",19,43,844
49,035,30,029,MT,"Flathead County",19,41,760
49,035,36,047,NY,"Kings County",19,34,821
49,035,37,051,NC,"Cumberland County",19,42,562
49,035,46,103,SD,"Pennington County",19,32,644
49,035,04,021,AZ,"Pinal County",18,45,645
49,035,06,107,CA,"Tulare County",18,51,691
49,035,09,001,CT,"Fairfield County",18,42,1355
49,035,13,135,GA,"Gwinnett County",18,57,1191
49,035,16,031,ID,"Cassia County",18,33,652
49,035,19,153,IA,"Polk County",18,34,674
49,035,29,189,MO,"St Louis County",18,33,1012
49,035,36,055,NY,"Monroe County",18,24,562
49,035,36,081,NY,"Queens County",18,36,772
49,035,51,013,VA,"Arlington County",18,25,850
49,035,04,027,AZ,"Yuma County",17,34,355
49,035,06,007,CA,"Butte County",17,43,1301
49,035,15,009,HI,"Maui County",17,30,577
49,035,22,051,LA,"Jefferson Parish",17,33,546
49,035,35,043,NM,"Sandoval County",17,43,791
49,035,37,119,NC,"Mecklenburg County",17,44,1480
49,035,41,017,OR,"Deschutes County",17,30,1322
49,035,48,491,TX,"Williamson County",17,40,1226
49,035,53,035,WA,"Kitsap County",17,33,698
49,035,06,079,CA,"San Luis Obispo Coun",16,29,403
49,035,12,105,FL,"Polk County",16,33,422
49,035,13,089,GA,"De Kalb County",16,31,855
49,035,29,095,MO,"Jackson County",16,37,767
49,035,49,025,UT,"Kane County",16,22,285
49,035,50,007,VT,"Chittenden County",16,19,426
49,035,06,087,CA,"Santa Cruz County",15,26,704
49,035,08,067,CO,"La Plata County",15,27,347
49,035,12,031,FL,"Duval County",15,22,541
49,035,12,071,FL,"Lee County",15,29,862
49,035,16,041,ID,"Franklin County",15,24,365
49,035,20,173,KS,"Sedgwick County",15,33,584
49,035,22,033,LA,"East Baton Rouge Par",15,23,633
49,035,26,065,MI,"Ingham County",15,29,508
49,035,34,027,NJ,"Morris County",15,51,1161
49,035,40,143,OK,"Tulsa County",15,27,613
49,035,42,003,PA,"Allegheny County",15,26,445
49,035,48,099,TX,"Coryell County",15,30,324
49,035,53,067,WA,"Thurston County",15,34,644
49,035,06,017,CA,"El Dorado County",14,31,940
49,035,17,197,IL,"Will County",14,34,917
49,035,33,015,NH,"Rockingham County",14,19,625
49,035,36,103,NY,"Suffolk County",14,23,440
49,035,37,063,NC,"Durham County",14,33,1134
49,035,37,183,NC,"Wake County",14,29,607
49,035,40,109,OK,"Oklahoma County",14,30,395
49,035,49,001,UT,"Beaver County",14,32,370
49,035,51,107,VA,"Loudoun County",14,41,2859
49,035,51,153,VA,"Prince William Count",14,46,1093
49,035,55,079,WI,"Milwaukee County",14,21,471
49,035,02,090,AK,"Fairbanks North Star",13,25,559
49,035,06,113,CA,"Yolo County",13,22,414
49,035,11,001,DC,"District Of Columbia",13,17,696
49,035,15,001,HI,"Hawaii County",13,28,1271
49,035,17,097,IL,"Lake County",13,32,630
49,035,27,123,MN,"Ramsey County",13,24,605
49,035,35,013,NM,"Dona Ana County",13,23,416
49,035,36,119,NY,"Westchester County",13,26,570
49,035,47,037,TN,"Davidson County",13,21,748
49,035,53,073,WA,"Whatcom County",13,21,305
49,035,53,077,WA,"Yakima County",13,34,636
49,035,09,009,CT,"New Haven County",12,22,627
49,035,12,009,FL,"Brevard County",12,34,772
49,035,21,067,KY,"Fayette County",12,27,537
49,035,23,005,ME,"Cumberland County",12,21,221
49,035,27,037,MN,"Dakota County",12,25,626
49,035,33,011,NH,"Hillsborough County",12,19,456
49,035,41,059,OR,"Umatilla County",12,23,445
49,035,48,027,TX,"Bell County",12,28,413
49,035,49,033,UT,"Rich County",12,24,427
49,035,09,003,CT,"Hartford County",11,27,832
49,035,16,013,ID,"Blaine County",11,20,409
49,035,16,039,ID,"Elmore County",11,22,631
49,035,16,055,ID,"Kootenai County",11,25,462
49,035,18,003,IN,"Allen County",11,33,597
49,035,25,009,MA,"Essex County",11,20,431
49,035,25,021,MA,"Norfolk County",11,26,750
49,035,26,081,MI,"Kent County",11,35,513
49,035,29,510,MO,"St Louis",11,22,565
49,035,34,023,NJ,"Middlesex County",11,21,409
49,035,36,029,NY,"Erie County",11,35,543
49,035,37,133,NC,"Onslow County",11,17,279
49,035,41,029,OR,"Jackson County",11,26,539
49,035,45,019,SC,"Charleston County",11,15,273
49,035,47,093,TN,"Knox County",11,15,331
49,035,48,303,TX,"Lubbock County",11,19,241
49,035,24,003,MD,"Anne Arundel County",10,15,332
49,035,25,027,MA,"Worcester County",10,21,437
49,035,27,109,MN,"Olmsted County",10,29,453
49,035,27,137,MN,"St Louis County",10,13,216
49,035,29,047,MO,"Clay County",10,14,460
49,035,30,081,MT,"Ravalli County",10,17,228
49,035,30,093,MT,"Silver Bow County",10,13,299
49,035,32,033,NV,"White Pine County",10,15,244
49,035,35,049,NM,"Santa Fe County",10,18,268
49,035,39,153,OH,"Summit County",10,18,892
49,035,42,049,PA,"Erie County",10,16,279
49,035,42,091,PA,"Montgomery County",10,16,1041
49,035,45,045,SC,"Greenville County",10,13,387
49,035,45,079,SC,"Richland County",10,24,441
49,035,49,055,UT,"Wayne County",10,17,288
49,035,51,087,VA,"Henrico County",10,22,477
49,035,51,510,VA,Alexandria,10,18,692
49,035,51,810,VA,"Virginia Beach",10,19,394
49,035,56,021,WY,"Laramie County",10,15,338
49,035,56,029,WY,"Park County",10,14,211
49,035,58,000,SS,"Other Flows - Same State",13,24,549
49,035,59,000,DS,"Other Flows - Diff State",2656,5309,117250
49,035,59,001,DS,"Other Flows - Northeast",400,734,16416
49,035,59,003,DS,"Other Flows - Midwest",637,1252,26183
49,035,59,005,DS,"Other Flows - South",920,1919,50013
49,035,59,007,DS,"Other Flows - West",699,1404,24638
49,035,57,009,FR,"Foreign - Other flows",361,476,9298
49,037,96,000,UT,"San Juan County Tot Mig-US",349,813,10563
49,037,97,000,UT,"San Juan County Tot Mig-US",349,813,10563
49,037,97,001,UT,"San Juan County Tot Mig-Sam",100,230,3027
49,037,97,003,UT,"San Juan County Tot Mig-Dif",249,583,7536
49,037,98,000,UT,"San Juan County Tot Mig-For",d,d,d
49,037,49,037,UT,"San Juan County Non-Migrant",2381,6707,93752
49,037,35,045,NM,"San Juan County",74,193,1947
49,037,49,035,UT,"Salt Lake County",32,70,1199
49,037,04,017,AZ,"Navajo County",15,35,462
49,037,04,001,AZ,"Apache County",14,36,453
49,037,49,019,UT,"Grand County",14,27,320
49,037,08,083,CO,"Montezuma County",11,22,216
49,037,04,005,AZ,"Coconino County",10,18,437
49,037,49,049,UT,"Utah County",10,17,244
49,037,58,000,SS,"Other Flows - Same State",44,116,1265
49,037,59,000,DS,"Other Flows - Diff State",125,279,4021
49,039,96,000,UT,"Sanpete County Tot Mig-US &",498,1240,16468
49,039,97,000,UT,"Sanpete County Tot Mig-US",498,1240,16468
49,039,97,001,UT,"Sanpete County Tot Mig-Same",350,897,11633
49,039,97,003,UT,"Sanpete County Tot Mig-Diff",148,343,4835
49,039,98,000,UT,"Sanpete County Tot Mig-Fore",d,d,d
49,039,49,039,UT,"Sanpete County Non-Migrants",5688,16799,236802
49,039,49,035,UT,"Salt Lake County",115,277,4873
49,039,49,049,UT,"Utah County",83,218,2678
49,039,49,041,UT,"Sevier County",31,76,837
49,039,49,053,UT,"Washington County",25,67,746
49,039,49,011,UT,"Davis County",15,31,422
49,039,32,003,NV,"Clark County",14,32,436
49,039,49,023,UT,"Juab County",11,30,272
49,039,49,045,UT,"Tooele County",10,21,315
49,039,58,000,SS,"Other Flows - Same State",60,177,1490
49,039,59,000,DS,"Other Flows - Diff State",134,311,4400
49,041,96,000,UT,"Sevier County Tot Mig-US &",439,1094,15507
49,041,97,000,UT,"Sevier County Tot Mig-US",439,1094,15507
49,041,97,001,UT,"Sevier County Tot Mig-Same",271,669,8763
49,041,97,003,UT,"Sevier County Tot Mig-Diff",168,425,6745
49,041,98,000,UT,"Sevier County Tot Mig-Forei",d,d,d
49,041,49,041,UT,"Sevier County Non-Migrants",5368,14783,237794
49,041,49,035,UT,"Salt Lake County",60,131,1885
49,041,49,053,UT,"Washington County",41,89,1634
49,041,32,003,NV,"Clark County",39,97,1707
49,041,49,049,UT,"Utah County",39,110,1128
49,041,49,039,UT,"Sanpete County",29,74,907
49,041,49,021,UT,"Iron County",26,69,639
49,041,49,031,UT,"Piute County",10,21,249
49,041,58,000,SS,"Other Flows - Same State",66,175,2321
49,041,59,000,DS,"Other Flows - Diff State",129,328,5038
49,043,96,000,UT,"Summit County Tot Mig-US &",1311,2447,132382
49,043,97,000,UT,"Summit County Tot Mig-US",1243,2367,131302
49,043,97,001,UT,"Summit County Tot Mig-Same",508,1052,45501
49,043,97,003,UT,"Summit County Tot Mig-Diff",735,1315,85801
49,043,98,000,UT,"Summit County Tot Mig-Forei",68,80,1079
49,043,49,043,UT,"Summit County Non-Migrants",10362,25062,1013823
49,043,49,035,UT,"Salt Lake County",275,517,23003
49,043,49,051,UT,"Wasatch County",93,218,4558
49,043,06,037,CA,"Los Angeles County",42,94,4721
49,043,49,011,UT,"Davis County",42,108,12853
49,043,49,049,UT,"Utah County",39,70,2034
49,043,06,073,CA,"San Diego County",25,46,1921
49,043,32,003,NV,"Clark County",23,55,2041
49,043,06,059,CA,"Orange County",18,29,5057
49,043,04,013,AZ,"Maricopa County",17,41,1475
49,043,49,005,UT,"Cache County",16,30,390
49,043,53,033,WA,"King County",16,30,1116
49,043,49,057,UT,"Weber County",15,44,1384
49,043,06,041,CA,"Marin County",10,15,398
49,043,16,001,ID,"Ada County",10,16,631
49,043,58,000,SS,"Other Flows - Same State",28,65,1279
49,043,59,000,DS,"Other Flows - Diff State",574,989,68442
49,043,59,001,DS,"Other Flows - Northeast",119,179,12907
49,043,59,003,DS,"Other Flows - Midwest",84,141,12964
49,043,59,005,DS,"Other Flows - South",187,346,17146
49,043,59,007,DS,"Other Flows - West",184,323,25425
49,043,57,009,FR,"Foreign - Other flows",68,80,1079
49,045,96,000,UT,"Tooele County Tot Mig-US &",1757,4704,71809
49,045,97,000,UT,"Tooele County Tot Mig-US",1741,4661,71146
49,045,97,001,UT,"Tooele County Tot Mig-Same",1035,2838,40420
49,045,97,003,UT,"Tooele County Tot Mig-Diff",706,1823,30726
49,045,98,000,UT,"Tooele County Tot Mig-Forei",16,43,663
49,045,49,045,UT,"Tooele County Non-Migrants",14400,39267,725854
49,045,49,035,UT,"Salt Lake County",702,1896,27479
49,045,49,011,UT,"Davis County",73,217,3556
49,045,49,049,UT,"Utah County",72,181,2422
49,045,32,007,NV,"Elko County",48,101,1268
49,045,49,005,UT,"Cache County",45,164,1920
49,045,04,013,AZ,"Maricopa County",36,101,1863
49,045,49,057,UT,"Weber County",33,89,1229
49,045,32,003,NV,"Clark County",31,96,1171
49,045,49,053,UT,"Washington County",29,86,926
49,045,06,037,CA,"Los Angeles County",26,89,1051
49,045,06,071,CA,"San Bernardino Count",19,41,838
49,045,06,073,CA,"San Diego County",13,22,307
49,045,49,047,UT,"Uintah County",13,38,350
49,045,49,007,UT,"Carbon County",12,28,508
49,045,06,059,CA,"Orange County",11,28,285
49,045,08,041,CO,"El Paso County",10,19,304
49,045,58,000,SS,"Other Flows - Same State",56,139,2029
49,045,59,000,DS,"Other Flows - Diff State",512,1326,23639
49,045,59,001,DS,"Other Flows - Northeast",37,89,1671
49,045,59,003,DS,"Other Flows - Midwest",88,214,4445
49,045,59,005,DS,"Other Flows - South",115,317,5720
49,045,59,007,DS,"Other Flows - West",272,706,11802
49,045,57,009,FR,"Foreign - Other flows",16,43,663
49,047,96,000,UT,"Uintah County Tot Mig-US &",733,1746,29127
49,047,97,000,UT,"Uintah County Tot Mig-US",733,1746,29127
49,047,97,001,UT,"Uintah County Tot Mig-Same",332,802,11988
49,047,97,003,UT,"Uintah County Tot Mig-Diff",401,944,17140
49,047,98,000,UT,"Uintah County Tot Mig-Forei",d,d,d
49,047,49,047,UT,"Uintah County Non-Migrants",7537,20160,413552
49,047,49,035,UT,"Salt Lake County",84,200,3135
49,047,49,013,UT,"Duchesne County",81,198,3228
49,047,49,049,UT,"Utah County",48,117,1661
49,047,49,005,UT,"Cache County",18,37,534
49,047,49,011,UT,"Davis County",18,57,629
49,047,49,057,UT,"Weber County",18,50,658
49,047,56,037,WY,"Sweetwater County",15,41,1045
49,047,04,013,AZ,"Maricopa County",13,31,507
49,047,56,041,WY,"Uinta County",12,36,473
49,047,08,081,CO,"Moffat County",10,29,516
49,047,58,000,SS,"Other Flows - Same State",65,143,2143
49,047,59,000,DS,"Other Flows - Diff State",351,807,14600
49,047,59,001,DS,"Other Flows - Northeast",17,25,432
49,047,59,003,DS,"Other Flows - Midwest",37,96,1416
49,047,59,005,DS,"Other Flows - South",90,204,3960
49,047,59,007,DS,"Other Flows - West",207,482,8792
49,049,96,000,UT,"Utah County Tot Mig-US & Fo",10867,25832,412603
49,049,97,000,UT,"Utah County Tot Mig-US",10545,25403,409449
49,049,97,001,UT,"Utah County Tot Mig-Same St",4487,11001,172025
49,049,97,003,UT,"Utah County Tot Mig-Diff St",6058,14402,237425
49,049,98,000,UT,"Utah County Tot Mig-Foreign",322,429,3154
49,049,49,049,UT,"Utah County Non-Migrants",109889,322397,5908183
49,049,49,035,UT,"Salt Lake County",2512,6238,106373
49,049,49,011,UT,"Davis County",389,955,13451
49,049,04,013,AZ,"Maricopa County",357,867,13984
49,049,06,037,CA,"Los Angeles County",294,771,12516
49,049,49,053,UT,"Washington County",268,633,10503
49,049,32,003,NV,"Clark County",243,618,8222
49,049,49,005,UT,"Cache County",243,611,6993
49,049,06,059,CA,"Orange County",169,395,8410
49,049,06,073,CA,"San Diego County",153,357,5227
49,049,49,057,UT,"Weber County",133,325,4442
49,049,06,071,CA,"San Bernardino Count",131,358,4741
49,049,49,039,UT,"Sanpete County",128,330,3599
49,049,53,033,WA,"King County",115,269,4787
49,049,06,065,CA,"Riverside County",108,295,4267
49,049,49,051,UT,"Wasatch County",107,260,4254
49,049,49,021,UT,"Iron County",101,241,2820
49,049,06,067,CA,"Sacramento County",94,230,4420
49,049,15,003,HI,"Honolulu County",90,196,2343
49,049,16,001,ID,"Ada County",86,243,2958
49,049,16,065,ID,"Madison County",83,184,1778
49,049,49,023,UT,"Juab County",81,198,2765
49,049,49,045,UT,"Tooele County",77,224,2804
49,049,06,111,CA,"Ventura County",68,170,3122
49,049,49,027,UT,"Millard County",62,121,2073
49,049,06,085,CA,"Santa Clara County",59,161,7877
49,049,16,019,ID,"Bonneville County",56,130,1756
49,049,49,007,UT,"Carbon County",56,125,1586
49,049,49,041,UT,"Sevier County",56,124,1440
49,049,06,013,CA,"Contra Costa County",51,98,7825
49,049,41,067,OR,"Washington County",51,138,2638
49,049,06,061,CA,"Placer County",49,130,2207
49,049,53,053,WA,"Pierce County",49,95,1273
49,049,48,201,TX,"Harris County",46,96,4369
49,049,49,003,UT,"Box Elder County",44,104,1258
49,049,53,011,WA,"Clark County",44,103,1575
49,049,49,013,UT,"Duchesne County",43,102,1358
49,049,49,043,UT,"Summit County",42,90,1738
49,049,41,005,OR,"Clackamas County",41,94,1520
49,049,08,041,CO,"El Paso County",40,101,1330
49,049,49,015,UT,"Emery County",39,91,1266
49,049,06,001,CA,"Alameda County",38,92,1790
49,049,08,005,CO,"Arapahoe County",38,82,996
49,049,49,047,UT,"Uintah County",37,82,1097
49,049,04,019,AZ,"Pima County",36,113,2455
49,049,53,061,WA,"Snohomish County",36,83,1310
49,049,02,020,AK,"Anchorage Borough",35,66,920
49,049,06,029,CA,"Kern County",35,98,1272
49,049,06,077,CA,"San Joaquin County",34,106,2385
49,049,51,059,VA,"Fairfax County",34,91,2004
49,049,06,095,CA,"Solano County",32,80,1532
49,049,08,035,CO,"Douglas County",32,97,1649
49,049,32,031,NV,"Washoe County",32,68,1042
49,049,16,005,ID,"Bannock County",31,71,633
49,049,48,439,TX,"Tarrant County",31,68,1419
49,049,53,063,WA,"Spokane County",30,63,946
49,049,06,099,CA,"Stanislaus County",29,68,862
49,049,57,005,FR,"Foreign - APO/FPO ZIPs",29,78,1030
49,049,48,029,TX,"Bexar County",27,62,937
49,049,08,069,CO,"Larimer County",26,59,1000
49,049,56,041,WY,"Uinta County",26,45,602
49,049,16,031,ID,"Cassia County",25,46,675
49,049,35,045,NM,"San Juan County",25,58,789
49,049,06,019,CA,"Fresno County",24,57,1186
49,049,16,027,ID,"Canyon County",24,52,649
49,049,06,017,CA,"El Dorado County",23,68,1135
49,049,08,077,CO,"Mesa County",23,45,735
49,049,16,011,ID,"Bingham County",23,44,566
49,049,24,031,MD,"Montgomery County",22,45,840
49,049,48,085,TX,"Collin County",22,39,528
49,049,48,121,TX,"Denton County",22,66,1336
49,049,53,005,WA,"Benton County",22,46,559
49,049,35,001,NM,"Bernalillo County",20,40,664
49,049,41,039,OR,"Lane County",20,44,567
49,049,06,083,CA,"Santa Barbara County",19,39,399
49,049,30,111,MT,"Yellowstone County",19,41,675
49,049,08,059,CO,"Jefferson County",18,34,796
49,049,06,053,CA,"Monterey County",17,47,973
49,049,12,086,FL,"Miami Dade County",17,42,328
49,049,13,135,GA,"Gwinnett County",17,36,541
49,049,41,051,OR,"Multnomah County",17,33,373
49,049,48,113,TX,"Dallas County",17,27,851
49,049,48,453,TX,"Travis County",17,47,524
49,049,49,019,UT,"Grand County",17,35,580
49,049,53,035,WA,"Kitsap County",17,34,373
49,049,06,097,CA,"Sonoma County",16,45,779
49,049,51,013,VA,"Arlington County",16,30,842
49,049,04,015,AZ,"Mohave County",15,29,184
49,049,32,007,NV,"Elko County",15,30,495
49,049,41,017,OR,"Deschutes County",15,27,390
49,049,49,037,UT,"San Juan County",15,30,350
49,049,53,067,WA,"Thurston County",15,31,487
49,049,16,083,ID,"Twin Falls County",14,27,459
49,049,25,017,MA,"Middlesex County",14,24,332
49,049,40,143,OK,"Tulsa County",14,35,625
49,049,41,047,OR,"Marion County",14,28,551
49,049,04,005,AZ,"Coconino County",13,34,332
49,049,12,057,FL,"Hillsborough County",13,39,515
49,049,12,095,FL,"Orange County",13,31,320
49,049,17,043,IL,"Du Page County",13,26,559
49,049,41,029,OR,"Jackson County",13,23,384
49,049,48,491,TX,"Williamson County",13,36,405
49,049,51,153,VA,"Prince William Count",13,35,730
49,049,01,089,AL,"Madison County",12,23,395
49,049,04,003,AZ,"Cochise County",12,22,418
49,049,04,017,AZ,"Navajo County",12,31,301
49,049,06,107,CA,"Tulare County",12,33,448
49,049,08,013,CO,"Boulder County",12,27,294
49,049,08,031,CO,"Denver County",12,27,311
49,049,12,011,FL,"Broward County",12,35,507
49,049,36,061,NY,"New York County",12,19,358
49,049,06,007,CA,"Butte County",11,24,244
49,049,06,047,CA,"Merced County",11,38,497
49,049,06,057,CA,"Nevada County",11,23,379
49,049,12,009,FL,"Brevard County",11,26,324
49,049,16,041,ID,"Franklin County",11,24,233
49,049,17,031,IL,"Cook County",11,30,452
49,049,31,055,NE,"Douglas County",11,26,439
49,049,39,049,OH,"Franklin County",11,18,544
49,049,48,141,TX,"El Paso County",11,28,363
49,049,51,041,VA,"Chesterfield County",11,30,843
49,049,04,021,AZ,"Pinal County",10,24,232
49,049,04,025,AZ,"Yavapai County",10,27,556
49,049,06,079,CA,"San Luis Obispo Coun",10,22,452
49,049,12,117,FL,"Seminole County",10,25,245
49,049,16,055,ID,"Kootenai County",10,19,236
49,049,36,055,NY,"Monroe County",10,28,349
49,049,37,183,NC,"Wake County",10,25,549
49,049,49,001,UT,"Beaver County",10,23,334
49,049,49,029,UT,"Morgan County",10,26,393
49,049,53,025,WA,"Grant County",10,15,231
49,049,58,000,SS,"Other Flows - Same State",17,33,546
49,049,59,000,DS,"Other Flows - Diff State",2004,4662,69870
49,049,59,001,DS,"Other Flows - Northeast",251,572,11330
49,049,59,003,DS,"Other Flows - Midwest",495,1163,16083
49,049,59,005,DS,"Other Flows - South",629,1521,21867
49,049,59,007,DS,"Other Flows - West",629,1406,20590
49,049,57,009,FR,"Foreign - Other flows",293,351,2125
49,051,96,000,UT,"Wasatch County Tot Mig-US &",874,2205,51577
49,051,97,000,UT,"Wasatch County Tot Mig-US",874,2205,51577
49,051,97,001,UT,"Wasatch County Tot Mig-Same",565,1508,26739
49,051,97,003,UT,"Wasatch County Tot Mig-Diff",309,697,24838
49,051,98,000,UT,"Wasatch County Tot Mig-Fore",d,d,d
49,051,49,051,UT,"Wasatch County Non-Migrants",5032,14042,306202
49,051,49,043,UT,"Summit County",194,510,9244
49,051,49,035,UT,"Salt Lake County",136,315,6432
49,051,49,049,UT,"Utah County",125,389,6535
49,051,49,011,UT,"Davis County",20,60,1041
49,051,06,037,CA,"Los Angeles County",19,39,746
49,051,49,053,UT,"Washington County",18,40,793
49,051,49,057,UT,"Weber County",17,39,575
49,051,32,003,NV,"Clark County",16,44,929
49,051,49,005,UT,"Cache County",11,34,295
49,051,58,000,SS,"Other Flows - Same State",44,121,1824
49,051,59,000,DS,"Other Flows - Diff State",274,614,23162
49,051,59,001,DS,"Other Flows - Northeast",22,38,1619
49,051,59,003,DS,"Other Flows - Midwest",35,80,3560
49,051,59,005,DS,"Other Flows - South",50,109,4378
49,051,59,007,DS,"Other Flows - West",167,387,13606
49,053,96,000,UT,"Washington Coun Tot Mig-US",4710,10697,212813
49,053,97,000,UT,"Washington Coun Tot Mig-US",4685,10656,211199
49,053,97,001,UT,"Washington Coun Tot Mig-Sam",1865,4152,71100
49,053,97,003,UT,"Washington Coun Tot Mig-Dif",2820,6504,140099
49,053,98,000,UT,"Washington Coun Tot Mig-For",25,41,1614
49,053,49,053,UT,"Washington Coun Non-Migrant",31997,81783,1706624
49,053,49,035,UT,"Salt Lake County",568,1200,22865
49,053,32,003,NV,"Clark County",477,1161,24141
49,053,49,049,UT,"Utah County",313,795,12818
49,053,49,021,UT,"Iron County",238,515,7315
49,053,06,037,CA,"Los Angeles County",196,452,9637
49,053,49,011,UT,"Davis County",148,322,7171
49,053,06,065,CA,"Riverside County",108,236,5198
49,053,04,013,AZ,"Maricopa County",106,282,4926
49,053,06,073,CA,"San Diego County",106,244,6162
49,053,49,057,UT,"Weber County",103,250,3940
49,053,04,015,AZ,"Mohave County",85,250,1961
49,053,06,059,CA,"Orange County",83,206,6086
49,053,06,071,CA,"San Bernardino Count",76,186,3332
49,053,49,005,UT,"Cache County",73,177,2636
49,053,49,041,UT,"Sevier County",60,117,1625
49,053,49,039,UT,"Sanpete County",42,107,1380
49,053,04,005,AZ,"Coconino County",38,80,1077
49,053,49,003,UT,"Box Elder County",33,80,1276
49,053,49,027,UT,"Millard County",33,67,986
49,053,49,045,UT,"Tooele County",32,72,1370
49,053,49,017,UT,"Garfield County",31,60,770
49,053,49,025,UT,"Kane County",30,54,918
49,053,49,001,UT,"Beaver County",25,64,724
49,053,53,033,WA,"King County",25,50,1811
49,053,06,029,CA,"Kern County",24,55,735
49,053,06,083,CA,"Santa Barbara County",22,46,658
49,053,06,111,CA,"Ventura County",22,44,1161
49,053,06,067,CA,"Sacramento County",20,38,1283
49,053,32,031,NV,"Washoe County",18,41,833
49,053,49,051,UT,"Wasatch County",18,38,827
49,053,06,001,CA,"Alameda County",17,33,1828
49,053,15,003,HI,"Honolulu County",17,34,770
49,053,49,043,UT,"Summit County",17,36,1033
49,053,16,001,ID,"Ada County",16,37,927
49,053,49,055,UT,"Wayne County",16,33,445
49,053,06,077,CA,"San Joaquin County",15,45,830
49,053,06,013,CA,"Contra Costa County",14,34,1891
49,053,49,007,UT,"Carbon County",14,25,556
49,053,56,023,WY,"Lincoln County",14,22,362
49,053,06,085,CA,"Santa Clara County",13,30,819
49,053,16,005,ID,"Bannock County",13,31,664
49,053,32,023,NV,"Nye County",13,26,643
49,053,56,041,WY,"Uinta County",13,21,352
49,053,57,005,FR,"Foreign - APO/FPO ZIPs",13,22,813
49,053,06,061,CA,"Placer County",12,20,467
49,053,06,079,CA,"San Luis Obispo Coun",12,25,472
49,053,17,031,IL,"Cook County",12,22,571
49,053,49,037,UT,"San Juan County",12,27,344
49,053,04,019,AZ,"Pima County",11,17,409
49,053,04,025,AZ,"Yavapai County",11,27,314
49,053,06,053,CA,"Monterey County",11,26,480
49,053,06,097,CA,"Sonoma County",11,21,677
49,053,08,035,CO,"Douglas County",11,32,1051
49,053,35,001,NM,"Bernalillo County",11,23,359
49,053,41,067,OR,"Washington County",11,24,585
49,053,56,037,WY,"Sweetwater County",11,24,394
49,053,06,099,CA,"Stanislaus County",10,37,315
49,053,08,013,CO,"Boulder County",10,21,338
49,053,08,069,CO,"Larimer County",10,31,387
49,053,49,015,UT,"Emery County",10,16,354
49,053,49,019,UT,"Grand County",10,17,391
49,053,49,031,UT,"Piute County",10,15,205
49,053,58,000,SS,"Other Flows - Same State",29,65,1151
49,053,59,000,DS,"Other Flows - Diff State",1115,2470,55194
49,053,59,001,DS,"Other Flows - Northeast",86,168,4354
49,053,59,003,DS,"Other Flows - Midwest",223,478,13055
49,053,59,005,DS,"Other Flows - South",268,604,13665
49,053,59,007,DS,"Other Flows - West",538,1220,24121
49,053,57,009,FR,"Foreign - Other flows",12,19,801
49,055,96,000,UT,"Wayne County Tot Mig-US & F",93,189,2547
49,055,97,000,UT,"Wayne County Tot Mig-US",93,189,2547
49,055,97,001,UT,"Wayne County Tot Mig-Same S",42,101,1155
49,055,97,003,UT,"Wayne County Tot Mig-Diff S",51,88,1392
49,055,98,000,UT,"Wayne County Tot Mig-Foreig",d,d,d
49,055,49,055,UT,"Wayne County Non-Migrants",701,1816,25004
49,055,49,035,UT,"Salt Lake County",18,28,463
49,055,58,000,SS,"Other Flows - Same State",24,73,692
49,055,59,000,DS,"Other Flows - Diff State",51,88,1392
49,057,96,000,UT,"Weber County Tot Mig-US & F",5335,11887,196841
49,057,97,000,UT,"Weber County Tot Mig-US",5242,11648,193153
49,057,97,001,UT,"Weber County Tot Mig-Same S",3238,7140,112793
49,057,97,003,UT,"Weber County Tot Mig-Diff S",2004,4508,80360
49,057,98,000,UT,"Weber County Tot Mig-Foreig",93,239,3688
49,057,49,057,UT,"Weber County Non-Migrants",66831,163950,3354204
49,057,49,011,UT,"Davis County",1948,4337,70179
49,057,49,035,UT,"Salt Lake County",488,988,15752
49,057,49,003,UT,"Box Elder County",247,579,8042
49,057,49,005,UT,"Cache County",124,296,4122
49,057,49,049,UT,"Utah County",113,260,3750
49,057,06,037,CA,"Los Angeles County",111,275,3327
49,057,49,029,UT,"Morgan County",107,211,3837
49,057,32,003,NV,"Clark County",84,207,3807
49,057,57,005,FR,"Foreign - APO/FPO ZIPs",79,203,3090
49,057,04,013,AZ,"Maricopa County",59,129,2524
49,057,49,053,UT,"Washington County",52,109,1686
49,057,06,073,CA,"San Diego County",40,103,1624
49,057,49,045,UT,"Tooele County",33,79,1278
49,057,06,071,CA,"San Bernardino Count",28,67,936
49,057,06,059,CA,"Orange County",27,79,2395
49,057,06,065,CA,"Riverside County",27,69,832
49,057,06,067,CA,"Sacramento County",23,68,913
49,057,04,019,AZ,"Pima County",21,43,753
49,057,08,041,CO,"El Paso County",19,42,679
49,057,16,001,ID,"Ada County",19,36,594
49,057,16,005,ID,"Bannock County",19,57,443
49,057,49,043,UT,"Summit County",19,43,574
49,057,48,029,TX,"Bexar County",17,37,469
49,057,48,201,TX,"Harris County",17,45,1638
49,057,49,047,UT,"Uintah County",16,38,514
49,057,06,001,CA,"Alameda County",15,49,797
49,057,06,019,CA,"Fresno County",15,39,409
49,057,15,003,HI,"Honolulu County",15,42,887
49,057,08,005,CO,"Arapahoe County",14,31,839
49,057,08,077,CO,"Mesa County",14,30,684
49,057,16,083,ID,"Twin Falls County",14,33,1209
49,057,56,041,WY,"Uinta County",14,19,315
49,057,04,015,AZ,"Mohave County",13,23,410
49,057,06,013,CA,"Contra Costa County",13,22,867
49,057,06,085,CA,"Santa Clara County",13,37,638
49,057,17,031,IL,"Cook County",13,36,467
49,057,53,063,WA,"Spokane County",13,31,299
49,057,06,111,CA,"Ventura County",12,40,433
49,057,32,031,NV,"Washoe County",12,30,566
49,057,49,007,UT,"Carbon County",12,31,271
49,057,49,021,UT,"Iron County",12,24,374
49,057,48,439,TX,"Tarrant County",11,24,366
49,057,53,053,WA,"Pierce County",11,25,297
49,057,08,013,CO,"Boulder County",10,13,325
49,057,16,027,ID,"Canyon County",10,24,249
49,057,35,001,NM,"Bernalillo County",10,33,583
49,057,41,067,OR,"Washington County",10,16,373
49,057,49,039,UT,"Sanpete County",10,21,198
49,057,49,051,UT,"Wasatch County",10,27,627
49,057,58,000,SS,"Other Flows - Same State",47,97,1589
49,057,59,000,DS,"Other Flows - Diff State",1241,2654,48414
49,057,59,001,DS,"Other Flows - Northeast",91,187,3694
49,057,59,003,DS,"Other Flows - Midwest",221,454,10282
49,057,59,005,DS,"Other Flows - South",400,877,17390
49,057,59,007,DS,"Other Flows - West",529,1136,17047
49,057,57,009,FR,"Foreign - Other flows",14,36,598
