"1995-1996 County To County Migration Outflows",,,,,,Maryland,,
"(Aggregate money amounts in thousands of dollars)",,,,,,,,
,,,,,,,,
"Migration from",,"Migration into",,,,Number,Number,Aggregate
Maryland,,,,,,of,of,adjusted
State,County,State,County,State,"State totals, county totals,",Returns,Exemptions,Gross
"FIPS Code",,,,,"and county by county detail",,,Income
,,,,,,,,
24,000,96,000,MD,"Total Mig - US & For",140349,265830,5085317
24,000,97,000,MD,"Total Mig - US",137212,259130,4982003
24,000,97,001,MD,"Total Mig - US Same St",68396,128270,2288428
24,000,97,003,MD,"Total Mig - US Diff St",68816,130860,2693575
24,000,98,000,MD,"Total Mig - Foreign",3137,6700,103314
24,001,96,000,MD,"Allegany County Tot Mig-US & For",1124,2184,31553
24,001,97,000,MD,"Allegany County Tot Mig-US",1110,2159,31375
24,001,97,001,MD,"Allegany County Tot Mig-Same St",292,505,7015
24,001,97,003,MD,"Allegany County Tot Mig-Diff St",818,1654,24361
24,001,98,000,MD,"Allegany County Tot Mig-Foreign",14,25,178
24,001,24,001,MD,"Allegany County Non-Migrants",24857,54182,776227
24,001,54,057,WV,"Mineral County",164,353,4818
24,001,24,023,MD,"Garrett County",59,138,1824
24,001,24,043,MD,"Washington County",46,96,922
24,001,42,009,PA,"Bedford County",38,78,1176
24,001,24,021,MD,"Frederick County",36,48,617
24,001,24,031,MD,"Montgomery County",27,42,1143
24,001,24,005,MD,"Baltimore County",25,35,470
24,001,54,027,WV,"Hampshire County",23,50,573
24,001,24,003,MD,"Anne Arundel County",21,30,417
24,001,42,111,PA,"Somerset County",19,41,448
24,001,51,059,VA,"Fairfax County",15,20,318
24,001,24,033,MD,"Prince George's Coun",14,20,230
24,001,24,510,MD,Baltimore,14,17,199
24,001,54,003,WV,"Berkeley County",14,24,276
24,001,12,031,FL,"Duval County",12,30,585
24,001,24,027,MD,"Howard County",12,13,256
24,001,42,003,PA,"Allegheny County",12,21,361
24,001,51,041,VA,"Chesterfield County",12,41,1024
24,001,51,069,VA,"Frederick County",12,22,289
24,001,54,061,WV,"Monongalia County",10,15,304
24,001,58,000,SS,"Other Flows - Same State",38,66,936
24,001,59,000,DS,"Other Flows - Diff State",487,959,14189
24,001,59,001,DS,"Other Flows - Northeast",95,171,2197
24,001,59,003,DS,"Other Flows - Midwest",62,125,1940
24,001,59,005,DS,"Other Flows - South",279,562,8029
24,001,59,007,DS,"Other Flows - West",51,101,2023
24,001,57,009,FR,"Foreign - Other flows",14,25,178
24,003,96,000,MD,"Anne Arundel Co Tot Mig-US & For",14071,27444,514616
24,003,97,000,MD,"Anne Arundel Co Tot Mig-US",13471,25948,494143
24,003,97,001,MD,"Anne Arundel Co Tot Mig-Same St",6318,11662,206845
24,003,97,003,MD,"Anne Arundel Co Tot Mig-Diff St",7153,14286,287298
24,003,98,000,MD,"Anne Arundel Co Tot Mig-Foreign",600,1496,20473
24,003,24,003,MD,"Anne Arundel Co Non-Migrants",168727,371520,8227245
24,003,24,005,MD,"Baltimore County",1272,2242,38002
24,003,24,033,MD,"Prince George's Coun",1163,2075,34020
24,003,24,510,MD,Baltimore,907,1571,21152
24,003,24,027,MD,"Howard County",880,1588,31689
24,003,57,005,FR,"Foreign - APO/FPO ZIPs",535,1336,18057
24,003,24,035,MD,"Queen Anne's County",426,875,20769
24,003,24,031,MD,"Montgomery County",371,603,14135
24,003,24,009,MD,"Calvert County",262,541,9297
24,003,51,059,VA,"Fairfax County",228,436,11037
24,003,24,013,MD,"Carroll County",213,479,9540
24,003,48,029,TX,"Bexar County",148,363,4864
24,003,12,033,FL,"Escambia County",146,202,2899
24,003,24,025,MD,"Harford County",142,330,6190
24,003,11,001,DC,"District Of Columbia",123,203,5503
24,003,24,017,MD,"Charles County",103,192,3717
24,003,24,047,MD,"Worcester County",101,174,2927
24,003,06,073,CA,"San Diego County",96,187,3485
24,003,51,810,VA,"Virginia Beach",95,179,2887
24,003,24,021,MD,"Frederick County",88,185,3259
24,003,15,003,HI,"Honolulu County",85,222,3070
24,003,24,011,MD,"Caroline County",85,203,2415
24,003,12,011,FL,"Broward County",71,154,3153
24,003,10,005,DE,"Sussex County",69,122,2692
24,003,04,013,AZ,"Maricopa County",64,112,2610
24,003,24,041,MD,"Talbot County",62,120,2184
24,003,06,037,CA,"Los Angeles County",61,93,1897
24,003,51,013,VA,"Arlington County",60,78,2120
24,003,12,095,FL,"Orange County",58,101,1896
24,003,51,153,VA,"Prince William Count",57,108,2296
24,003,12,057,FL,"Hillsborough County",56,111,2330
24,003,42,133,PA,"York County",56,126,2233
24,003,17,031,IL,"Cook County",55,81,2466
24,003,12,031,FL,"Duval County",51,122,1745
24,003,24,045,MD,"Wicomico County",51,86,1112
24,003,10,003,DE,"New Castle County",50,81,2433
24,003,37,119,NC,"Mecklenburg County",50,86,2340
24,003,24,037,MD,"St Mary's County",49,93,1662
24,003,51,510,VA,Alexandria,49,64,1710
24,003,12,009,FL,"Brevard County",47,83,1625
24,003,12,103,FL,"Pinellas County",47,90,1909
24,003,37,051,NC,"Cumberland County",47,105,1232
24,003,37,183,NC,"Wake County",46,91,2300
24,003,42,003,PA,"Allegheny County",45,87,1872
24,003,51,107,VA,"Loudoun County",45,97,2060
24,003,13,245,GA,"Richmond County",43,95,1483
24,003,48,201,TX,"Harris County",43,84,1829
24,003,51,710,VA,Norfolk,42,71,885
24,003,08,041,CO,"El Paso County",39,88,1276
24,003,24,043,MD,"Washington County",39,105,1423
24,003,25,017,MA,"Middlesex County",39,62,1603
24,003,36,061,NY,"New York County",39,52,2379
24,003,45,051,SC,"Horry County",38,66,1494
24,003,13,067,GA,"Cobb County",36,72,1337
24,003,42,091,PA,"Montgomery County",36,62,1269
24,003,37,133,NC,"Onslow County",35,87,840
24,003,12,099,FL,"Palm Beach County",34,46,2538
24,003,42,101,PA,"Philadelphia County",34,43,277
24,003,06,085,CA,"Santa Clara County",33,56,1897
24,003,04,019,AZ,"Pima County",32,65,1187
24,003,13,121,GA,"Fulton County",32,55,2072
24,003,44,005,RI,"Newport County",32,53,899
24,003,06,059,CA,"Orange County",30,51,1767
24,003,24,019,MD,"Dorchester County",30,58,1224
24,003,06,053,CA,"Monterey County",29,82,976
24,003,06,075,CA,"San Francisco County",29,44,1197
24,003,12,025,FL,"Dade County",29,50,1537
24,003,12,071,FL,"Lee County",29,44,4263
24,003,45,019,SC,"Charleston County",29,46,950
24,003,53,033,WA,"King County",29,43,1304
24,003,32,003,NV,"Clark County",28,55,1089
24,003,42,001,PA,"Adams County",27,54,870
24,003,13,073,GA,"Columbia County",26,73,1556
24,003,51,550,VA,Chesapeake,26,72,964
24,003,54,003,WV,"Berkeley County",26,47,673
24,003,08,005,CO,"Arapahoe County",25,73,1189
24,003,12,105,FL,"Polk County",25,51,625
24,003,48,027,TX,"Bell County",25,60,673
24,003,48,439,TX,"Tarrant County",24,43,984
24,003,51,041,VA,"Chesterfield County",24,56,897
24,003,12,015,FL,"Charlotte County",23,35,981
24,003,12,127,FL,"Volusia County",23,40,579
24,003,13,089,GA,"De Kalb County",23,36,616
24,003,35,001,NM,"Bernalillo County",23,43,743
24,003,39,035,OH,"Cuyahoga County",23,49,1154
24,003,39,049,OH,"Franklin County",23,56,894
24,003,48,453,TX,"Travis County",23,36,970
24,003,09,001,CT,"Fairfield County",22,44,2270
24,003,42,029,PA,"Chester County",22,53,1270
24,003,45,079,SC,"Richland County",22,41,741
24,003,48,355,TX,"Nueces County",22,33,767
24,003,51,087,VA,"Henrico County",22,38,1008
24,003,12,115,FL,"Sarasota County",21,35,1741
24,003,47,037,TN,"Davidson County",21,31,528
24,003,06,001,CA,"Alameda County",20,37,716
24,003,13,051,GA,"Chatham County",20,38,755
24,003,13,063,GA,"Clayton County",20,48,844
24,003,24,029,MD,"Kent County",20,46,638
24,003,34,005,NJ,"Burlington County",20,38,784
24,003,37,081,NC,"Guilford County",20,33,611
24,003,37,129,NC,"New Hanover County",20,38,793
24,003,47,157,TN,"Shelby County",20,50,953
24,003,08,013,CO,"Boulder County",19,21,439
24,003,12,087,FL,"Monroe County",19,31,750
24,003,12,113,FL,"Santa Rosa County",19,32,474
24,003,12,117,FL,"Seminole County",19,48,985
24,003,13,135,GA,"Gwinnett County",19,41,881
24,003,34,007,NJ,"Camden County",19,26,431
24,003,42,071,PA,"Lancaster County",19,41,769
24,003,06,071,CA,"San Bernardino Count",18,44,518
24,003,12,083,FL,"Marion County",18,33,624
24,003,24,015,MD,"Cecil County",18,30,746
24,003,26,125,MI,"Oakland County",18,28,551
24,003,51,650,VA,Hampton,18,41,423
24,003,53,053,WA,"Pierce County",18,42,414
24,003,01,073,AL,"Jefferson County",17,38,589
24,003,10,001,DE,"Kent County",17,37,503
24,003,24,001,MD,"Allegany County",17,25,380
24,003,36,029,NY,"Erie County",17,32,719
24,003,48,113,TX,"Dallas County",17,36,787
24,003,06,067,CA,"Sacramento County",16,21,355
24,003,12,081,FL,"Manatee County",16,35,1225
24,003,12,091,FL,"Okaloosa County",16,39,712
24,003,29,189,MO,"St Louis County",16,31,917
24,003,33,011,NH,"Hillsborough County",16,43,1107
24,003,42,045,PA,"Delaware County",16,34,980
24,003,48,085,TX,"Collin County",16,29,882
24,003,51,179,VA,"Stafford County",16,34,508
24,003,51,760,VA,Richmond,16,20,360
24,003,04,003,AZ,"Cochise County",15,37,536
24,003,09,011,CT,"New London County",15,36,603
24,003,12,019,FL,"Clay County",15,31,604
24,003,12,111,FL,"St Lucie County",15,27,389
24,003,13,059,GA,"Clarke County",15,23,250
24,003,25,025,MA,"Suffolk County",15,15,741
24,003,28,047,MS,"Harrison County",15,35,547
24,003,42,017,PA,"Bucks County",15,28,561
24,003,47,125,TN,"Montgomery County",15,52,539
24,003,48,141,TX,"El Paso County",15,44,638
24,003,51,001,VA,"Accomack County",15,40,582
24,003,51,003,VA,"Albemarle County",15,28,809
24,003,51,177,VA,"Spotsylvania County",15,41,681
24,003,51,700,VA,"Newport News",15,33,474
24,003,54,037,WV,"Jefferson County",15,32,544
24,003,57,003,FR,"Foreign - Puerto Rico",15,41,509
24,003,02,020,AK,"Anchorage Borough",14,26,433
24,003,08,031,CO,"Denver County",14,21,325
24,003,13,179,GA,"Liberty County",14,42,470
24,003,34,023,NJ,"Middlesex County",14,30,461
24,003,36,091,NY,"Saratoga County",14,25,543
24,003,09,009,CT,"New Haven County",13,18,331
24,003,12,021,FL,"Collier County",13,29,795
24,003,12,097,FL,"Osceola County",13,23,245
24,003,18,097,IN,"Marion County",13,30,569
24,003,27,053,MN,"Hennepin County",13,30,3263
24,003,36,103,NY,"Suffolk County",13,20,324
24,003,37,019,NC,"Brunswick County",13,28,447
24,003,42,041,PA,"Cumberland County",13,32,452
24,003,42,129,PA,"Westmoreland County",13,26,478
24,003,45,015,SC,"Berkeley County",13,23,371
24,003,49,035,UT,"Salt Lake County",13,30,589
24,003,54,033,WV,"Harrison County",13,30,422
24,003,06,081,CA,"San Mateo County",12,16,606
24,003,08,035,CO,"Douglas County",12,35,892
24,003,12,085,FL,"Martin County",12,19,1342
24,003,13,215,GA,"Muscogee County",12,29,354
24,003,25,021,MA,"Norfolk County",12,23,525
24,003,36,047,NY,"Kings County",12,22,275
24,003,37,063,NC,"Durham County",12,25,560
24,003,40,031,OK,"Comanche County",12,33,374
24,003,42,055,PA,"Franklin County",12,30,619
24,003,45,013,SC,"Beaufort County",12,23,542
24,003,51,121,VA,"Montgomery County",12,17,165
24,003,06,065,CA,"Riverside County",11,18,353
24,003,12,035,FL,"Flagler County",11,20,884
24,003,12,061,FL,"Indian River County",11,14,402
24,003,21,093,KY,"Hardin County",11,36,600
24,003,23,005,ME,"Cumberland County",11,23,1094
24,003,25,009,MA,"Essex County",11,22,451
24,003,25,027,MA,"Worcester County",11,22,428
24,003,34,029,NJ,"Ocean County",11,20,2244
24,003,36,059,NY,"Nassau County",11,20,544
24,003,36,067,NY,"Onondaga County",11,21,392
24,003,36,119,NY,"Westchester County",11,15,248
24,003,37,067,NC,"Forsyth County",11,18,475
24,003,39,061,OH,"Hamilton County",11,20,390
24,003,40,109,OK,"Oklahoma County",11,17,343
24,003,42,051,PA,"Fayette County",11,24,380
24,003,51,740,VA,Portsmouth,11,26,283
24,003,53,035,WA,"Kitsap County",11,29,396
24,003,54,027,WV,"Hampshire County",11,25,353
24,003,02,090,AK,"Fairbanks North Star",10,25,215
24,003,09,003,CT,"Hartford County",10,21,558
24,003,12,005,FL,"Bay County",10,15,306
24,003,12,069,FL,"Lake County",10,18,224
24,003,12,101,FL,"Pasco County",10,23,595
24,003,12,109,FL,"St Johns County",10,15,586
24,003,20,103,KS,"Leavenworth County",10,39,491
24,003,21,111,KY,"Jefferson County",10,21,503
24,003,22,071,LA,"Orleans Parish",10,18,282
24,003,26,163,MI,"Wayne County",10,15,356
24,003,34,025,NJ,"Monmouth County",10,27,507
24,003,36,055,NY,"Monroe County",10,14,448
24,003,36,081,NY,"Queens County",10,14,234
24,003,42,011,PA,"Berks County",10,14,410
24,003,45,063,SC,"Lexington County",10,20,496
24,003,55,079,WI,"Milwaukee County",10,21,231
24,003,58,000,SS,"Other Flows - Same State",19,41,363
24,003,59,000,DS,"Other Flows - Diff State",2272,4845,87263
24,003,59,001,DS,"Other Flows - Northeast",447,871,16629
24,003,59,003,DS,"Other Flows - Midwest",471,1056,18748
24,003,59,005,DS,"Other Flows - South",1065,2298,40273
24,003,59,007,DS,"Other Flows - West",289,620,11614
24,003,57,009,FR,"Foreign - Other flows",50,119,1906
24,005,96,000,MD,"Baltimore Count Tot Mig-US & For",19613,36534,711688
24,005,97,000,MD,"Baltimore Count Tot Mig-US",19459,36249,706449
24,005,97,001,MD,"Baltimore Count Tot Mig-Same St",12381,23151,412430
24,005,97,003,MD,"Baltimore Count Tot Mig-Diff St",7078,13098,294019
24,005,98,000,MD,"Baltimore Count Tot Mig-Foreign",154,285,5239
24,005,24,005,MD,"Baltimore Count Non-Migrants",274564,578101,12814079
24,005,24,510,MD,Baltimore,5185,9561,134449
24,005,24,025,MD,"Harford County",1932,3856,75157
24,005,24,027,MD,"Howard County",1454,2561,58310
24,005,24,003,MD,"Anne Arundel County",1246,2294,41755
24,005,24,013,MD,"Carroll County",1206,2617,51153
24,005,42,133,PA,"York County",469,1014,17659
24,005,24,031,MD,"Montgomery County",349,541,13588
24,005,24,033,MD,"Prince George's Coun",294,474,8101
24,005,24,047,MD,"Worcester County",162,262,6639
24,005,51,059,VA,"Fairfax County",152,238,5983
24,005,24,021,MD,"Frederick County",114,204,5333
24,005,36,061,NY,"New York County",109,113,3693
24,005,12,099,FL,"Palm Beach County",94,165,8619
24,005,42,001,PA,"Adams County",91,194,3195
24,005,10,005,DE,"Sussex County",90,179,4155
24,005,11,001,DC,"District Of Columbia",84,106,2156
24,005,12,011,FL,"Broward County",83,147,3068
24,005,24,015,MD,"Cecil County",80,153,3542
24,005,04,013,AZ,"Maricopa County",79,144,3291
24,005,10,003,DE,"New Castle County",76,132,3309
24,005,42,101,PA,"Philadelphia County",72,99,1597
24,005,06,037,CA,"Los Angeles County",70,113,2593
24,005,06,073,CA,"San Diego County",70,110,2009
24,005,12,103,FL,"Pinellas County",70,118,2182
24,005,17,031,IL,"Cook County",70,112,3901
24,005,42,091,PA,"Montgomery County",69,131,3118
24,005,57,005,FR,"Foreign - APO/FPO ZIPs",67,122,1774
24,005,37,119,NC,"Mecklenburg County",65,129,3396
24,005,42,003,PA,"Allegheny County",65,125,3024
24,005,24,035,MD,"Queen Anne's County",60,108,3519
24,005,25,017,MA,"Middlesex County",58,88,2045
24,005,51,013,VA,"Arlington County",55,65,1911
24,005,37,183,NC,"Wake County",54,111,2723
24,005,12,031,FL,"Duval County",53,102,2518
24,005,13,121,GA,"Fulton County",53,97,2702
24,005,12,025,FL,"Dade County",49,83,2522
24,005,12,057,FL,"Hillsborough County",49,78,2027
24,005,24,043,MD,"Washington County",49,85,1945
24,005,48,201,TX,"Harris County",48,81,1815
24,005,13,089,GA,"De Kalb County",47,84,1727
24,005,42,029,PA,"Chester County",47,107,4487
24,005,24,045,MD,"Wicomico County",45,69,1428
24,005,13,067,GA,"Cobb County",43,83,2542
24,005,32,003,NV,"Clark County",42,91,2761
24,005,51,810,VA,"Virginia Beach",41,67,1316
24,005,12,095,FL,"Orange County",40,74,1449
24,005,51,087,VA,"Henrico County",40,70,2215
24,005,48,113,TX,"Dallas County",38,78,1698
24,005,36,103,NY,"Suffolk County",37,51,1114
24,005,51,153,VA,"Prince William Count",36,62,1148
24,005,06,075,CA,"San Francisco County",35,39,1160
24,005,36,047,NY,"Kings County",35,54,700
24,005,51,510,VA,Alexandria,35,40,1040
24,005,06,059,CA,"Orange County",34,64,1509
24,005,12,127,FL,"Volusia County",34,57,977
24,005,42,017,PA,"Bucks County",34,72,1680
24,005,36,081,NY,"Queens County",33,58,738
24,005,42,043,PA,"Dauphin County",33,61,1413
24,005,12,071,FL,"Lee County",32,58,1637
24,005,42,045,PA,"Delaware County",32,50,1507
24,005,13,135,GA,"Gwinnett County",30,82,1566
24,005,24,001,MD,"Allegany County",30,48,591
24,005,34,023,NJ,"Middlesex County",30,42,807
24,005,39,049,OH,"Franklin County",30,60,987
24,005,12,009,FL,"Brevard County",29,51,1118
24,005,25,025,MA,"Suffolk County",29,33,862
24,005,12,115,FL,"Sarasota County",28,49,2813
24,005,24,017,MD,"Charles County",28,42,982
24,005,34,027,NJ,"Morris County",27,52,1941
24,005,37,051,NC,"Cumberland County",27,48,701
24,005,51,107,VA,"Loudoun County",27,62,1336
24,005,09,001,CT,"Fairfield County",25,61,2158
24,005,26,125,MI,"Oakland County",25,50,1751
24,005,37,081,NC,"Guilford County",25,46,792
24,005,39,035,OH,"Cuyahoga County",25,54,1438
24,005,51,760,VA,Richmond,25,39,1284
24,005,08,041,CO,"El Paso County",24,45,825
24,005,17,043,IL,"Du Page County",24,48,1222
24,005,25,021,MA,"Norfolk County",24,37,1232
24,005,29,189,MO,"St Louis County",24,58,1319
24,005,42,071,PA,"Lancaster County",24,39,728
24,005,36,059,NY,"Nassau County",23,34,884
24,005,39,061,OH,"Hamilton County",23,61,2884
24,005,54,003,WV,"Berkeley County",23,52,889
24,005,12,101,FL,"Pasco County",22,49,585
24,005,34,003,NJ,"Bergen County",22,34,1937
24,005,47,037,TN,"Davidson County",22,31,993
24,005,51,710,VA,Norfolk,22,29,497
24,005,06,085,CA,"Santa Clara County",21,40,1225
24,005,10,001,DE,"Kent County",21,38,700
24,005,12,081,FL,"Manatee County",21,31,702
24,005,12,117,FL,"Seminole County",21,31,897
24,005,34,035,NJ,"Somerset County",21,41,1552
24,005,37,133,NC,"Onslow County",21,37,282
24,005,42,041,PA,"Cumberland County",21,43,904
24,005,45,051,SC,"Horry County",21,40,742
24,005,48,453,TX,"Travis County",21,36,1405
24,005,08,005,CO,"Arapahoe County",20,37,819
24,005,09,003,CT,"Hartford County",20,41,1114
24,005,17,097,IL,"Lake County",20,39,1919
24,005,24,009,MD,"Calvert County",20,40,910
24,005,24,019,MD,"Dorchester County",20,34,1064
24,005,24,037,MD,"St Mary's County",20,33,386
24,005,34,005,NJ,"Burlington County",20,43,991
24,005,34,025,NJ,"Monmouth County",20,42,1177
24,005,04,019,AZ,"Pima County",19,31,583
24,005,08,013,CO,"Boulder County",19,24,578
24,005,24,011,MD,"Caroline County",19,43,545
24,005,24,023,MD,"Garrett County",19,40,817
24,005,24,041,MD,"Talbot County",19,38,1248
24,005,26,163,MI,"Wayne County",19,33,880
24,005,34,013,NJ,"Essex County",19,30,609
24,005,36,055,NY,"Monroe County",19,32,844
24,005,42,011,PA,"Berks County",19,41,708
24,005,48,027,TX,"Bell County",19,35,340
24,005,51,700,VA,"Newport News",19,30,447
24,005,53,033,WA,"King County",19,35,781
24,005,13,051,GA,"Chatham County",18,37,596
24,005,15,003,HI,"Honolulu County",18,34,598
24,005,25,009,MA,"Essex County",18,31,769
24,005,48,029,TX,"Bexar County",18,47,757
24,005,51,003,VA,"Albemarle County",18,35,1055
24,005,51,041,VA,"Chesterfield County",18,41,950
24,005,54,027,WV,"Hampshire County",18,40,381
24,005,06,001,CA,"Alameda County",17,24,864
24,005,09,009,CT,"New Haven County",17,44,1033
24,005,12,021,FL,"Collier County",17,27,1419
24,005,34,039,NJ,"Union County",17,27,861
24,005,36,119,NY,"Westchester County",17,30,1386
24,005,45,079,SC,"Richland County",17,26,527
24,005,12,033,FL,"Escambia County",16,32,324
24,005,12,105,FL,"Polk County",16,29,470
24,005,24,039,MD,"Somerset County",16,29,360
24,005,34,017,NJ,"Hudson County",16,30,579
24,005,37,063,NC,"Durham County",16,29,510
24,005,39,153,OH,"Summit County",16,29,789
24,005,34,007,NJ,"Camden County",15,23,727
24,005,42,055,PA,"Franklin County",15,31,518
24,005,12,001,FL,"Alachua County",13,18,186
24,005,12,019,FL,"Clay County",13,22,255
24,005,12,087,FL,"Monroe County",13,23,497
24,005,13,063,GA,"Clayton County",13,30,279
24,005,25,027,MA,"Worcester County",13,18,318
24,005,33,011,NH,"Hillsborough County",13,34,928
24,005,34,021,NJ,"Mercer County",13,27,632
24,005,45,019,SC,"Charleston County",13,24,1451
24,005,48,121,TX,"Denton County",13,27,591
24,005,48,439,TX,"Tarrant County",13,29,765
24,005,49,035,UT,"Salt Lake County",13,20,393
24,005,51,161,VA,"Roanoke County",13,20,552
24,005,01,073,AL,"Jefferson County",12,31,679
24,005,06,013,CA,"Contra Costa County",12,23,959
24,005,12,083,FL,"Marion County",12,22,323
24,005,22,071,LA,"Orleans Parish",12,20,521
24,005,36,029,NY,"Erie County",12,18,400
24,005,42,077,PA,"Lehigh County",12,23,502
24,005,45,045,SC,"Greenville County",12,25,323
24,005,51,177,VA,"Spotsylvania County",12,25,392
24,005,54,037,WV,"Jefferson County",12,22,307
24,005,54,061,WV,"Monongalia County",12,20,178
24,005,54,065,WV,"Morgan County",12,26,278
24,005,06,067,CA,"Sacramento County",11,23,317
24,005,08,031,CO,"Denver County",11,21,473
24,005,12,069,FL,"Lake County",11,18,210
24,005,12,111,FL,"St Lucie County",11,21,278
24,005,18,097,IN,"Marion County",11,22,489
24,005,23,005,ME,"Cumberland County",11,16,332
24,005,25,001,MA,"Barnstable County",11,12,317
24,005,26,161,MI,"Washtenaw County",11,16,482
24,005,27,053,MN,"Hennepin County",11,18,288
24,005,37,129,NC,"New Hanover County",11,21,313
24,005,42,027,PA,"Centre County",11,19,426
24,005,55,079,WI,"Milwaukee County",11,12,451
24,005,12,097,FL,"Osceola County",10,19,308
24,005,18,003,IN,"Allen County",10,21,482
24,005,37,021,NC,"Buncombe County",10,14,227
24,005,37,035,NC,"Catawba County",10,18,387
24,005,37,067,NC,"Forsyth County",10,16,326
24,005,37,135,NC,"Orange County",10,16,546
24,005,41,051,OR,"Multnomah County",10,22,351
24,005,47,157,TN,"Shelby County",10,19,278
24,005,48,085,TX,"Collin County",10,19,741
24,005,51,001,VA,"Accomack County",10,21,417
24,005,58,000,SS,"Other Flows - Same State",14,19,608
24,005,59,000,DS,"Other Flows - Diff State",2056,4031,76988
24,005,59,001,DS,"Other Flows - Northeast",423,801,16831
24,005,59,003,DS,"Other Flows - Midwest",377,791,16752
24,005,59,005,DS,"Other Flows - South",979,1963,34742
24,005,59,007,DS,"Other Flows - West",277,476,8663
24,005,57,009,FR,"Foreign - Other flows",87,163,3465
24,009,96,000,MD,"Calvert County Tot Mig-US & For",1410,2723,50940
24,009,97,000,MD,"Calvert County Tot Mig-US",1387,2669,50191
24,009,97,001,MD,"Calvert County Tot Mig-Same St",794,1487,27242
24,009,97,003,MD,"Calvert County Tot Mig-Diff St",593,1182,22948
24,009,98,000,MD,"Calvert County Tot Mig-Foreign",23,54,749
24,009,24,009,MD,"Calvert County Non-Migrants",21661,52398,1043241
24,009,24,003,MD,"Anne Arundel County",222,419,8416
24,009,24,033,MD,"Prince George's Coun",182,330,5669
24,009,24,037,MD,"St Mary's County",151,322,4315
24,009,24,017,MD,"Charles County",84,158,2495
24,009,24,031,MD,"Montgomery County",43,64,1942
24,009,24,005,MD,"Baltimore County",23,35,731
24,009,51,059,VA,"Fairfax County",21,35,953
24,009,11,001,DC,"District Of Columbia",17,31,883
24,009,24,027,MD,"Howard County",17,25,926
24,009,24,510,MD,Baltimore,16,24,360
24,009,12,011,FL,"Broward County",12,26,492
24,009,24,013,MD,"Carroll County",10,21,343
24,009,58,000,SS,"Other Flows - Same State",46,89,2045
24,009,59,000,DS,"Other Flows - Diff State",543,1090,20621
24,009,59,001,DS,"Other Flows - Northeast",90,174,3505
24,009,59,003,DS,"Other Flows - Midwest",48,107,1887
24,009,59,005,DS,"Other Flows - South",339,675,13286
24,009,59,007,DS,"Other Flows - West",66,134,1942
24,009,57,009,FR,"Foreign - Other flows",23,54,749
24,011,96,000,MD,"Caroline County Tot Mig-US & For",677,1364,14701
24,011,97,000,MD,"Caroline County Tot Mig-US",677,1364,14701
24,011,97,001,MD,"Caroline County Tot Mig-Same St",397,794,8682
24,011,97,003,MD,"Caroline County Tot Mig-Diff St",280,570,6018
24,011,24,011,MD,"Caroline County Non-Migrants",10097,22992,306662
24,011,24,041,MD,"Talbot County",116,218,2790
24,011,24,019,MD,"Dorchester County",87,200,1676
24,011,10,001,DE,"Kent County",68,135,1270
24,011,24,035,MD,"Queen Anne's County",56,116,1107
24,011,10,005,DE,"Sussex County",51,106,1178
24,011,24,003,MD,"Anne Arundel County",26,39,532
24,011,24,045,MD,"Wicomico County",22,45,590
24,011,24,029,MD,"Kent County",18,41,389
24,011,24,005,MD,"Baltimore County",14,30,225
24,011,24,510,MD,Baltimore,13,18,216
24,011,58,000,SS,"Other Flows - Same State",45,87,1157
24,011,59,000,DS,"Other Flows - Diff State",161,329,3570
24,011,59,001,DS,"Other Flows - Northeast",32,54,719
24,011,59,003,DS,"Other Flows - Midwest",17,29,348
24,011,59,005,DS,"Other Flows - South",89,183,1793
24,011,59,007,DS,"Other Flows - West",23,63,710
24,013,96,000,MD,"Carroll County Tot Mig-US & For",2969,5641,106106
24,013,97,000,MD,"Carroll County Tot Mig-US",2934,5558,104606
24,013,97,001,MD,"Carroll County Tot Mig-Same St",1581,2720,50641
24,013,97,003,MD,"Carroll County Tot Mig-Diff St",1353,2838,53966
24,013,98,000,MD,"Carroll County Tot Mig-Foreign",35,83,1500
24,013,24,013,MD,"Carroll County Non-Migrants",51568,122733,2374562
24,013,24,005,MD,"Baltimore County",670,1120,21806
24,013,24,021,MD,"Frederick County",221,422,6691
24,013,42,001,PA,"Adams County",190,427,6145
24,013,24,027,MD,"Howard County",164,289,6050
24,013,42,133,PA,"York County",158,308,4576
24,013,24,510,MD,Baltimore,116,195,2660
24,013,24,031,MD,"Montgomery County",103,147,3358
24,013,24,003,MD,"Anne Arundel County",94,160,3295
24,013,24,025,MD,"Harford County",40,69,1692
24,013,24,033,MD,"Prince George's Coun",40,58,977
24,013,24,043,MD,"Washington County",31,73,1256
24,013,24,047,MD,"Worcester County",31,55,1066
24,013,57,005,FR,"Foreign - APO/FPO ZIPs",24,58,973
24,013,51,059,VA,"Fairfax County",14,26,847
24,013,12,011,FL,"Broward County",13,28,386
24,013,24,001,MD,"Allegany County",13,20,217
24,013,12,099,FL,"Palm Beach County",12,26,615
24,013,24,045,MD,"Wicomico County",12,23,270
24,013,54,037,WV,"Jefferson County",12,23,320
24,013,12,103,FL,"Pinellas County",11,23,333
24,013,37,133,NC,"Onslow County",11,15,175
24,013,42,071,PA,"Lancaster County",11,30,348
24,013,10,005,DE,"Sussex County",10,19,335
24,013,37,119,NC,"Mecklenburg County",10,21,616
24,013,42,055,PA,"Franklin County",10,21,452
24,013,58,000,SS,"Other Flows - Same State",46,89,1301
24,013,59,000,DS,"Other Flows - Diff State",891,1871,38817
24,013,59,001,DS,"Other Flows - Northeast",182,373,7527
24,013,59,003,DS,"Other Flows - Midwest",100,249,5381
24,013,59,005,DS,"Other Flows - South",489,1010,21301
24,013,59,007,DS,"Other Flows - West",120,239,4608
24,013,57,009,FR,"Foreign - Other flows",11,25,527
24,015,96,000,MD,"Cecil County Tot Mig-US & For",1536,3038,48230
24,015,97,000,MD,"Cecil County Tot Mig-US",1519,3008,47906
24,015,97,001,MD,"Cecil County Tot Mig-Same St",368,709,10866
24,015,97,003,MD,"Cecil County Tot Mig-Diff St",1151,2299,37040
24,015,98,000,MD,"Cecil County Tot Mig-Foreign",17,30,324
24,015,24,015,MD,"Cecil County Non-Migrants",26573,61649,1059599
24,015,10,003,DE,"New Castle County",436,799,14513
24,015,24,025,MD,"Harford County",210,415,5899
24,015,42,029,PA,"Chester County",62,139,1542
24,015,24,005,MD,"Baltimore County",48,87,1187
24,015,42,071,PA,"Lancaster County",30,54,757
24,015,10,001,DE,"Kent County",22,35,435
24,015,10,005,DE,"Sussex County",21,41,544
24,015,42,045,PA,"Delaware County",19,44,865
24,015,24,029,MD,"Kent County",18,41,441
24,015,24,003,MD,"Anne Arundel County",17,27,394
24,015,24,510,MD,Baltimore,12,23,532
24,015,12,099,FL,"Palm Beach County",11,26,363
24,015,42,133,PA,"York County",11,29,365
24,015,58,000,SS,"Other Flows - Same State",63,116,2414
24,015,59,000,DS,"Other Flows - Diff State",539,1132,17656
24,015,59,001,DS,"Other Flows - Northeast",117,227,3562
24,015,59,003,DS,"Other Flows - Midwest",68,169,2715
24,015,59,005,DS,"Other Flows - South",300,642,9616
24,015,59,007,DS,"Other Flows - West",54,94,1762
24,015,57,009,FR,"Foreign - Other flows",17,30,324
24,017,96,000,MD,"Charles County Tot Mig-US & For",3276,6681,107962
24,017,97,000,MD,"Charles County Tot Mig-US",3206,6501,105683
24,017,97,001,MD,"Charles County Tot Mig-Same St",1621,3135,50254
24,017,97,003,MD,"Charles County Tot Mig-Diff St",1585,3366,55429
24,017,98,000,MD,"Charles County Tot Mig-Foreign",70,180,2280
24,017,24,017,MD,"Charles County Non-Migrants",40449,93871,1822791
24,017,24,033,MD,"Prince George's Coun",719,1434,20532
24,017,24,037,MD,"St Mary's County",352,743,10753
24,017,24,003,MD,"Anne Arundel County",157,272,5759
24,017,24,009,MD,"Calvert County",139,266,4842
24,017,51,059,VA,"Fairfax County",112,203,4459
24,017,24,031,MD,"Montgomery County",82,138,2966
24,017,57,005,FR,"Foreign - APO/FPO ZIPs",60,154,1964
24,017,11,001,DC,"District Of Columbia",56,89,1204
24,017,24,005,MD,"Baltimore County",51,71,1322
24,017,51,510,VA,Alexandria,42,62,1252
24,017,06,073,CA,"San Diego County",38,88,1136
24,017,51,099,VA,"King George County",35,78,769
24,017,51,810,VA,"Virginia Beach",32,83,910
24,017,51,153,VA,"Prince William Count",31,62,1054
24,017,24,027,MD,"Howard County",29,50,852
24,017,24,510,MD,Baltimore,26,31,550
24,017,51,013,VA,"Arlington County",26,44,1058
24,017,51,193,VA,"Westmoreland County",20,36,547
24,017,12,091,FL,"Okaloosa County",16,39,822
24,017,15,003,HI,"Honolulu County",16,44,518
24,017,12,031,FL,"Duval County",15,48,473
24,017,37,183,NC,"Wake County",15,26,518
24,017,45,051,SC,"Horry County",15,29,515
24,017,51,107,VA,"Loudoun County",15,38,784
24,017,48,029,TX,"Bexar County",14,32,591
24,017,24,021,MD,"Frederick County",13,19,471
24,017,04,013,AZ,"Maricopa County",12,29,722
24,017,06,037,CA,"Los Angeles County",12,24,454
24,017,37,119,NC,"Mecklenburg County",12,26,469
24,017,12,095,FL,"Orange County",11,16,367
24,017,51,179,VA,"Stafford County",11,28,372
24,017,32,003,NV,"Clark County",10,14,219
24,017,45,019,SC,"Charleston County",10,22,270
24,017,48,027,TX,"Bell County",10,21,166
24,017,51,087,VA,"Henrico County",10,11,241
24,017,58,000,SS,"Other Flows - Same State",53,111,2206
24,017,59,000,DS,"Other Flows - Diff State",989,2174,35539
24,017,59,001,DS,"Other Flows - Northeast",169,384,6632
24,017,59,003,DS,"Other Flows - Midwest",123,283,4901
24,017,59,005,DS,"Other Flows - South",577,1256,18936
24,017,59,007,DS,"Other Flows - West",120,251,5070
24,017,57,009,FR,"Foreign - Other flows",10,26,315
24,019,96,000,MD,"Dorchester Coun Tot Mig-US & For",500,932,11842
24,019,97,000,MD,"Dorchester Coun Tot Mig-US",500,932,11842
24,019,97,001,MD,"Dorchester Coun Tot Mig-Same St",298,540,6697
24,019,97,003,MD,"Dorchester Coun Tot Mig-Diff St",202,392,5144
24,019,24,019,MD,"Dorchester Coun Non-Migrants",10966,22948,320647
24,019,24,041,MD,"Talbot County",78,149,2141
24,019,24,045,MD,"Wicomico County",72,133,1406
24,019,24,011,MD,"Caroline County",59,113,1174
24,019,10,005,DE,"Sussex County",40,81,879
24,019,24,003,MD,"Anne Arundel County",18,31,400
24,019,24,005,MD,"Baltimore County",16,30,373
24,019,24,510,MD,Baltimore,11,14,116
24,019,24,047,MD,"Worcester County",10,17,147
24,019,58,000,SS,"Other Flows - Same State",34,53,940
24,019,59,000,DS,"Other Flows - Diff State",162,311,4266
24,019,59,001,DS,"Other Flows - Northeast",34,73,1234
24,019,59,003,DS,"Other Flows - Midwest",11,27,181
24,019,59,005,DS,"Other Flows - South",104,189,2388
24,019,59,007,DS,"Other Flows - West",13,22,462
24,021,96,000,MD,"Frederick Count Tot Mig-US & For",4217,8347,152001
24,021,97,000,MD,"Frederick Count Tot Mig-US",4114,8110,148254
24,021,97,001,MD,"Frederick Count Tot Mig-Same St",1801,3332,59436
24,021,97,003,MD,"Frederick Count Tot Mig-Diff St",2313,4778,88818
24,021,98,000,MD,"Frederick Count Tot Mig-Foreign",103,237,3747
24,021,24,021,MD,"Frederick Count Non-Migrants",62921,145029,2854162
24,021,24,031,MD,"Montgomery County",600,1104,22662
24,021,24,043,MD,"Washington County",501,992,14146
24,021,24,013,MD,"Carroll County",206,442,7835
24,021,54,037,WV,"Jefferson County",115,250,4083
24,021,24,005,MD,"Baltimore County",100,137,2621
24,021,24,027,MD,"Howard County",95,160,3375
24,021,42,001,PA,"Adams County",85,205,2853
24,021,24,033,MD,"Prince George's Coun",83,134,2318
24,021,51,059,VA,"Fairfax County",80,142,2968
24,021,57,005,FR,"Foreign - APO/FPO ZIPs",71,178,2209
24,021,42,055,PA,"Franklin County",69,140,1920
24,021,24,003,MD,"Anne Arundel County",62,118,2328
24,021,54,003,WV,"Berkeley County",62,142,2007
24,021,24,510,MD,Baltimore,44,55,1089
24,021,51,107,VA,"Loudoun County",41,80,2362
24,021,11,001,DC,"District Of Columbia",25,30,794
24,021,06,073,CA,"San Diego County",24,48,810
24,021,04,013,AZ,"Maricopa County",23,41,961
24,021,12,103,FL,"Pinellas County",23,47,944
24,021,24,001,MD,"Allegany County",23,45,588
24,021,42,133,PA,"York County",23,43,612
24,021,06,037,CA,"Los Angeles County",22,36,755
24,021,51,153,VA,"Prince William Count",21,47,740
24,021,37,183,NC,"Wake County",20,55,1224
24,021,42,003,PA,"Allegheny County",20,33,825
24,021,48,029,TX,"Bexar County",20,44,666
24,021,12,011,FL,"Broward County",18,31,1000
24,021,12,095,FL,"Orange County",17,30,492
24,021,24,025,MD,"Harford County",16,25,398
24,021,37,119,NC,"Mecklenburg County",15,24,447
24,021,24,045,MD,"Wicomico County",14,20,231
24,021,51,013,VA,"Arlington County",14,20,429
24,021,51,810,VA,"Virginia Beach",14,31,262
24,021,10,005,DE,"Sussex County",13,27,546
24,021,12,031,FL,"Duval County",13,28,326
24,021,13,121,GA,"Fulton County",13,27,669
24,021,24,047,MD,"Worcester County",13,16,436
24,021,25,017,MA,"Middlesex County",13,30,734
24,021,37,133,NC,"Onslow County",13,22,240
24,021,42,021,PA,"Cambria County",13,29,493
24,021,51,087,VA,"Henrico County",13,30,805
24,021,13,245,GA,"Richmond County",12,30,303
24,021,39,153,OH,"Summit County",12,22,393
24,021,42,041,PA,"Cumberland County",12,23,256
24,021,24,037,MD,"St Mary's County",11,20,245
24,021,36,061,NY,"New York County",11,15,357
24,021,42,071,PA,"Lancaster County",11,20,393
24,021,48,439,TX,"Tarrant County",11,21,378
24,021,08,005,CO,"Arapahoe County",10,17,386
24,021,12,127,FL,"Volusia County",10,17,218
24,021,13,067,GA,"Cobb County",10,29,605
24,021,17,031,IL,"Cook County",10,23,362
24,021,37,051,NC,"Cumberland County",10,18,262
24,021,51,510,VA,Alexandria,10,16,340
24,021,58,000,SS,"Other Flows - Same State",33,64,1164
24,021,59,000,DS,"Other Flows - Diff State",1342,2815,53599
24,021,59,001,DS,"Other Flows - Northeast",258,530,9531
24,021,59,003,DS,"Other Flows - Midwest",208,467,10005
24,021,59,005,DS,"Other Flows - South",678,1395,26186
24,021,59,007,DS,"Other Flows - West",198,423,7877
24,021,57,009,FR,"Foreign - Other flows",32,59,1538
24,023,96,000,MD,"Garrett County Tot Mig-US & For",461,934,12139
24,023,97,000,MD,"Garrett County Tot Mig-US",461,934,12139
24,023,97,001,MD,"Garrett County Tot Mig-Same St",143,281,3292
24,023,97,003,MD,"Garrett County Tot Mig-Diff St",318,653,8847
24,023,24,023,MD,"Garrett County Non-Migrants",9180,21636,264413
24,023,24,001,MD,"Allegany County",73,162,1644
24,023,54,077,WV,"Preston County",24,54,414
24,023,54,057,WV,"Mineral County",16,37,192
24,023,42,111,PA,"Somerset County",14,25,186
24,023,54,023,WV,"Grant County",14,35,208
24,023,24,043,MD,"Washington County",13,28,328
24,023,54,061,WV,"Monongalia County",12,15,288
24,023,42,003,PA,"Allegheny County",10,21,186
24,023,58,000,SS,"Other Flows - Same State",57,91,1320
24,023,59,000,DS,"Other Flows - Diff State",228,466,7374
24,023,59,001,DS,"Other Flows - Northeast",49,101,1419
24,023,59,003,DS,"Other Flows - Midwest",37,66,557
24,023,59,005,DS,"Other Flows - South",123,265,5006
24,023,59,007,DS,"Other Flows - West",19,34,392
24,025,96,000,MD,"Harford County Tot Mig-US & For",4815,10022,170678
24,025,97,000,MD,"Harford County Tot Mig-US",4615,9552,165620
24,025,97,001,MD,"Harford County Tot Mig-Same St",2083,3782,69471
24,025,97,003,MD,"Harford County Tot Mig-Diff St",2532,5770,96149
24,025,98,000,MD,"Harford County Tot Mig-Foreign",200,470,5058
24,025,24,025,MD,"Harford County Non-Migrants",70690,165648,3241751
24,025,24,005,MD,"Baltimore County",1077,1909,36440
24,025,24,015,MD,"Cecil County",316,679,9675
24,025,24,510,MD,Baltimore,258,404,6361
24,025,42,133,PA,"York County",174,420,9139
24,025,57,005,FR,"Foreign - APO/FPO ZIPs",171,394,4126
24,025,24,003,MD,"Anne Arundel County",110,190,3900
24,025,24,027,MD,"Howard County",65,121,3632
24,025,24,013,MD,"Carroll County",49,104,2696
24,025,24,033,MD,"Prince George's Coun",46,74,1608
24,025,24,047,MD,"Worcester County",44,73,1274
24,025,10,003,DE,"New Castle County",41,76,2043
24,025,48,027,TX,"Bell County",34,64,586
24,025,06,037,CA,"Los Angeles County",32,63,622
24,025,24,031,MD,"Montgomery County",32,46,1120
24,025,51,059,VA,"Fairfax County",32,67,1469
24,025,06,073,CA,"San Diego County",30,51,840
24,025,15,003,HI,"Honolulu County",29,86,1050
24,025,37,051,NC,"Cumberland County",28,79,1081
24,025,10,005,DE,"Sussex County",27,44,763
24,025,04,013,AZ,"Maricopa County",24,53,1116
24,025,48,029,TX,"Bexar County",22,60,825
24,025,42,029,PA,"Chester County",21,57,1826
24,025,12,011,FL,"Broward County",19,36,454
24,025,37,119,NC,"Mecklenburg County",18,42,844
24,025,42,071,PA,"Lancaster County",18,35,561
24,025,51,153,VA,"Prince William Count",17,55,718
24,025,13,179,GA,"Liberty County",16,39,422
24,025,24,021,MD,"Frederick County",16,45,757
24,025,37,133,NC,"Onslow County",15,46,309
24,025,42,017,PA,"Bucks County",15,40,669
24,025,42,091,PA,"Montgomery County",15,32,509
24,025,06,071,CA,"San Bernardino Count",14,26,209
24,025,08,041,CO,"El Paso County",14,34,311
24,025,12,031,FL,"Duval County",14,25,437
24,025,12,103,FL,"Pinellas County",14,31,417
24,025,24,045,MD,"Wicomico County",14,23,348
24,025,53,053,WA,"Pierce County",14,34,315
24,025,10,001,DE,"Kent County",13,28,617
24,025,12,117,FL,"Seminole County",13,35,781
24,025,13,067,GA,"Cobb County",13,25,472
24,025,42,101,PA,"Philadelphia County",13,16,256
24,025,45,079,SC,"Richland County",13,41,479
24,025,12,009,FL,"Brevard County",12,23,333
24,025,12,095,FL,"Orange County",12,27,330
24,025,32,003,NV,"Clark County",12,21,596
24,025,42,003,PA,"Allegheny County",12,29,615
24,025,57,003,FR,"Foreign - Puerto Rico",12,29,274
24,025,08,005,CO,"Arapahoe County",11,20,234
24,025,12,057,FL,"Hillsborough County",11,13,292
24,025,12,081,FL,"Manatee County",11,22,460
24,025,12,099,FL,"Palm Beach County",11,21,397
24,025,20,103,KS,"Leavenworth County",11,42,570
24,025,34,025,NJ,"Monmouth County",11,27,465
24,025,37,081,NC,"Guilford County",11,27,681
24,025,42,045,PA,"Delaware County",11,25,769
24,025,47,125,TN,"Montgomery County",11,30,314
24,025,48,113,TX,"Dallas County",11,20,344
24,025,48,201,TX,"Harris County",11,26,581
24,025,51,107,VA,"Loudoun County",11,20,631
24,025,01,015,AL,"Calhoun County",10,25,315
24,025,11,001,DC,"District Of Columbia",10,11,323
24,025,13,051,GA,"Chatham County",10,23,337
24,025,17,031,IL,"Cook County",10,18,304
24,025,24,043,MD,"Washington County",10,16,208
24,025,36,061,NY,"New York County",10,18,548
24,025,51,041,VA,"Chesterfield County",10,24,415
24,025,58,000,SS,"Other Flows - Same State",46,98,1451
24,025,59,000,DS,"Other Flows - Diff State",1530,3518,56150
24,025,59,001,DS,"Other Flows - Northeast",339,730,12891
24,025,59,003,DS,"Other Flows - Midwest",270,693,12273
24,025,59,005,DS,"Other Flows - South",737,1703,24912
24,025,59,007,DS,"Other Flows - West",184,392,6074
24,025,57,009,FR,"Foreign - Other flows",17,47,657
24,027,96,000,MD,"Howard County Tot Mig-US & For",8391,15391,364601
24,027,97,000,MD,"Howard County Tot Mig-US",8215,15017,356549
24,027,97,001,MD,"Howard County Tot Mig-Same St",4630,8064,173574
24,027,97,003,MD,"Howard County Tot Mig-Diff St",3585,6953,182975
24,027,98,000,MD,"Howard County Tot Mig-Foreign",176,374,8051
24,027,24,027,MD,"Howard County Non-Migrants",72876,170581,4567302
24,027,24,005,MD,"Baltimore County",1100,1801,37592
24,027,24,003,MD,"Anne Arundel County",827,1537,32225
24,027,24,033,MD,"Prince George's Coun",757,1255,22300
24,027,24,031,MD,"Montgomery County",640,1015,26097
24,027,24,013,MD,"Carroll County",446,1004,23395
24,027,24,510,MD,Baltimore,365,561,11475
24,027,24,021,MD,"Frederick County",179,337,7685
24,027,51,059,VA,"Fairfax County",163,258,8507
24,027,57,005,FR,"Foreign - APO/FPO ZIPs",133,291,5955
24,027,11,001,DC,"District Of Columbia",97,131,4437
24,027,24,025,MD,"Harford County",77,124,3215
24,027,51,013,VA,"Arlington County",69,80,2359
24,027,06,037,CA,"Los Angeles County",58,97,1848
24,027,51,510,VA,Alexandria,45,49,1512
24,027,04,013,AZ,"Maricopa County",44,93,2464
24,027,37,119,NC,"Mecklenburg County",40,89,2336
24,027,06,073,CA,"San Diego County",39,54,1524
24,027,48,029,TX,"Bexar County",39,91,1681
24,027,08,005,CO,"Arapahoe County",37,79,2226
24,027,13,121,GA,"Fulton County",37,72,3100
24,027,36,061,NY,"New York County",37,45,1308
24,027,42,003,PA,"Allegheny County",36,62,1771
24,027,10,005,DE,"Sussex County",35,62,1381
24,027,37,183,NC,"Wake County",35,82,2208
24,027,51,107,VA,"Loudoun County",34,84,2336
24,027,17,031,IL,"Cook County",33,46,972
24,027,24,009,MD,"Calvert County",33,67,1287
24,027,24,017,MD,"Charles County",33,55,1506
24,027,42,133,PA,"York County",33,78,1464
24,027,12,103,FL,"Pinellas County",32,65,1861
24,027,24,035,MD,"Queen Anne's County",31,57,1540
24,027,25,017,MA,"Middlesex County",29,53,1795
24,027,15,003,HI,"Honolulu County",28,55,1377
24,027,42,101,PA,"Philadelphia County",28,45,1169
24,027,12,011,FL,"Broward County",27,47,1071
24,027,24,043,MD,"Washington County",27,54,1150
24,027,48,113,TX,"Dallas County",27,61,1424
24,027,51,153,VA,"Prince William Count",27,52,1330
24,027,42,091,PA,"Montgomery County",26,64,1954
24,027,51,810,VA,"Virginia Beach",26,45,973
24,027,24,047,MD,"Worcester County",25,42,711
24,027,06,085,CA,"Santa Clara County",24,42,1678
24,027,13,067,GA,"Cobb County",24,59,1851
24,027,53,033,WA,"King County",24,50,1350
24,027,06,059,CA,"Orange County",22,53,1895
24,027,24,037,MD,"St Mary's County",22,47,1020
24,027,42,029,PA,"Chester County",22,58,1939
24,027,10,003,DE,"New Castle County",21,41,1281
24,027,12,031,FL,"Duval County",21,50,1595
24,027,48,201,TX,"Harris County",21,43,1360
24,027,51,087,VA,"Henrico County",21,39,1097
24,027,12,057,FL,"Hillsborough County",20,54,968
24,027,12,099,FL,"Palm Beach County",19,32,892
24,027,45,019,SC,"Charleston County",19,38,825
24,027,42,001,PA,"Adams County",18,35,794
24,027,42,017,PA,"Bucks County",18,41,1089
24,027,06,075,CA,"San Francisco County",17,18,573
24,027,13,089,GA,"De Kalb County",17,34,490
24,027,39,049,OH,"Franklin County",17,34,1215
24,027,47,157,TN,"Shelby County",17,39,912
24,027,12,095,FL,"Orange County",16,32,861
24,027,24,045,MD,"Wicomico County",16,23,364
24,027,26,125,MI,"Oakland County",16,31,873
24,027,27,053,MN,"Hennepin County",16,28,792
24,027,42,045,PA,"Delaware County",16,30,1113
24,027,48,439,TX,"Tarrant County",16,43,1074
24,027,54,037,WV,"Jefferson County",16,43,927
24,027,08,013,CO,"Boulder County",15,21,531
24,027,12,025,FL,"Dade County",15,30,610
24,027,13,135,GA,"Gwinnett County",15,35,784
24,027,34,023,NJ,"Middlesex County",15,27,752
24,027,34,027,NJ,"Morris County",15,31,1193
24,027,37,081,NC,"Guilford County",15,23,559
24,027,39,035,OH,"Cuyahoga County",15,24,686
24,027,42,043,PA,"Dauphin County",15,30,613
24,027,06,001,CA,"Alameda County",14,25,889
24,027,12,127,FL,"Volusia County",14,30,499
24,027,32,003,NV,"Clark County",14,29,708
24,027,54,003,WV,"Berkeley County",14,28,822
24,027,09,009,CT,"New Haven County",13,21,602
24,027,13,073,GA,"Columbia County",13,37,698
24,027,24,001,MD,"Allegany County",13,16,425
24,027,34,005,NJ,"Burlington County",13,27,1043
24,027,37,051,NC,"Cumberland County",13,33,591
24,027,04,019,AZ,"Pima County",12,22,509
24,027,12,009,FL,"Brevard County",12,33,943
24,027,36,029,NY,"Erie County",12,28,745
24,027,39,061,OH,"Hamilton County",12,22,509
24,027,42,041,PA,"Cumberland County",12,20,679
24,027,51,760,VA,Richmond,12,15,300
24,027,55,079,WI,"Milwaukee County",12,28,626
24,027,08,041,CO,"El Paso County",11,22,521
24,027,12,005,FL,"Bay County",11,29,653
24,027,36,059,NY,"Nassau County",11,16,439
24,027,42,071,PA,"Lancaster County",11,20,421
24,027,47,037,TN,"Davidson County",11,18,301
24,027,48,085,TX,"Collin County",11,27,861
24,027,48,453,TX,"Travis County",11,22,558
24,027,09,001,CT,"Fairfield County",10,23,572
24,027,12,033,FL,"Escambia County",10,17,231
24,027,17,043,IL,"Du Page County",10,31,700
24,027,24,041,MD,"Talbot County",10,21,492
24,027,26,161,MI,"Washtenaw County",10,11,321
24,027,33,011,NH,"Hillsborough County",10,29,764
24,027,37,063,NC,"Durham County",10,19,519
24,027,51,121,VA,"Montgomery County",10,13,212
24,027,51,177,VA,"Spotsylvania County",10,21,537
24,027,51,179,VA,"Stafford County",10,27,563
24,027,51,540,VA,Charlottesville,10,12,350
24,027,54,061,WV,"Monongalia County",10,18,388
24,027,58,000,SS,"Other Flows - Same State",29,48,1096
24,027,59,000,DS,"Other Flows - Diff State",1467,2953,74342
24,027,59,001,DS,"Other Flows - Northeast",372,701,19119
24,027,59,003,DS,"Other Flows - Midwest",262,591,15017
24,027,59,005,DS,"Other Flows - South",621,1271,30952
24,027,59,007,DS,"Other Flows - West",212,390,9253
24,027,57,009,FR,"Foreign - Other flows",43,83,2096
24,029,96,000,MD,"Kent County Tot Mig-US & For",414,776,11705
24,029,97,000,MD,"Kent County Tot Mig-US",414,776,11705
24,029,97,001,MD,"Kent County Tot Mig-Same St",166,299,4678
24,029,97,003,MD,"Kent County Tot Mig-Diff St",248,477,7026
24,029,24,029,MD,"Kent County Non-Migrants",7793,16775,289521
24,029,24,035,MD,"Queen Anne's County",66,118,1773
24,029,10,003,DE,"New Castle County",40,66,890
24,029,10,001,DE,"Kent County",26,56,532
24,029,24,015,MD,"Cecil County",14,34,389
24,029,24,041,MD,"Talbot County",11,24,325
24,029,24,045,MD,"Wicomico County",11,19,277
24,029,24,011,MD,"Caroline County",10,18,218
24,029,58,000,SS,"Other Flows - Same State",54,86,1696
24,029,59,000,DS,"Other Flows - Diff State",182,355,5604
24,029,59,001,DS,"Other Flows - Northeast",65,121,2017
24,029,59,003,DS,"Other Flows - Midwest",15,29,356
24,029,59,005,DS,"Other Flows - South",89,181,2866
24,029,59,007,DS,"Other Flows - West",13,24,365
24,031,96,000,MD,"Montgomery Coun Tot Mig-US & For",25298,45076,1167814
24,031,97,000,MD,"Montgomery Coun Tot Mig-US",24470,43375,1135001
24,031,97,001,MD,"Montgomery Coun Tot Mig-Same St",8112,15004,327844
24,031,97,003,MD,"Montgomery Coun Tot Mig-Diff St",16358,28371,807156
24,031,98,000,MD,"Montgomery Coun Tot Mig-Foreign",828,1701,32814
24,031,24,031,MD,"Montgomery Coun Non-Migrants",294991,634558,18757113
24,031,24,033,MD,"Prince George's Coun",3525,6615,97772
24,031,11,001,DC,"District Of Columbia",2041,2980,76662
24,031,51,059,VA,"Fairfax County",1528,2488,72995
24,031,24,021,MD,"Frederick County",1363,2782,61957
24,031,24,027,MD,"Howard County",996,1807,46973
24,031,51,013,VA,"Arlington County",662,860,25767
24,031,24,003,MD,"Anne Arundel County",649,1107,31098
24,031,24,005,MD,"Baltimore County",371,595,13712
24,031,24,510,MD,Baltimore,364,483,14803
24,031,51,510,VA,Alexandria,335,434,12613
24,031,57,005,FR,"Foreign - APO/FPO ZIPs",334,736,14316
24,031,36,061,NY,"New York County",291,369,14979
24,031,06,037,CA,"Los Angeles County",272,433,15852
24,031,24,013,MD,"Carroll County",238,530,11159
24,031,06,073,CA,"San Diego County",196,381,9236
24,031,17,031,IL,"Cook County",185,285,9035
24,031,51,107,VA,"Loudoun County",184,373,10959
24,031,25,017,MA,"Middlesex County",173,278,10191
24,031,04,013,AZ,"Maricopa County",164,289,9388
24,031,12,011,FL,"Broward County",146,253,8227
24,031,12,099,FL,"Palm Beach County",145,273,19875
24,031,12,025,FL,"Dade County",139,250,4945
24,031,51,153,VA,"Prince William Count",131,251,8225
24,031,37,183,NC,"Wake County",124,282,6964
24,031,24,043,MD,"Washington County",123,235,4660
24,031,42,003,PA,"Allegheny County",119,201,4915
24,031,42,101,PA,"Philadelphia County",119,178,3707
24,031,06,075,CA,"San Francisco County",117,140,4280
24,031,53,033,WA,"King County",112,183,6051
24,031,37,119,NC,"Mecklenburg County",107,209,4724
24,031,13,121,GA,"Fulton County",106,164,4603
24,031,06,085,CA,"Santa Clara County",102,181,7788
24,031,48,201,TX,"Harris County",101,217,3825
24,031,24,017,MD,"Charles County",95,184,4282
24,031,42,091,PA,"Montgomery County",93,174,6303
24,031,48,029,TX,"Bexar County",93,224,4990
24,031,12,103,FL,"Pinellas County",92,157,4965
24,031,13,089,GA,"De Kalb County",92,154,3897
24,031,13,067,GA,"Cobb County",90,190,4258
24,031,10,005,DE,"Sussex County",88,131,4403
24,031,25,025,MA,"Suffolk County",86,116,3891
24,031,51,810,VA,"Virginia Beach",85,157,3044
24,031,06,059,CA,"Orange County",84,184,3539
24,031,06,001,CA,"Alameda County",83,131,3342
24,031,54,037,WV,"Jefferson County",81,160,3780
24,031,24,047,MD,"Worcester County",79,128,24958
24,031,12,095,FL,"Orange County",78,161,3883
24,031,36,047,NY,"Kings County",75,100,1678
24,031,48,113,TX,"Dallas County",74,137,3737
24,031,37,133,NC,"Onslow County",66,135,1918
24,031,10,003,DE,"New Castle County",65,120,3725
24,031,36,119,NY,"Westchester County",65,98,3428
24,031,12,057,FL,"Hillsborough County",64,126,3508
24,031,15,003,HI,"Honolulu County",63,160,3175
24,031,24,009,MD,"Calvert County",61,117,3284
24,031,25,021,MA,"Norfolk County",61,121,3819
24,031,39,035,OH,"Cuyahoga County",61,105,2747
24,031,48,453,TX,"Travis County",60,98,2829
24,031,54,003,WV,"Berkeley County",57,131,2103
24,031,27,053,MN,"Hennepin County",56,116,3349
24,031,08,031,CO,"Denver County",55,86,2304
24,031,37,063,NC,"Durham County",55,96,2164
24,031,12,009,FL,"Brevard County",54,96,3580
24,031,12,031,FL,"Duval County",54,107,2814
24,031,34,003,NJ,"Bergen County",53,93,2321
24,031,42,029,PA,"Chester County",51,93,4426
24,031,51,087,VA,"Henrico County",51,95,2259
24,031,09,001,CT,"Fairfield County",50,97,5181
24,031,24,037,MD,"St Mary's County",49,86,1924
24,031,26,161,MI,"Washtenaw County",49,71,2939
24,031,08,013,CO,"Boulder County",47,78,2388
24,031,39,049,OH,"Franklin County",47,68,1828
24,031,06,081,CA,"San Mateo County",46,80,2454
24,031,32,003,NV,"Clark County",46,95,2161
24,031,17,043,IL,"Du Page County",45,102,2420
24,031,04,019,AZ,"Pima County",44,72,4192
24,031,36,081,NY,"Queens County",44,67,1271
24,031,08,005,CO,"Arapahoe County",43,103,2997
24,031,12,115,FL,"Sarasota County",43,69,2822
24,031,24,035,MD,"Queen Anne's County",43,64,2541
24,031,35,001,NM,"Bernalillo County",43,63,1888
24,031,42,045,PA,"Delaware County",43,69,1668
24,031,45,019,SC,"Charleston County",43,78,1765
24,031,51,710,VA,Norfolk,43,73,1212
24,031,29,189,MO,"St Louis County",42,98,2695
24,031,08,041,CO,"El Paso County",40,64,1906
24,031,37,081,NC,"Guilford County",40,82,1576
24,031,12,071,FL,"Lee County",39,63,4739
24,031,12,117,FL,"Seminole County",39,83,1703
24,031,49,035,UT,"Salt Lake County",39,69,2372
24,031,09,009,CT,"New Haven County",37,55,1890
24,031,12,021,FL,"Collier County",37,68,4112
24,031,12,033,FL,"Escambia County",37,74,1296
24,031,26,125,MI,"Oakland County",37,77,1928
24,031,34,017,NJ,"Hudson County",37,49,1428
24,031,45,079,SC,"Richland County",37,71,1540
24,031,36,055,NY,"Monroe County",36,56,1311
24,031,45,051,SC,"Horry County",36,61,1477
24,031,47,037,TN,"Davidson County",36,54,1172
24,031,48,085,TX,"Collin County",36,90,3764
24,031,08,059,CO,"Jefferson County",35,58,2113
24,031,26,163,MI,"Wayne County",35,64,1505
24,031,34,013,NJ,"Essex County",35,71,1418
24,031,36,059,NY,"Nassau County",35,57,2115
24,031,51,177,VA,"Spotsylvania County",35,70,1572
24,031,12,127,FL,"Volusia County",33,48,1536
24,031,24,025,MD,"Harford County",33,66,1280
24,031,24,045,MD,"Wicomico County",33,51,1224
24,031,34,005,NJ,"Burlington County",33,55,1493
24,031,37,135,NC,"Orange County",33,39,1061
24,031,47,157,TN,"Shelby County",33,57,1700
24,031,51,041,VA,"Chesterfield County",33,63,1278
24,031,34,025,NJ,"Monmouth County",32,51,1706
24,031,36,103,NY,"Suffolk County",32,49,1425
24,031,37,051,NC,"Cumberland County",32,76,996
24,031,42,001,PA,"Adams County",32,68,1685
24,031,48,141,TX,"El Paso County",32,74,2166
24,031,34,023,NJ,"Middlesex County",31,51,1717
24,031,41,051,OR,"Multnomah County",30,39,664
24,031,42,017,PA,"Bucks County",30,61,1944
24,031,42,133,PA,"York County",30,53,808
24,031,51,760,VA,Richmond,30,38,1315
24,031,22,071,LA,"Orleans Parish",29,41,804
24,031,25,001,MA,"Barnstable County",29,47,2180
24,031,34,007,NJ,"Camden County",29,54,1068
24,031,42,043,PA,"Dauphin County",29,43,1063
24,031,48,439,TX,"Tarrant County",29,74,1606
24,031,06,067,CA,"Sacramento County",28,40,1042
24,031,51,003,VA,"Albemarle County",28,49,1362
24,031,51,179,VA,"Stafford County",28,70,1398
24,031,53,053,WA,"Pierce County",28,54,1432
24,031,13,135,GA,"Gwinnett County",27,56,1364
24,031,24,041,MD,"Talbot County",27,45,3979
24,031,27,123,MN,"Ramsey County",27,41,1017
24,031,34,021,NJ,"Mercer County",27,53,3074
24,031,42,055,PA,"Franklin County",27,42,1552
24,031,44,007,RI,"Providence County",27,45,1173
24,031,51,550,VA,Chesapeake,27,53,1226
24,031,06,071,CA,"San Bernardino Count",26,42,1094
24,031,29,510,MO,"St Louis",26,35,939
24,031,37,067,NC,"Forsyth County",26,61,1817
24,031,55,025,WI,"Dane County",26,53,940
24,031,06,013,CA,"Contra Costa County",25,62,2729
24,031,25,027,MA,"Worcester County",25,44,1208
24,031,57,003,FR,"Foreign - Puerto Rico",25,54,876
24,031,01,073,AL,"Jefferson County",24,46,1575
24,031,17,097,IL,"Lake County",24,64,2089
24,031,34,027,NJ,"Morris County",24,43,2085
24,031,37,129,NC,"New Hanover County",24,48,1476
24,031,42,071,PA,"Lancaster County",24,42,727
24,031,51,095,VA,"James City County",24,42,1678
24,031,08,069,CO,"Larimer County",23,34,877
24,031,09,003,CT,"Hartford County",23,36,1090
24,031,18,097,IN,"Marion County",23,36,1140
24,031,25,009,MA,"Essex County",23,37,1188
24,031,39,061,OH,"Hamilton County",23,39,892
24,031,42,041,PA,"Cumberland County",23,32,736
24,031,24,001,MD,"Allegany County",22,33,544
24,031,09,011,CT,"New London County",21,47,1079
24,031,21,111,KY,"Jefferson County",21,40,1081
24,031,39,113,OH,"Montgomery County",21,46,938
24,031,12,109,FL,"St Johns County",20,35,1580
24,031,36,067,NY,"Onondaga County",20,27,699
24,031,45,045,SC,"Greenville County",20,33,1479
24,031,48,027,TX,"Bell County",20,40,518
24,031,51,610,VA,"Falls Church",20,27,865
24,031,54,061,WV,"Monongalia County",20,23,485
24,031,12,087,FL,"Monroe County",19,33,1002
24,031,23,005,ME,"Cumberland County",19,36,1094
24,031,33,015,NH,"Rockingham County",19,35,890
24,031,34,035,NJ,"Somerset County",19,41,4314
24,031,45,013,SC,"Beaufort County",19,39,1928
24,031,06,041,CA,"Marin County",18,31,1136
24,031,34,039,NJ,"Union County",18,23,695
24,031,36,029,NY,"Erie County",18,29,763
24,031,37,021,NC,"Buncombe County",18,25,527
24,031,42,027,PA,"Centre County",18,35,975
24,031,42,077,PA,"Lehigh County",18,33,829
24,031,47,093,TN,"Knox County",18,45,616
24,031,51,061,VA,"Fauquier County",18,29,853
24,031,51,600,VA,Fairfax,18,24,374
24,031,06,111,CA,"Ventura County",17,31,733
24,031,13,073,GA,"Columbia County",17,58,1267
24,031,20,091,KS,"Johnson County",17,44,829
24,031,41,067,OR,"Washington County",17,36,817
24,031,51,069,VA,"Frederick County",17,37,687
24,031,12,005,FL,"Bay County",16,30,663
24,031,37,125,NC,"Moore County",16,26,2156
24,031,51,121,VA,"Montgomery County",16,25,520
24,031,51,700,VA,"Newport News",16,33,638
24,031,55,079,WI,"Milwaukee County",16,31,788
24,031,12,015,FL,"Charlotte County",15,24,1037
24,031,12,091,FL,"Okaloosa County",15,30,685
24,031,12,097,FL,"Osceola County",15,29,434
24,031,12,105,FL,"Polk County",15,29,654
24,031,22,051,LA,"Jefferson Parish",15,31,4126
24,031,36,109,NY,"Tompkins County",15,23,371
24,031,42,021,PA,"Cambria County",15,37,676
24,031,51,187,VA,"Warren County",15,29,660
24,031,51,740,VA,Portsmouth,15,33,435
24,031,54,065,WV,"Morgan County",15,25,494
24,031,12,073,FL,"Leon County",14,26,563
24,031,12,111,FL,"St Lucie County",14,28,1181
24,031,26,099,MI,"Macomb County",14,27,392
24,031,29,095,MO,"Jackson County",14,25,849
24,031,34,001,NJ,"Atlantic County",14,29,583
24,031,35,049,NM,"Santa Fe County",14,20,630
24,031,41,039,OR,"Lane County",14,24,331
24,031,47,125,TN,"Montgomery County",14,40,705
24,031,48,121,TX,"Denton County",14,29,724
24,031,49,049,UT,"Utah County",14,35,559
24,031,50,007,VT,"Chittenden County",14,19,798
24,031,53,061,WA,"Snohomish County",14,33,583
24,031,53,067,WA,"Thurston County",14,28,468
24,031,12,083,FL,"Marion County",13,22,796
24,031,12,101,FL,"Pasco County",13,23,733
24,031,13,179,GA,"Liberty County",13,32,326
24,031,31,055,NE,"Douglas County",13,25,793
24,031,33,011,NH,"Hillsborough County",13,21,746
24,031,36,001,NY,"Albany County",13,26,490
24,031,51,047,VA,"Culpeper County",13,20,567
24,031,53,005,WA,"Benton County",13,20,664
24,031,06,095,CA,"Solano County",12,35,342
24,031,08,035,CO,"Douglas County",12,38,1170
24,031,10,001,DE,"Kent County",12,27,358
24,031,12,019,FL,"Clay County",12,34,533
24,031,12,085,FL,"Martin County",12,25,426
24,031,17,019,IL,"Champaign County",12,21,583
24,031,25,015,MA,"Hampshire County",12,16,374
24,031,36,005,NY,"Bronx County",12,21,267
24,031,37,055,NC,"Dare County",12,22,2189
24,031,42,079,PA,"Luzerne County",12,17,425
24,031,42,129,PA,"Westmoreland County",12,22,568
24,031,48,167,TX,"Galveston County",12,29,817
24,031,51,199,VA,"York County",12,21,771
24,031,12,001,FL,"Alachua County",11,21,492
24,031,18,105,IN,"Monroe County",11,17,425
24,031,25,005,MA,"Bristol County",11,25,531
24,031,25,023,MA,"Plymouth County",11,18,615
24,031,34,029,NJ,"Ocean County",11,17,374
24,031,35,043,NM,"Sandoval County",11,24,1245
24,031,36,071,NY,"Orange County",11,27,470
24,031,37,147,NC,"Pitt County",11,14,349
24,031,39,093,OH,"Lorain County",11,25,315
24,031,40,143,OK,"Tulsa County",11,18,233
24,031,42,011,PA,"Berks County",11,23,707
24,031,06,065,CA,"Riverside County",10,21,500
24,031,06,083,CA,"Santa Barbara County",10,13,254
24,031,06,097,CA,"Sonoma County",10,21,509
24,031,08,001,CO,"Adams County",10,27,458
24,031,12,081,FL,"Manatee County",10,13,1747
24,031,13,051,GA,"Chatham County",10,17,585
24,031,13,215,GA,"Muscogee County",10,19,282
24,031,13,245,GA,"Richmond County",10,20,365
24,031,23,031,ME,"York County",10,20,313
24,031,33,009,NH,"Grafton County",10,16,673
24,031,37,049,NC,"Craven County",10,13,399
24,031,39,057,OH,"Greene County",10,23,326
24,031,39,153,OH,"Summit County",10,11,215
24,031,40,109,OK,"Oklahoma County",10,22,625
24,031,41,005,OR,"Clackamas County",10,22,525
24,031,42,009,PA,"Bedford County",10,13,320
24,031,42,013,PA,"Blair County",10,18,310
24,031,44,009,RI,"Washington County",10,20,678
24,031,45,003,SC,"Aiken County",10,14,444
24,031,51,161,VA,"Roanoke County",10,17,462
24,031,51,540,VA,Charlottesville,10,11,398
24,031,53,073,WA,"Whatcom County",10,19,8119
24,031,54,027,WV,"Hampshire County",10,21,344
24,031,54,039,WV,"Kanawha County",10,18,660
24,031,58,000,SS,"Other Flows - Same State",41,76,1693
24,031,59,000,DS,"Other Flows - Diff State",2229,4413,106256
24,031,59,001,DS,"Other Flows - Northeast",377,694,17302
24,031,59,003,DS,"Other Flows - Midwest",490,986,23279
24,031,59,005,DS,"Other Flows - South",1023,2086,50095
24,031,59,007,DS,"Other Flows - West",339,647,15579
24,031,57,009,FR,"Foreign - Other flows",469,911,17621
24,033,96,000,MD,"Prince George's Tot Mig-US & For",25293,48660,809661
24,033,97,000,MD,"Prince George's Tot Mig-US",24784,47690,796325
24,033,97,001,MD,"Prince George's Tot Mig-Same St",11419,21845,391152
24,033,97,003,MD,"Prince George's Tot Mig-Diff St",13365,25845,405174
24,033,98,000,MD,"Prince George's Tot Mig-Foreign",509,970,13335
24,033,24,033,MD,"Prince George's Non-Migrants",269305,578540,10996987
24,033,24,031,MD,"Montgomery County",4026,7444,113729
24,033,11,001,DC,"District Of Columbia",3312,6695,72064
24,033,24,003,MD,"Anne Arundel County",2415,4562,93999
24,033,24,027,MD,"Howard County",1487,2766,57289
24,033,24,017,MD,"Charles County",1315,2802,47442
24,033,51,059,VA,"Fairfax County",1125,2016,41145
24,033,24,009,MD,"Calvert County",591,1414,26397
24,033,24,005,MD,"Baltimore County",402,631,11019
24,033,57,005,FR,"Foreign - APO/FPO ZIPs",378,744,10268
24,033,51,510,VA,Alexandria,362,537,10501
24,033,51,013,VA,"Arlington County",343,539,9746
24,033,24,510,MD,Baltimore,272,447,6912
24,033,51,153,VA,"Prince William Count",256,571,8118
24,033,24,037,MD,"St Mary's County",217,426,7442
24,033,24,021,MD,"Frederick County",177,381,7188
24,033,06,037,CA,"Los Angeles County",129,194,2965
24,033,24,013,MD,"Carroll County",106,211,4243
24,033,13,089,GA,"De Kalb County",102,184,2852
24,033,24,035,MD,"Queen Anne's County",100,224,5164
24,033,48,029,TX,"Bexar County",96,217,4045
24,033,51,107,VA,"Loudoun County",96,211,4339
24,033,06,073,CA,"San Diego County",89,166,2479
24,033,37,183,NC,"Wake County",85,177,3102
24,033,17,031,IL,"Cook County",80,144,2415
24,033,24,047,MD,"Worcester County",79,128,2925
24,033,10,005,DE,"Sussex County",74,145,3363
24,033,12,011,FL,"Broward County",69,122,2533
24,033,51,810,VA,"Virginia Beach",69,162,1867
24,033,13,121,GA,"Fulton County",66,114,2767
24,033,48,201,TX,"Harris County",65,152,1964
24,033,04,013,AZ,"Maricopa County",64,120,2795
24,033,42,101,PA,"Philadelphia County",62,94,1293
24,033,12,103,FL,"Pinellas County",61,98,2070
24,033,37,119,NC,"Mecklenburg County",60,109,3337
24,033,12,057,FL,"Hillsborough County",59,109,1917
24,033,13,135,GA,"Gwinnett County",58,120,1799
24,033,36,047,NY,"Kings County",57,95,1075
24,033,12,025,FL,"Dade County",56,100,1413
24,033,12,095,FL,"Orange County",56,101,1581
24,033,24,043,MD,"Washington County",54,112,1972
24,033,12,031,FL,"Duval County",53,111,1342
24,033,13,067,GA,"Cobb County",53,103,1887
24,033,32,003,NV,"Clark County",53,83,1746
24,033,48,113,TX,"Dallas County",53,99,1634
24,033,42,003,PA,"Allegheny County",52,95,1696
24,033,37,081,NC,"Guilford County",51,81,1026
24,033,37,051,NC,"Cumberland County",50,109,1194
24,033,51,087,VA,"Henrico County",50,97,1771
24,033,51,177,VA,"Spotsylvania County",50,119,1770
24,033,15,003,HI,"Honolulu County",49,109,2025
24,033,06,085,CA,"Santa Clara County",48,76,1677
24,033,10,003,DE,"New Castle County",47,86,1551
24,033,24,025,MD,"Harford County",47,72,1323
24,033,51,700,VA,"Newport News",46,99,941
24,033,39,049,OH,"Franklin County",45,85,1424
24,033,37,063,NC,"Durham County",44,86,1150
24,033,36,061,NY,"New York County",43,59,1434
24,033,08,041,CO,"El Paso County",42,103,1518
24,033,45,051,SC,"Horry County",42,66,1255
24,033,48,439,TX,"Tarrant County",42,90,1679
24,033,51,179,VA,"Stafford County",42,105,2115
24,033,25,017,MA,"Middlesex County",41,59,1399
24,033,24,045,MD,"Wicomico County",40,59,907
24,033,45,079,SC,"Richland County",40,67,929
24,033,26,163,MI,"Wayne County",39,70,1124
24,033,53,033,WA,"King County",39,70,1274
24,033,06,001,CA,"Alameda County",38,74,1164
24,033,12,099,FL,"Palm Beach County",38,72,2628
24,033,36,081,NY,"Queens County",38,71,828
24,033,51,550,VA,Chesapeake,38,87,1056
24,033,37,133,NC,"Onslow County",37,60,687
24,033,51,710,VA,Norfolk,37,58,698
24,033,06,059,CA,"Orange County",36,56,1057
24,033,12,009,FL,"Brevard County",35,65,1426
24,033,12,127,FL,"Volusia County",35,74,1169
24,033,42,133,PA,"York County",35,62,1318
24,033,45,019,SC,"Charleston County",32,64,1546
24,033,47,157,TN,"Shelby County",32,67,911
24,033,06,075,CA,"San Francisco County",31,39,683
24,033,12,091,FL,"Okaloosa County",31,72,1089
24,033,42,091,PA,"Montgomery County",31,45,1236
24,033,51,193,VA,"Westmoreland County",31,71,1008
24,033,51,650,VA,Hampton,31,54,797
24,033,37,067,NC,"Forsyth County",30,61,795
24,033,39,035,OH,"Cuyahoga County",30,52,823
24,033,34,005,NJ,"Burlington County",28,56,918
24,033,47,037,TN,"Davidson County",27,43,767
24,033,51,041,VA,"Chesterfield County",27,63,1152
24,033,09,009,CT,"New Haven County",26,43,1031
24,033,10,001,DE,"Kent County",26,53,808
24,033,24,001,MD,"Allegany County",26,43,661
24,033,36,005,NY,"Bronx County",26,39,518
24,033,13,063,GA,"Clayton County",25,63,1126
24,033,34,003,NJ,"Bergen County",25,46,792
24,033,34,023,NJ,"Middlesex County",25,41,828
24,033,06,067,CA,"Sacramento County",24,44,707
24,033,12,115,FL,"Sarasota County",24,36,794
24,033,12,117,FL,"Seminole County",24,53,1045
24,033,18,097,IN,"Marion County",24,42,764
24,033,22,071,LA,"Orleans Parish",24,43,597
24,033,39,113,OH,"Montgomery County",24,43,748
24,033,42,001,PA,"Adams County",24,37,808
24,033,42,045,PA,"Delaware County",24,40,927
24,033,54,037,WV,"Jefferson County",24,66,1183
24,033,25,025,MA,"Suffolk County",23,30,508
24,033,48,027,TX,"Bell County",23,40,445
24,033,51,069,VA,"Frederick County",23,53,858
24,033,51,760,VA,Richmond,23,32,372
24,033,42,017,PA,"Bucks County",22,49,760
24,033,45,045,SC,"Greenville County",22,36,545
24,033,53,053,WA,"Pierce County",22,43,556
24,033,04,019,AZ,"Pima County",21,38,741
24,033,12,105,FL,"Polk County",21,49,716
24,033,13,051,GA,"Chatham County",21,38,775
24,033,24,041,MD,"Talbot County",21,34,711
24,033,34,025,NJ,"Monmouth County",21,36,671
24,033,36,119,NY,"Westchester County",21,42,763
24,033,09,003,CT,"Hartford County",20,25,621
24,033,12,071,FL,"Lee County",20,35,703
24,033,35,001,NM,"Bernalillo County",20,42,1201
24,033,37,049,NC,"Craven County",20,47,545
24,033,39,061,OH,"Hamilton County",20,35,777
24,033,40,109,OK,"Oklahoma County",20,43,501
24,033,42,071,PA,"Lancaster County",20,45,876
24,033,45,013,SC,"Beaufort County",20,36,690
24,033,29,189,MO,"St Louis County",19,33,488
24,033,34,013,NJ,"Essex County",19,30,668
24,033,36,029,NY,"Erie County",19,40,456
24,033,37,191,NC,"Wayne County",19,39,400
24,033,51,061,VA,"Fauquier County",19,37,547
24,033,08,005,CO,"Arapahoe County",18,45,880
24,033,08,031,CO,"Denver County",18,31,782
24,033,12,073,FL,"Leon County",18,31,512
24,033,13,179,GA,"Liberty County",18,39,275
24,033,17,163,IL,"St Clair County",18,51,785
24,033,36,055,NY,"Monroe County",18,26,582
24,033,36,059,NY,"Nassau County",18,28,334
24,033,48,453,TX,"Travis County",18,32,1138
24,033,51,003,VA,"Albemarle County",18,30,416
24,033,54,003,WV,"Berkeley County",18,46,849
24,033,12,033,FL,"Escambia County",17,21,289
24,033,21,111,KY,"Jefferson County",17,32,719
24,033,26,125,MI,"Oakland County",17,38,726
24,033,34,017,NJ,"Hudson County",17,23,503
24,033,37,195,NC,"Wilson County",17,36,437
24,033,01,089,AL,"Madison County",16,33,586
24,033,08,059,CO,"Jefferson County",16,34,799
24,033,36,103,NY,"Suffolk County",16,41,653
24,033,37,021,NC,"Buncombe County",16,33,431
24,033,42,043,PA,"Dauphin County",16,24,365
24,033,51,600,VA,Fairfax,16,32,558
24,033,01,101,AL,"Montgomery County",15,35,626
24,033,02,020,AK,"Anchorage Borough",15,27,513
24,033,06,081,CA,"San Mateo County",15,29,718
24,033,08,013,CO,"Boulder County",15,21,540
24,033,12,001,FL,"Alachua County",15,24,517
24,033,12,005,FL,"Bay County",15,26,474
24,033,27,053,MN,"Hennepin County",15,25,297
24,033,34,035,NJ,"Somerset County",15,32,595
24,033,37,083,NC,"Halifax County",15,24,613
24,033,37,127,NC,"Nash County",15,30,300
24,033,42,055,PA,"Franklin County",15,41,648
24,033,51,137,VA,"Orange County",15,29,580
24,033,51,161,VA,"Roanoke County",15,24,498
24,033,51,187,VA,"Warren County",15,38,574
24,033,57,003,FR,"Foreign - Puerto Rico",15,33,444
24,033,06,013,CA,"Contra Costa County",14,28,567
24,033,06,053,CA,"Monterey County",14,24,626
24,033,09,001,CT,"Fairfield County",14,21,484
24,033,12,015,FL,"Charlotte County",14,23,570
24,033,13,153,GA,"Houston County",14,28,525
24,033,25,021,MA,"Norfolk County",14,22,674
24,033,28,047,MS,"Harrison County",14,29,489
24,033,34,039,NJ,"Union County",14,25,478
24,033,42,041,PA,"Cumberland County",14,37,555
24,033,42,051,PA,"Fayette County",14,31,324
24,033,42,129,PA,"Westmoreland County",14,23,546
24,033,45,085,SC,"Sumter County",14,37,288
24,033,49,035,UT,"Salt Lake County",14,38,309
24,033,51,730,VA,Petersburg,14,26,373
24,033,51,740,VA,Portsmouth,14,24,370
24,033,01,073,AL,"Jefferson County",13,26,283
24,033,13,215,GA,"Muscogee County",13,28,276
24,033,13,245,GA,"Richmond County",13,24,251
24,033,34,007,NJ,"Camden County",13,26,775
24,033,39,057,OH,"Greene County",13,43,608
24,033,42,079,PA,"Luzerne County",13,18,323
24,033,45,015,SC,"Berkeley County",13,30,327
24,033,48,141,TX,"El Paso County",13,27,354
24,033,12,021,FL,"Collier County",12,19,385
24,033,12,081,FL,"Manatee County",12,24,547
24,033,12,097,FL,"Osceola County",12,17,343
24,033,20,173,KS,"Sedgwick County",12,18,375
24,033,22,051,LA,"Jefferson Parish",12,23,345
24,033,25,027,MA,"Worcester County",12,25,401
24,033,34,001,NJ,"Atlantic County",12,17,258
24,033,36,067,NY,"Onondaga County",12,21,309
24,033,37,019,NC,"Brunswick County",12,23,652
24,033,37,107,NC,"Lenoir County",12,21,308
24,033,37,147,NC,"Pitt County",12,22,182
24,033,39,153,OH,"Summit County",12,20,461
24,033,40,143,OK,"Tulsa County",12,24,340
24,033,41,051,OR,"Multnomah County",12,15,317
24,033,42,021,PA,"Cambria County",12,25,453
24,033,48,085,TX,"Collin County",12,25,667
24,033,51,099,VA,"King George County",12,23,325
24,033,54,039,WV,"Kanawha County",12,16,404
24,033,05,119,AR,"Pulaski County",11,22,507
24,033,06,095,CA,"Solano County",11,32,304
24,033,06,111,CA,"Ventura County",11,26,339
24,033,08,069,CO,"Larimer County",11,15,370
24,033,12,069,FL,"Lake County",11,22,486
24,033,24,011,MD,"Caroline County",11,30,340
24,033,24,023,MD,"Garrett County",11,17,439
24,033,25,009,MA,"Essex County",11,16,325
24,033,26,161,MI,"Washtenaw County",11,18,349
24,033,34,027,NJ,"Morris County",11,16,558
24,033,37,065,NC,"Edgecombe County",11,22,206
24,033,40,031,OK,"Comanche County",11,25,298
24,033,42,011,PA,"Berks County",11,22,434
24,033,42,027,PA,"Centre County",11,21,513
24,033,42,029,PA,"Chester County",11,25,446
24,033,45,035,SC,"Dorchester County",11,25,439
24,033,45,091,SC,"York County",11,25,348
24,033,48,121,TX,"Denton County",11,35,484
24,033,51,047,VA,"Culpeper County",11,30,498
24,033,51,770,VA,Roanoke,11,19,268
24,033,54,033,WV,"Harrison County",11,23,472
24,033,06,065,CA,"Riverside County",10,28,480
24,033,09,011,CT,"New London County",10,23,273
24,033,12,019,FL,"Clay County",10,33,313
24,033,12,111,FL,"St Lucie County",10,19,288
24,033,17,043,IL,"Du Page County",10,20,365
24,033,22,033,LA,"East Baton Rouge Par",10,19,210
24,033,24,019,MD,"Dorchester County",10,21,410
24,033,25,001,MA,"Barnstable County",10,24,450
24,033,26,065,MI,"Ingham County",10,22,345
24,033,36,109,NY,"Tompkins County",10,12,105
24,033,37,129,NC,"New Hanover County",10,19,438
24,033,45,063,SC,"Lexington County",10,24,334
24,033,47,065,TN,"Hamilton County",10,24,457
24,033,47,093,TN,"Knox County",10,25,307
24,033,51,031,VA,"Campbell County",10,20,210
24,033,53,063,WA,"Spokane County",10,28,454
24,033,54,081,WV,"Raleigh County",10,19,210
24,033,58,000,SS,"Other Flows - Same State",12,21,640
24,033,59,000,DS,"Other Flows - Diff State",2215,4473,73010
24,033,59,001,DS,"Other Flows - Northeast",285,553,9604
24,033,59,003,DS,"Other Flows - Midwest",446,886,14164
24,033,59,005,DS,"Other Flows - South",1196,2491,39656
24,033,59,007,DS,"Other Flows - West",288,543,9586
24,033,57,009,FR,"Foreign - Other flows",116,193,2624
24,035,96,000,MD,"Queen Anne's Co Tot Mig-US & For",859,1570,33152
24,035,97,000,MD,"Queen Anne's Co Tot Mig-US",849,1545,32588
24,035,97,001,MD,"Queen Anne's Co Tot Mig-Same St",563,1013,17500
24,035,97,003,MD,"Queen Anne's Co Tot Mig-Diff St",286,532,15088
24,035,98,000,MD,"Queen Anne's Co Tot Mig-Foreign",10,25,564
24,035,24,035,MD,"Queen Anne's Co Non-Migrants",11385,25566,515000
24,035,24,003,MD,"Anne Arundel County",160,249,5073
24,035,24,011,MD,"Caroline County",100,225,2613
24,035,24,029,MD,"Kent County",74,153,1949
24,035,24,041,MD,"Talbot County",71,137,2436
24,035,10,001,DE,"Kent County",27,47,545
24,035,24,005,MD,"Baltimore County",27,41,895
24,035,24,033,MD,"Prince George's Coun",23,33,724
24,035,24,510,MD,Baltimore,18,27,372
24,035,24,031,MD,"Montgomery County",16,23,845
24,035,24,019,MD,"Dorchester County",15,29,417
24,035,10,005,DE,"Sussex County",10,17,264
24,035,24,045,MD,"Wicomico County",10,15,220
24,035,58,000,SS,"Other Flows - Same State",49,81,1956
24,035,59,000,DS,"Other Flows - Diff State",249,468,14279
24,035,59,001,DS,"Other Flows - Northeast",56,100,1801
24,035,59,003,DS,"Other Flows - Midwest",21,39,704
24,035,59,005,DS,"Other Flows - South",143,273,7330
24,035,59,007,DS,"Other Flows - West",29,56,4443
24,035,57,009,FR,"Foreign - Other flows",10,25,564
24,037,96,000,MD,"St Mary's Count Tot Mig-US & For",2192,4796,70027
24,037,97,000,MD,"St Mary's Count Tot Mig-US",2094,4554,67551
24,037,97,001,MD,"St Mary's Count Tot Mig-Same St",744,1424,23339
24,037,97,003,MD,"St Mary's Count Tot Mig-Diff St",1350,3130,44211
24,037,98,000,MD,"St Mary's Count Tot Mig-Foreign",98,242,2477
24,037,24,037,MD,"St Mary's Count Non-Migrants",24437,57074,979245
24,037,24,017,MD,"Charles County",265,504,8209
24,037,24,009,MD,"Calvert County",186,394,6234
24,037,24,033,MD,"Prince George's Coun",100,205,2777
24,037,12,031,FL,"Duval County",76,218,1885
24,037,24,003,MD,"Anne Arundel County",56,102,1924
24,037,51,810,VA,"Virginia Beach",49,152,1470
24,037,24,031,MD,"Montgomery County",38,53,1157
24,037,06,073,CA,"San Diego County",36,94,1211
24,037,51,059,VA,"Fairfax County",32,53,1263
24,037,45,019,SC,"Charleston County",28,68,1589
24,037,24,005,MD,"Baltimore County",25,35,626
24,037,45,035,SC,"Dorchester County",24,51,1285
24,037,51,710,VA,Norfolk,24,60,438
24,037,12,019,FL,"Clay County",22,73,714
24,037,37,133,NC,"Onslow County",22,51,414
24,037,48,439,TX,"Tarrant County",21,55,1009
24,037,24,510,MD,Baltimore,15,19,403
24,037,11,001,DC,"District Of Columbia",14,21,297
24,037,23,005,ME,"Cumberland County",14,52,489
24,037,24,027,MD,"Howard County",13,21,692
24,037,37,049,NC,"Craven County",12,19,448
24,037,45,015,SC,"Berkeley County",12,30,675
24,037,40,109,OK,"Oklahoma County",11,30,343
24,037,47,157,TN,"Shelby County",11,25,431
24,037,24,021,MD,"Frederick County",10,22,310
24,037,51,013,VA,"Arlington County",10,13,246
24,037,51,153,VA,"Prince William Count",10,13,267
24,037,58,000,SS,"Other Flows - Same State",36,69,1008
24,037,59,000,DS,"Other Flows - Diff State",922,2052,29737
24,037,59,001,DS,"Other Flows - Northeast",161,378,5427
24,037,59,003,DS,"Other Flows - Midwest",127,293,3855
24,037,59,005,DS,"Other Flows - South",487,1060,15638
24,037,59,007,DS,"Other Flows - West",147,321,4816
24,037,57,009,FR,"Foreign - Other flows",98,242,2477
24,039,96,000,MD,"Somerset County Tot Mig-US & For",446,838,9381
24,039,97,000,MD,"Somerset County Tot Mig-US",446,838,9381
24,039,97,001,MD,"Somerset County Tot Mig-Same St",312,587,7035
24,039,97,003,MD,"Somerset County Tot Mig-Diff St",134,251,2346
24,039,24,039,MD,"Somerset County Non-Migrants",6895,14707,180048
24,039,24,045,MD,"Wicomico County",180,346,3592
24,039,24,047,MD,"Worcester County",60,108,1746
24,039,10,005,DE,"Sussex County",16,28,244
24,039,24,005,MD,"Baltimore County",13,22,256
24,039,24,033,MD,"Prince George's Coun",12,22,287
24,039,24,003,MD,"Anne Arundel County",10,20,323
24,039,58,000,SS,"Other Flows - Same State",37,69,830
24,039,59,000,DS,"Other Flows - Diff State",118,223,2101
24,041,96,000,MD,"Talbot County Tot Mig-US & For",854,1607,32108
24,041,97,000,MD,"Talbot County Tot Mig-US",854,1607,32108
24,041,97,001,MD,"Talbot County Tot Mig-Same St",515,964,17452
24,041,97,003,MD,"Talbot County Tot Mig-Diff St",339,643,14656
24,041,24,041,MD,"Talbot County Non-Migrants",11836,24810,553209
24,041,24,011,MD,"Caroline County",137,289,3435
24,041,24,019,MD,"Dorchester County",99,197,2651
24,041,24,035,MD,"Queen Anne's County",69,117,2765
24,041,24,003,MD,"Anne Arundel County",52,91,1743
24,041,24,005,MD,"Baltimore County",38,60,1167
24,041,24,045,MD,"Wicomico County",20,45,653
24,041,10,005,DE,"Sussex County",17,32,331
24,041,10,001,DE,"Kent County",16,30,279
24,041,24,031,MD,"Montgomery County",15,19,2176
24,041,24,033,MD,"Prince George's Coun",15,29,608
24,041,24,510,MD,Baltimore,13,19,296
24,041,58,000,SS,"Other Flows - Same State",57,98,1960
24,041,59,000,DS,"Other Flows - Diff State",306,581,14046
24,041,59,001,DS,"Other Flows - Northeast",79,141,5002
24,041,59,003,DS,"Other Flows - Midwest",20,47,1044
24,041,59,005,DS,"Other Flows - South",164,318,6870
24,041,59,007,DS,"Other Flows - West",43,75,1131
24,043,96,000,MD,"Washington Coun Tot Mig-US & For",2349,4671,70658
24,043,97,000,MD,"Washington Coun Tot Mig-US",2273,4508,69052
24,043,97,001,MD,"Washington Coun Tot Mig-Same St",669,1249,20559
24,043,97,003,MD,"Washington Coun Tot Mig-Diff St",1604,3259,48492
24,043,98,000,MD,"Washington Coun Tot Mig-Foreign",76,163,1606
24,043,24,043,MD,"Washington Coun Non-Migrants",44599,96349,1574175
24,043,24,021,MD,"Frederick County",322,627,10511
24,043,42,055,PA,"Franklin County",274,568,7143
24,043,54,003,WV,"Berkeley County",201,415,5691
24,043,57,005,FR,"Foreign - APO/FPO ZIPs",66,136,1368
24,043,24,031,MD,"Montgomery County",57,97,1767
24,043,24,001,MD,"Allegany County",42,95,1236
24,043,24,005,MD,"Baltimore County",42,64,1350
24,043,54,065,WV,"Morgan County",41,92,959
24,043,54,037,WV,"Jefferson County",39,84,1297
24,043,24,003,MD,"Anne Arundel County",35,61,1054
24,043,24,033,MD,"Prince George's Coun",34,50,682
24,043,42,057,PA,"Fulton County",31,74,961
24,043,24,027,MD,"Howard County",27,44,849
24,043,51,059,VA,"Fairfax County",27,46,1117
24,043,24,013,MD,"Carroll County",26,54,896
24,043,24,510,MD,Baltimore,23,40,535
24,043,24,025,MD,"Harford County",16,34,475
24,043,42,133,PA,"York County",16,29,379
24,043,45,051,SC,"Horry County",16,25,374
24,043,51,069,VA,"Frederick County",13,21,339
24,043,51,153,VA,"Prince William Count",13,28,579
24,043,42,001,PA,"Adams County",11,16,247
24,043,48,029,TX,"Bexar County",11,27,297
24,043,42,041,PA,"Cumberland County",10,18,369
24,043,42,071,PA,"Lancaster County",10,16,266
24,043,58,000,SS,"Other Flows - Same State",45,83,1204
24,043,59,000,DS,"Other Flows - Diff State",891,1800,28474
24,043,59,001,DS,"Other Flows - Northeast",183,377,6683
24,043,59,003,DS,"Other Flows - Midwest",128,280,4439
24,043,59,005,DS,"Other Flows - South",454,902,14163
24,043,59,007,DS,"Other Flows - West",126,241,3190
24,043,57,009,FR,"Foreign - Other flows",10,27,238
24,045,96,000,MD,"Wicomico County Tot Mig-US & For",1893,3548,49042
24,045,97,000,MD,"Wicomico County Tot Mig-US",1880,3526,48747
24,045,97,001,MD,"Wicomico County Tot Mig-Same St",799,1463,18800
24,045,97,003,MD,"Wicomico County Tot Mig-Diff St",1081,2063,29946
24,045,98,000,MD,"Wicomico County Tot Mig-Foreign",13,22,295
24,045,24,045,MD,"Wicomico County Non-Migrants",27410,59812,988004
24,045,10,005,DE,"Sussex County",283,581,6062
24,045,24,047,MD,"Worcester County",270,502,6708
24,045,24,039,MD,"Somerset County",151,317,2923
24,045,24,005,MD,"Baltimore County",68,112,1935
24,045,24,003,MD,"Anne Arundel County",44,71,1210
24,045,24,031,MD,"Montgomery County",41,60,891
24,045,24,510,MD,Baltimore,39,59,682
24,045,24,019,MD,"Dorchester County",36,64,721
24,045,24,033,MD,"Prince George's Coun",35,56,832
24,045,10,003,DE,"New Castle County",29,43,764
24,045,10,001,DE,"Kent County",22,40,601
24,045,24,027,MD,"Howard County",18,31,375
24,045,24,041,MD,"Talbot County",17,23,367
24,045,51,001,VA,"Accomack County",17,25,623
24,045,24,011,MD,"Caroline County",16,31,268
24,045,24,021,MD,"Frederick County",13,28,400
24,045,51,059,VA,"Fairfax County",12,13,160
24,045,51,810,VA,"Virginia Beach",12,20,285
24,045,37,183,NC,"Wake County",10,21,403
24,045,51,710,VA,Norfolk,10,19,140
24,045,58,000,SS,"Other Flows - Same State",51,109,1489
24,045,59,000,DS,"Other Flows - Diff State",686,1301,20908
24,045,59,001,DS,"Other Flows - Northeast",176,334,5371
24,045,59,003,DS,"Other Flows - Midwest",74,138,2509
24,045,59,005,DS,"Other Flows - South",360,702,11179
24,045,59,007,DS,"Other Flows - West",76,127,1850
24,045,57,009,FR,"Foreign - Other flows",13,22,295
24,047,96,000,MD,"Worcester Count Tot Mig-US & For",1276,2135,31652
24,047,97,000,MD,"Worcester Count Tot Mig-US",1276,2135,31652
24,047,97,001,MD,"Worcester Count Tot Mig-Same St",638,1064,16283
24,047,97,003,MD,"Worcester Count Tot Mig-Diff St",638,1071,15369
24,047,24,047,MD,"Worcester Count Non-Migrants",16740,33587,749530
24,047,24,045,MD,"Wicomico County",280,527,6008
24,047,10,005,DE,"Sussex County",126,227,2732
24,047,24,005,MD,"Baltimore County",81,113,2176
24,047,24,039,MD,"Somerset County",63,116,1356
24,047,24,003,MD,"Anne Arundel County",46,65,2628
24,047,51,001,VA,"Accomack County",35,72,682
24,047,24,031,MD,"Montgomery County",28,31,683
24,047,24,025,MD,"Harford County",23,35,462
24,047,24,033,MD,"Prince George's Coun",21,31,742
24,047,24,510,MD,Baltimore,21,29,339
24,047,24,027,MD,"Howard County",13,19,368
24,047,51,059,VA,"Fairfax County",13,24,450
24,047,12,099,FL,"Palm Beach County",11,14,147
24,047,10,001,DE,"Kent County",10,14,176
24,047,10,003,DE,"New Castle County",10,14,223
24,047,42,133,PA,"York County",10,14,217
24,047,58,000,SS,"Other Flows - Same State",62,98,1523
24,047,59,000,DS,"Other Flows - Diff State",423,692,10742
24,047,59,001,DS,"Other Flows - Northeast",118,171,2322
24,047,59,003,DS,"Other Flows - Midwest",34,55,909
24,047,59,005,DS,"Other Flows - South",214,383,6545
24,047,59,007,DS,"Other Flows - West",57,83,966
24,510,96,000,MD,"Baltimore Tot Mig-US & For",16415,30918,503062
24,510,97,000,MD,"Baltimore Tot Mig-US",16228,30620,498871
24,510,97,001,MD,"Baltimore Tot Mig-Same St",11752,23196,357340
24,510,97,003,MD,"Baltimore Tot Mig-Diff St",4476,7424,141532
24,510,98,000,MD,"Baltimore Tot Mig-Foreign",187,298,4190
24,510,24,510,MD,"Baltimore Non-Migrants",201791,416756,5936378
24,510,24,005,MD,"Baltimore County",8439,16957,245191
24,510,24,003,MD,"Anne Arundel County",1059,2031,30690
24,510,24,025,MD,"Harford County",599,1287,20560
24,510,24,027,MD,"Howard County",498,887,20751
24,510,24,033,MD,"Prince George's Coun",270,442,7011
24,510,24,031,MD,"Montgomery County",252,335,9072
24,510,24,013,MD,"Carroll County",247,514,10483
24,510,11,001,DC,"District Of Columbia",170,221,4885
24,510,42,133,PA,"York County",155,360,5695
24,510,36,061,NY,"New York County",111,128,10995
24,510,42,101,PA,"Philadelphia County",100,145,2377
24,510,51,059,VA,"Fairfax County",95,135,2954
24,510,17,031,IL,"Cook County",80,113,2493
24,510,57,005,FR,"Foreign - APO/FPO ZIPs",72,147,1583
24,510,06,037,CA,"Los Angeles County",67,87,1533
24,510,13,089,GA,"De Kalb County",64,114,1778
24,510,25,017,MA,"Middlesex County",60,74,1897
24,510,24,021,MD,"Frederick County",55,92,2170
24,510,24,047,MD,"Worcester County",55,96,3736
24,510,36,047,NY,"Kings County",54,84,1083
24,510,10,003,DE,"New Castle County",52,76,1526
24,510,51,013,VA,"Arlington County",49,65,1730
24,510,25,025,MA,"Suffolk County",45,53,1170
24,510,13,121,GA,"Fulton County",44,72,1598
24,510,06,075,CA,"San Francisco County",43,46,1101
24,510,06,073,CA,"San Diego County",42,59,777
24,510,24,043,MD,"Washington County",41,85,1141
24,510,42,003,PA,"Allegheny County",37,61,1004
24,510,10,005,DE,"Sussex County",36,82,1330
24,510,04,013,AZ,"Maricopa County",35,50,2263
24,510,12,011,FL,"Broward County",35,58,1166
24,510,24,045,MD,"Wicomico County",35,60,761
24,510,51,510,VA,Alexandria,35,46,1327
24,510,53,033,WA,"King County",34,42,1279
24,510,12,025,FL,"Dade County",33,50,1066
24,510,24,015,MD,"Cecil County",32,80,1042
24,510,24,035,MD,"Queen Anne's County",32,71,1186
24,510,37,183,NC,"Wake County",32,56,982
24,510,13,067,GA,"Cobb County",31,52,894
24,510,12,031,FL,"Duval County",28,47,886
24,510,12,057,FL,"Hillsborough County",28,43,829
24,510,36,081,NY,"Queens County",28,55,459
24,510,39,035,OH,"Cuyahoga County",28,43,809
24,510,51,087,VA,"Henrico County",28,46,944
24,510,12,103,FL,"Pinellas County",27,52,596
24,510,37,119,NC,"Mecklenburg County",27,45,1040
24,510,42,091,PA,"Montgomery County",27,54,1542
24,510,48,201,TX,"Harris County",27,45,518
24,510,25,021,MA,"Norfolk County",26,34,868
24,510,37,063,NC,"Durham County",26,46,1016
24,510,39,049,OH,"Franklin County",26,52,590
24,510,12,099,FL,"Palm Beach County",25,37,-997
24,510,36,103,NY,"Suffolk County",25,39,795
24,510,09,001,CT,"Fairfield County",24,44,2134
24,510,51,710,VA,Norfolk,24,52,498
24,510,24,001,MD,"Allegany County",23,39,372
24,510,36,059,NY,"Nassau County",23,42,1029
24,510,06,085,CA,"Santa Clara County",22,33,735
24,510,34,013,NJ,"Essex County",21,33,732
24,510,42,001,PA,"Adams County",21,49,797
24,510,48,113,TX,"Dallas County",21,32,784
24,510,51,810,VA,"Virginia Beach",21,45,479
24,510,06,001,CA,"Alameda County",20,27,578
24,510,37,133,NC,"Onslow County",20,40,293
24,510,42,045,PA,"Delaware County",20,28,894
24,510,24,009,MD,"Calvert County",19,30,575
24,510,24,011,MD,"Caroline County",19,50,461
24,510,24,041,MD,"Talbot County",19,34,850
24,510,48,027,TX,"Bell County",19,33,344
24,510,51,153,VA,"Prince William Count",19,37,634
24,510,26,161,MI,"Washtenaw County",18,27,527
24,510,42,029,PA,"Chester County",17,24,870
24,510,08,031,CO,"Denver County",16,18,668
24,510,12,095,FL,"Orange County",16,27,628
24,510,13,135,GA,"Gwinnett County",16,25,375
24,510,47,037,TN,"Davidson County",16,26,708
24,510,24,017,MD,"Charles County",15,20,412
24,510,29,189,MO,"St Louis County",15,34,507
24,510,32,003,NV,"Clark County",15,22,536
24,510,34,007,NJ,"Camden County",15,26,489
24,510,36,055,NY,"Monroe County",15,24,364
24,510,36,119,NY,"Westchester County",15,24,678
24,510,39,061,OH,"Hamilton County",15,25,845
24,510,54,003,WV,"Berkeley County",15,28,547
24,510,34,003,NJ,"Bergen County",14,28,386
24,510,34,005,NJ,"Burlington County",14,27,394
24,510,34,017,NJ,"Hudson County",14,16,411
24,510,36,067,NY,"Onondaga County",14,22,430
24,510,42,043,PA,"Dauphin County",14,20,317
24,510,45,051,SC,"Horry County",14,24,346
24,510,04,019,AZ,"Pima County",13,20,353
24,510,08,013,CO,"Boulder County",13,15,264
24,510,10,001,DE,"Kent County",13,19,365
24,510,24,019,MD,"Dorchester County",13,35,291
24,510,24,039,MD,"Somerset County",13,20,172
24,510,36,005,NY,"Bronx County",13,25,244
24,510,42,017,PA,"Bucks County",13,19,439
24,510,42,055,PA,"Franklin County",13,25,453
24,510,42,071,PA,"Lancaster County",13,18,323
24,510,48,029,TX,"Bexar County",13,24,256
24,510,09,003,CT,"Hartford County",12,20,363
24,510,09,009,CT,"New Haven County",12,21,620
24,510,22,071,LA,"Orleans Parish",12,18,441
24,510,36,001,NY,"Albany County",12,17,222
24,510,37,051,NC,"Cumberland County",12,22,200
24,510,37,081,NC,"Guilford County",12,21,224
24,510,37,083,NC,"Halifax County",12,25,181
24,510,51,700,VA,"Newport News",12,28,154
24,510,51,760,VA,Richmond,12,16,342
24,510,12,071,FL,"Lee County",11,17,347
24,510,12,117,FL,"Seminole County",11,24,355
24,510,13,051,GA,"Chatham County",11,22,200
24,510,13,063,GA,"Clayton County",11,17,166
24,510,18,097,IN,"Marion County",11,19,333
24,510,26,163,MI,"Wayne County",11,16,138
24,510,37,147,NC,"Pitt County",11,24,223
24,510,06,081,CA,"San Mateo County",10,14,667
24,510,12,115,FL,"Sarasota County",10,17,612
24,510,12,127,FL,"Volusia County",10,22,320
24,510,25,009,MA,"Essex County",10,14,245
24,510,37,155,NC,"Robeson County",10,20,148
24,510,41,051,OR,"Multnomah County",10,14,274
24,510,44,007,RI,"Providence County",10,15,173
24,510,45,019,SC,"Charleston County",10,21,349
24,510,48,439,TX,"Tarrant County",10,21,376
24,510,51,003,VA,"Albemarle County",10,15,582
24,510,58,000,SS,"Other Flows - Same State",17,31,412
24,510,59,000,DS,"Other Flows - Diff State",1609,2830,45827
24,510,59,001,DS,"Other Flows - Northeast",310,532,10044
24,510,59,003,DS,"Other Flows - Midwest",233,378,7497
24,510,59,005,DS,"Other Flows - South",848,1593,22623
24,510,59,007,DS,"Other Flows - West",218,327,5664
24,510,57,009,FR,"Foreign - Other flows",115,151,2607
