"2002-2003 County To County Migration  Inflows",,,,,,Mississippi,,
"(Aggregate money amounts in thousands of dollars)",,,,,,,,
,,,,,,,,
"Migration into",,"Migration from",,,,Number,Number,Aggregate
Mississippi,,,,,,of,of,adjusted
State,County,State,County,State,"State totals, county totals,",returns,exemptions,gross
"FIPS Code",,,,,"and county by county detail",,,income
,,,,,,,,
28,000,96,000,MS,"Total Mig - US & For",65654,135850,2024614
28,000,97,000,MS,"Total Mig - US",64277,133503,1995291
28,000,97,001,MS,"Total Mig - US Same St",36234,75665,1043183
28,000,97,003,MS,"Total Mig - US Diff St",28043,57838,952108
28,000,98,000,MS,"Total Mig - Foreign",1377,2347,29323
28,001,96,000,MS,"Adams County Tot Mig-US & For",491,1011,13559
28,001,97,000,MS,"Adams County Tot Mig-US",491,1011,13559
28,001,97,001,MS,"Adams County Tot Mig-Same St",178,355,4493
28,001,97,003,MS,"Adams County Tot Mig-Diff St",313,656,9066
28,001,28,001,MS,"Adams County Non-Migrants",10481,23639,361430
28,001,22,029,LA,"Concordia Parish",73,161,1536
28,001,28,063,MS,"Jefferson County",25,59,473
28,001,28,049,MS,"Hinds County",22,41,419
28,001,28,037,MS,"Franklin County",18,38,313
28,001,48,113,TX,"Dallas County",13,28,391
28,001,22,033,LA,"East Baton Rouge Par",12,24,611
28,001,28,085,MS,"Lincoln County",11,14,222
28,001,48,201,TX,"Harris County",11,24,164
28,001,58,000,SS,"Other Flows - Same State",102,203,3066
28,001,59,000,DS,"Other Flows - Diff State",204,419,6364
28,003,96,000,MS,"Alcorn County Tot Mig-US & For",605,1272,16610
28,003,97,000,MS,"Alcorn County Tot Mig-US",605,1272,16610
28,003,97,001,MS,"Alcorn County Tot Mig-Same St",296,628,7737
28,003,97,003,MS,"Alcorn County Tot Mig-Diff St",309,644,8873
28,003,28,003,MS,"Alcorn County Non-Migrants",11540,26656,417652
28,003,28,117,MS,"Prentiss County",74,159,1623
28,003,28,141,MS,"Tishomingo County",53,120,1389
28,003,47,109,TN,"Mcnairy County",49,101,1100
28,003,28,139,MS,"Tippah County",33,76,1009
28,003,28,081,MS,"Lee County",31,64,1022
28,003,47,157,TN,"Shelby County",30,57,762
28,003,28,033,MS,"De Soto County",15,36,418
28,003,47,071,TN,"Hardin County",15,28,308
28,003,28,009,MS,"Benton County",10,23,303
28,003,28,071,MS,"Lafayette County",10,17,216
28,003,58,000,SS,"Other Flows - Same State",70,133,1757
28,003,59,000,DS,"Other Flows - Diff State",215,458,6703
28,005,96,000,MS,"Amite County Tot Mig-US & For",350,805,9567
28,005,97,000,MS,"Amite County Tot Mig-US",350,805,9567
28,005,97,001,MS,"Amite County Tot Mig-Same St",209,484,5157
28,005,97,003,MS,"Amite County Tot Mig-Diff St",141,321,4410
28,005,28,005,MS,"Amite County Non-Migrants",4823,11349,154747
28,005,28,113,MS,"Pike County",91,208,2114
28,005,22,033,LA,"East Baton Rouge Par",15,31,411
28,005,28,157,MS,"Wilkinson County",14,35,263
28,005,28,001,MS,"Adams County",13,39,271
28,005,28,049,MS,"Hinds County",13,24,419
28,005,28,085,MS,"Lincoln County",13,26,411
28,005,28,037,MS,"Franklin County",12,22,213
28,005,22,063,LA,"Livingston Parish",10,27,375
28,005,58,000,SS,"Other Flows - Same State",53,130,1466
28,005,59,000,DS,"Other Flows - Diff State",116,263,3624
28,007,96,000,MS,"Attala County Tot Mig-US & For",329,753,8986
28,007,97,000,MS,"Attala County Tot Mig-US",329,753,8986
28,007,97,001,MS,"Attala County Tot Mig-Same St",212,493,5403
28,007,97,003,MS,"Attala County Tot Mig-Diff St",117,260,3583
28,007,28,007,MS,"Attala County Non-Migrants",6327,14703,199217
28,007,28,051,MS,"Holmes County",34,95,845
28,007,28,049,MS,"Hinds County",22,43,561
28,007,28,079,MS,"Leake County",15,32,468
28,007,28,019,MS,"Choctaw County",14,29,251
28,007,28,089,MS,"Madison County",10,23,304
28,007,28,121,MS,"Rankin County",10,26,259
28,007,28,159,MS,"Winston County",10,23,173
28,007,58,000,SS,"Other Flows - Same State",97,222,2542
28,007,59,000,DS,"Other Flows - Diff State",117,260,3583
28,009,96,000,MS,"Benton County Tot Mig-US & For",211,429,6304
28,009,97,000,MS,"Benton County Tot Mig-US",211,429,6304
28,009,97,001,MS,"Benton County Tot Mig-Same St",119,242,2897
28,009,97,003,MS,"Benton County Tot Mig-Diff St",92,187,3407
28,009,28,009,MS,"Benton County Non-Migrants",2850,6588,81584
28,009,47,157,TN,"Shelby County",47,89,2201
28,009,28,093,MS,"Marshall County",43,92,936
28,009,28,139,MS,"Tippah County",23,46,448
28,009,28,033,MS,"De Soto County",18,36,567
28,009,28,145,MS,"Union County",13,26,170
28,009,58,000,SS,"Other Flows - Same State",22,42,775
28,009,59,000,DS,"Other Flows - Diff State",45,98,1206
28,011,96,000,MS,"Bolivar County Tot Mig-US & For",585,1224,15407
28,011,97,000,MS,"Bolivar County Tot Mig-US",585,1224,15407
28,011,97,001,MS,"Bolivar County Tot Mig-Same St",368,774,9270
28,011,97,003,MS,"Bolivar County Tot Mig-Diff St",217,450,6137
28,011,28,011,MS,"Bolivar County Non-Migrants",11617,27789,356978
28,011,28,151,MS,"Washington County",79,169,2026
28,011,28,133,MS,"Sunflower County",76,180,1860
28,011,28,027,MS,"Coahoma County",36,66,797
28,011,47,157,TN,"Shelby County",33,74,654
28,011,28,049,MS,"Hinds County",19,38,420
28,011,28,121,MS,"Rankin County",16,35,771
28,011,28,083,MS,"Leflore County",15,30,295
28,011,28,033,MS,"De Soto County",12,17,192
28,011,17,031,IL,"Cook County",10,21,111
28,011,28,135,MS,"Tallahatchie County",10,22,219
28,011,58,000,SS,"Other Flows - Same State",105,217,2688
28,011,59,000,DS,"Other Flows - Diff State",174,355,5372
28,013,96,000,MS,"Calhoun County Tot Mig-US & For",229,493,4388
28,013,97,000,MS,"Calhoun County Tot Mig-US",229,493,4388
28,013,97,001,MS,"Calhoun County Tot Mig-Same St",175,385,3263
28,013,97,003,MS,"Calhoun County Tot Mig-Diff St",54,108,1126
28,013,28,013,MS,"Calhoun County Non-Migrants",5127,11963,154979
28,013,28,115,MS,"Pontotoc County",24,55,564
28,013,28,017,MS,"Chickasaw County",23,62,577
28,013,28,043,MS,"Grenada County",16,39,340
28,013,28,161,MS,"Yalobusha County",15,40,400
28,013,28,071,MS,"Lafayette County",12,21,365
28,013,28,155,MS,"Webster County",12,29,332
28,013,28,081,MS,"Lee County",11,19,144
28,013,58,000,SS,"Other Flows - Same State",62,120,542
28,013,59,000,DS,"Other Flows - Diff State",54,108,1126
28,015,96,000,MS,"Carroll County Tot Mig-US & For",331,708,8248
28,015,97,000,MS,"Carroll County Tot Mig-US",331,708,8248
28,015,97,001,MS,"Carroll County Tot Mig-Same St",243,529,6063
28,015,97,003,MS,"Carroll County Tot Mig-Diff St",88,179,2185
28,015,28,015,MS,"Carroll County Non-Migrants",4357,10228,139538
28,015,28,083,MS,"Leflore County",108,241,2680
28,015,28,043,MS,"Grenada County",36,82,987
28,015,28,097,MS,"Montgomery County",18,42,584
28,015,47,157,TN,"Shelby County",11,20,116
28,015,28,135,MS,"Tallahatchie County",10,19,150
28,015,58,000,SS,"Other Flows - Same State",71,145,1662
28,015,59,000,DS,"Other Flows - Diff State",77,159,2069
28,017,96,000,MS,"Chickasaw Count Tot Mig-US & For",337,710,8255
28,017,97,000,MS,"Chickasaw Count Tot Mig-US",337,710,8255
28,017,97,001,MS,"Chickasaw Count Tot Mig-Same St",279,598,6290
28,017,97,003,MS,"Chickasaw Count Tot Mig-Diff St",58,112,1965
28,017,28,017,MS,"Chickasaw Count Non-Migrants",6546,15166,191246
28,017,28,081,MS,"Lee County",66,143,1341
28,017,28,095,MS,"Monroe County",42,92,799
28,017,28,025,MS,"Clay County",37,85,1261
28,017,28,013,MS,"Calhoun County",26,62,537
28,017,28,115,MS,"Pontotoc County",23,52,461
28,017,28,057,MS,"Itawamba County",10,15,259
28,017,58,000,SS,"Other Flows - Same State",75,149,1631
28,017,59,000,DS,"Other Flows - Diff State",58,112,1965
28,019,96,000,MS,"Choctaw County Tot Mig-US & For",174,384,4744
28,019,97,000,MS,"Choctaw County Tot Mig-US",174,384,4744
28,019,97,001,MS,"Choctaw County Tot Mig-Same St",103,233,2465
28,019,97,003,MS,"Choctaw County Tot Mig-Diff St",71,151,2279
28,019,28,019,MS,"Choctaw County Non-Migrants",2341,5529,69332
28,019,28,105,MS,"Oktibbeha County",19,35,371
28,019,28,155,MS,"Webster County",16,39,415
28,019,28,007,MS,"Attala County",11,30,215
28,019,28,159,MS,"Winston County",10,25,262
28,019,58,000,SS,"Other Flows - Same State",47,104,1201
28,019,59,000,DS,"Other Flows - Diff State",71,151,2279
28,021,96,000,MS,"Claiborne Count Tot Mig-US & For",160,321,3250
28,021,97,000,MS,"Claiborne Count Tot Mig-US",160,321,3250
28,021,97,001,MS,"Claiborne Count Tot Mig-Same St",111,224,1831
28,021,97,003,MS,"Claiborne Count Tot Mig-Diff St",49,97,1419
28,021,28,021,MS,"Claiborne Count Non-Migrants",3274,7845,91466
28,021,28,149,MS,"Warren County",44,87,1132
28,021,28,049,MS,"Hinds County",21,43,-223
28,021,28,063,MS,"Jefferson County",17,39,319
28,021,58,000,SS,"Other Flows - Same State",29,55,603
28,021,59,000,DS,"Other Flows - Diff State",49,97,1419
28,023,96,000,MS,"Clarke County Tot Mig-US & For",439,968,11735
28,023,97,000,MS,"Clarke County Tot Mig-US",439,968,11735
28,023,97,001,MS,"Clarke County Tot Mig-Same St",305,685,8271
28,023,97,003,MS,"Clarke County Tot Mig-Diff St",134,283,3464
28,023,28,023,MS,"Clarke County Non-Migrants",7600,17876,237867
28,023,28,075,MS,"Lauderdale County",164,363,4840
28,023,28,067,MS,"Jones County",33,77,831
28,023,28,153,MS,"Wayne County",25,56,382
28,023,28,061,MS,"Jasper County",16,45,286
28,023,28,101,MS,"Newton County",13,29,351
28,023,58,000,SS,"Other Flows - Same State",54,115,1580
28,023,59,000,DS,"Other Flows - Diff State",134,283,3464
28,025,96,000,MS,"Clay County Tot Mig-US & For",324,701,9804
28,025,97,000,MS,"Clay County Tot Mig-US",324,701,9804
28,025,97,001,MS,"Clay County Tot Mig-Same St",238,535,6901
28,025,97,003,MS,"Clay County Tot Mig-Diff St",86,166,2903
28,025,28,025,MS,"Clay County Non-Migrants",6930,15993,223037
28,025,28,087,MS,"Lowndes County",48,104,1647
28,025,28,105,MS,"Oktibbeha County",46,111,1420
28,025,28,095,MS,"Monroe County",30,74,1099
28,025,28,017,MS,"Chickasaw County",28,70,602
28,025,28,155,MS,"Webster County",13,22,320
28,025,28,081,MS,"Lee County",12,31,303
28,025,58,000,SS,"Other Flows - Same State",61,123,1510
28,025,59,000,DS,"Other Flows - Diff State",86,166,2903
28,027,96,000,MS,"Coahoma County Tot Mig-US & For",359,766,7936
28,027,97,000,MS,"Coahoma County Tot Mig-US",359,766,7936
28,027,97,001,MS,"Coahoma County Tot Mig-Same St",192,425,4296
28,027,97,003,MS,"Coahoma County Tot Mig-Diff St",167,341,3640
28,027,28,027,MS,"Coahoma County Non-Migrants",9334,22626,279722
28,027,47,157,TN,"Shelby County",39,87,600
28,027,28,119,MS,"Quitman County",34,89,841
28,027,28,011,MS,"Bolivar County",29,58,651
28,027,28,135,MS,"Tallahatchie County",20,51,348
28,027,28,143,MS,"Tunica County",18,43,350
28,027,28,049,MS,"Hinds County",14,29,223
28,027,28,033,MS,"De Soto County",12,27,275
28,027,28,107,MS,"Panola County",11,22,228
28,027,05,107,AR,"Phillips County",10,21,374
28,027,58,000,SS,"Other Flows - Same State",54,106,1379
28,027,59,000,DS,"Other Flows - Diff State",118,233,2666
28,029,96,000,MS,"Copiah County Tot Mig-US & For",514,1104,14037
28,029,97,000,MS,"Copiah County Tot Mig-US",514,1104,14037
28,029,97,001,MS,"Copiah County Tot Mig-Same St",395,850,10691
28,029,97,003,MS,"Copiah County Tot Mig-Diff St",119,254,3347
28,029,28,029,MS,"Copiah County Non-Migrants",9791,22674,299246
28,029,28,049,MS,"Hinds County",141,284,3903
28,029,28,085,MS,"Lincoln County",78,187,2022
28,029,28,121,MS,"Rankin County",51,101,1543
28,029,28,127,MS,"Simpson County",14,24,306
28,029,28,077,MS,"Lawrence County",11,28,253
28,029,28,149,MS,"Warren County",11,21,273
28,029,58,000,SS,"Other Flows - Same State",89,205,2390
28,029,59,000,DS,"Other Flows - Diff State",119,254,3347
28,031,96,000,MS,"Covington Count Tot Mig-US & For",437,983,10900
28,031,97,000,MS,"Covington Count Tot Mig-US",437,983,10900
28,031,97,001,MS,"Covington Count Tot Mig-Same St",344,773,8520
28,031,97,003,MS,"Covington Count Tot Mig-Diff St",93,210,2380
28,031,28,031,MS,"Covington Count Non-Migrants",6000,14366,184797
28,031,28,035,MS,"Forrest County",73,147,2016
28,031,28,127,MS,"Simpson County",63,150,1530
28,031,28,067,MS,"Jones County",44,97,879
28,031,28,065,MS,"Jefferson Davis Coun",24,67,491
28,031,28,129,MS,"Smith County",24,54,519
28,031,28,073,MS,"Lamar County",23,51,701
28,031,28,047,MS,"Harrison County",13,27,360
28,031,28,121,MS,"Rankin County",12,26,440
28,031,28,049,MS,"Hinds County",10,20,156
28,031,58,000,SS,"Other Flows - Same State",58,134,1429
28,031,59,000,DS,"Other Flows - Diff State",93,210,2380
28,033,96,000,MS,"De Soto County Tot Mig-US & For",5123,10971,197331
28,033,97,000,MS,"De Soto County Tot Mig-US",5123,10971,197331
28,033,97,001,MS,"De Soto County Tot Mig-Same St",1077,2347,34652
28,033,97,003,MS,"De Soto County Tot Mig-Diff St",4046,8624,162679
28,033,28,033,MS,"De Soto County Non-Migrants",42172,98971,1992290
28,033,47,157,TN,"Shelby County",2376,4972,92673
28,033,28,137,MS,"Tate County",200,477,6541
28,033,28,093,MS,"Marshall County",146,319,3550
28,033,28,143,MS,"Tunica County",104,219,3041
28,033,28,107,MS,"Panola County",89,180,2842
28,033,05,035,AR,"Crittenden County",58,135,1997
28,033,47,047,TN,"Fayette County",57,130,2099
28,033,28,071,MS,"Lafayette County",52,111,1793
28,033,28,081,MS,"Lee County",44,91,1979
28,033,28,027,MS,"Coahoma County",42,97,1441
28,033,47,167,TN,"Tipton County",40,94,1833
28,033,28,011,MS,"Bolivar County",30,62,1001
28,033,28,049,MS,"Hinds County",27,50,1008
28,033,28,151,MS,"Washington County",26,54,855
28,033,28,121,MS,"Rankin County",25,48,934
28,033,17,031,IL,"Cook County",24,53,829
28,033,05,031,AR,"Craighead County",21,50,792
28,033,05,119,AR,"Pulaski County",21,48,867
28,033,47,037,TN,"Davidson County",20,31,504
28,033,05,107,AR,"Phillips County",18,44,617
28,033,32,003,NV,"Clark County",18,38,776
28,033,17,043,IL,"Du Page County",16,30,1142
28,033,28,043,MS,"Grenada County",16,36,635
28,033,26,163,MI,"Wayne County",15,26,783
28,033,28,105,MS,"Oktibbeha County",15,30,577
28,033,48,201,TX,"Harris County",15,37,450
28,033,22,073,LA,"Ouachita Parish",14,30,418
28,033,28,009,MS,"Benton County",14,31,482
28,033,28,135,MS,"Tallahatchie County",14,31,404
28,033,47,113,TN,"Madison County",14,25,423
28,033,12,095,FL,"Orange County",13,26,534
28,033,28,047,MS,"Harrison County",13,23,392
28,033,28,139,MS,"Tippah County",13,27,376
28,033,28,161,MS,"Yalobusha County",13,29,376
28,033,48,113,TX,"Dallas County",13,32,468
28,033,48,439,TX,"Tarrant County",13,32,612
28,033,28,089,MS,"Madison County",12,25,649
28,033,28,119,MS,"Quitman County",12,25,322
28,033,28,133,MS,"Sunflower County",12,29,345
28,033,29,183,MO,"St Charles County",12,18,593
28,033,29,189,MO,"St Louis County",12,23,549
28,033,01,097,AL,"Mobile County",11,20,363
28,033,06,071,CA,"San Bernardino Count",11,27,362
28,033,28,087,MS,"Lowndes County",11,34,621
28,033,40,143,OK,"Tulsa County",10,26,382
28,033,58,000,SS,"Other Flows - Same State",147,319,4489
28,033,59,000,DS,"Other Flows - Diff State",1224,2677,52614
28,033,59,001,DS,"Other Flows - Northeast",61,133,2885
28,033,59,003,DS,"Other Flows - Midwest",254,522,10613
28,033,59,005,DS,"Other Flows - South",773,1718,33310
28,033,59,007,DS,"Other Flows - West",136,304,5806
28,035,96,000,MS,"Forrest County Tot Mig-US & For",2680,5123,74341
28,035,97,000,MS,"Forrest County Tot Mig-US",2597,5010,73434
28,035,97,001,MS,"Forrest County Tot Mig-Same St",1794,3444,47217
28,035,97,003,MS,"Forrest County Tot Mig-Diff St",803,1566,26217
28,035,98,000,MS,"Forrest County Tot Mig-Foreign",83,113,907
28,035,28,035,MS,"Forrest County Non-Migrants",25102,56052,1005290
28,035,28,073,MS,"Lamar County",335,663,12004
28,035,28,067,MS,"Jones County",177,366,3923
28,035,28,047,MS,"Harrison County",126,236,2416
28,035,28,091,MS,"Marion County",98,189,2940
28,035,28,111,MS,"Perry County",97,224,2520
28,035,28,049,MS,"Hinds County",87,134,2382
28,035,28,121,MS,"Rankin County",68,128,2349
28,035,28,031,MS,"Covington County",67,153,1404
28,035,28,059,MS,"Jackson County",66,103,1197
28,035,28,109,MS,"Pearl River County",49,98,1060
28,035,28,065,MS,"Jefferson Davis Coun",48,106,1112
28,035,28,089,MS,"Madison County",43,63,1245
28,035,28,075,MS,"Lauderdale County",38,58,848
28,035,28,113,MS,"Pike County",34,58,1042
28,035,28,131,MS,"Stone County",32,75,720
28,035,01,097,AL,"Mobile County",31,59,886
28,035,28,077,MS,"Lawrence County",24,36,393
28,035,28,153,MS,"Wayne County",24,50,488
28,035,57,005,FR,"Foreign - APO/FPO ZIPs",24,46,680
28,035,22,103,LA,"St Tammany Parish",23,40,675
28,035,28,061,MS,"Jasper County",23,55,605
28,035,28,127,MS,"Simpson County",22,34,386
28,035,28,105,MS,"Oktibbeha County",21,31,395
28,035,28,071,MS,"Lafayette County",19,30,452
28,035,22,051,LA,"Jefferson Parish",18,32,499
28,035,28,045,MS,"Hancock County",18,33,518
28,035,28,085,MS,"Lincoln County",18,41,595
28,035,22,071,LA,"Orleans Parish",16,27,662
28,035,28,041,MS,"Greene County",16,34,327
28,035,28,149,MS,"Warren County",15,23,307
28,035,28,001,MS,"Adams County",14,23,309
28,035,28,023,MS,"Clarke County",14,29,386
28,035,28,029,MS,"Copiah County",14,29,199
28,035,28,087,MS,"Lowndes County",14,29,563
28,035,28,129,MS,"Smith County",14,22,267
28,035,22,033,LA,"East Baton Rouge Par",11,14,187
28,035,28,101,MS,"Newton County",11,22,244
28,035,01,073,AL,"Jefferson County",10,16,404
28,035,28,039,MS,"George County",10,22,264
28,035,28,081,MS,"Lee County",10,16,157
28,035,28,147,MS,"Walthall County",10,17,141
28,035,28,151,MS,"Washington County",10,19,226
28,035,48,113,TX,"Dallas County",10,18,604
28,035,48,201,TX,"Harris County",10,15,333
28,035,58,000,SS,"Other Flows - Same State",108,195,2831
28,035,59,000,DS,"Other Flows - Diff State",674,1345,21966
28,035,59,001,DS,"Other Flows - Northeast",47,79,1766
28,035,59,003,DS,"Other Flows - Midwest",97,199,3420
28,035,59,005,DS,"Other Flows - South",424,845,13372
28,035,59,007,DS,"Other Flows - West",106,222,3408
28,035,57,009,FR,"Foreign - Other flows",59,67,227
28,037,96,000,MS,"Franklin County Tot Mig-US & For",134,323,3374
28,037,97,000,MS,"Franklin County Tot Mig-US",134,323,3374
28,037,97,001,MS,"Franklin County Tot Mig-Same St",91,230,2135
28,037,97,003,MS,"Franklin County Tot Mig-Diff St",43,93,1239
28,037,28,037,MS,"Franklin County Non-Migrants",2216,5265,70139
28,037,28,085,MS,"Lincoln County",27,71,769
28,037,28,001,MS,"Adams County",12,32,155
28,037,58,000,SS,"Other Flows - Same State",52,127,1211
28,037,59,000,DS,"Other Flows - Diff State",43,93,1239
28,039,96,000,MS,"George County Tot Mig-US & For",461,1101,14130
28,039,97,000,MS,"George County Tot Mig-US",461,1101,14130
28,039,97,001,MS,"George County Tot Mig-Same St",260,630,7919
28,039,97,003,MS,"George County Tot Mig-Diff St",201,471,6211
28,039,28,039,MS,"George County Non-Migrants",6546,17099,239965
28,039,28,059,MS,"Jackson County",142,351,4419
28,039,01,097,AL,"Mobile County",68,183,2206
28,039,28,041,MS,"Greene County",31,83,991
28,039,28,047,MS,"Harrison County",18,42,671
28,039,28,035,MS,"Forrest County",13,21,241
28,039,58,000,SS,"Other Flows - Same State",56,133,1596
28,039,59,000,DS,"Other Flows - Diff State",133,288,4005
28,041,96,000,MS,"Greene County Tot Mig-US & For",154,358,4177
28,041,97,000,MS,"Greene County Tot Mig-US",154,358,4177
28,041,97,001,MS,"Greene County Tot Mig-Same St",92,203,2255
28,041,97,003,MS,"Greene County Tot Mig-Diff St",62,155,1922
28,041,28,041,MS,"Greene County Non-Migrants",2553,6380,80512
28,041,28,039,MS,"George County",27,63,727
28,041,01,097,AL,"Mobile County",16,37,541
28,041,28,035,MS,"Forrest County",16,28,335
28,041,28,111,MS,"Perry County",11,23,278
28,041,28,059,MS,"Jackson County",10,19,289
28,041,28,153,MS,"Wayne County",10,28,216
28,041,58,000,SS,"Other Flows - Same State",18,42,410
28,041,59,000,DS,"Other Flows - Diff State",46,118,1380
28,043,96,000,MS,"Grenada County Tot Mig-US & For",469,1004,13664
28,043,97,000,MS,"Grenada County Tot Mig-US",469,1004,13664
28,043,97,001,MS,"Grenada County Tot Mig-Same St",326,702,8948
28,043,97,003,MS,"Grenada County Tot Mig-Diff St",143,302,4716
28,043,28,043,MS,"Grenada County Non-Migrants",7477,17099,255496
28,043,28,015,MS,"Carroll County",44,97,1083
28,043,28,097,MS,"Montgomery County",39,92,807
28,043,28,161,MS,"Yalobusha County",37,82,889
28,043,28,083,MS,"Leflore County",25,55,910
28,043,28,013,MS,"Calhoun County",24,60,516
28,043,28,135,MS,"Tallahatchie County",24,43,498
28,043,47,157,TN,"Shelby County",17,31,355
28,043,28,107,MS,"Panola County",15,29,520
28,043,17,031,IL,"Cook County",11,22,234
28,043,28,049,MS,"Hinds County",11,22,435
28,043,58,000,SS,"Other Flows - Same State",107,222,3289
28,043,59,000,DS,"Other Flows - Diff State",115,249,4127
28,045,96,000,MS,"Hancock County Tot Mig-US & For",1362,2744,46369
28,045,97,000,MS,"Hancock County Tot Mig-US",1344,2717,45838
28,045,97,001,MS,"Hancock County Tot Mig-Same St",610,1268,17524
28,045,97,003,MS,"Hancock County Tot Mig-Diff St",734,1449,28314
28,045,98,000,MS,"Hancock County Tot Mig-Foreign",18,27,531
28,045,28,045,MS,"Hancock County Non-Migrants",14214,31963,554642
28,045,28,047,MS,"Harrison County",393,790,10710
28,045,22,051,LA,"Jefferson Parish",83,162,3044
28,045,28,109,MS,"Pearl River County",75,176,2237
28,045,22,103,LA,"St Tammany Parish",70,137,2743
28,045,22,071,LA,"Orleans Parish",44,65,1971
28,045,28,059,MS,"Jackson County",38,77,1168
28,045,28,035,MS,"Forrest County",22,41,819
28,045,06,073,CA,"San Diego County",20,46,960
28,045,22,087,LA,"St Bernard Parish",14,24,438
28,045,01,097,AL,"Mobile County",13,30,492
28,045,22,033,LA,"East Baton Rouge Par",12,18,439
28,045,28,049,MS,"Hinds County",10,22,373
28,045,58,000,SS,"Other Flows - Same State",72,162,2216
28,045,59,000,DS,"Other Flows - Diff State",478,967,18227
28,045,59,001,DS,"Other Flows - Northeast",18,29,1023
28,045,59,003,DS,"Other Flows - Midwest",84,172,3123
28,045,59,005,DS,"Other Flows - South",299,601,10110
28,045,59,007,DS,"Other Flows - West",77,165,3971
28,045,57,009,FR,"Foreign - Other flows",18,27,531
28,047,96,000,MS,"Harrison County Tot Mig-US & For",6465,12456,178035
28,047,97,000,MS,"Harrison County Tot Mig-US",6037,11660,166911
28,047,97,001,MS,"Harrison County Tot Mig-Same St",2028,3957,54592
28,047,97,003,MS,"Harrison County Tot Mig-Diff St",4009,7703,112319
28,047,98,000,MS,"Harrison County Tot Mig-Foreign",428,796,11124
28,047,28,047,MS,"Harrison County Non-Migrants",60529,131225,2307739
28,047,28,059,MS,"Jackson County",835,1629,23266
28,047,57,005,FR,"Foreign - APO/FPO ZIPs",415,768,10740
28,047,28,045,MS,"Hancock County",357,737,9704
28,047,28,035,MS,"Forrest County",129,217,2706
28,047,28,131,MS,"Stone County",85,167,2015
28,047,22,051,LA,"Jefferson Parish",82,147,3089
28,047,01,097,AL,"Mobile County",78,147,2270
28,047,28,049,MS,"Hinds County",76,150,2661
28,047,06,073,CA,"San Diego County",75,151,1964
28,047,22,071,LA,"Orleans Parish",69,126,2826
28,047,48,029,TX,"Bexar County",67,152,2617
28,047,12,033,FL,"Escambia County",58,96,1335
28,047,22,103,LA,"St Tammany Parish",58,115,2504
28,047,28,109,MS,"Pearl River County",58,123,1484
28,047,12,031,FL,"Duval County",45,95,1560
28,047,28,121,MS,"Rankin County",43,77,1519
28,047,12,091,FL,"Okaloosa County",42,80,1194
28,047,48,201,TX,"Harris County",42,76,1046
28,047,04,013,AZ,"Maricopa County",41,78,1033
28,047,06,037,CA,"Los Angeles County",40,66,901
28,047,12,086,FL,"Miami Dade County",39,49,580
28,047,28,067,MS,"Jones County",38,68,748
28,047,48,485,TX,"Wichita County",38,97,1680
28,047,08,041,CO,"El Paso County",36,69,1093
28,047,28,089,MS,"Madison County",35,61,1370
28,047,32,003,NV,"Clark County",34,53,877
28,047,47,157,TN,"Shelby County",33,52,1055
28,047,51,810,VA,"Virginia Beach",33,84,929
28,047,15,003,HI,"Honolulu County",30,80,1346
28,047,51,710,VA,Norfolk,30,86,786
28,047,12,009,FL,"Brevard County",29,42,567
28,047,17,031,IL,"Cook County",28,55,685
28,047,28,075,MS,"Lauderdale County",25,53,815
28,047,12,011,FL,"Broward County",24,46,750
28,047,12,057,FL,"Hillsborough County",23,41,668
28,047,28,073,MS,"Lamar County",23,48,827
28,047,06,095,CA,"Solano County",22,55,875
28,047,48,113,TX,"Dallas County",22,43,735
28,047,01,003,AL,"Baldwin County",21,34,525
28,047,28,149,MS,"Warren County",21,34,308
28,047,22,033,LA,"East Baton Rouge Par",20,30,592
28,047,01,101,AL,"Montgomery County",19,42,506
28,047,06,071,CA,"San Bernardino Count",19,46,531
28,047,37,051,NC,"Cumberland County",19,31,354
28,047,47,037,TN,"Davidson County",19,37,840
28,047,12,095,FL,"Orange County",18,35,571
28,047,05,119,AR,"Pulaski County",17,35,613
28,047,12,103,FL,"Pinellas County",17,27,448
28,047,17,163,IL,"St Clair County",17,43,633
28,047,28,105,MS,"Oktibbeha County",17,22,336
28,047,37,133,NC,"Onslow County",17,36,346
28,047,48,027,TX,"Bell County",17,32,365
28,047,48,439,TX,"Tarrant County",17,35,519
28,047,55,079,WI,"Milwaukee County",17,30,394
28,047,13,121,GA,"Fulton County",16,31,547
28,047,40,109,OK,"Oklahoma County",16,34,260
28,047,13,039,GA,"Camden County",15,35,352
28,047,13,067,GA,"Cobb County",15,29,528
28,047,22,017,LA,"Caddo Parish",15,32,444
28,047,28,033,MS,"De Soto County",15,26,365
28,047,28,039,MS,"George County",15,25,455
28,047,04,019,AZ,"Pima County",14,33,394
28,047,06,111,CA,"Ventura County",14,32,360
28,047,17,097,IL,"Lake County",14,24,366
28,047,22,015,LA,"Bossier Parish",14,32,544
28,047,22,109,LA,"Terrebonne Parish",14,32,651
28,047,24,033,MD,"Prince George's Coun",14,29,540
28,047,28,087,MS,"Lowndes County",14,29,419
28,047,45,019,SC,"Charleston County",14,36,553
28,047,51,059,VA,"Fairfax County",14,30,587
28,047,01,073,AL,"Jefferson County",13,21,706
28,047,12,005,FL,"Bay County",13,25,484
28,047,12,069,FL,"Lake County",13,23,225
28,047,12,113,FL,"Santa Rosa County",13,25,355
28,047,13,153,GA,"Houston County",13,35,365
28,047,20,173,KS,"Sedgwick County",13,29,411
28,047,22,063,LA,"Livingston Parish",13,26,412
28,047,28,001,MS,"Adams County",13,25,451
28,047,28,113,MS,"Pike County",13,19,329
28,047,31,153,NE,"Sarpy County",13,36,341
28,047,02,020,AK,"Anchorage Borough",12,26,389
28,047,09,011,CT,"New London County",12,31,268
28,047,11,001,DC,"District Of Columbia",12,29,362
28,047,27,053,MN,"Hennepin County",12,21,423
28,047,28,151,MS,"Washington County",12,26,279
28,047,39,057,OH,"Greene County",12,37,551
28,047,39,113,OH,"Montgomery County",12,28,269
28,047,45,045,SC,"Greenville County",12,34,313
28,047,51,650,VA,Hampton,12,36,448
28,047,53,053,WA,"Pierce County",12,23,247
28,047,53,061,WA,"Snohomish County",12,27,370
28,047,12,099,FL,"Palm Beach County",11,16,446
28,047,24,003,MD,"Anne Arundel County",11,17,358
28,047,28,023,MS,"Clarke County",11,21,460
28,047,28,091,MS,"Marion County",11,24,163
28,047,29,095,MO,"Jackson County",11,19,239
28,047,35,001,NM,"Bernalillo County",11,21,300
28,047,39,035,OH,"Cuyahoga County",11,19,224
28,047,39,049,OH,"Franklin County",11,23,181
28,047,48,453,TX,"Travis County",11,17,563
28,047,06,065,CA,"Riverside County",10,15,240
28,047,06,083,CA,"Santa Barbara County",10,19,272
28,047,12,019,FL,"Clay County",10,21,380
28,047,13,135,GA,"Gwinnett County",10,16,447
28,047,22,117,LA,"Washington Parish",10,23,212
28,047,28,071,MS,"Lafayette County",10,22,417
28,047,28,111,MS,"Perry County",10,19,112
28,047,35,035,NM,"Otero County",10,30,283
28,047,40,143,OK,"Tulsa County",10,14,153
28,047,45,085,SC,"Sumter County",10,24,237
28,047,58,000,SS,"Other Flows - Same State",162,335,3381
28,047,59,000,DS,"Other Flows - Diff State",2067,3814,52515
28,047,59,001,DS,"Other Flows - Northeast",249,423,6084
28,047,59,003,DS,"Other Flows - Midwest",459,832,11539
28,047,59,005,DS,"Other Flows - South",1065,1987,27289
28,047,59,007,DS,"Other Flows - West",294,572,7603
28,047,57,009,FR,"Foreign - Other flows",13,28,385
28,049,96,000,MS,"Hinds County Tot Mig-US & For",4929,9601,155674
28,049,97,000,MS,"Hinds County Tot Mig-US",4864,9507,154850
28,049,97,001,MS,"Hinds County Tot Mig-Same St",3298,6437,98888
28,049,97,003,MS,"Hinds County Tot Mig-Diff St",1566,3070,55961
28,049,98,000,MS,"Hinds County Tot Mig-Foreign",65,94,825
28,049,28,049,MS,"Hinds County Non-Migrants",80552,177944,3124962
28,049,28,089,MS,"Madison County",836,1621,31299
28,049,28,121,MS,"Rankin County",832,1592,25536
28,049,28,149,MS,"Warren County",152,322,5345
28,049,28,029,MS,"Copiah County",135,281,3125
28,049,28,035,MS,"Forrest County",89,148,2090
28,049,28,163,MS,"Yazoo County",86,191,2175
28,049,47,157,TN,"Shelby County",77,140,1937
28,049,17,031,IL,"Cook County",69,145,1551
28,049,28,047,MS,"Harrison County",67,122,1403
28,049,28,051,MS,"Holmes County",64,156,1223
28,049,28,127,MS,"Simpson County",54,115,1302
28,049,28,151,MS,"Washington County",48,94,1664
28,049,28,085,MS,"Lincoln County",44,87,1102
28,049,28,001,MS,"Adams County",43,73,1053
28,049,28,075,MS,"Lauderdale County",42,74,1056
28,049,28,105,MS,"Oktibbeha County",41,72,1056
28,049,48,113,TX,"Dallas County",37,71,891
28,049,28,113,MS,"Pike County",35,70,968
28,049,28,021,MS,"Claiborne County",34,73,788
28,049,28,071,MS,"Lafayette County",34,68,1019
28,049,28,011,MS,"Bolivar County",32,55,736
28,049,28,083,MS,"Leflore County",32,68,664
28,049,48,201,TX,"Harris County",32,86,1158
28,049,06,037,CA,"Los Angeles County",31,64,873
28,049,13,089,GA,"De Kalb County",31,53,837
28,049,22,071,LA,"Orleans Parish",30,59,760
28,049,28,067,MS,"Jones County",30,55,730
28,049,28,033,MS,"De Soto County",27,50,1168
28,049,28,123,MS,"Scott County",27,47,660
28,049,28,079,MS,"Leake County",26,57,566
28,049,28,087,MS,"Lowndes County",26,58,795
28,049,28,007,MS,"Attala County",25,46,555
28,049,28,059,MS,"Jackson County",25,44,649
28,049,01,073,AL,"Jefferson County",23,41,1184
28,049,28,133,MS,"Sunflower County",23,45,475
28,049,28,081,MS,"Lee County",22,47,618
28,049,57,005,FR,"Foreign - APO/FPO ZIPs",22,43,538
28,049,22,033,LA,"East Baton Rouge Par",21,41,835
28,049,22,051,LA,"Jefferson Parish",21,46,545
28,049,28,101,MS,"Newton County",21,42,428
28,049,13,121,GA,"Fulton County",20,39,698
28,049,28,053,MS,"Humphreys County",18,40,450
28,049,48,439,TX,"Tarrant County",18,38,498
28,049,28,027,MS,"Coahoma County",17,32,490
28,049,28,043,MS,"Grenada County",17,26,545
28,049,28,073,MS,"Lamar County",17,41,449
28,049,47,037,TN,"Davidson County",17,31,549
28,049,13,063,GA,"Clayton County",16,32,288
28,049,13,135,GA,"Gwinnett County",16,36,306
28,049,28,063,MS,"Jefferson County",14,23,371
28,049,28,065,MS,"Jefferson Davis Coun",14,28,376
28,049,28,077,MS,"Lawrence County",14,29,464
28,049,01,003,AL,"Baldwin County",12,22,395
28,049,12,033,FL,"Escambia County",12,15,209
28,049,13,067,GA,"Cobb County",12,27,238
28,049,28,107,MS,"Panola County",12,23,313
28,049,01,101,AL,"Montgomery County",11,16,432
28,049,06,073,CA,"San Diego County",11,18,201
28,049,12,091,FL,"Okaloosa County",11,19,302
28,049,22,073,LA,"Ouachita Parish",11,18,264
28,049,28,017,MS,"Chickasaw County",11,19,192
28,049,28,159,MS,"Winston County",11,21,159
28,049,48,027,TX,"Bell County",11,26,202
28,049,55,079,WI,"Milwaukee County",11,18,420
28,049,12,095,FL,"Orange County",10,19,284
28,049,22,103,LA,"St Tammany Parish",10,17,379
28,049,27,053,MN,"Hennepin County",10,22,166
28,049,28,005,MS,"Amite County",10,19,144
28,049,28,031,MS,"Covington County",10,17,265
28,049,28,099,MS,"Neshoba County",10,17,127
28,049,37,133,NC,"Onslow County",10,15,240
28,049,58,000,SS,"Other Flows - Same State",171,329,4296
28,049,59,000,DS,"Other Flows - Diff State",965,1896,39319
28,049,59,001,DS,"Other Flows - Northeast",55,103,1984
28,049,59,003,DS,"Other Flows - Midwest",211,451,5814
28,049,59,005,DS,"Other Flows - South",568,1091,20593
28,049,59,007,DS,"Other Flows - West",131,251,10928
28,049,57,009,FR,"Foreign - Other flows",43,51,286
28,051,96,000,MS,"Holmes County Tot Mig-US & For",293,625,6053
28,051,97,000,MS,"Holmes County Tot Mig-US",293,625,6053
28,051,97,001,MS,"Holmes County Tot Mig-Same St",196,440,3863
28,051,97,003,MS,"Holmes County Tot Mig-Diff St",97,185,2190
28,051,28,051,MS,"Holmes County Non-Migrants",5636,13686,134968
28,051,28,007,MS,"Attala County",42,99,792
28,051,28,049,MS,"Hinds County",36,85,754
28,051,28,163,MS,"Yazoo County",18,39,256
28,051,28,089,MS,"Madison County",17,41,447
28,051,17,031,IL,"Cook County",15,26,193
28,051,28,083,MS,"Leflore County",14,29,245
28,051,28,053,MS,"Humphreys County",12,24,128
28,051,28,015,MS,"Carroll County",10,26,159
28,051,58,000,SS,"Other Flows - Same State",47,97,1084
28,051,59,000,DS,"Other Flows - Diff State",82,159,1997
28,053,96,000,MS,"Humphreys Count Tot Mig-US & For",140,312,2200
28,053,97,000,MS,"Humphreys Count Tot Mig-US",140,312,2200
28,053,97,001,MS,"Humphreys Count Tot Mig-Same St",88,199,1391
28,053,97,003,MS,"Humphreys Count Tot Mig-Diff St",52,113,809
28,053,28,053,MS,"Humphreys Count Non-Migrants",3329,8117,80215
28,053,28,049,MS,"Hinds County",17,41,346
28,053,28,133,MS,"Sunflower County",13,34,209
28,053,28,151,MS,"Washington County",10,23,80
28,053,58,000,SS,"Other Flows - Same State",48,101,756
28,053,59,000,DS,"Other Flows - Diff State",52,113,809
28,055,96,000,MS,"Issaquena Count Tot Mig-US & For",19,42,339
28,055,97,000,MS,"Issaquena Count Tot Mig-US",19,42,339
28,055,28,055,MS,"Issaquena Count Non-Migrants",347,844,6739
28,057,96,000,MS,"Itawamba County Tot Mig-US & For",615,1288,15555
28,057,97,000,MS,"Itawamba County Tot Mig-US",615,1288,15555
28,057,97,001,MS,"Itawamba County Tot Mig-Same St",436,927,11157
28,057,97,003,MS,"Itawamba County Tot Mig-Diff St",179,361,4399
28,057,28,057,MS,"Itawamba County Non-Migrants",8957,20828,334580
28,057,28,081,MS,"Lee County",243,517,6500
28,057,28,095,MS,"Monroe County",51,115,1244
28,057,01,059,AL,"Franklin County",31,73,737
28,057,28,141,MS,"Tishomingo County",27,51,546
28,057,28,117,MS,"Prentiss County",19,40,357
28,057,28,017,MS,"Chickasaw County",16,29,381
28,057,28,115,MS,"Pontotoc County",16,41,350
28,057,28,145,MS,"Union County",14,28,237
28,057,58,000,SS,"Other Flows - Same State",50,106,1542
28,057,59,000,DS,"Other Flows - Diff State",148,288,3662
28,059,96,000,MS,"Jackson County Tot Mig-US & For",3347,7155,108887
28,059,97,000,MS,"Jackson County Tot Mig-US",3169,6764,103233
28,059,97,001,MS,"Jackson County Tot Mig-Same St",1372,2820,40565
28,059,97,003,MS,"Jackson County Tot Mig-Diff St",1797,3944,62668
28,059,98,000,MS,"Jackson County Tot Mig-Foreign",178,391,5654
28,059,28,059,MS,"Jackson County Non-Migrants",40953,94508,1671898
28,059,28,047,MS,"Harrison County",880,1813,25816
28,059,01,097,AL,"Mobile County",153,322,4902
28,059,28,039,MS,"George County",84,185,2422
28,059,28,035,MS,"Forrest County",62,114,1585
28,059,06,073,CA,"San Diego County",35,72,956
28,059,51,810,VA,"Virginia Beach",31,100,999
28,059,22,051,LA,"Jefferson Parish",28,45,1265
28,059,28,045,MS,"Hancock County",28,56,712
28,059,12,031,FL,"Duval County",27,83,869
28,059,28,121,MS,"Rankin County",27,50,960
28,059,12,033,FL,"Escambia County",26,50,596
28,059,28,049,MS,"Hinds County",24,42,794
28,059,47,157,TN,"Shelby County",24,44,1058
28,059,22,071,LA,"Orleans Parish",23,38,1777
28,059,48,201,TX,"Harris County",23,48,577
28,059,48,029,TX,"Bexar County",20,54,1155
28,059,01,003,AL,"Baldwin County",18,34,626
28,059,22,103,LA,"St Tammany Parish",18,33,528
28,059,28,067,MS,"Jones County",18,30,477
28,059,28,073,MS,"Lamar County",18,32,665
28,059,12,057,FL,"Hillsborough County",17,37,507
28,059,28,075,MS,"Lauderdale County",17,35,707
28,059,44,005,RI,"Newport County",17,43,684
28,059,17,097,IL,"Lake County",16,45,508
28,059,28,109,MS,"Pearl River County",16,24,345
28,059,32,003,NV,"Clark County",16,32,504
28,059,12,005,FL,"Bay County",15,33,340
28,059,12,091,FL,"Okaloosa County",15,40,488
28,059,17,031,IL,"Cook County",15,28,563
28,059,28,105,MS,"Oktibbeha County",15,24,394
28,059,51,710,VA,Norfolk,15,39,686
28,059,06,037,CA,"Los Angeles County",14,23,340
28,059,12,009,FL,"Brevard County",14,37,402
28,059,15,003,HI,"Honolulu County",14,35,519
28,059,22,033,LA,"East Baton Rouge Par",13,32,306
28,059,28,131,MS,"Stone County",13,35,415
28,059,48,113,TX,"Dallas County",13,23,501
28,059,48,485,TX,"Wichita County",13,37,554
28,059,51,099,VA,"King George County",13,29,384
28,059,02,020,AK,"Anchorage Borough",11,32,297
28,059,48,355,TX,"Nueces County",10,36,441
28,059,48,439,TX,"Tarrant County",10,15,208
28,059,58,000,SS,"Other Flows - Same State",170,380,5272
28,059,59,000,DS,"Other Flows - Diff State",1120,2425,39129
28,059,59,001,DS,"Other Flows - Northeast",93,195,3483
28,059,59,003,DS,"Other Flows - Midwest",185,391,6692
28,059,59,005,DS,"Other Flows - South",683,1500,23501
28,059,59,007,DS,"Other Flows - West",159,339,5453
28,059,57,009,FR,"Foreign - Other flows",178,391,5654
28,061,96,000,MS,"Jasper County Tot Mig-US & For",320,723,8561
28,061,97,000,MS,"Jasper County Tot Mig-US",320,723,8561
28,061,97,001,MS,"Jasper County Tot Mig-Same St",243,555,7026
28,061,97,003,MS,"Jasper County Tot Mig-Diff St",77,168,1534
28,061,28,061,MS,"Jasper County Non-Migrants",5540,13258,170872
28,061,28,067,MS,"Jones County",88,199,3094
28,061,28,129,MS,"Smith County",41,103,859
28,061,28,023,MS,"Clarke County",29,66,616
28,061,28,075,MS,"Lauderdale County",12,22,372
28,061,28,101,MS,"Newton County",12,31,224
28,061,28,035,MS,"Forrest County",10,20,226
28,061,58,000,SS,"Other Flows - Same State",51,114,1636
28,061,59,000,DS,"Other Flows - Diff State",77,168,1534
28,063,96,000,MS,"Jefferson Count Tot Mig-US & For",101,217,2127
28,063,97,000,MS,"Jefferson Count Tot Mig-US",101,217,2127
28,063,97,001,MS,"Jefferson Count Tot Mig-Same St",73,164,1709
28,063,97,003,MS,"Jefferson Count Tot Mig-Diff St",28,53,418
28,063,28,063,MS,"Jefferson Count Non-Migrants",2015,4978,47910
28,063,28,001,MS,"Adams County",22,48,439
28,063,28,021,MS,"Claiborne County",17,39,300
28,063,58,000,SS,"Other Flows - Same State",34,77,969
28,063,59,000,DS,"Other Flows - Diff State",28,53,418
28,065,96,000,MS,"Jefferson Davis Tot Mig-US & For",226,506,5090
28,065,97,000,MS,"Jefferson Davis Tot Mig-US",226,506,5090
28,065,97,001,MS,"Jefferson Davis Tot Mig-Same St",164,366,3541
28,065,97,003,MS,"Jefferson Davis Tot Mig-Diff St",62,140,1548
28,065,28,065,MS,"Jefferson Davis Non-Migrants",4052,9427,108918
28,065,28,035,MS,"Forrest County",35,73,861
28,065,28,031,MS,"Covington County",17,45,376
28,065,28,049,MS,"Hinds County",16,32,259
28,065,28,077,MS,"Lawrence County",16,33,379
28,065,28,091,MS,"Marion County",14,31,235
28,065,28,073,MS,"Lamar County",12,33,221
28,065,28,127,MS,"Simpson County",12,28,230
28,065,28,121,MS,"Rankin County",10,21,402
28,065,58,000,SS,"Other Flows - Same State",32,70,578
28,065,59,000,DS,"Other Flows - Diff State",62,140,1548
28,067,96,000,MS,"Jones County Tot Mig-US & For",949,2015,24730
28,067,97,000,MS,"Jones County Tot Mig-US",949,2015,24730
28,067,97,001,MS,"Jones County Tot Mig-Same St",597,1286,15941
28,067,97,003,MS,"Jones County Tot Mig-Diff St",352,729,8788
28,067,28,067,MS,"Jones County Non-Migrants",19259,44948,685620
28,067,28,035,MS,"Forrest County",133,274,4155
28,067,28,061,MS,"Jasper County",95,214,2350
28,067,28,153,MS,"Wayne County",39,84,700
28,067,28,023,MS,"Clarke County",38,94,970
28,067,28,129,MS,"Smith County",38,84,666
28,067,28,031,MS,"Covington County",30,71,825
28,067,28,047,MS,"Harrison County",27,51,473
28,067,28,073,MS,"Lamar County",22,50,867
28,067,28,049,MS,"Hinds County",17,31,321
28,067,28,111,MS,"Perry County",17,36,319
28,067,48,201,TX,"Harris County",17,29,557
28,067,28,059,MS,"Jackson County",16,33,534
28,067,01,097,AL,"Mobile County",14,33,298
28,067,28,121,MS,"Rankin County",13,28,496
28,067,28,075,MS,"Lauderdale County",12,23,509
28,067,28,127,MS,"Simpson County",11,29,262
28,067,58,000,SS,"Other Flows - Same State",89,184,2494
28,067,59,000,DS,"Other Flows - Diff State",321,667,7933
28,067,59,001,DS,"Other Flows - Northeast",15,33,368
28,067,59,003,DS,"Other Flows - Midwest",44,94,998
28,067,59,005,DS,"Other Flows - South",233,489,5867
28,067,59,007,DS,"Other Flows - West",29,51,699
28,069,96,000,MS,"Kemper County Tot Mig-US & For",237,489,5987
28,069,97,000,MS,"Kemper County Tot Mig-US",237,489,5987
28,069,97,001,MS,"Kemper County Tot Mig-Same St",174,359,4157
28,069,97,003,MS,"Kemper County Tot Mig-Diff St",63,130,1830
28,069,28,069,MS,"Kemper County Non-Migrants",3721,8445,107190
28,069,28,075,MS,"Lauderdale County",83,154,1807
28,069,28,099,MS,"Neshoba County",22,47,492
28,069,28,103,MS,"Noxubee County",11,30,232
28,069,28,159,MS,"Winston County",11,27,298
28,069,58,000,SS,"Other Flows - Same State",47,101,1327
28,069,59,000,DS,"Other Flows - Diff State",63,130,1830
28,071,96,000,MS,"Lafayette Count Tot Mig-US & For",1332,2351,40370
28,071,97,000,MS,"Lafayette Count Tot Mig-US",1206,2210,39804
28,071,97,001,MS,"Lafayette Count Tot Mig-Same St",648,1207,18902
28,071,97,003,MS,"Lafayette Count Tot Mig-Diff St",558,1003,20903
28,071,98,000,MS,"Lafayette Count Tot Mig-Foreign",126,141,566
28,071,28,071,MS,"Lafayette Count Non-Migrants",10721,23163,476662
28,071,28,107,MS,"Panola County",62,127,1741
28,071,28,161,MS,"Yalobusha County",60,114,1313
28,071,47,157,TN,"Shelby County",53,106,2048
28,071,28,049,MS,"Hinds County",43,74,1722
28,071,28,033,MS,"De Soto County",42,80,1313
28,071,28,081,MS,"Lee County",40,60,1009
28,071,28,115,MS,"Pontotoc County",31,69,855
28,071,28,093,MS,"Marshall County",30,57,776
28,071,28,145,MS,"Union County",24,46,447
28,071,28,121,MS,"Rankin County",22,35,615
28,071,28,089,MS,"Madison County",21,39,1379
28,071,28,047,MS,"Harrison County",18,20,282
28,071,28,137,MS,"Tate County",18,33,402
28,071,28,013,MS,"Calhoun County",16,45,351
28,071,28,043,MS,"Grenada County",14,27,335
28,071,28,083,MS,"Leflore County",12,27,415
28,071,28,027,MS,"Coahoma County",11,15,452
28,071,28,105,MS,"Oktibbeha County",11,22,326
28,071,47,037,TN,"Davidson County",11,12,256
28,071,13,089,GA,"De Kalb County",10,13,207
28,071,17,031,IL,"Cook County",10,23,235
28,071,28,087,MS,"Lowndes County",10,25,377
28,071,36,061,NY,"New York County",10,14,386
28,071,58,000,SS,"Other Flows - Same State",163,292,4792
28,071,59,000,DS,"Other Flows - Diff State",464,835,17770
28,071,59,001,DS,"Other Flows - Northeast",32,54,1054
28,071,59,003,DS,"Other Flows - Midwest",99,187,4045
28,071,59,005,DS,"Other Flows - South",278,499,10565
28,071,59,007,DS,"Other Flows - West",55,95,2107
28,071,57,009,FR,"Foreign - Other flows",126,141,566
28,073,96,000,MS,"Lamar County Tot Mig-US & For",1050,2344,40042
28,073,97,000,MS,"Lamar County Tot Mig-US",1050,2344,40042
28,073,97,001,MS,"Lamar County Tot Mig-Same St",742,1616,25875
28,073,97,003,MS,"Lamar County Tot Mig-Diff St",308,728,14167
28,073,28,073,MS,"Lamar County Non-Migrants",10115,24981,465010
28,073,28,035,MS,"Forrest County",355,812,12943
28,073,28,091,MS,"Marion County",58,146,2056
28,073,28,047,MS,"Harrison County",36,69,957
28,073,28,067,MS,"Jones County",31,58,1101
28,073,28,109,MS,"Pearl River County",30,63,936
28,073,28,031,MS,"Covington County",22,45,615
28,073,28,049,MS,"Hinds County",19,34,671
28,073,28,121,MS,"Rankin County",19,32,585
28,073,28,065,MS,"Jefferson Davis Coun",18,41,528
28,073,28,089,MS,"Madison County",17,35,845
28,073,28,131,MS,"Stone County",12,23,312
28,073,22,103,LA,"St Tammany Parish",11,25,466
28,073,28,111,MS,"Perry County",11,29,327
28,073,28,045,MS,"Hancock County",10,18,327
28,073,58,000,SS,"Other Flows - Same State",104,211,3672
28,073,59,000,DS,"Other Flows - Diff State",297,703,13702
28,073,59,001,DS,"Other Flows - Northeast",11,31,828
28,073,59,003,DS,"Other Flows - Midwest",36,85,1812
28,073,59,005,DS,"Other Flows - South",219,500,9912
28,073,59,007,DS,"Other Flows - West",31,87,1151
28,075,96,000,MS,"Lauderdale Coun Tot Mig-US & For",1624,3314,49880
28,075,97,000,MS,"Lauderdale Coun Tot Mig-US",1581,3230,48626
28,075,97,001,MS,"Lauderdale Coun Tot Mig-Same St",702,1470,20188
28,075,97,003,MS,"Lauderdale Coun Tot Mig-Diff St",879,1760,28438
28,075,98,000,MS,"Lauderdale Coun Tot Mig-Foreign",43,84,1254
28,075,28,075,MS,"Lauderdale Coun Non-Migrants",23379,52562,937125
28,075,28,023,MS,"Clarke County",166,339,4155
28,075,28,069,MS,"Kemper County",82,202,1911
28,075,28,101,MS,"Newton County",57,117,1778
28,075,28,035,MS,"Forrest County",46,80,1406
28,075,12,033,FL,"Escambia County",45,71,1442
28,075,28,099,MS,"Neshoba County",41,83,1318
28,075,06,073,CA,"San Diego County",33,68,1365
28,075,28,121,MS,"Rankin County",32,61,1111
28,075,28,049,MS,"Hinds County",29,61,842
28,075,01,023,AL,"Choctaw County",26,55,484
28,075,28,047,MS,"Harrison County",25,47,557
28,075,12,113,FL,"Santa Rosa County",24,52,924
28,075,48,355,TX,"Nueces County",23,35,870
28,075,51,810,VA,"Virginia Beach",21,56,859
28,075,12,031,FL,"Duval County",19,35,601
28,075,47,157,TN,"Shelby County",18,34,363
28,075,01,125,AL,"Tuscaloosa County",17,31,643
28,075,01,119,AL,"Sumter County",16,33,420
28,075,01,073,AL,"Jefferson County",15,23,533
28,075,48,201,TX,"Harris County",14,25,426
28,075,28,059,MS,"Jackson County",13,31,417
28,075,28,089,MS,"Madison County",13,25,663
28,075,28,159,MS,"Winston County",13,30,381
28,075,28,061,MS,"Jasper County",12,27,319
28,075,28,067,MS,"Jones County",12,22,254
28,075,28,123,MS,"Scott County",11,22,215
28,075,28,073,MS,"Lamar County",10,26,576
28,075,37,133,NC,"Onslow County",10,27,333
28,075,58,000,SS,"Other Flows - Same State",140,297,4284
28,075,59,000,DS,"Other Flows - Diff State",598,1215,19175
28,075,59,001,DS,"Other Flows - Northeast",41,61,923
28,075,59,003,DS,"Other Flows - Midwest",88,155,2329
28,075,59,005,DS,"Other Flows - South",385,842,13225
28,075,59,007,DS,"Other Flows - West",84,157,2699
28,075,57,009,FR,"Foreign - Other flows",43,84,1254
28,077,96,000,MS,"Lawrence County Tot Mig-US & For",287,641,6970
28,077,97,000,MS,"Lawrence County Tot Mig-US",287,641,6970
28,077,97,001,MS,"Lawrence County Tot Mig-Same St",208,485,5014
28,077,97,003,MS,"Lawrence County Tot Mig-Diff St",79,156,1956
28,077,28,077,MS,"Lawrence County Non-Migrants",4603,11088,151177
28,077,28,065,MS,"Jefferson Davis Coun",28,62,623
28,077,28,085,MS,"Lincoln County",27,63,1001
28,077,28,113,MS,"Pike County",20,48,393
28,077,28,049,MS,"Hinds County",18,38,304
28,077,28,127,MS,"Simpson County",14,38,375
28,077,28,035,MS,"Forrest County",13,24,182
28,077,28,091,MS,"Marion County",13,30,378
28,077,28,121,MS,"Rankin County",13,29,236
28,077,28,029,MS,"Copiah County",11,28,328
28,077,58,000,SS,"Other Flows - Same State",51,125,1194
28,077,59,000,DS,"Other Flows - Diff State",79,156,1956
28,079,96,000,MS,"Leake County Tot Mig-US & For",384,820,8737
28,079,97,000,MS,"Leake County Tot Mig-US",384,820,8737
28,079,97,001,MS,"Leake County Tot Mig-Same St",292,633,6333
28,079,97,003,MS,"Leake County Tot Mig-Diff St",92,187,2404
28,079,28,079,MS,"Leake County Non-Migrants",6625,15510,200185
28,079,28,099,MS,"Neshoba County",45,107,882
28,079,28,123,MS,"Scott County",42,87,715
28,079,28,121,MS,"Rankin County",33,77,1228
28,079,28,007,MS,"Attala County",31,66,543
28,079,28,089,MS,"Madison County",31,67,641
28,079,28,049,MS,"Hinds County",25,46,553
28,079,28,101,MS,"Newton County",11,22,176
28,079,58,000,SS,"Other Flows - Same State",74,161,1595
28,079,59,000,DS,"Other Flows - Diff State",92,187,2404
28,081,96,000,MS,"Lee County Tot Mig-US & For",1761,3646,56377
28,081,97,000,MS,"Lee County Tot Mig-US",1761,3646,56377
28,081,97,001,MS,"Lee County Tot Mig-Same St",1174,2438,34354
28,081,97,003,MS,"Lee County Tot Mig-Diff St",587,1208,22023
28,081,28,081,MS,"Lee County Non-Migrants",26445,60635,1167241
28,081,28,057,MS,"Itawamba County",233,504,5863
28,081,28,115,MS,"Pontotoc County",118,238,3234
28,081,28,017,MS,"Chickasaw County",102,223,2503
28,081,28,095,MS,"Monroe County",101,218,2590
28,081,28,117,MS,"Prentiss County",98,200,2461
28,081,28,145,MS,"Union County",84,160,1768
28,081,47,157,TN,"Shelby County",59,123,1939
28,081,28,071,MS,"Lafayette County",33,63,1028
28,081,28,139,MS,"Tippah County",32,63,1066
28,081,28,049,MS,"Hinds County",31,62,1564
28,081,28,003,MS,"Alcorn County",30,69,825
28,081,28,025,MS,"Clay County",27,57,751
28,081,28,087,MS,"Lowndes County",26,61,1314
28,081,28,105,MS,"Oktibbeha County",26,45,730
28,081,28,121,MS,"Rankin County",24,62,1276
28,081,28,013,MS,"Calhoun County",21,50,474
28,081,28,033,MS,"De Soto County",19,41,677
28,081,28,089,MS,"Madison County",17,35,1158
28,081,28,141,MS,"Tishomingo County",17,28,518
28,081,17,031,IL,"Cook County",13,26,310
28,081,01,093,AL,"Marion County",12,22,309
28,081,28,151,MS,"Washington County",11,23,394
28,081,28,075,MS,"Lauderdale County",10,18,270
28,081,58,000,SS,"Other Flows - Same State",114,218,3891
28,081,59,000,DS,"Other Flows - Diff State",503,1037,19466
28,081,59,001,DS,"Other Flows - Northeast",18,36,501
28,081,59,003,DS,"Other Flows - Midwest",99,203,4274
28,081,59,005,DS,"Other Flows - South",335,696,12873
28,081,59,007,DS,"Other Flows - West",51,102,1817
28,083,96,000,MS,"Leflore County Tot Mig-US & For",481,1029,13488
28,083,97,000,MS,"Leflore County Tot Mig-US",481,1029,13488
28,083,97,001,MS,"Leflore County Tot Mig-Same St",312,670,9085
28,083,97,003,MS,"Leflore County Tot Mig-Diff St",169,359,4403
28,083,28,083,MS,"Leflore County Non-Migrants",9655,22698,296450
28,083,28,015,MS,"Carroll County",90,195,2010
28,083,28,133,MS,"Sunflower County",39,102,2068
28,083,28,151,MS,"Washington County",25,53,799
28,083,28,049,MS,"Hinds County",23,42,635
28,083,47,157,TN,"Shelby County",23,47,296
28,083,28,043,MS,"Grenada County",16,35,570
28,083,28,051,MS,"Holmes County",16,41,374
28,083,28,011,MS,"Bolivar County",13,28,339
28,083,58,000,SS,"Other Flows - Same State",90,174,2290
28,083,59,000,DS,"Other Flows - Diff State",146,312,4107
28,085,96,000,MS,"Lincoln County Tot Mig-US & For",570,1229,15823
28,085,97,000,MS,"Lincoln County Tot Mig-US",570,1229,15823
28,085,97,001,MS,"Lincoln County Tot Mig-Same St",406,882,10637
28,085,97,003,MS,"Lincoln County Tot Mig-Diff St",164,347,5185
28,085,28,085,MS,"Lincoln County Non-Migrants",9775,23209,343927
28,085,28,029,MS,"Copiah County",95,210,2162
28,085,28,113,MS,"Pike County",65,157,1549
28,085,28,077,MS,"Lawrence County",37,95,884
28,085,28,049,MS,"Hinds County",32,63,1091
28,085,28,121,MS,"Rankin County",21,42,840
28,085,28,037,MS,"Franklin County",19,45,461
28,085,28,035,MS,"Forrest County",18,28,403
28,085,28,005,MS,"Amite County",17,46,434
28,085,22,033,LA,"East Baton Rouge Par",10,27,490
28,085,58,000,SS,"Other Flows - Same State",102,196,2813
28,085,59,000,DS,"Other Flows - Diff State",154,320,4695
28,087,96,000,MS,"Lowndes County Tot Mig-US & For",1444,2910,45810
28,087,97,000,MS,"Lowndes County Tot Mig-US",1383,2791,43900
28,087,97,001,MS,"Lowndes County Tot Mig-Same St",481,996,13583
28,087,97,003,MS,"Lowndes County Tot Mig-Diff St",902,1795,30317
28,087,98,000,MS,"Lowndes County Tot Mig-Foreign",61,119,1910
28,087,28,087,MS,"Lowndes County Non-Migrants",19141,44548,725620
28,087,28,105,MS,"Oktibbeha County",83,178,1851
28,087,08,041,CO,"El Paso County",81,100,1793
28,087,28,103,MS,"Noxubee County",71,159,1550
28,087,28,025,MS,"Clay County",64,127,1739
28,087,28,095,MS,"Monroe County",50,113,1685
28,087,01,107,AL,"Pickens County",34,77,1067
28,087,01,075,AL,"Lamar County",31,70,752
28,087,28,081,MS,"Lee County",27,56,691
28,087,47,157,TN,"Shelby County",23,45,815
28,087,28,047,MS,"Harrison County",21,41,650
28,087,01,125,AL,"Tuscaloosa County",17,29,392
28,087,28,049,MS,"Hinds County",16,30,718
28,087,48,029,TX,"Bexar County",16,39,696
28,087,12,091,FL,"Okaloosa County",13,22,431
28,087,13,185,GA,"Lowndes County",12,24,403
28,087,17,031,IL,"Cook County",12,27,235
28,087,01,073,AL,"Jefferson County",11,15,328
28,087,28,075,MS,"Lauderdale County",11,28,358
28,087,58,000,SS,"Other Flows - Same State",138,264,4339
28,087,59,000,DS,"Other Flows - Diff State",652,1347,23405
28,087,59,001,DS,"Other Flows - Northeast",61,106,2305
28,087,59,003,DS,"Other Flows - Midwest",99,188,3507
28,087,59,005,DS,"Other Flows - South",376,813,13425
28,087,59,007,DS,"Other Flows - West",116,240,4168
28,087,57,009,FR,"Foreign - Other flows",61,119,1910
28,089,96,000,MS,"Madison County Tot Mig-US & For",3055,6182,154225
28,089,97,000,MS,"Madison County Tot Mig-US",3039,6153,153813
28,089,97,001,MS,"Madison County Tot Mig-Same St",2071,4023,96234
28,089,97,003,MS,"Madison County Tot Mig-Diff St",968,2130,57579
28,089,98,000,MS,"Madison County Tot Mig-Foreign",16,29,412
28,089,28,089,MS,"Madison County Non-Migrants",24005,56773,1389378
28,089,28,049,MS,"Hinds County",1059,2070,54339
28,089,28,121,MS,"Rankin County",319,607,15210
28,089,28,035,MS,"Forrest County",43,66,1284
28,089,28,051,MS,"Holmes County",37,79,1242
28,089,47,157,TN,"Shelby County",37,86,1771
28,089,28,163,MS,"Yazoo County",35,78,1085
28,089,28,071,MS,"Lafayette County",34,57,1664
28,089,47,149,TN,"Rutherford County",32,89,2996
28,089,28,105,MS,"Oktibbeha County",28,40,1120
28,089,28,149,MS,"Warren County",26,47,1258
28,089,17,031,IL,"Cook County",25,50,1075
28,089,28,047,MS,"Harrison County",25,44,1231
28,089,28,059,MS,"Jackson County",25,57,1175
28,089,28,151,MS,"Washington County",25,56,975
28,089,28,075,MS,"Lauderdale County",23,50,1240
28,089,28,083,MS,"Leflore County",23,45,705
28,089,28,079,MS,"Leake County",20,42,518
28,089,28,081,MS,"Lee County",20,31,736
28,089,28,007,MS,"Attala County",19,46,515
28,089,28,001,MS,"Adams County",18,33,672
28,089,28,029,MS,"Copiah County",18,29,410
28,089,47,037,TN,"Davidson County",18,29,1135
28,089,48,201,TX,"Harris County",18,35,786
28,089,05,119,AR,"Pulaski County",17,34,1381
28,089,01,097,AL,"Mobile County",16,40,661
28,089,28,067,MS,"Jones County",16,24,572
28,089,01,073,AL,"Jefferson County",14,29,886
28,089,22,033,LA,"East Baton Rouge Par",14,30,1250
28,089,28,085,MS,"Lincoln County",14,29,596
28,089,28,123,MS,"Scott County",14,31,567
28,089,22,051,LA,"Jefferson Parish",13,32,559
28,089,48,113,TX,"Dallas County",13,24,417
28,089,28,011,MS,"Bolivar County",12,23,367
28,089,28,043,MS,"Grenada County",12,34,873
28,089,48,439,TX,"Tarrant County",12,22,501
28,089,06,037,CA,"Los Angeles County",11,23,506
28,089,28,087,MS,"Lowndes County",11,30,672
28,089,22,071,LA,"Orleans Parish",10,15,334
28,089,28,023,MS,"Clarke County",10,21,337
28,089,28,099,MS,"Neshoba County",10,22,458
28,089,28,127,MS,"Simpson County",10,21,329
28,089,39,035,OH,"Cuyahoga County",10,23,742
28,089,58,000,SS,"Other Flows - Same State",165,311,6083
28,089,59,000,DS,"Other Flows - Diff State",708,1569,42580
28,089,59,001,DS,"Other Flows - Northeast",38,83,2823
28,089,59,003,DS,"Other Flows - Midwest",147,338,9091
28,089,59,005,DS,"Other Flows - South",456,1003,27289
28,089,59,007,DS,"Other Flows - West",67,145,3377
28,089,57,009,FR,"Foreign - Other flows",16,29,412
28,091,96,000,MS,"Marion County Tot Mig-US & For",463,992,11471
28,091,97,000,MS,"Marion County Tot Mig-US",463,992,11471
28,091,97,001,MS,"Marion County Tot Mig-Same St",273,608,6265
28,091,97,003,MS,"Marion County Tot Mig-Diff St",190,384,5206
28,091,28,091,MS,"Marion County Non-Migrants",8715,21017,272403
28,091,28,035,MS,"Forrest County",57,108,1415
28,091,28,073,MS,"Lamar County",42,98,1028
28,091,28,065,MS,"Jefferson Davis Coun",26,67,460
28,091,22,117,LA,"Washington Parish",18,36,385
28,091,28,059,MS,"Jackson County",16,33,315
28,091,28,077,MS,"Lawrence County",15,37,288
28,091,28,147,MS,"Walthall County",14,35,243
28,091,28,067,MS,"Jones County",10,20,238
28,091,28,109,MS,"Pearl River County",10,31,221
28,091,58,000,SS,"Other Flows - Same State",83,179,2058
28,091,59,000,DS,"Other Flows - Diff State",172,348,4821
28,093,96,000,MS,"Marshall County Tot Mig-US & For",592,1255,15131
28,093,97,000,MS,"Marshall County Tot Mig-US",592,1255,15131
28,093,97,001,MS,"Marshall County Tot Mig-Same St",299,655,6936
28,093,97,003,MS,"Marshall County Tot Mig-Diff St",293,600,8195
28,093,28,093,MS,"Marshall County Non-Migrants",7919,18155,239853
28,093,47,157,TN,"Shelby County",150,308,4261
28,093,28,033,MS,"De Soto County",132,286,3128
28,093,28,009,MS,"Benton County",51,109,1076
28,093,47,047,TN,"Fayette County",25,46,759
28,093,28,071,MS,"Lafayette County",21,48,335
28,093,28,137,MS,"Tate County",20,52,611
28,093,28,145,MS,"Union County",15,40,388
28,093,28,139,MS,"Tippah County",13,27,289
28,093,58,000,SS,"Other Flows - Same State",47,93,1109
28,093,59,000,DS,"Other Flows - Diff State",118,246,3174
28,095,96,000,MS,"Monroe County Tot Mig-US & For",563,1251,15665
28,095,97,000,MS,"Monroe County Tot Mig-US",563,1251,15665
28,095,97,001,MS,"Monroe County Tot Mig-Same St",379,857,10132
28,095,97,003,MS,"Monroe County Tot Mig-Diff St",184,394,5532
28,095,28,095,MS,"Monroe County Non-Migrants",11612,26935,393860
28,095,28,081,MS,"Lee County",89,190,1988
28,095,28,057,MS,"Itawamba County",64,135,1537
28,095,28,087,MS,"Lowndes County",52,126,1939
28,095,28,017,MS,"Chickasaw County",37,96,913
28,095,28,025,MS,"Clay County",36,73,1025
28,095,01,075,AL,"Lamar County",17,37,333
28,095,28,115,MS,"Pontotoc County",17,41,469
28,095,58,000,SS,"Other Flows - Same State",84,196,2261
28,095,59,000,DS,"Other Flows - Diff State",167,357,5199
28,097,96,000,MS,"Montgomery Coun Tot Mig-US & For",201,417,4820
28,097,97,000,MS,"Montgomery Coun Tot Mig-US",201,417,4820
28,097,97,001,MS,"Montgomery Coun Tot Mig-Same St",152,316,3621
28,097,97,003,MS,"Montgomery Coun Tot Mig-Diff St",49,101,1199
28,097,28,097,MS,"Montgomery Coun Non-Migrants",3422,7923,101536
28,097,28,043,MS,"Grenada County",31,70,622
28,097,28,015,MS,"Carroll County",27,64,741
28,097,28,155,MS,"Webster County",13,25,326
28,097,58,000,SS,"Other Flows - Same State",81,157,1932
28,097,59,000,DS,"Other Flows - Diff State",49,101,1199
28,099,96,000,MS,"Neshoba County Tot Mig-US & For",562,1195,15548
28,099,97,000,MS,"Neshoba County Tot Mig-US",562,1195,15548
28,099,97,001,MS,"Neshoba County Tot Mig-Same St",389,833,9777
28,099,97,003,MS,"Neshoba County Tot Mig-Diff St",173,362,5771
28,099,28,099,MS,"Neshoba County Non-Migrants",8958,20766,295268
28,099,28,079,MS,"Leake County",57,131,1253
28,099,28,101,MS,"Newton County",48,94,896
28,099,28,069,MS,"Kemper County",37,86,906
28,099,28,159,MS,"Winston County",36,74,650
28,099,28,075,MS,"Lauderdale County",35,67,892
28,099,28,049,MS,"Hinds County",17,25,314
28,099,28,089,MS,"Madison County",16,38,482
28,099,28,121,MS,"Rankin County",15,25,615
28,099,28,123,MS,"Scott County",14,32,245
28,099,28,033,MS,"De Soto County",12,21,532
28,099,28,059,MS,"Jackson County",10,17,337
28,099,58,000,SS,"Other Flows - Same State",92,223,2653
28,099,59,000,DS,"Other Flows - Diff State",173,362,5771
28,099,59,001,DS,"Other Flows - Northeast",11,17,329
28,099,59,003,DS,"Other Flows - Midwest",25,50,656
28,099,59,005,DS,"Other Flows - South",110,236,3461
28,099,59,007,DS,"Other Flows - West",27,59,1325
28,101,96,000,MS,"Newton County Tot Mig-US & For",407,872,9577
28,101,97,000,MS,"Newton County Tot Mig-US",407,872,9577
28,101,97,001,MS,"Newton County Tot Mig-Same St",311,686,7544
28,101,97,003,MS,"Newton County Tot Mig-Diff St",96,186,2032
28,101,28,101,MS,"Newton County Non-Migrants",6828,16057,223037
28,101,28,075,MS,"Lauderdale County",66,148,1846
28,101,28,099,MS,"Neshoba County",57,118,1244
28,101,28,123,MS,"Scott County",52,119,1020
28,101,28,121,MS,"Rankin County",24,45,507
28,101,28,079,MS,"Leake County",18,44,408
28,101,28,061,MS,"Jasper County",14,36,285
28,101,58,000,SS,"Other Flows - Same State",80,176,2234
28,101,59,000,DS,"Other Flows - Diff State",96,186,2032
28,103,96,000,MS,"Noxubee County Tot Mig-US & For",148,322,3277
28,103,97,000,MS,"Noxubee County Tot Mig-US",148,322,3277
28,103,97,001,MS,"Noxubee County Tot Mig-Same St",85,187,1941
28,103,97,003,MS,"Noxubee County Tot Mig-Diff St",63,135,1336
28,103,28,103,MS,"Noxubee County Non-Migrants",3770,9147,87642
28,103,28,087,MS,"Lowndes County",35,76,638
28,103,28,159,MS,"Winston County",11,26,293
28,103,58,000,SS,"Other Flows - Same State",39,85,1011
28,103,59,000,DS,"Other Flows - Diff State",63,135,1336
28,105,96,000,MS,"Oktibbeha Count Tot Mig-US & For",1271,2189,34306
28,105,97,000,MS,"Oktibbeha Count Tot Mig-US",1143,2050,33486
28,105,97,001,MS,"Oktibbeha Count Tot Mig-Same St",722,1311,17915
28,105,97,003,MS,"Oktibbeha Count Tot Mig-Diff St",421,739,15571
28,105,98,000,MS,"Oktibbeha Count Tot Mig-Foreign",128,139,820
28,105,28,105,MS,"Oktibbeha Count Non-Migrants",10779,23947,437835
28,105,28,087,MS,"Lowndes County",95,180,2193
28,105,28,025,MS,"Clay County",58,117,1327
28,105,28,155,MS,"Webster County",57,113,1307
28,105,28,049,MS,"Hinds County",45,66,863
28,105,28,019,MS,"Choctaw County",32,69,869
28,105,28,121,MS,"Rankin County",28,49,982
28,105,28,059,MS,"Jackson County",23,29,599
28,105,28,089,MS,"Madison County",23,52,990
28,105,28,159,MS,"Winston County",23,48,580
28,105,28,035,MS,"Forrest County",20,26,291
28,105,47,157,TN,"Shelby County",19,28,601
28,105,28,081,MS,"Lee County",17,32,498
28,105,28,095,MS,"Monroe County",17,30,308
28,105,28,149,MS,"Warren County",15,28,386
28,105,28,075,MS,"Lauderdale County",14,24,265
28,105,28,097,MS,"Montgomery County",12,24,175
28,105,28,033,MS,"De Soto County",11,18,345
28,105,28,099,MS,"Neshoba County",11,22,346
28,105,28,011,MS,"Bolivar County",10,19,182
28,105,28,057,MS,"Itawamba County",10,17,315
28,105,28,071,MS,"Lafayette County",10,16,272
28,105,28,103,MS,"Noxubee County",10,26,224
28,105,58,000,SS,"Other Flows - Same State",181,306,4601
28,105,59,000,DS,"Other Flows - Diff State",402,711,14970
28,105,59,001,DS,"Other Flows - Northeast",24,39,613
28,105,59,003,DS,"Other Flows - Midwest",68,111,2024
28,105,59,005,DS,"Other Flows - South",271,491,11056
28,105,59,007,DS,"Other Flows - West",39,70,1277
28,105,57,009,FR,"Foreign - Other flows",128,139,820
28,107,96,000,MS,"Panola County Tot Mig-US & For",646,1396,15616
28,107,97,000,MS,"Panola County Tot Mig-US",646,1396,15616
28,107,97,001,MS,"Panola County Tot Mig-Same St",410,933,9742
28,107,97,003,MS,"Panola County Tot Mig-Diff St",236,463,5873
28,107,28,107,MS,"Panola County Non-Migrants",11092,26054,339248
28,107,28,033,MS,"De Soto County",78,153,1406
28,107,47,157,TN,"Shelby County",71,132,1773
28,107,28,137,MS,"Tate County",64,161,2074
28,107,28,119,MS,"Quitman County",40,108,819
28,107,28,161,MS,"Yalobusha County",37,95,853
28,107,28,071,MS,"Lafayette County",35,78,826
28,107,28,143,MS,"Tunica County",31,81,661
28,107,28,135,MS,"Tallahatchie County",24,52,548
28,107,28,027,MS,"Coahoma County",17,36,536
28,107,17,031,IL,"Cook County",10,26,224
28,107,58,000,SS,"Other Flows - Same State",84,169,2020
28,107,59,000,DS,"Other Flows - Diff State",155,305,3876
28,109,96,000,MS,"Pearl River Cou Tot Mig-US & For",960,2127,32800
28,109,97,000,MS,"Pearl River Cou Tot Mig-US",946,2097,32326
28,109,97,001,MS,"Pearl River Cou Tot Mig-Same St",263,539,6874
28,109,97,003,MS,"Pearl River Cou Tot Mig-Diff St",683,1558,25452
28,109,98,000,MS,"Pearl River Cou Tot Mig-Foreign",14,30,474
28,109,28,109,MS,"Pearl River Cou Non-Migrants",14250,34643,510586
28,109,22,103,LA,"St Tammany Parish",155,375,5783
28,109,22,051,LA,"Jefferson Parish",100,235,5124
28,109,28,045,MS,"Hancock County",67,150,1895
28,109,28,047,MS,"Harrison County",43,87,1115
28,109,22,087,LA,"St Bernard Parish",37,88,1319
28,109,28,035,MS,"Forrest County",35,66,730
28,109,28,073,MS,"Lamar County",34,76,1005
28,109,22,117,LA,"Washington Parish",33,68,823
28,109,22,071,LA,"Orleans Parish",27,58,1099
28,109,22,075,LA,"Plaquemines Parish",11,23,387
28,109,22,033,LA,"East Baton Rouge Par",10,25,468
28,109,22,057,LA,"Lafourche Parish",10,23,368
28,109,58,000,SS,"Other Flows - Same State",84,160,2129
28,109,59,000,DS,"Other Flows - Diff State",300,663,10083
28,109,59,001,DS,"Other Flows - Northeast",17,31,763
28,109,59,003,DS,"Other Flows - Midwest",33,78,1051
28,109,59,005,DS,"Other Flows - South",194,428,6323
28,109,59,007,DS,"Other Flows - West",56,126,1946
28,109,57,009,FR,"Foreign - Other flows",14,30,474
28,111,96,000,MS,"Perry County Tot Mig-US & For",216,497,5262
28,111,97,000,MS,"Perry County Tot Mig-US",216,497,5262
28,111,97,001,MS,"Perry County Tot Mig-Same St",167,387,3847
28,111,97,003,MS,"Perry County Tot Mig-Diff St",49,110,1415
28,111,28,111,MS,"Perry County Non-Migrants",3501,8703,110460
28,111,28,035,MS,"Forrest County",50,111,1043
28,111,28,067,MS,"Jones County",21,50,468
28,111,28,041,MS,"Greene County",17,38,469
28,111,28,047,MS,"Harrison County",10,23,158
28,111,58,000,SS,"Other Flows - Same State",69,165,1709
28,111,59,000,DS,"Other Flows - Diff State",49,110,1415
28,113,96,000,MS,"Pike County Tot Mig-US & For",674,1502,18174
28,113,97,000,MS,"Pike County Tot Mig-US",674,1502,18174
28,113,97,001,MS,"Pike County Tot Mig-Same St",366,834,9468
28,113,97,003,MS,"Pike County Tot Mig-Diff St",308,668,8706
28,113,28,113,MS,"Pike County Non-Migrants",11147,25581,340786
28,113,28,005,MS,"Amite County",96,219,2516
28,113,28,085,MS,"Lincoln County",65,146,1521
28,113,28,147,MS,"Walthall County",51,120,950
28,113,22,105,LA,"Tangipahoa Parish",32,77,731
28,113,28,049,MS,"Hinds County",19,41,410
28,113,22,071,LA,"Orleans Parish",17,38,479
28,113,22,051,LA,"Jefferson Parish",15,27,441
28,113,28,035,MS,"Forrest County",14,24,205
28,113,28,091,MS,"Marion County",14,33,364
28,113,17,031,IL,"Cook County",13,29,252
28,113,22,033,LA,"East Baton Rouge Par",12,26,483
28,113,28,077,MS,"Lawrence County",10,19,269
28,113,58,000,SS,"Other Flows - Same State",97,232,3233
28,113,59,000,DS,"Other Flows - Diff State",219,471,6321
28,115,96,000,MS,"Pontotoc County Tot Mig-US & For",566,1309,15101
28,115,97,000,MS,"Pontotoc County Tot Mig-US",566,1309,15101
28,115,97,001,MS,"Pontotoc County Tot Mig-Same St",449,1058,12495
28,115,97,003,MS,"Pontotoc County Tot Mig-Diff St",117,251,2606
28,115,28,115,MS,"Pontotoc County Non-Migrants",6976,16517,252052
28,115,28,081,MS,"Lee County",151,372,4392
28,115,28,145,MS,"Union County",66,158,1563
28,115,28,017,MS,"Chickasaw County",48,120,1246
28,115,28,071,MS,"Lafayette County",37,89,1133
28,115,28,013,MS,"Calhoun County",34,67,1018
28,115,28,057,MS,"Itawamba County",17,37,616
28,115,28,033,MS,"De Soto County",13,33,567
28,115,28,139,MS,"Tippah County",11,21,184
28,115,58,000,SS,"Other Flows - Same State",72,161,1778
28,115,59,000,DS,"Other Flows - Diff State",117,251,2606
28,117,96,000,MS,"Prentiss County Tot Mig-US & For",395,805,9958
28,117,97,000,MS,"Prentiss County Tot Mig-US",395,805,9958
28,117,97,001,MS,"Prentiss County Tot Mig-Same St",297,608,7127
28,117,97,003,MS,"Prentiss County Tot Mig-Diff St",98,197,2831
28,117,28,117,MS,"Prentiss County Non-Migrants",6799,15740,235408
28,117,28,081,MS,"Lee County",86,178,2206
28,117,28,003,MS,"Alcorn County",73,154,1619
28,117,28,141,MS,"Tishomingo County",26,55,551
28,117,28,145,MS,"Union County",17,40,348
28,117,28,139,MS,"Tippah County",16,35,368
28,117,28,057,MS,"Itawamba County",15,26,386
28,117,28,115,MS,"Pontotoc County",11,16,162
28,117,58,000,SS,"Other Flows - Same State",53,104,1488
28,117,59,000,DS,"Other Flows - Diff State",98,197,2831
28,119,96,000,MS,"Quitman County Tot Mig-US & For",157,341,3043
28,119,97,000,MS,"Quitman County Tot Mig-US",157,341,3043
28,119,97,001,MS,"Quitman County Tot Mig-Same St",107,240,2215
28,119,97,003,MS,"Quitman County Tot Mig-Diff St",50,101,828
28,119,28,119,MS,"Quitman County Non-Migrants",2557,6125,64146
28,119,28,107,MS,"Panola County",35,72,683
28,119,28,027,MS,"Coahoma County",21,51,431
28,119,28,135,MS,"Tallahatchie County",12,29,291
28,119,47,157,TN,"Shelby County",11,24,160
28,119,58,000,SS,"Other Flows - Same State",39,88,809
28,119,59,000,DS,"Other Flows - Diff State",39,77,667
28,121,96,000,MS,"Rankin County Tot Mig-US & For",4095,8285,153844
28,121,97,000,MS,"Rankin County Tot Mig-US",4078,8254,153131
28,121,97,001,MS,"Rankin County Tot Mig-Same St",2929,5834,102419
28,121,97,003,MS,"Rankin County Tot Mig-Diff St",1149,2420,50712
28,121,98,000,MS,"Rankin County Tot Mig-Foreign",17,31,713
28,121,28,121,MS,"Rankin County Non-Migrants",39112,89367,1863353
28,121,28,049,MS,"Hinds County",1290,2563,45009
28,121,28,089,MS,"Madison County",482,876,19917
28,121,28,127,MS,"Simpson County",138,303,3762
28,121,28,123,MS,"Scott County",102,219,2892
28,121,28,035,MS,"Forrest County",61,101,2268
28,121,28,029,MS,"Copiah County",48,101,1460
28,121,28,149,MS,"Warren County",46,89,1611
28,121,28,075,MS,"Lauderdale County",42,76,1522
28,121,28,047,MS,"Harrison County",40,80,1252
28,121,28,079,MS,"Leake County",39,96,1368
28,121,28,059,MS,"Jackson County",38,76,1292
28,121,47,157,TN,"Shelby County",37,72,1532
28,121,28,105,MS,"Oktibbeha County",36,48,1120
28,121,28,067,MS,"Jones County",30,69,1070
28,121,28,099,MS,"Neshoba County",28,69,1098
28,121,48,201,TX,"Harris County",28,53,1000
28,121,28,071,MS,"Lafayette County",27,51,731
28,121,28,081,MS,"Lee County",26,56,900
28,121,28,007,MS,"Attala County",24,48,796
28,121,28,151,MS,"Washington County",23,48,790
28,121,28,163,MS,"Yazoo County",23,42,633
28,121,28,129,MS,"Smith County",22,50,749
28,121,28,001,MS,"Adams County",21,36,486
28,121,28,113,MS,"Pike County",21,37,801
28,121,01,073,AL,"Jefferson County",18,37,1007
28,121,22,033,LA,"East Baton Rouge Par",18,38,795
28,121,47,037,TN,"Davidson County",18,28,494
28,121,28,085,MS,"Lincoln County",17,39,687
28,121,01,097,AL,"Mobile County",16,40,1700
28,121,22,073,LA,"Ouachita Parish",16,37,960
28,121,28,011,MS,"Bolivar County",16,36,541
28,121,28,073,MS,"Lamar County",15,33,584
28,121,28,051,MS,"Holmes County",14,26,372
28,121,48,113,TX,"Dallas County",14,23,412
28,121,22,051,LA,"Jefferson Parish",13,29,499
28,121,22,103,LA,"St Tammany Parish",13,28,440
28,121,28,031,MS,"Covington County",13,29,350
28,121,28,033,MS,"De Soto County",13,26,528
28,121,28,065,MS,"Jefferson Davis Coun",13,27,420
28,121,12,086,FL,"Miami Dade County",12,28,351
28,121,28,091,MS,"Marion County",12,29,367
28,121,28,101,MS,"Newton County",12,29,486
28,121,12,095,FL,"Orange County",11,16,573
28,121,17,031,IL,"Cook County",11,25,286
28,121,28,087,MS,"Lowndes County",11,19,459
28,121,28,159,MS,"Winston County",11,14,286
28,121,47,149,TN,"Rutherford County",11,27,555
28,121,48,439,TX,"Tarrant County",11,22,442
28,121,06,037,CA,"Los Angeles County",10,14,402
28,121,28,023,MS,"Clarke County",10,23,415
28,121,58,000,SS,"Other Flows - Same State",165,370,5400
28,121,59,000,DS,"Other Flows - Diff State",892,1903,39264
28,121,59,001,DS,"Other Flows - Northeast",45,93,2774
28,121,59,003,DS,"Other Flows - Midwest",149,329,6208
28,121,59,005,DS,"Other Flows - South",590,1263,26024
28,121,59,007,DS,"Other Flows - West",108,218,4257
28,121,57,009,FR,"Foreign - Other flows",17,31,713
28,123,96,000,MS,"Scott County Tot Mig-US & For",444,950,10303
28,123,97,000,MS,"Scott County Tot Mig-US",444,950,10303
28,123,97,001,MS,"Scott County Tot Mig-Same St",318,692,7777
28,123,97,003,MS,"Scott County Tot Mig-Diff St",126,258,2526
28,123,28,123,MS,"Scott County Non-Migrants",7804,18202,225004
28,123,28,121,MS,"Rankin County",92,208,2443
28,123,28,101,MS,"Newton County",47,97,999
28,123,28,079,MS,"Leake County",40,96,933
28,123,28,049,MS,"Hinds County",25,48,697
28,123,28,129,MS,"Smith County",23,55,480
28,123,28,099,MS,"Neshoba County",19,39,461
28,123,12,086,FL,"Miami Dade County",14,27,109
28,123,28,089,MS,"Madison County",12,23,284
28,123,58,000,SS,"Other Flows - Same State",60,126,1480
28,123,59,000,DS,"Other Flows - Diff State",112,231,2417
28,125,96,000,MS,"Sharkey County Tot Mig-US & For",96,210,1826
28,125,97,000,MS,"Sharkey County Tot Mig-US",96,210,1826
28,125,28,125,MS,"Sharkey County Non-Migrants",1858,4528,45023
28,127,96,000,MS,"Simpson County Tot Mig-US & For",464,1011,12911
28,127,97,000,MS,"Simpson County Tot Mig-US",464,1011,12911
28,127,97,001,MS,"Simpson County Tot Mig-Same St",373,831,10532
28,127,97,003,MS,"Simpson County Tot Mig-Diff St",91,180,2379
28,127,28,127,MS,"Simpson County Non-Migrants",7003,16171,211053
28,127,28,121,MS,"Rankin County",117,269,3251
28,127,28,049,MS,"Hinds County",61,117,1516
28,127,28,031,MS,"Covington County",38,83,598
28,127,28,129,MS,"Smith County",18,43,419
28,127,28,035,MS,"Forrest County",17,43,394
28,127,28,029,MS,"Copiah County",13,30,243
28,127,28,077,MS,"Lawrence County",13,26,333
28,127,28,065,MS,"Jefferson Davis Coun",10,20,246
28,127,58,000,SS,"Other Flows - Same State",86,200,3531
28,127,59,000,DS,"Other Flows - Diff State",91,180,2379
28,129,96,000,MS,"Smith County Tot Mig-US & For",226,533,5490
28,129,97,000,MS,"Smith County Tot Mig-US",226,533,5490
28,129,97,001,MS,"Smith County Tot Mig-Same St",191,473,4677
28,129,97,003,MS,"Smith County Tot Mig-Diff St",35,60,813
28,129,28,129,MS,"Smith County Non-Migrants",4159,9901,129457
28,129,28,067,MS,"Jones County",38,95,948
28,129,28,061,MS,"Jasper County",31,91,719
28,129,28,127,MS,"Simpson County",20,56,336
28,129,28,031,MS,"Covington County",17,41,347
28,129,28,121,MS,"Rankin County",17,32,516
28,129,28,035,MS,"Forrest County",14,36,481
28,129,28,123,MS,"Scott County",14,31,259
28,129,58,000,SS,"Other Flows - Same State",40,91,1072
28,129,59,000,DS,"Other Flows - Diff State",35,60,813
28,131,96,000,MS,"Stone County Tot Mig-US & For",297,646,8240
28,131,97,000,MS,"Stone County Tot Mig-US",297,646,8240
28,131,97,001,MS,"Stone County Tot Mig-Same St",207,463,5832
28,131,97,003,MS,"Stone County Tot Mig-Diff St",90,183,2408
28,131,28,131,MS,"Stone County Non-Migrants",3227,7778,111324
28,131,28,047,MS,"Harrison County",100,239,3058
28,131,28,035,MS,"Forrest County",22,51,697
28,131,28,073,MS,"Lamar County",19,38,334
28,131,28,059,MS,"Jackson County",17,31,515
28,131,28,045,MS,"Hancock County",14,27,329
28,131,28,109,MS,"Pearl River County",11,27,349
28,131,58,000,SS,"Other Flows - Same State",24,50,549
28,131,59,000,DS,"Other Flows - Diff State",90,183,2408
28,133,96,000,MS,"Sunflower Count Tot Mig-US & For",413,882,8899
28,133,97,000,MS,"Sunflower Count Tot Mig-US",413,882,8899
28,133,97,001,MS,"Sunflower Count Tot Mig-Same St",268,568,6312
28,133,97,003,MS,"Sunflower Count Tot Mig-Diff St",145,314,2587
28,133,28,133,MS,"Sunflower Count Non-Migrants",8226,20081,221658
28,133,28,011,MS,"Bolivar County",76,172,1830
28,133,28,083,MS,"Leflore County",40,81,1014
28,133,28,151,MS,"Washington County",32,63,734
28,133,28,053,MS,"Humphreys County",30,74,688
28,133,47,157,TN,"Shelby County",21,49,293
28,133,28,049,MS,"Hinds County",17,25,286
28,133,58,000,SS,"Other Flows - Same State",73,153,1760
28,133,59,000,DS,"Other Flows - Diff State",124,265,2295
28,135,96,000,MS,"Tallahatchie Co Tot Mig-US & For",221,505,5958
28,135,97,000,MS,"Tallahatchie Co Tot Mig-US",221,505,5958
28,135,97,001,MS,"Tallahatchie Co Tot Mig-Same St",160,372,4641
28,135,97,003,MS,"Tallahatchie Co Tot Mig-Diff St",61,133,1317
28,135,28,135,MS,"Tallahatchie Co Non-Migrants",4338,10513,102116
28,135,28,043,MS,"Grenada County",24,63,629
28,135,28,133,MS,"Sunflower County",21,54,766
28,135,28,027,MS,"Coahoma County",16,39,712
28,135,28,107,MS,"Panola County",16,40,402
28,135,28,119,MS,"Quitman County",16,41,233
28,135,47,157,TN,"Shelby County",15,30,325
28,135,28,161,MS,"Yalobusha County",13,28,526
28,135,28,083,MS,"Leflore County",12,32,230
28,135,58,000,SS,"Other Flows - Same State",42,75,1143
28,135,59,000,DS,"Other Flows - Diff State",46,103,991
28,137,96,000,MS,"Tate County Tot Mig-US & For",716,1512,22695
28,137,97,000,MS,"Tate County Tot Mig-US",716,1512,22695
28,137,97,001,MS,"Tate County Tot Mig-Same St",453,964,13931
28,137,97,003,MS,"Tate County Tot Mig-Diff St",263,548,8763
28,137,28,137,MS,"Tate County Non-Migrants",8336,19403,305837
28,137,28,033,MS,"De Soto County",212,443,6986
28,137,47,157,TN,"Shelby County",118,239,4211
28,137,28,107,MS,"Panola County",88,197,2110
28,137,28,143,MS,"Tunica County",28,68,650
28,137,28,071,MS,"Lafayette County",22,45,619
28,137,28,093,MS,"Marshall County",20,40,426
28,137,28,119,MS,"Quitman County",10,25,239
28,137,58,000,SS,"Other Flows - Same State",73,146,2901
28,137,59,000,DS,"Other Flows - Diff State",145,309,4553
28,139,96,000,MS,"Tippah County Tot Mig-US & For",298,641,7498
28,139,97,000,MS,"Tippah County Tot Mig-US",298,641,7498
28,139,97,001,MS,"Tippah County Tot Mig-Same St",191,426,4337
28,139,97,003,MS,"Tippah County Tot Mig-Diff St",107,215,3161
28,139,28,139,MS,"Tippah County Non-Migrants",6639,15614,219061
28,139,28,145,MS,"Union County",60,138,1434
28,139,28,003,MS,"Alcorn County",33,92,649
28,139,28,009,MS,"Benton County",23,55,549
28,139,47,157,TN,"Shelby County",18,32,749
28,139,28,033,MS,"De Soto County",13,23,284
28,139,28,081,MS,"Lee County",11,22,339
28,139,28,117,MS,"Prentiss County",11,18,148
28,139,58,000,SS,"Other Flows - Same State",40,78,934
28,139,59,000,DS,"Other Flows - Diff State",89,183,2412
28,141,96,000,MS,"Tishomingo Coun Tot Mig-US & For",309,641,7863
28,141,97,000,MS,"Tishomingo Coun Tot Mig-US",309,641,7863
28,141,97,001,MS,"Tishomingo Coun Tot Mig-Same St",139,287,3509
28,141,97,003,MS,"Tishomingo Coun Tot Mig-Diff St",170,354,4354
28,141,28,141,MS,"Tishomingo Coun Non-Migrants",5643,12979,192297
28,141,28,003,MS,"Alcorn County",57,117,1568
28,141,28,117,MS,"Prentiss County",24,42,509
28,141,01,033,AL,"Colbert County",21,41,580
28,141,01,059,AL,"Franklin County",18,27,394
28,141,28,057,MS,"Itawamba County",17,35,335
28,141,01,077,AL,"Lauderdale County",10,21,301
28,141,47,157,TN,"Shelby County",10,21,351
28,141,58,000,SS,"Other Flows - Same State",41,93,1097
28,141,59,000,DS,"Other Flows - Diff State",111,244,2728
28,143,96,000,MS,"Tunica County Tot Mig-US & For",464,964,10421
28,143,97,000,MS,"Tunica County Tot Mig-US",464,964,10421
28,143,97,001,MS,"Tunica County Tot Mig-Same St",257,568,5830
28,143,97,003,MS,"Tunica County Tot Mig-Diff St",207,396,4591
28,143,28,143,MS,"Tunica County Non-Migrants",3413,7898,95361
28,143,47,157,TN,"Shelby County",73,146,1689
28,143,28,033,MS,"De Soto County",72,140,1940
28,143,28,027,MS,"Coahoma County",68,169,1354
28,143,28,107,MS,"Panola County",21,51,418
28,143,05,107,AR,"Phillips County",20,48,335
28,143,28,119,MS,"Quitman County",20,48,394
28,143,28,137,MS,"Tate County",20,46,361
28,143,58,000,SS,"Other Flows - Same State",56,114,1363
28,143,59,000,DS,"Other Flows - Diff State",114,202,2567
28,143,59,001,DS,"Other Flows - Northeast",11,26,303
28,143,59,003,DS,"Other Flows - Midwest",36,66,474
28,143,59,005,DS,"Other Flows - South",55,93,1422
28,143,59,007,DS,"Other Flows - West",12,17,368
28,145,96,000,MS,"Union County Tot Mig-US & For",500,1130,14396
28,145,97,000,MS,"Union County Tot Mig-US",500,1130,14396
28,145,97,001,MS,"Union County Tot Mig-Same St",366,854,10550
28,145,97,003,MS,"Union County Tot Mig-Diff St",134,276,3846
28,145,28,145,MS,"Union County Non-Migrants",7751,18237,280093
28,145,28,081,MS,"Lee County",98,213,2813
28,145,28,115,MS,"Pontotoc County",71,164,1715
28,145,28,139,MS,"Tippah County",59,141,1654
28,145,28,071,MS,"Lafayette County",23,43,1255
28,145,28,093,MS,"Marshall County",17,48,382
28,145,28,009,MS,"Benton County",16,48,397
28,145,28,033,MS,"De Soto County",15,30,514
28,145,47,157,TN,"Shelby County",15,26,389
28,145,28,117,MS,"Prentiss County",13,32,377
28,145,58,000,SS,"Other Flows - Same State",54,135,1443
28,145,59,000,DS,"Other Flows - Diff State",119,250,3457
28,147,96,000,MS,"Walthall County Tot Mig-US & For",228,514,5863
28,147,97,000,MS,"Walthall County Tot Mig-US",228,514,5863
28,147,97,001,MS,"Walthall County Tot Mig-Same St",141,322,3515
28,147,97,003,MS,"Walthall County Tot Mig-Diff St",87,192,2347
28,147,28,147,MS,"Walthall County Non-Migrants",3316,7762,91778
28,147,28,113,MS,"Pike County",54,125,1239
28,147,28,091,MS,"Marion County",23,63,482
28,147,28,077,MS,"Lawrence County",13,28,295
28,147,22,117,LA,"Washington Parish",10,22,218
28,147,58,000,SS,"Other Flows - Same State",51,106,1499
28,147,59,000,DS,"Other Flows - Diff State",77,170,2129
28,149,96,000,MS,"Warren County Tot Mig-US & For",863,1837,28389
28,149,97,000,MS,"Warren County Tot Mig-US",851,1812,27925
28,149,97,001,MS,"Warren County Tot Mig-Same St",458,944,12497
28,149,97,003,MS,"Warren County Tot Mig-Diff St",393,868,15428
28,149,98,000,MS,"Warren County Tot Mig-Foreign",12,25,465
28,149,28,149,MS,"Warren County Non-Migrants",17092,39047,693104
28,149,28,049,MS,"Hinds County",114,230,2895
28,149,28,021,MS,"Claiborne County",61,145,1755
28,149,28,121,MS,"Rankin County",29,54,1024
28,149,22,065,LA,"Madison Parish",27,61,661
28,149,28,089,MS,"Madison County",20,43,675
28,149,28,151,MS,"Washington County",17,38,450
28,149,28,163,MS,"Yazoo County",15,30,472
28,149,28,035,MS,"Forrest County",14,26,330
28,149,28,047,MS,"Harrison County",14,26,371
28,149,28,063,MS,"Jefferson County",14,30,312
28,149,28,125,MS,"Sharkey County",14,33,272
28,149,48,113,TX,"Dallas County",11,21,228
28,149,17,031,IL,"Cook County",10,22,260
28,149,28,055,MS,"Issaquena County",10,23,250
28,149,58,000,SS,"Other Flows - Same State",136,266,3692
28,149,59,000,DS,"Other Flows - Diff State",345,764,14279
28,149,59,001,DS,"Other Flows - Northeast",17,38,766
28,149,59,003,DS,"Other Flows - Midwest",32,85,1730
28,149,59,005,DS,"Other Flows - South",244,548,10039
28,149,59,007,DS,"Other Flows - West",52,93,1744
28,149,57,009,FR,"Foreign - Other flows",12,25,465
28,151,96,000,MS,"Washington Coun Tot Mig-US & For",775,1690,19752
28,151,97,000,MS,"Washington Coun Tot Mig-US",762,1668,19567
28,151,97,001,MS,"Washington Coun Tot Mig-Same St",324,728,8369
28,151,97,003,MS,"Washington Coun Tot Mig-Diff St",438,940,11198
28,151,98,000,MS,"Washington Coun Tot Mig-Foreign",13,22,184
28,151,28,151,MS,"Washington Coun Non-Migrants",18245,44102,563315
28,151,28,011,MS,"Bolivar County",65,170,1570
28,151,47,157,TN,"Shelby County",41,90,780
28,151,28,133,MS,"Sunflower County",40,91,1200
28,151,28,125,MS,"Sharkey County",30,79,629
28,151,28,049,MS,"Hinds County",29,69,662
28,151,05,017,AR,"Chicot County",18,41,428
28,151,17,031,IL,"Cook County",17,45,287
28,151,28,083,MS,"Leflore County",15,27,251
28,151,28,053,MS,"Humphreys County",14,38,371
28,151,28,089,MS,"Madison County",13,24,334
28,151,48,113,TX,"Dallas County",13,27,223
28,151,48,201,TX,"Harris County",11,16,106
28,151,28,149,MS,"Warren County",10,18,239
28,151,58,000,SS,"Other Flows - Same State",108,212,3113
28,151,59,000,DS,"Other Flows - Diff State",338,721,9374
28,151,59,001,DS,"Other Flows - Northeast",26,44,688
28,151,59,003,DS,"Other Flows - Midwest",74,151,2034
28,151,59,005,DS,"Other Flows - South",203,448,5682
28,151,59,007,DS,"Other Flows - West",35,78,970
28,151,57,009,FR,"Foreign - Other flows",13,22,184
28,153,96,000,MS,"Wayne County Tot Mig-US & For",223,509,5892
28,153,97,000,MS,"Wayne County Tot Mig-US",223,509,5892
28,153,97,001,MS,"Wayne County Tot Mig-Same St",142,312,3740
28,153,97,003,MS,"Wayne County Tot Mig-Diff St",81,197,2151
28,153,28,153,MS,"Wayne County Non-Migrants",5615,13807,174560
28,153,28,023,MS,"Clarke County",33,77,745
28,153,28,067,MS,"Jones County",31,62,759
28,153,28,041,MS,"Greene County",12,25,204
28,153,01,023,AL,"Choctaw County",10,28,610
28,153,28,035,MS,"Forrest County",10,18,250
28,153,58,000,SS,"Other Flows - Same State",56,130,1782
28,153,59,000,DS,"Other Flows - Diff State",71,169,1541
28,155,96,000,MS,"Webster County Tot Mig-US & For",195,425,4856
28,155,97,000,MS,"Webster County Tot Mig-US",195,425,4856
28,155,97,001,MS,"Webster County Tot Mig-Same St",150,338,3348
28,155,97,003,MS,"Webster County Tot Mig-Diff St",45,87,1508
28,155,28,155,MS,"Webster County Non-Migrants",3634,8642,109798
28,155,28,105,MS,"Oktibbeha County",45,106,1220
28,155,28,025,MS,"Clay County",16,45,366
28,155,28,019,MS,"Choctaw County",13,35,249
28,155,28,043,MS,"Grenada County",10,16,213
28,155,58,000,SS,"Other Flows - Same State",66,136,1301
28,155,59,000,DS,"Other Flows - Diff State",45,87,1508
28,157,96,000,MS,"Wilkinson Count Tot Mig-US & For",126,271,3548
28,157,97,000,MS,"Wilkinson Count Tot Mig-US",126,271,3548
28,157,97,001,MS,"Wilkinson Count Tot Mig-Same St",47,105,1273
28,157,97,003,MS,"Wilkinson Count Tot Mig-Diff St",79,166,2275
28,157,28,157,MS,"Wilkinson Count Non-Migrants",2586,6026,72415
28,157,22,033,LA,"East Baton Rouge Par",29,58,829
28,157,28,005,MS,"Amite County",20,48,520
28,157,22,037,LA,"East Feliciana Paris",11,24,283
28,157,22,125,LA,"West Feliciana Paris",10,21,251
28,157,58,000,SS,"Other Flows - Same State",27,57,754
28,157,59,000,DS,"Other Flows - Diff State",29,63,911
28,159,96,000,MS,"Winston County Tot Mig-US & For",263,536,6380
28,159,97,000,MS,"Winston County Tot Mig-US",263,536,6380
28,159,97,001,MS,"Winston County Tot Mig-Same St",174,353,3895
28,159,97,003,MS,"Winston County Tot Mig-Diff St",89,183,2486
28,159,28,159,MS,"Winston County Non-Migrants",5961,13630,188275
28,159,28,099,MS,"Neshoba County",28,60,729
28,159,28,105,MS,"Oktibbeha County",25,46,514
28,159,28,019,MS,"Choctaw County",16,31,272
28,159,28,103,MS,"Noxubee County",11,21,245
28,159,58,000,SS,"Other Flows - Same State",94,195,2134
28,159,59,000,DS,"Other Flows - Diff State",89,183,2486
28,161,96,000,MS,"Yalobusha Count Tot Mig-US & For",315,635,7409
28,161,97,000,MS,"Yalobusha Count Tot Mig-US",315,635,7409
28,161,97,001,MS,"Yalobusha Count Tot Mig-Same St",224,463,4979
28,161,97,003,MS,"Yalobusha Count Tot Mig-Diff St",91,172,2431
28,161,28,161,MS,"Yalobusha Count Non-Migrants",4568,10387,142457
28,161,28,071,MS,"Lafayette County",73,157,1583
28,161,28,043,MS,"Grenada County",35,82,745
28,161,28,135,MS,"Tallahatchie County",18,38,302
28,161,28,107,MS,"Panola County",14,31,365
28,161,28,013,MS,"Calhoun County",12,21,328
28,161,47,157,TN,"Shelby County",12,19,316
28,161,58,000,SS,"Other Flows - Same State",72,134,1655
28,161,59,000,DS,"Other Flows - Diff State",79,153,2114
28,163,96,000,MS,"Yazoo County Tot Mig-US & For",415,902,10357
28,163,97,000,MS,"Yazoo County Tot Mig-US",415,902,10357
28,163,97,001,MS,"Yazoo County Tot Mig-Same St",247,555,6540
28,163,97,003,MS,"Yazoo County Tot Mig-Diff St",168,347,3817
28,163,28,163,MS,"Yazoo County Non-Migrants",7849,18560,239328
28,163,28,049,MS,"Hinds County",52,112,1345
28,163,28,089,MS,"Madison County",34,77,803
28,163,28,121,MS,"Rankin County",23,52,673
28,163,28,051,MS,"Holmes County",22,59,634
28,163,28,053,MS,"Humphreys County",17,40,445
28,163,28,149,MS,"Warren County",16,40,454
28,163,17,031,IL,"Cook County",12,28,262
28,163,47,157,TN,"Shelby County",11,24,243
28,163,58,000,SS,"Other Flows - Same State",83,175,2187
28,163,59,000,DS,"Other Flows - Diff State",145,295,3312
