"1993 - 1994 County to County Migration Outflow",,,,,,,,
"(Aggregate money amounts are in thousands of dollars)",,,,,,,,
,,,,,,,,
,,,,,,,,
"Migration from",,"Migration into",,,,Number,Number,Aggregate
"Foreign / Overseas",,,,,,of,of,total
State,County,State,County,State,"State totals, county totals,",returns,exemptions,money
"FIPS Code",,,,,"and county by county detail",,,income
57,1,0,1,FR,"Foreign / Overseas (Total Migrant)",83288,114138,1953527
57,1,36,61,NY,"New York",3130,3801,145891
57,1,6,37,Ca,"Los Angeles",2723,3642,49338
57,1,6,85,Ca,"Santa Clara",1871,2447,46472
57,1,17,31,Il,Cook,1832,2360,38570
57,1,25,17,Ma,Middlesex,1699,2099,32509
57,1,11,1,DC,"Wash.,D.C.",1237,1420,19683
57,1,48,201,Tx,Harris,1208,1974,60694
57,1,15,3,Hi,Honolulu,1091,1317,10929
57,1,25,25,Ma,Suffolk,1077,1172,13116
57,1,42,101,Pa,Philadelphia,1024,1126,8190
57,1,57,5,FR,"APO / FPO Zip Code",1019,2384,29754
57,1,6,73,Ca,"San Diego",995,1472,16260
57,1,6,75,Ca,"San Francisco",970,1147,14637
57,1,53,33,Wa,King,954,1445,28650
57,1,24,31,Md,Montgomery,952,1390,19704
57,1,42,3,Pa,Allegheny,822,1012,10554
57,1,6,1,Ca,Alameda,801,993,11670
57,1,48,113,Tx,Dallas,738,1153,29001
57,1,36,81,NY,Queens,734,874,11439
57,1,48,453,Tx,Travis,718,920,11347
57,1,12,25,Fl,Dade,718,1064,17561
57,1,39,35,Oh,Cuyahoga,637,866,14383
57,1,39,49,Oh,Franklin,619,720,6287
57,1,27,53,Mn,Hennepin,603,760,13531
57,1,4,13,Az,Maricopa,600,859,15194
57,1,26,161,Mi,Washtenaw,564,708,8371
57,1,6,59,Ca,Orange,563,911,16412
57,1,34,23,NJ,Middlesex,562,696,8759
57,1,55,25,Wi,Dane,549,673,5003
57,1,17,19,Il,Champaign,544,629,3082
57,1,12,95,Fl,Orange,509,602,6155
57,1,26,163,Mi,Wayne,504,661,10794
57,1,18,105,In,Monroe,487,559,2644
57,1,36,47,NY,Kings,484,591,10310
57,1,36,119,NY,Westchester,465,743,27806
57,1,51,59,Va,Fairfax,458,750,22239
57,1,36,55,NY,Monroe,456,566,6959
57,1,25,21,Ma,Norfolk,452,630,9892
57,1,4,19,Az,Pima,447,588,7644
57,1,36,109,NY,Tompkins,442,498,3232
57,1,6,81,Ca,"San Mateo",416,580,13050
57,1,9,1,Ct,Fairfield,412,708,65995
57,1,48,41,Tx,Brazos,408,463,2006
57,1,48,439,Tx,Tarrant,391,524,6804
57,1,29,189,Mo,"St. Louis",387,517,6417
57,1,36,29,NY,Erie,386,502,8125
57,1,24,510,Md,"Baltimore city",385,463,5154
57,1,26,125,Mi,Oakland,380,648,18643
57,1,34,21,NJ,Mercer,380,483,11029
57,1,27,123,Mn,Ramsey,378,447,5518
57,1,34,3,NJ,Bergen,371,641,17145
57,1,20,173,Ks,Sedgwick,368,418,1885
57,1,26,65,Mi,Ingham,364,407,2832
57,1,9,9,Ct,"New Haven",362,455,5364
57,1,24,33,Md,"Prince George's",361,428,3608
57,1,42,27,Pa,Centre,356,395,2342
57,1,18,157,In,Tippecanoe,355,404,2551
57,1,36,103,NY,Suffolk,351,419,6538
57,1,25,15,Ma,Hampshire,346,383,2285
57,1,34,17,NJ,Hudson,339,369,4204
57,1,42,91,Pa,Montgomery,339,431,5227
57,1,19,169,Ia,Story,338,354,2006
57,1,36,67,NY,Onondaga,336,379,3030
57,1,51,13,Va,Arlington,333,392,4447
57,1,22,33,La,"East Baton Rouge",327,374,3772
57,1,39,61,Oh,Hamilton,326,470,13775
57,1,55,79,Wi,Milwaukee,322,368,2782
57,1,48,121,Tx,Denton,315,383,3562
57,1,37,183,NC,Wake,314,480,13246
57,1,13,121,Ga,Fulton,308,477,13235
57,1,20,45,Ks,Douglas,308,326,1308
57,1,36,59,NY,Nassau,300,417,11752
57,1,13,89,Ga,"De Kalb",295,378,5521
57,1,8,13,Co,Boulder,294,386,4983
57,1,12,11,Fl,Broward,293,452,10481
57,1,31,109,Ne,Lancaster,288,326,1368
57,1,21,67,Ky,Fayette,287,332,2786
57,1,51,121,Va,Montgomery,282,318,1758
57,1,44,7,RI,Providence,268,308,2152
57,1,19,103,Ia,Johnson,267,294,1873
57,1,37,135,NC,Orange,262,331,2801
57,1,49,35,Ut,"Salt Lake",262,375,3310
57,1,29,510,Mo,"St. Louis city",259,308,3275
57,1,18,97,In,Marion,258,356,5753
57,1,12,1,Fl,Alachua,253,298,2541
57,1,34,27,NJ,Morris,245,466,21694
57,1,12,57,Fl,Hillsborough,244,324,4050
57,1,41,51,Or,Multnomah,244,315,3399
57,1,12,99,Fl,"Palm Beach",244,390,11616
57,1,37,63,NC,Durham,243,325,3137
57,1,49,49,Ut,Utah,239,322,1570
57,1,22,71,La,Orleans,227,250,2494
57,1,47,37,Tn,Davidson,226,310,3392
57,1,36,5,NY,Bronx,225,253,4069
57,1,17,43,Il,"Du Page",224,418,11462
57,1,47,93,Tn,Knox,223,259,2225
57,1,8,31,Co,Denver,222,275,4266
57,1,47,157,Tn,Shelby,222,309,3742
57,1,42,45,Pa,Delaware,217,302,5981
57,1,39,95,Oh,Lucas,215,248,3460
57,1,48,29,Tx,Bexar,214,340,4142
57,1,6,13,Ca,"Contra Costa",214,392,13530
57,1,19,149,Ia,Plymouth,205,210,39
57,1,31,55,Ne,Douglas,204,253,3585
57,1,20,37,Ks,Crawford,204,207,185
57,1,48,141,Tx,"El Paso",203,388,3649
57,1,39,9,Oh,Athens,202,223,1290
57,1,10,3,De,"New Castle",201,286,7595
57,1,32,3,Nv,Clark,201,314,6614
57,1,40,119,Ok,Payne,199,213,883
57,1,13,59,Ga,Clarke,195,216,1853
57,1,40,27,Ok,Cleveland,193,200,982
57,1,29,19,Mo,Boone,191,240,2725
57,1,9,3,Ct,Hartford,186,293,6379
57,1,37,119,NC,Mecklenburg,184,268,5436
57,1,5,143,Ar,Washington,182,201,734
57,1,1,73,Al,Jefferson,181,223,1973
57,1,34,13,NJ,Essex,177,232,6482
57,1,25,27,Ma,Worcester,174,266,4832
57,1,6,113,Ca,Yolo,174,207,1424
57,1,45,79,SC,Richland,173,218,1976
57,1,6,83,Ca,"Santa Barbara",172,224,2386
57,1,12,103,Fl,Pinellas,171,243,7293
57,1,6,65,Ca,Riverside,170,297,2173
57,1,24,5,Md,Baltimore,166,214,2772
57,1,39,153,Oh,Summit,165,252,6962
57,1,6,67,Ca,Sacramento,163,222,2923
57,1,32,31,Nv,Washoe,162,204,3490
57,1,36,1,NY,Albany,160,199,1857
57,1,6,19,Ca,Fresno,157,231,996
57,1,18,141,In,"St. Joseph",157,191,1230
57,1,41,39,Or,Lane,157,178,1294
57,1,48,303,Tx,Lubbock,155,177,1123
57,1,40,143,Ok,Tulsa,154,227,2732
57,1,42,29,Pa,Chester,150,245,5507
57,1,5,45,Ar,Faulkner,148,156,179
57,1,40,109,Ok,Oklahoma,148,207,2025
57,1,54,61,WV,Monongalia,145,151,790
57,1,20,161,Ks,Riley,144,149,777
57,1,41,67,Or,Washington,143,225,4240
57,1,17,77,Il,Jackson,139,144,652
57,1,25,9,Ma,Essex,138,230,5749
57,1,8,69,Co,Larimer,134,177,1279
57,1,48,167,Tx,Galveston,133,180,2066
57,1,17,109,Il,McDonough,132,154,131
57,1,50,7,Vt,Chittenden,131,145,1512
57,1,51,540,Va,"Charlottesville city",130,151,1914
57,1,6,71,Ca,"San Bernardino",129,205,2150
57,1,26,77,Mi,Kalamazoo,127,166,2419
57,1,8,5,Co,Arapahoe,125,231,6406
57,1,21,111,Ky,Jefferson,125,177,6314
57,1,17,97,Il,Lake,125,245,9368
57,1,38,101,ND,Ward,124,128,81
57,1,26,81,Mi,Kent,124,157,933
57,1,6,111,Ca,Ventura,121,174,2546
57,1,29,95,Mo,Jackson,121,169,2013
57,1,36,7,NY,Broome,120,152,1813
57,1,33,9,NH,Grafton,120,145,997
57,1,49,5,Ut,Cache,119,124,410
57,1,27,145,Mn,Stearns,119,120,195
57,1,13,67,Ga,Cobb,119,190,4708
57,1,42,71,Pa,Lancaster,118,173,2142
57,1,35,1,NM,Bernalillo,116,184,3636
57,1,41,3,Or,Benton,116,144,986
57,1,13,135,Ga,Gwinnett,113,196,4532
57,1,53,75,Wa,Whitman,112,127,683
57,1,9,13,Ct,Tolland,111,126,802
57,1,2,20,Ak,"Anchorage Borough",111,226,7307
57,1,8,59,Co,Jefferson,110,184,3889
57,1,12,73,Fl,Leon,110,124,1269
57,1,39,53,Oh,Gallia,108,111,84
57,1,12,9,Fl,Brevard,108,157,2781
57,1,6,53,Ca,Monterey,107,132,2010
57,1,39,173,Oh,Wood,107,134,1055
57,1,29,101,Mo,Johnson,105,109,158
57,1,27,109,Mn,Olmsted,105,160,1550
57,1,34,35,NJ,Somerset,104,175,13092
57,1,29,77,Mo,Greene,104,144,986
57,1,42,95,Pa,Northampton,104,119,1061
57,1,48,85,Tx,Collin,103,210,10083
57,1,38,17,ND,Cass,102,127,918
57,1,12,71,Fl,Lee,102,143,4204
57,1,28,105,Ms,Oktibbeha,102,111,1142
57,1,28,71,Ms,Lafayette,101,107,392
57,1,28,35,Ms,Forrest,100,104,199
57,1,1,81,Al,Lee,100,111,675
57,1,45,77,SC,Pickens,100,106,574
57,1,19,101,Ia,Jefferson,97,97,531
57,1,6,41,Ca,Marin,96,162,4708
57,1,53,63,Wa,Spokane,95,131,2998
57,1,16,57,Id,Latah,92,103,385
57,1,26,61,Mi,Houghton,92,94,372
57,1,20,91,Ks,Johnson,92,157,4689
57,1,51,710,Va,"Norfolk city",90,111,762
57,1,30,31,Mt,Gallatin,89,92,311
57,1,17,37,Il,"De Kalb",89,93,324
57,1,53,73,Wa,Whatcom,89,157,3634
57,1,36,83,NY,Rensselaer,88,104,697
57,1,12,117,Fl,Seminole,88,204,2540
57,1,39,113,Oh,Montgomery,86,130,2327
57,1,39,17,Oh,Butler,86,125,2447
57,1,23,19,Me,Penobscot,85,92,556
57,1,34,39,NJ,Union,85,159,7257
57,1,34,25,NJ,Monmouth,85,145,4914
57,1,53,61,Wa,Snohomish,84,202,5609
57,1,1,125,Al,Tuscaloosa,84,92,442
57,1,12,115,Fl,Sarasota,82,130,6175
57,1,19,153,Ia,Polk,81,111,921
57,1,22,55,La,Lafayette,80,120,2701
57,1,8,41,Co,"El Paso",80,186,3422
57,1,29,161,Mo,Phelps,79,81,290
57,1,6,77,Ca,"San Joaquin",79,106,1313
57,1,26,99,Mi,Macomb,78,155,2782
57,1,35,13,NM,"Dona Ana",78,127,691
57,1,36,27,NY,Dutchess,78,101,2791
57,1,53,53,Wa,Pierce,78,167,2628
57,1,27,7,Mn,Beltrami,75,76,99
57,1,33,11,NH,Hillsborough,74,131,3599
57,1,5,119,Ar,Pulaski,74,109,1532
57,1,37,81,NC,Guilford,74,98,1747
57,1,26,21,Mi,Berrien,73,98,1110
57,1,44,9,RI,Washington,73,91,1827
57,1,30,63,Mt,Missoula,73,86,580
57,1,51,3,Va,Albemarle,71,84,760
57,1,42,17,Pa,Bucks,70,136,4768
57,1,48,309,Tx,McLennan,70,71,201
57,1,56,1,Wy,Albany,68,74,339
57,1,39,93,Oh,Lorain,68,81,696
57,1,48,215,Tx,Hidalgo,68,153,766
57,1,34,7,NJ,Camden,67,112,3742
57,1,38,35,ND,"Grand Forks",67,91,597
57,1,51,760,Va,"Richmond city",67,79,691
57,1,17,113,Il,McLean,67,68,539
57,1,6,87,Ca,"Santa Cruz",67,103,1981
57,1,2,90,Ak,"Fairbanks North Star Bor",67,76,556
57,1,18,167,In,Vigo,66,73,646
57,1,19,163,Ia,Scott,65,83,712
57,1,13,51,Ga,Chatham,64,75,1358
57,1,17,143,Il,Peoria,64,82,682
57,1,42,77,Pa,Lehigh,64,112,3036
57,1,48,157,Tx,"Fort Bend",63,156,5262
57,1,12,127,Fl,Volusia,62,94,1400
57,1,5,145,Ar,White,62,64,303
57,1,1,97,Al,Mobile,62,82,1965
57,1,24,21,Md,Frederick,62,87,1188
57,1,22,51,La,Jefferson,61,98,1395
57,1,24,27,Md,Howard,61,95,1961
57,1,46,11,SD,Brookings,59,60,257
57,1,17,89,Il,Kane,59,114,3344
57,1,36,87,NY,Rockland,59,120,2490
57,1,12,31,Fl,Duval,58,92,1992
57,1,51,510,Va,"Alexandria city",57,98,1927
57,1,48,245,Tx,Jefferson,57,67,1310
57,1,39,151,Oh,Stark,56,84,1811
57,1,57,7,FR,"Foreign / Virgin Islands",56,145,2148
57,1,21,35,Ky,Calloway,56,61,270
57,1,42,19,Pa,Butler,56,65,578
57,1,25,3,Ma,Berkshire,54,71,1167
57,1,36,85,NY,Richmond,54,63,1391
57,1,57,3,FR,"Foreign / Puerto Rico",54,115,2453
57,1,39,133,Oh,Portage,53,53,223
57,1,17,119,Il,Madison,53,57,251
57,1,51,87,Va,Henrico,52,83,1695
57,1,37,85,NC,Harnett,52,53,79
57,1,42,63,Pa,Indiana,51,53,132
57,1,45,19,SC,Charleston,51,74,1171
57,1,19,13,Ia,"Black Hawk",50,58,250
57,1,48,339,Tx,Montgomery,50,129,6529
57,1,45,45,SC,Greenville,49,125,2494
57,1,15,1,Hi,Hawaii,49,62,643
57,1,51,810,Va,"Virginia Beach city",48,93,1273
57,1,27,13,Mn,"Blue Earth",48,48,190
57,1,42,43,Pa,Dauphin,48,71,962
57,1,48,381,Tx,Randall,48,49,164
57,1,1,89,Al,Madison,48,66,1129
57,1,51,680,Va,"Lynchburg city",48,58,637
57,1,39,169,Oh,Wayne,48,63,668
57,1,23,5,Me,Cumberland,47,73,921
57,1,19,113,Ia,Linn,47,58,903
57,1,28,49,Ms,Hinds,46,47,907
57,1,39,41,Oh,Delaware,46,64,938
57,1,48,479,Tx,Webb,46,102,911
57,1,37,67,NC,Forsyth,45,60,999
57,1,12,97,Fl,Osceola,45,54,253
57,1,29,1,Mo,Adair,45,48,149
57,1,41,5,Or,Clackamas,44,75,1767
57,1,55,87,Wi,Outagamie,44,63,1309
57,1,26,111,Mi,Midland,44,125,5110
57,1,27,163,Mn,Washington,44,109,7856
57,1,54,33,WV,Harrison,44,50,349
57,1,6,29,Ca,Kern,44,79,2560
57,1,51,41,Va,Chesterfield,44,77,1750
57,1,46,103,SD,Pennington,43,53,175
57,1,24,3,Md,"Anne Arundel",43,65,2316
57,1,12,21,Fl,Collier,42,62,1537
57,1,48,61,Tx,Cameron,42,79,773
57,1,53,11,Wa,Clark,42,67,1935
57,1,25,13,Ma,Hampden,41,62,809
57,1,25,11,Ma,Franklin,41,48,568
57,1,22,61,La,Lincoln,41,49,242
57,1,39,81,Oh,Jefferson,41,42,143
57,1,18,39,In,Elkhart,41,58,274
57,1,36,89,NY,"St. Lawrence",40,64,631
57,1,12,81,Fl,Manatee,40,66,2216
57,1,5,31,Ar,Craighead,40,42,88
57,1,18,3,In,Allen,40,60,955
57,1,13,9,Ga,Baldwin,40,40,201
57,1,39,5,Oh,Ashland,40,45,16
57,1,47,141,Tn,Putnam,39,46,443
57,1,33,15,NH,Rockingham,38,63,2432
57,1,39,57,Oh,Greene,38,44,380
57,1,41,29,Or,Jackson,38,59,1042
57,1,18,35,In,Delaware,38,44,330
57,1,48,441,Tx,Taylor,38,54,239
57,1,34,31,NJ,Passaic,37,62,698
57,1,55,63,Wi,"La Crosse",37,42,591
57,1,49,57,Ut,Weber,37,45,281
57,1,34,5,NJ,Burlington,37,69,2580
57,1,21,227,Ky,Warren,36,40,147
57,1,48,355,Tx,Nueces,36,64,669
57,1,47,179,Tn,Washington,36,44,186
57,1,17,167,Il,Sangamon,36,44,254
57,1,48,451,Tx,"Tom Green",36,39,128
57,1,25,5,Ma,Bristol,36,49,1650
57,1,37,147,NC,Pitt,36,46,442
57,1,35,49,NM,"Santa Fe",35,52,1350
57,1,26,49,Mi,Genesee,35,57,906
57,1,8,37,Co,Eagle,35,40,286
57,1,19,191,Ia,Winneshiek,34,34,35
57,1,22,73,La,Ouachita,34,34,87
57,1,12,33,Fl,Escambia,34,67,1239
57,1,33,13,NH,Merrimack,34,51,925
57,1,27,37,Mn,Dakota,34,70,1538
57,1,33,17,NH,Strafford,34,36,457
57,1,26,139,Mi,Ottawa,34,58,715
57,1,15,9,Hi,Maui,34,50,504
57,1,18,57,In,Hamilton,33,82,3459
57,1,36,65,NY,Oneida,33,38,416
57,1,55,33,Wi,Dunn,33,40,144
57,1,29,31,Mo,"Cape Girardeau",33,34,139
57,1,42,49,Pa,Erie,33,78,578
57,1,26,107,Mi,Mecosta,32,39,198
57,1,17,163,Il,"St. Clair",32,41,333
57,1,25,1,Ma,Barnstable,31,52,1076
57,1,55,139,Wi,Winnebago,31,36,727
57,1,9,7,Ct,Middlesex,31,32,537
57,1,47,65,Tn,Hamilton,31,51,887
57,1,55,133,Wi,Waukesha,31,55,1317
57,1,12,105,Fl,Polk,31,59,753
57,1,46,27,SD,Clay,31,35,197
57,1,6,97,Ca,Sonoma,31,47,1358
57,1,36,3,NY,Allegany,31,32,167
57,1,16,1,Id,Ada,30,57,1969
57,1,47,9,Tn,Blount,30,49,559
57,1,6,99,Ca,Stanislaus,29,60,1140
57,1,37,179,NC,Union,29,101,723
57,1,9,15,Ct,Windham,29,40,1033
57,1,19,193,Ia,Woodbury,28,32,176
57,1,22,57,La,Lafourche,28,31,136
57,1,6,93,Ca,Siskiyou,28,29,5
57,1,4,5,Az,Coconino,28,41,661
57,1,48,27,Tx,Bell,27,55,643
57,1,13,245,Ga,Richmond,27,36,345
57,1,20,209,Ks,Wyandotte,27,32,297
57,1,31,19,Ne,Buffalo,27,27,116
57,1,19,157,Ia,Poweshiek,27,27,233
57,1,41,47,Or,Marion,26,50,421
57,1,45,63,SC,Lexington,26,38,445
57,1,36,71,NY,Orange,26,42,828
57,1,25,23,Ma,Plymouth,26,49,1667
57,1,37,129,NC,"New Hanover",26,37,1120
57,1,37,21,NC,Buncombe,26,41,544
57,1,27,137,Mn,"St. Louis",25,27,198
57,1,39,23,Oh,Clark,25,25,91
57,1,48,423,Tx,Smith,25,44,749
57,1,17,201,Il,Winnebago,25,46,737
57,1,53,5,Wa,Benton,25,51,959
57,1,35,28,NM,"Los Alamos",25,32,490
57,1,12,15,Fl,Charlotte,25,50,2434
57,1,13,45,Ga,Carroll,25,29,53
57,1,34,19,NJ,Hunterdon,25,58,2164
57,1,6,95,Ca,Solano,25,51,491
57,1,12,85,Fl,Martin,24,43,2526
57,1,50,3,Vt,Bennington,24,30,905
57,1,51,165,Va,Rockingham,24,32,289
57,1,12,111,Fl,"St. Lucie",24,26,282
57,1,49,11,Ut,Davis,24,38,318
57,1,50,23,Vt,Washington,24,44,1199
57,1,20,103,Ks,Leavenworth,24,31,160
57,1,6,7,Ca,Butte,24,27,144
57,1,39,99,Oh,Mahoning,24,32,909
57,1,51,600,Va,"Fairfax city",24,53,1476
57,1,26,145,Mi,Saginaw,24,42,1266
57,1,12,87,Fl,Monroe,23,34,760
57,1,13,31,Ga,Bulloch,23,23,82
57,1,18,163,In,Vanderburgh,23,30,399
57,1,34,29,NJ,Ocean,23,37,1044
57,1,45,83,SC,Spartanburg,23,41,1264
57,1,19,17,Ia,Bremer,22,23,123
57,1,8,1,Co,Adams,22,37,475
57,1,12,91,Fl,Okaloosa,22,45,859
57,1,53,35,Wa,Kitsap,22,46,876
57,1,9,11,Ct,"New London",22,38,940
57,1,16,55,Id,Kootenai,21,31,1082
57,1,5,7,Ar,Benton,21,25,327
57,1,1,3,Al,Baldwin,21,34,561
57,1,48,187,Tx,Guadalupe,21,23,79
57,1,50,25,Vt,Windham,21,27,516
57,1,42,11,Pa,Berks,21,38,1465
57,1,27,103,Mn,Nicollet,21,21,62
57,1,55,89,Wi,Ozaukee,21,44,1086
57,1,20,51,Ks,Ellis,21,22,84
57,1,42,69,Pa,Lackawanna,21,27,151
57,1,55,9,Wi,Brown,21,22,207
57,1,19,61,Ia,Dubuque,21,23,213
57,1,6,25,Ca,Imperial,20,42,514
57,1,42,133,Pa,York,20,43,893
57,1,26,73,Mi,Isabella,20,26,215
57,1,22,17,La,Caddo,20,29,369
57,1,17,111,Il,McHenry,20,37,1084
57,1,54,11,WV,Cabell,20,26,218
57,1,37,189,NC,Watauga,20,24,130
57,1,47,149,Tn,Rutherford,20,23,197
57,1,41,71,Or,Yamhill,20,31,162
57,1,48,39,Tx,Brazoria,20,38,1292
57,1,48,491,Tx,Williamson,20,50,2193
57,1,35,53,NM,Socorro,19,23,103
57,1,16,5,Id,Bannock,19,20,104
57,1,51,750,Va,"Radford city",19,19,53
57,1,42,41,Pa,Cumberland,19,42,1369
57,1,40,31,Ok,Comanche,19,43,847
57,1,26,25,Mi,Calhoun,19,30,1108
57,1,36,63,NY,Niagara,19,48,960
57,1,46,99,SD,Minnehaha,19,31,377
57,1,23,3,Me,Aroostook,19,33,544
57,1,18,53,In,Grant,19,26,73
57,1,22,103,La,"St. Tammany",19,58,3334
57,1,12,109,Fl,"St. Johns",19,32,511
57,1,6,61,Ca,Placer,19,33,656
57,1,13,113,Ga,Fayette,19,51,1386
57,1,55,97,Wi,Portage,18,18,30
57,1,27,131,Mn,Rice,18,23,224
57,1,17,197,Il,Will,18,52,1627
57,1,12,101,Fl,Pasco,18,28,362
57,1,53,67,Wa,Thurston,18,30,457
57,1,51,107,Va,Loudoun,18,41,1489
57,1,36,53,NY,Madison,18,27,425
57,1,17,161,Il,"Rock Island",18,26,699
57,1,51,610,Va,"Falls Church city",18,25,249
57,1,44,5,RI,Newport,18,29,456
57,1,51,69,Va,Frederick,18,24,265
57,1,8,35,Co,Douglas,18,29,1520
57,1,47,125,Tn,Montgomery,17,32,260
57,1,39,85,Oh,Lake,17,38,815
57,1,13,215,Ga,Muscogee,17,37,444
57,1,34,15,NJ,Gloucester,17,23,163
57,1,26,5,Mi,Allegan,17,17,162
57,1,37,51,NC,Cumberland,17,35,268
57,1,13,139,Ga,Hall,17,20,293
57,1,42,119,Pa,Union,17,21,171
57,1,12,61,Fl,"Indian River",17,25,320
57,1,51,153,Va,"Prince William",17,29,706
57,1,51,550,Va,"Chesapeake city",17,27,420
57,1,48,329,Tx,Midland,17,38,2386
57,1,55,105,Wi,Rock,17,20,336
57,1,51,660,Va,"Harrisonburg city",17,17,46
57,1,53,9,Wa,Clallam,17,40,462
57,1,42,31,Pa,Clarion,17,17,9
57,1,12,69,Fl,Lake,17,43,1448
57,1,42,89,Pa,Monroe,16,23,129
57,1,22,19,La,Calcasieu,16,29,653
57,1,55,101,Wi,Racine,16,33,1616
57,1,9,5,Ct,Litchfield,16,43,1253
57,1,1,101,Al,Montgomery,16,35,609
57,1,54,55,WV,Mercer,16,16,6
57,1,18,107,In,Montgomery,16,19,142
57,1,6,55,Ca,Napa,16,36,397
57,1,18,89,In,Lake,16,30,133
57,1,6,79,Ca,"San Luis Obispo",15,24,260
57,1,23,11,Me,Kennebec,15,16,215
57,1,30,49,Mt,"Lewis and Clark",15,20,340
57,1,50,5,Vt,Caledonia,15,15,47
57,1,37,99,NC,Jackson,15,15,44
57,1,27,9,Mn,Benton,15,15,34
57,1,36,19,NY,Clinton,15,30,451
57,1,19,53,Ia,Decatur,15,15,69
57,1,27,27,Mn,Clay,15,16,78
57,1,36,93,NY,Schenectady,15,26,972
57,1,23,29,Me,Washington,15,31,129
57,1,54,49,WV,Marion,15,15,46
57,1,26,37,Mi,Clinton,15,20,182
57,1,55,93,Wi,Pierce,15,15,47
57,1,18,127,In,Porter,15,21,196
57,1,51,199,Va,York,15,33,368
57,1,27,3,Mn,Anoka,14,22,585
57,1,51,840,Va,"Winchester city",14,16,152
57,1,36,79,NY,Putnam,14,17,701
57,1,38,93,ND,Stutsman,14,15,57
57,1,53,37,Wa,Kittitas,14,17,17
57,1,18,69,In,Huntington,14,14,73
57,1,4,25,Az,Yavapai,14,33,1163
57,1,4,27,Az,Yuma,14,28,527
57,1,45,13,SC,Beaufort,14,29,2342
57,1,55,35,Wi,"Eau Claire",14,19,157
57,1,44,3,RI,Kent,14,23,1060
57,1,6,57,Ca,Nevada,14,33,537
57,1,41,61,Or,Union,14,14,14
57,1,42,125,Pa,Washington,14,23,131
57,1,47,187,Tn,Williamson,14,35,1313
57,1,42,1,Pa,Adams,14,16,122
57,1,21,113,Ky,Jessamine,13,15,82
57,1,40,147,Ok,Washington,13,40,2705
57,1,41,17,Or,Deschutes,13,26,204
57,1,36,91,NY,Saratoga,13,31,808
57,1,17,187,Il,Warren,13,13,25
57,1,51,700,Va,"Newport News city",13,27,258
57,1,48,183,Tx,Gregg,13,18,364
57,1,29,47,Mo,Clay,13,21,329
57,1,8,101,Co,Pueblo,13,16,246
57,1,6,17,Ca,"El Dorado",13,23,520
57,1,19,189,Ia,Winnebago,13,13,31
57,1,53,57,Wa,Skagit,13,26,165
57,1,42,129,Pa,Westmoreland,13,21,202
57,1,55,109,Wi,"St. Croix",13,34,1037
57,1,47,163,Tn,Sullivan,13,31,948
57,1,45,73,SC,Oconee,13,17,109
57,1,48,209,Tx,Hays,13,34,1854
57,1,5,71,Ar,Johnson,13,15,72
57,1,36,69,NY,Ontario,13,20,392
57,1,53,77,Wa,Yakima,13,27,342
57,1,26,75,Mi,Jackson,13,39,352
57,1,55,59,Wi,Kenosha,13,24,236
57,1,30,111,Mt,Yellowstone,12,16,118
57,1,39,25,Oh,Clermont,12,17,277
57,1,51,85,Va,Hanover,12,19,134
57,1,48,273,Tx,Kleberg,12,13,202
57,1,36,101,NY,Steuben,12,35,2731
57,1,34,41,NJ,Warren,12,14,1011
57,1,18,177,In,Wayne,12,15,233
57,1,6,23,Ca,Humboldt,12,26,209
57,1,29,183,Mo,"St. Charles",12,20,740
57,1,18,81,In,Johnson,12,17,312
57,1,10,5,De,Sussex,12,17,465
57,1,26,147,Mi,"St. Clair",12,26,362
57,1,36,45,NY,Jefferson,12,20,428
57,1,12,83,Fl,Marion,12,17,247
57,1,13,185,Ga,Lowndes,12,15,139
57,1,22,105,La,Tangipahoa,11,13,271
57,1,30,29,Mt,Flathead,11,25,497
57,1,50,21,Vt,Rutland,11,29,673
57,1,13,247,Ga,Rockdale,11,17,384
57,1,51,650,Va,"Hampton city",11,25,639
57,1,23,31,Me,York,11,18,373
57,1,53,71,Wa,"Walla Walla",11,13,45
57,1,30,93,Mt,"Silver Bow",11,13,34
57,1,22,109,La,Terrebonne,11,19,298
57,1,47,1,Tn,Anderson,11,19,505
57,1,21,93,Ky,Hardin,11,34,221
57,1,48,135,Tx,Ector,11,22,561
57,1,26,45,Mi,Eaton,11,14,444
57,1,31,153,Ne,Sarpy,11,21,458
57,1,39,63,Oh,Hancock,11,13,251
57,1,17,95,Il,Knox,11,13,65
57,1,25,19,Ma,Nantucket,11,14,468
57,1,42,75,Pa,Lebanon,11,22,93
57,1,41,53,Or,Polk,11,21,222
57,1,21,47,Ky,Christian,11,22,223
57,1,39,165,Oh,Warren,10,10,460
57,1,31,177,Ne,Washington,10,14,192
57,1,12,17,Fl,Citrus,10,13,238
57,1,39,103,Oh,Medina,10,18,1405
57,1,18,85,In,Kosciusko,10,22,701
57,1,48,21,Tx,Bastrop,10,17,108
57,1,13,21,Ga,Bibb,10,16,250
57,1,42,81,Pa,Lycoming,10,18,488
57,1,23,9,Me,Hancock,10,14,206
57,1,28,89,Ms,Madison,10,14,269
57,1,18,5,In,Bartholomew,10,24,457
57,1,4,3,Az,Cochise,10,30,335
57,1,34,37,NJ,Sussex,10,18,1239
57,1,12,5,Fl,Bay,10,22,353
57,1,39,55,Oh,Geauga,10,24,1588
57,1,36,77,NY,Otsego,10,10,169
57,1,48,471,Tx,Walker,10,12,2141
57,1,8,123,Co,Weld,10,17,334
57,1,20,177,Ks,Shawnee,10,17,513
57,1,17,183,Il,Vermilion,10,12,363
57,1,51,31,Va,Campbell,10,14,283
57,1,20,111,Ks,Lyon,10,15,34
57,1,37,71,NC,Gaston,10,22,456
57,1,54,39,WV,Kanawha,10,19,833
57,1,42,39,Pa,Crawford,10,13,221
57,1,18,95,In,Madison,10,14,83
57,1,18,133,In,Putnam,10,14,127
57,1,63,11,XX,"Region 1: Northeast",322,552,9886
57,1,63,12,XX,"Region 2: Midwest",951,1678,28319
57,1,63,13,XX,"Region 3: South",1293,2463,59540
57,1,63,14,XX,"Region 4: West",499,990,16546
57,1,63,50,FR,"County Non-Migrant",159777,325439,7829650
57,3,0,1,FR,"Foreign / Puerto Rico (Total Migrant)",2571,6708,66678
57,3,57,5,FR,"APO / FPO Zip Code",186,543,4238
57,3,12,25,Fl,Dade,163,370,5839
57,3,12,95,Fl,Orange,92,239,3104
57,3,12,11,Fl,Broward,56,155,1750
57,3,36,5,NY,Bronx,51,111,733
57,3,12,57,Fl,Hillsborough,47,138,862
57,3,36,47,NY,Kings,44,123,589
57,3,36,61,NY,"New York",44,91,1289
57,3,12,97,Fl,Osceola,39,114,668
57,3,17,31,Il,Cook,39,101,850
57,3,12,31,Fl,Duval,37,113,912
57,3,12,117,Fl,Seminole,34,93,714
57,3,57,1,FR,"Foreign / Overseas",29,60,746
57,3,36,81,NY,Queens,28,68,444
57,3,12,99,Fl,"Palm Beach",26,61,788
57,3,36,103,NY,Suffolk,25,66,356
57,3,37,51,NC,Cumberland,24,57,416
57,3,48,27,Tx,Bell,24,59,306
57,3,9,3,Ct,Hartford,23,60,362
57,3,6,37,Ca,"Los Angeles",22,41,321
57,3,51,59,Va,Fairfax,22,69,1017
57,3,51,810,Va,"Virginia Beach city",21,68,448
57,3,12,103,Fl,Pinellas,21,63,629
57,3,34,1,NJ,Atlantic,20,58,234
57,3,48,141,Tx,"El Paso",20,53,408
57,3,6,73,Ca,"San Diego",19,39,439
57,3,12,127,Fl,Volusia,18,44,318
57,3,24,31,Md,Montgomery,18,47,849
57,3,48,29,Tx,Bexar,17,48,346
57,3,48,201,Tx,Harris,16,34,367
57,3,34,17,NJ,Hudson,15,35,165
57,3,34,31,NJ,Passaic,15,41,220
57,3,9,1,Ct,Fairfield,14,30,682
57,3,34,13,NJ,Essex,14,32,142
57,3,25,17,Ma,Middlesex,14,30,241
57,3,51,710,Va,"Norfolk city",14,35,302
57,3,36,119,NY,Westchester,13,38,337
57,3,4,13,Az,Maricopa,13,38,697
57,3,12,9,Fl,Brevard,13,32,314
57,3,34,23,NJ,Middlesex,13,31,360
57,3,34,11,NJ,Cumberland,12,34,136
57,3,36,59,NY,Nassau,12,28,244
57,3,12,19,Fl,Clay,12,39,502
57,3,12,33,Fl,Escambia,12,39,284
57,3,13,179,Ga,Liberty,12,41,223
57,3,53,53,Wa,Pierce,11,30,275
57,3,42,101,Pa,Philadelphia,11,20,186
57,3,13,215,Ga,Muscogee,11,34,267
57,3,37,183,NC,Wake,11,21,475
57,3,17,97,Il,Lake,10,28,168
57,3,37,133,NC,Onslow,10,24,144
57,3,24,3,Md,"Anne Arundel",10,32,337
57,3,63,30,XX,"Suppress All Flows",1074,2810,29635
57,3,63,50,FR,"County Non-Migrant",68459,122246,606167
57,5,0,1,FR,"APO / FPO Zip Code (Total Migrant)",107257,236762,2539467
57,5,6,73,Ca,"San Diego",4837,8574,91654
57,5,48,27,Tx,Bell,2921,6763,58057
57,5,37,51,NC,Cumberland,2301,5317,50535
57,5,8,41,Co,"El Paso",2121,5430,50622
57,5,15,3,Hi,Honolulu,1854,3679,45820
57,5,48,29,Tx,Bexar,1851,4720,52610
57,5,51,810,Va,"Virginia Beach city",1810,3752,39840
57,5,51,710,Va,"Norfolk city",1565,2742,26299
57,5,57,1,FR,"Foreign / Overseas",1461,3529,46538
57,5,48,141,Tx,"El Paso",1395,3448,31046
57,5,51,59,Va,Fairfax,1317,3712,67207
57,5,53,53,Wa,Pierce,1169,2763,26734
57,5,13,179,Ga,Liberty,1159,2707,21857
57,5,6,37,Ca,"Los Angeles",1119,1947,21883
57,5,12,31,Fl,Duval,1052,2140,21518
57,5,37,133,NC,Onslow,995,1797,17730
57,5,12,91,Fl,Okaloosa,953,2286,23703
57,5,6,71,Ca,"San Bernardino",908,1905,18053
57,5,32,3,Nv,Clark,877,2027,20817
57,5,40,31,Ok,Comanche,877,2215,18349
57,5,24,3,Md,"Anne Arundel",853,2053,26447
57,5,4,13,Az,Maricopa,815,1783,19397
57,5,21,93,Ky,Hardin,795,2062,17802
57,5,4,3,Az,Cochise,774,2012,19931
57,5,20,61,Ks,Geary,765,1794,14542
57,5,22,115,La,Vernon,744,1877,15456
57,5,21,47,Ky,Christian,743,1327,12425
57,5,53,35,Wa,Kitsap,699,1336,13957
57,5,51,700,Va,"Newport News city",684,1615,15467
57,5,47,125,Tn,Montgomery,674,1959,16897
57,5,48,99,Tx,Coryell,650,1915,15116
57,5,11,1,DC,"Wash.,D.C.",646,1445,30998
57,5,24,33,Md,"Prince George's",604,1339,16812
57,5,13,215,Ga,Muscogee,596,1514,13837
57,5,4,19,Az,Pima,567,1379,15452
57,5,17,31,Il,Cook,566,908,9634
57,5,13,245,Ga,Richmond,561,1438,12871
57,5,36,45,NY,Jefferson,552,1341,11693
57,5,6,1,Ca,Alameda,547,995,11448
57,5,6,59,Ca,Orange,546,965,11674
57,5,45,19,SC,Charleston,523,1001,10822
57,5,51,153,Va,"Prince William",513,1457,18607
57,5,6,95,Ca,Solano,510,1110,11482
57,5,28,47,Ms,Harrison,505,1125,10433
57,5,48,201,Tx,Harris,502,918,10360
57,5,51,650,Va,"Hampton city",485,1167,11781
57,5,35,9,NM,Curry,482,1253,10222
57,5,57,7,FR,"Foreign / Virgin Islands",472,1252,11403
57,5,51,13,Va,Arlington,455,788,19735
57,5,12,57,Fl,Hillsborough,443,1058,12051
57,5,40,109,Ok,Oklahoma,441,1093,10138
57,5,12,33,Fl,Escambia,439,1013,12395
57,5,24,31,Md,Montgomery,427,1020,19730
57,5,53,33,Wa,King,402,752,9738
57,5,12,5,Fl,Bay,398,960,10564
57,5,42,101,Pa,Philadelphia,388,636,6216
57,5,29,169,Mo,Pulaski,386,1012,9130
57,5,13,51,Ga,Chatham,386,882,8245
57,5,35,35,NM,Otero,382,1033,9008
57,5,6,111,Ca,Ventura,375,772,8009
57,5,35,1,NM,Bernalillo,373,917,10567
57,5,20,161,Ks,Riley,368,962,8375
57,5,17,163,Il,"St. Clair",361,1034,11130
57,5,6,53,Ca,Monterey,360,846,10241
57,5,12,95,Fl,Orange,359,757,9011
57,5,47,157,Tn,Shelby,354,695,6942
57,5,48,113,Tx,Dallas,345,671,8712
57,5,12,9,Fl,Brevard,345,856,10247
57,5,6,29,Ca,Kern,343,874,7610
57,5,45,85,SC,Sumter,325,847,7847
57,5,45,79,SC,Richland,324,849,8505
57,5,20,103,Ks,Leavenworth,317,1008,12314
57,5,34,5,NJ,Burlington,315,774,8099
57,5,6,65,Ca,Riverside,296,641,6324
57,5,1,45,Al,Dale,293,726,7565
57,5,6,83,Ca,"Santa Barbara",290,733,6560
57,5,6,67,Ca,Sacramento,289,580,6204
57,5,31,153,Ne,Sarpy,289,762,7608
57,5,1,89,Al,Madison,288,762,9352
57,5,17,97,Il,Lake,287,618,6470
57,5,51,550,Va,"Chesapeake city",283,646,7444
57,5,13,153,Ga,Houston,276,714,6411
57,5,13,53,Ga,Chattahoochee,275,613,4806
57,5,25,17,Ma,Middlesex,274,672,7712
57,5,57,3,FR,"Foreign / Puerto Rico",269,755,6201
57,5,49,11,Ut,Davis,268,658,6734
57,5,48,439,Tx,Tarrant,266,592,8382
57,5,24,25,Md,Harford,264,733,6629
57,5,8,5,Co,Arapahoe,263,612,7479
57,5,26,163,Mi,Wayne,262,430,4326
57,5,12,25,Fl,Dade,258,490,6000
57,5,53,29,Wa,Island,257,493,5324
57,5,1,15,Al,Calhoun,250,637,6388
57,5,9,11,Ct,"New London",248,449,5941
57,5,1,101,Al,Montgomery,247,701,8335
57,5,37,49,NC,Craven,246,512,5123
57,5,6,85,Ca,"Santa Clara",244,504,6542
57,5,48,441,Tx,Taylor,244,643,5368
57,5,37,191,NC,Wayne,240,611,5423
57,5,18,97,In,Marion,240,529,6311
57,5,53,63,Wa,Spokane,236,547,5552
57,5,34,25,NJ,Monmouth,232,523,5819
57,5,53,67,Wa,Thurston,231,704,7129
57,5,38,35,ND,"Grand Forks",224,566,4759
57,5,2,20,Ak,"Anchorage Borough",223,629,6552
57,5,5,119,Ar,Pulaski,223,506,5216
57,5,51,199,Va,York,222,574,6720
57,5,13,185,Ga,Lowndes,222,537,4776
57,5,16,39,Id,Elmore,220,611,5251
57,5,45,15,SC,Berkeley,220,520,4621
57,5,12,113,Fl,"Santa Rosa",217,574,6005
57,5,48,355,Tx,Nueces,217,459,5327
57,5,22,15,La,Bossier,213,563,5137
57,5,12,103,Fl,Pinellas,213,398,5743
57,5,6,31,Ca,Kings,212,396,3946
57,5,30,13,Mt,Cascade,210,538,4629
57,5,51,740,Va,"Portsmouth city",210,417,3683
57,5,38,101,ND,Ward,209,597,4540
57,5,12,19,Fl,Clay,208,513,5680
57,5,48,453,Tx,Travis,206,432,6054
57,5,51,510,Va,"Alexandria city",205,379,9158
57,5,12,11,Fl,Broward,202,344,4961
57,5,13,121,Ga,Fulton,202,402,4422
57,5,20,173,Ks,Sedgwick,199,491,4666
57,5,10,1,De,Kent,198,498,4920
57,5,51,149,Va,"Prince George",195,496,4970
57,5,48,485,Tx,Wichita,194,557,5678
57,5,6,47,Ca,Merced,194,475,3895
57,5,56,21,Wy,Laramie,190,434,3912
57,5,6,115,Ca,Yuba,189,501,4350
57,5,39,113,Oh,Montgomery,187,494,5076
57,5,6,75,Ca,"San Francisco",185,373,3891
57,5,39,49,Oh,Franklin,185,352,4044
57,5,45,13,SC,Beaufort,177,392,4057
57,5,22,71,La,Orleans,176,360,3422
57,5,44,5,RI,Newport,176,421,6114
57,5,13,63,Ga,Clayton,175,435,4331
57,5,36,65,NY,Oneida,171,404,3617
57,5,24,27,Md,Howard,170,407,7657
57,5,6,13,Ca,"Contra Costa",167,265,3577
57,5,1,31,Al,Coffee,167,477,5515
57,5,48,451,Tx,"Tom Green",167,420,3767
57,5,39,35,Oh,Cuyahoga,164,297,2848
57,5,29,101,Mo,Johnson,162,434,3837
57,5,28,59,Ms,Jackson,161,399,4244
57,5,35,13,NM,"Dona Ana",159,376,4268
57,5,42,41,Pa,Cumberland,156,432,6516
57,5,36,47,NY,Kings,155,294,2503
57,5,1,97,Al,Mobile,154,294,2679
57,5,13,89,Ga,"De Kalb",153,307,3605
57,5,42,3,Pa,Allegheny,148,262,2909
57,5,13,67,Ga,Cobb,148,334,3873
57,5,4,27,Az,Yuma,144,323,3446
57,5,29,189,Mo,"St. Louis",144,291,3631
57,5,13,73,Ga,Columbia,143,446,4838
57,5,21,111,Ky,Jefferson,140,284,2738
57,5,1,73,Al,Jefferson,137,272,2577
57,5,13,39,Ga,Camden,134,281,2946
57,5,39,57,Oh,Greene,133,345,4255
57,5,53,61,Wa,Snohomish,133,276,3006
57,5,24,37,Md,"St. Mary's",132,323,4044
57,5,12,99,Fl,"Palm Beach",131,216,3523
57,5,26,125,Mi,Oakland,130,233,2674
57,5,24,510,Md,"Baltimore city",130,265,2973
57,5,36,81,NY,Queens,130,216,1858
57,5,23,5,Me,Cumberland,126,253,2756
57,5,8,31,Co,Denver,123,268,2732
57,5,39,61,Oh,Hamilton,122,226,2283
57,5,55,79,Wi,Milwaukee,122,188,2233
57,5,24,17,Md,Charles,121,320,3718
57,5,26,99,Mi,Macomb,117,238,3298
57,5,12,87,Fl,Monroe,113,258,2904
57,5,41,51,Or,Multnomah,112,187,2370
57,5,24,21,Md,Frederick,111,267,3001
57,5,49,35,Ut,"Salt Lake",111,258,2855
57,5,36,29,NY,Erie,110,196,2075
57,5,36,19,NY,Clinton,110,277,2539
57,5,27,53,Mn,Hennepin,109,172,2192
57,5,45,35,SC,Dorchester,109,272,2888
57,5,51,179,Va,Stafford,109,331,4389
57,5,31,55,Ne,Douglas,107,191,2095
57,5,48,303,Tx,Lubbock,106,249,2431
57,5,36,103,NY,Suffolk,105,153,1632
57,5,22,51,La,Jefferson,105,204,2221
57,5,46,103,SD,Pennington,102,251,2353
57,5,22,17,La,Caddo,101,257,2093
57,5,29,95,Mo,Jackson,100,186,1754
57,5,2,90,Ak,"Fairbanks North Star Bor",100,261,2749
57,5,49,57,Ut,Weber,100,272,2545
57,5,24,5,Md,Baltimore,97,187,2890
57,5,12,105,Fl,Polk,95,198,2316
57,5,51,41,Va,Chesterfield,95,250,3518
57,5,10,3,De,"New Castle",95,208,1978
57,5,37,119,NC,Mecklenburg,95,190,2370
57,5,12,127,Fl,Volusia,95,171,2257
57,5,34,7,NJ,Camden,93,145,2046
57,5,8,1,Co,Adams,93,178,1970
57,5,26,103,Mi,Marquette,93,246,1908
57,5,36,71,NY,Orange,93,247,2666
57,5,40,27,Ok,Cleveland,92,253,2473
57,5,24,43,Md,Washington,92,199,1832
57,5,36,61,NY,"New York",91,132,1895
57,5,37,183,NC,Wake,90,192,2547
57,5,40,143,Ok,Tulsa,89,155,1591
57,5,12,117,Fl,Seminole,88,175,2324
57,5,17,43,Il,"Du Page",86,120,1625
57,5,8,59,Co,Jefferson,86,138,1989
57,5,40,65,Ok,Jackson,85,236,1841
57,5,47,37,Tn,Davidson,84,166,1892
57,5,48,409,Tx,"San Patricio",82,177,1774
57,5,6,81,Ca,"San Mateo",82,151,2060
57,5,17,119,Il,Madison,81,187,2047
57,5,6,19,Ca,Fresno,80,146,1539
57,5,36,5,NY,Bronx,79,154,1346
57,5,37,85,NC,Harnett,79,193,1705
57,5,32,1,Nv,Churchill,78,164,1762
57,5,36,59,NY,Nassau,77,148,1583
57,5,37,81,NC,Guilford,77,143,1849
57,5,25,27,Ma,Worcester,76,155,1860
57,5,18,89,In,Lake,76,131,1076
57,5,6,41,Ca,Marin,76,195,2157
57,5,53,11,Wa,Clark,76,145,1737
57,5,13,135,Ga,Gwinnett,75,157,1985
57,5,28,87,Ms,Lowndes,75,215,1999
57,5,48,465,Tx,"Val Verde",74,202,1961
57,5,51,107,Va,Loudoun,73,203,4257
57,5,21,163,Ky,Meade,73,194,1675
57,5,46,93,SD,Meade,72,190,1531
57,5,33,11,NH,Hillsborough,71,145,1984
57,5,22,33,La,"East Baton Rouge",71,133,1294
57,5,35,41,NM,Roosevelt,70,217,1806
57,5,29,510,Mo,"St. Louis city",69,129,1269
57,5,42,91,Pa,Montgomery,69,134,1768
57,5,39,153,Oh,Summit,69,133,1367
57,5,42,55,Pa,Franklin,68,174,2265
57,5,12,73,Fl,Leon,68,131,1574
57,5,41,5,Or,Clackamas,68,121,1528
57,5,39,95,Oh,Lucas,68,117,1391
57,5,17,197,Il,Will,67,105,1353
57,5,32,31,Nv,Washoe,66,143,1965
57,5,36,55,NY,Monroe,66,121,1175
57,5,25,25,Ma,Suffolk,66,125,1580
57,5,36,85,NY,Richmond,65,106,1171
57,5,41,39,Or,Lane,65,116,1375
57,5,48,281,Tx,Lampasas,65,226,1764
57,5,34,13,NJ,Essex,64,123,1149
57,5,48,215,Tx,Hidalgo,64,119,1230
57,5,36,67,NY,Onondaga,63,149,1672
57,5,28,75,Ms,Lauderdale,63,125,1424
57,5,26,49,Mi,Genesee,63,100,1001
57,5,51,61,Va,Fauquier,63,158,2388
57,5,42,45,Pa,Delaware,62,105,1353
57,5,48,61,Tx,Cameron,62,96,920
57,5,13,95,Ga,Dougherty,62,153,1480
57,5,42,133,Pa,York,61,142,1707
57,5,20,91,Ks,Johnson,60,124,1604
57,5,41,67,Or,Washington,60,105,1328
57,5,9,3,Ct,Hartford,60,110,1223
57,5,34,29,NJ,Ocean,60,106,1447
57,5,6,77,Ca,"San Joaquin",59,101,1311
57,5,47,93,Tn,Knox,59,115,1465
57,5,25,21,Ma,Norfolk,58,106,1481
57,5,51,730,Va,"Petersburg city",58,113,1377
57,5,2,16,Ak,"Aleutians West",57,75,1133
57,5,12,1,Fl,Alachua,57,99,1404
57,5,1,1,Al,Autauga,57,176,1914
57,5,6,97,Ca,Sonoma,56,99,1037
57,5,22,103,La,"St. Tammany",56,145,1759
57,5,27,123,Mn,Ramsey,56,101,1191
57,5,16,1,Id,Ada,55,98,1234
57,5,45,63,SC,Lexington,55,103,1471
57,5,45,45,SC,Greenville,55,119,1219
57,5,23,31,Me,York,55,101,1193
57,5,22,11,La,Beauregard,54,175,1819
57,5,23,23,Me,Sagadahoc,54,120,1423
57,5,9,9,Ct,"New Haven",54,88,1198
57,5,51,99,Va,"King George",54,109,1163
57,5,12,81,Fl,Manatee,53,124,1366
57,5,51,760,Va,"Richmond city",53,106,1169
57,5,12,115,Fl,Sarasota,53,121,1941
57,5,42,17,Pa,Bucks,52,88,1321
57,5,26,81,Mi,Kent,52,75,920
57,5,48,245,Tx,Jefferson,52,102,883
57,5,53,73,Wa,Whatcom,52,86,1259
57,5,42,49,Pa,Erie,51,93,968
57,5,9,1,Ct,Fairfield,51,90,1153
57,5,48,121,Tx,Denton,51,116,1636
57,5,48,273,Tx,Kleberg,51,111,1074
57,5,8,13,Co,Boulder,51,91,1107
57,5,6,101,Ca,Sutter,50,100,1234
57,5,42,129,Pa,Westmoreland,50,101,1036
57,5,40,47,Ok,Garfield,50,146,1284
57,5,48,167,Tx,Galveston,50,93,983
57,5,37,93,NC,Hoke,50,149,1065
57,5,8,69,Co,Larimer,50,98,1232
57,5,12,101,Fl,Pasco,50,100,1051
57,5,12,83,Fl,Marion,49,96,1186
57,5,12,71,Fl,Lee,49,81,1141
57,5,48,309,Tx,McLennan,49,118,1090
57,5,37,67,NC,Forsyth,49,89,958
57,5,48,491,Tx,Williamson,49,124,1212
57,5,48,187,Tx,Guadalupe,49,142,1715
57,5,36,91,NY,Saratoga,48,85,1134
57,5,13,29,Ga,Bryan,48,168,1750
57,5,39,151,Oh,Stark,48,93,1008
57,5,27,37,Mn,Dakota,48,102,1636
57,5,34,17,NJ,Hudson,48,96,1129
57,5,6,79,Ca,"San Luis Obispo",47,94,1267
57,5,39,17,Oh,Butler,47,85,1103
57,5,53,77,Wa,Yakima,46,105,971
57,5,29,77,Mo,Greene,46,81,995
57,5,42,71,Pa,Lancaster,46,78,903
57,5,42,43,Pa,Dauphin,46,90,919
57,5,45,51,SC,Horry,46,90,1130
57,5,48,41,Tx,Brazos,45,77,841
57,5,25,5,Ma,Bristol,44,86,963
57,5,47,65,Tn,Hamilton,44,92,817
57,5,18,3,In,Allen,44,75,868
57,5,26,65,Mi,Ingham,44,80,942
57,5,22,55,La,Lafayette,44,55,553
57,5,51,670,Va,"Hopewell city",44,104,1087
57,5,37,125,NC,Moore,43,101,1168
57,5,25,9,Ma,Essex,43,78,916
57,5,21,67,Ky,Fayette,43,75,793
57,5,1,113,Al,Russell,43,126,883
57,5,37,155,NC,Robeson,42,97,1038
57,5,34,39,NJ,Union,42,70,772
57,5,29,183,Mo,"St. Charles",42,93,1521
57,5,55,25,Wi,Dane,41,55,939
57,5,8,101,Co,Pueblo,41,77,878
57,5,25,13,Ma,Hampden,41,82,1017
57,5,39,155,Oh,Trumbull,41,79,749
57,5,28,49,Ms,Hinds,41,95,887
57,5,13,113,Ga,Fayette,41,121,1874
57,5,26,161,Mi,Washtenaw,41,83,1003
57,5,34,3,NJ,Bergen,41,82,867
57,5,19,153,Ia,Polk,41,87,1061
57,5,42,11,Pa,Berks,41,67,1161
57,5,5,69,Ar,Jefferson,40,91,839
57,5,31,109,Ne,Lancaster,40,72,707
57,5,19,163,Ia,Scott,40,80,1105
57,5,26,77,Mi,Kalamazoo,40,57,627
57,5,42,29,Pa,Chester,40,72,1153
57,5,6,61,Ca,Placer,40,92,1195
57,5,6,107,Ca,Tulare,40,70,744
57,5,18,141,In,"St. Joseph",39,84,823
57,5,36,119,NY,Westchester,39,59,732
57,5,51,95,Va,"James City",39,88,1091
57,5,39,93,Oh,Lorain,39,76,782
57,5,48,339,Tx,Montgomery,39,75,1017
57,5,25,23,Ma,Plymouth,38,67,826
57,5,22,79,La,Rapides,38,101,757
57,5,53,57,Wa,Skagit,38,87,984
57,5,41,47,Or,Marion,38,78,846
57,5,17,89,Il,Kane,38,57,729
57,5,12,69,Fl,Lake,38,82,750
57,5,34,23,NJ,Middlesex,38,72,880
57,5,36,89,NY,"St. Lawrence",37,96,817
57,5,13,21,Ga,Bibb,37,80,729
57,5,34,21,NJ,Mercer,37,69,847
57,5,51,800,Va,"Suffolk city",37,69,773
57,5,1,51,Al,Elmore,37,108,1105
57,5,49,49,Ut,Utah,37,99,791
57,5,22,19,La,Calcasieu,36,70,678
57,5,23,9,Me,Hancock,36,84,849
57,5,17,201,Il,Winnebago,36,55,638
57,5,17,161,Il,"Rock Island",36,93,928
57,5,51,177,Va,Spotsylvania,36,105,1369
57,5,20,41,Ks,Dickinson,36,128,836
57,5,48,423,Tx,Smith,35,81,786
57,5,20,177,Ks,Shawnee,35,60,831
57,5,5,131,Ar,Sebastian,35,90,940
57,5,39,99,Oh,Mahoning,35,69,747
57,5,27,3,Mn,Anoka,35,71,622
57,5,48,85,Tx,Collin,35,82,876
57,5,34,27,NJ,Morris,35,72,733
57,5,41,29,Or,Jackson,35,70,921
57,5,48,37,Tx,Bowie,35,92,1453
57,5,15,1,Hi,Hawaii,34,61,902
57,5,37,31,NC,Carteret,34,62,1169
57,5,55,133,Wi,Waukesha,34,65,714
57,5,37,105,NC,Lee,34,95,879
57,5,12,97,Fl,Osceola,34,77,779
57,5,45,83,SC,Spartanburg,34,55,746
57,5,24,13,Md,Carroll,34,91,1638
57,5,37,63,NC,Durham,34,66,886
57,5,48,91,Tx,Comal,34,105,1160
57,5,34,15,NJ,Gloucester,33,75,833
57,5,48,39,Tx,Brazoria,33,63,652
57,5,24,9,Md,Calvert,33,91,1127
57,5,17,19,Il,Champaign,33,67,679
57,5,5,85,Ar,Lonoke,33,95,1144
57,5,37,129,NC,"New Hanover",33,75,835
57,5,6,99,Ca,Stanislaus,32,46,468
57,5,13,151,Ga,Henry,32,80,931
57,5,26,145,Mi,Saginaw,32,49,461
57,5,42,27,Pa,Centre,32,72,901
57,5,4,5,Az,Coconino,32,59,552
57,5,25,1,Ma,Barnstable,32,46,897
57,5,12,109,Fl,"St. Johns",32,78,981
57,5,33,15,NH,Rockingham,32,73,1095
57,5,39,23,Oh,Clark,32,72,719
57,5,44,7,RI,Providence,32,53,568
57,5,51,87,Va,Henrico,32,61,533
57,5,55,59,Wi,Kenosha,32,67,800
57,5,1,69,Al,Houston,32,77,775
57,5,39,89,Oh,Licking,32,57,604
57,5,45,3,SC,Aiken,31,59,737
57,5,4,25,Az,Yavapai,31,71,835
57,5,1,3,Al,Baldwin,31,76,866
57,5,1,125,Al,Tuscaloosa,31,52,426
57,5,30,111,Mt,Yellowstone,31,58,538
57,5,26,121,Mi,Muskegon,31,51,560
57,5,55,9,Wi,Brown,31,61,613
57,5,6,25,Ca,Imperial,31,62,600
57,5,29,99,Mo,Jefferson,31,62,681
57,5,47,149,Tn,Rutherford,31,62,504
57,5,29,47,Mo,Clay,30,58,557
57,5,42,21,Pa,Cambria,30,59,548
57,5,39,85,Oh,Lake,30,51,585
57,5,29,19,Mo,Boone,30,69,652
57,5,12,111,Fl,"St. Lucie",30,49,657
57,5,29,165,Mo,Platte,30,58,1026
57,5,45,75,SC,Orangeburg,30,55,658
57,5,48,479,Tx,Webb,30,68,1207
57,5,42,7,Pa,Beaver,29,64,591
57,5,48,181,Tx,Grayson,29,64,783
57,5,54,39,WV,Kanawha,29,51,508
57,5,37,107,NC,Lenoir,29,56,1279
57,5,13,183,Ga,Long,29,81,493
57,5,26,25,Mi,Calhoun,29,64,718
57,5,29,159,Mo,Pettis,28,73,635
57,5,6,7,Ca,Butte,28,41,356
57,5,37,71,NC,Gaston,28,58,503
57,5,55,101,Wi,Racine,28,58,509
57,5,47,163,Tn,Sullivan,28,45,619
57,5,17,77,Il,Jackson,28,44,580
57,5,18,35,In,Delaware,28,53,606
57,5,12,21,Fl,Collier,28,49,594
57,5,27,137,Mn,"St. Louis",28,54,552
57,5,42,125,Pa,Washington,28,43,483
57,5,22,73,La,Ouachita,27,53,557
57,5,35,43,NM,Sandoval,27,67,643
57,5,6,35,Ca,Lassen,27,59,553
57,5,45,41,SC,Florence,27,51,543
57,5,17,111,Il,McHenry,27,42,521
57,5,8,123,Co,Weld,27,51,606
57,5,13,59,Ga,Clarke,26,51,502
57,5,42,51,Pa,Fayette,26,50,465
57,5,35,45,NM,"San Juan",26,40,380
57,5,42,79,Pa,Luzerne,26,47,547
57,5,19,113,Ia,Linn,26,49,569
57,5,48,329,Tx,Midland,26,44,403
57,5,55,81,Wi,Monroe,26,77,730
57,5,4,21,Az,Pinal,26,54,406
57,5,34,31,NJ,Passaic,26,44,492
57,5,6,23,Ca,Humboldt,26,38,402
57,5,26,115,Mi,Monroe,26,51,432
57,5,17,167,Il,Sangamon,26,51,504
57,5,41,19,Or,Douglas,26,50,584
57,5,51,600,Va,"Fairfax city",25,69,1413
57,5,42,77,Pa,Lehigh,25,48,525
57,5,45,91,SC,York,25,42,441
57,5,39,25,Oh,Clermont,25,42,361
57,5,42,107,Pa,Schuylkill,25,59,666
57,5,23,3,Me,Aroostook,25,55,535
57,5,26,21,Mi,Berrien,25,49,548
57,5,12,53,Fl,Hernando,24,58,726
57,5,18,127,In,Porter,24,50,490
57,5,42,95,Pa,Northampton,24,37,418
57,5,36,1,NY,Albany,24,50,722
57,5,23,19,Me,Penobscot,24,47,515
57,5,36,63,NY,Niagara,24,46,532
57,5,46,99,SD,Minnehaha,24,38,526
57,5,17,113,Il,McLean,24,39,392
57,5,42,89,Pa,Monroe,24,58,667
57,5,41,3,Or,Benton,24,49,604
57,5,42,19,Pa,Butler,23,42,331
57,5,12,17,Fl,Citrus,23,55,709
57,5,9,5,Ct,Litchfield,23,45,465
57,5,37,45,NC,Cleveland,23,38,431
57,5,12,15,Fl,Charlotte,23,40,858
57,5,42,13,Pa,Blair,23,39,490
57,5,16,55,Id,Kootenai,23,45,422
57,5,37,21,NC,Buncombe,23,57,566
57,5,48,469,Tx,Victoria,23,36,377
57,5,18,95,In,Madison,23,54,404
57,5,18,57,In,Hamilton,23,48,781
57,5,23,1,Me,Androscoggin,23,52,557
57,5,39,45,Oh,Fairfield,23,45,445
57,5,6,89,Ca,Shasta,23,39,369
57,5,45,43,SC,Georgetown,23,44,379
57,5,48,209,Tx,Hays,23,43,760
57,5,37,101,NC,Johnston,23,42,422
57,5,16,19,Id,Bonneville,23,56,593
57,5,5,143,Ar,Washington,23,41,533
57,5,36,7,NY,Broome,23,45,504
57,5,48,157,Tx,"Fort Bend",22,40,431
57,5,42,85,Pa,Mercer,22,44,460
57,5,18,157,In,Tippecanoe,22,44,477
57,5,51,540,Va,"Charlottesville city",22,73,855
57,5,49,45,Ut,Tooele,22,59,870
57,5,41,59,Or,Umatilla,22,44,553
57,5,42,69,Pa,Lackawanna,22,40,435
57,5,8,35,Co,Douglas,22,50,1055
57,5,48,7,Tx,Aransas,22,39,398
57,5,39,29,Oh,Columbiana,22,42,355
57,5,37,139,NC,Pasquotank,21,65,478
57,5,26,139,Mi,Ottawa,21,28,351
57,5,4,15,Az,Mohave,21,36,419
57,5,48,381,Tx,Randall,21,30,400
57,5,10,5,De,Sussex,21,39,871
57,5,48,375,Tx,Potter,21,57,393
57,5,44,9,RI,Washington,21,47,582
57,5,35,61,NM,Valencia,21,36,460
57,5,39,173,Oh,Wood,21,33,315
57,5,18,163,In,Vanderburgh,21,39,421
57,5,37,1,NC,Alamance,21,41,486
57,5,25,15,Ma,Hampshire,21,39,368
57,5,36,49,NY,Lewis,20,55,420
57,5,28,89,Ms,Madison,20,38,459
57,5,18,167,In,Vigo,20,41,340
57,5,41,43,Or,Linn,20,35,472
57,5,6,87,Ca,"Santa Cruz",20,31,490
57,5,51,570,Va,"Colonial Heights city",20,45,492
57,5,37,147,NC,Pitt,20,39,558
57,5,28,35,Ms,Forrest,20,39,344
57,5,37,135,NC,Orange,20,31,518
57,5,53,27,Wa,"Grays Harbor",20,39,440
57,5,13,247,Ga,Rockdale,20,50,449
57,5,42,75,Pa,Lebanon,19,44,460
57,5,5,51,Ar,Garland,19,43,622
57,5,39,133,Oh,Portage,19,40,346
57,5,48,251,Tx,Johnson,19,36,495
57,5,17,143,Il,Peoria,19,33,307
57,5,54,11,WV,Cabell,19,30,273
57,5,42,39,Pa,Crawford,19,37,361
57,5,36,101,NY,Steuben,19,36,406
57,5,45,7,SC,Anderson,19,42,380
57,5,26,17,Mi,Bay,19,36,356
57,5,26,155,Mi,Shiawassee,19,31,279
57,5,18,67,In,Howard,19,39,346
57,5,42,97,Pa,Northumberland,19,39,364
57,5,56,25,Wy,Natrona,19,25,233
57,5,21,117,Ky,Kenton,19,36,357
57,5,18,19,In,Clark,19,39,449
57,5,8,77,Co,Mesa,19,27,521
57,5,6,113,Ca,Yolo,19,34,512
57,5,27,145,Mn,Stearns,19,30,317
57,5,48,183,Tx,Gregg,19,34,327
57,5,1,103,Al,Morgan,19,38,439
57,5,39,7,Oh,Ashtabula,19,31,301
57,5,12,107,Fl,Putnam,19,40,340
57,5,48,367,Tx,Parker,19,41,1132
57,5,34,9,NJ,"Cape May",19,34,419
57,5,50,7,Vt,Chittenden,19,33,388
57,5,36,109,NY,Tompkins,19,39,513
57,5,26,147,Mi,"St. Clair",19,28,341
57,5,19,103,Ia,Johnson,18,36,272
57,5,51,830,Va,"Williamsburg city",18,55,777
57,5,35,31,NM,McKinley,18,35,286
57,5,21,59,Ky,Daviess,18,36,401
57,5,22,99,La,"St. Martin",18,28,313
57,5,55,139,Wi,Winnebago,18,27,316
57,5,36,75,NY,Oswego,18,31,422
57,5,45,77,SC,Pickens,18,52,411
57,5,41,53,Or,Polk,18,24,343
57,5,26,87,Mi,Lapeer,18,34,292
57,5,47,179,Tn,Washington,18,36,335
57,5,48,471,Tx,Walker,18,29,326
57,5,30,63,Mt,Missoula,18,29,377
57,5,20,45,Ks,Douglas,18,51,633
57,5,53,9,Wa,Clallam,18,35,498
57,5,5,7,Ar,Benton,18,32,412
57,5,26,55,Mi,"Grand Traverse",18,27,354
57,5,13,217,Ga,Newton,18,36,342
57,5,51,3,Va,Albemarle,18,37,718
57,5,35,5,NM,Chaves,18,39,369
57,5,39,3,Oh,Allen,18,26,322
57,5,17,179,Il,Tazewell,18,37,322
57,5,33,13,NH,Merrimack,18,34,476
57,5,18,91,In,"La Porte",17,28,272
57,5,4,17,Az,Navajo,17,25,255
57,5,26,93,Mi,Livingston,17,34,237
57,5,13,97,Ga,Douglas,17,33,470
57,5,45,47,SC,Greenwood,17,41,384
57,5,1,81,Al,Lee,17,41,481
57,5,13,19,Ga,Berrien,17,41,316
57,5,55,63,Wi,"La Crosse",17,29,398
57,5,18,39,In,Elkhart,17,28,303
57,5,47,113,Tn,Madison,17,29,210
57,5,12,61,Fl,"Indian River",17,26,275
57,5,48,361,Tx,Orange,17,35,337
57,5,37,157,NC,Rockingham,17,26,278
57,5,38,17,ND,Cass,17,28,354
57,5,12,23,Fl,Columbia,17,41,388
57,5,51,683,Va,"Manassas city",17,44,840
57,5,24,45,Md,Wicomico,17,31,422
57,5,12,89,Fl,Nassau,17,43,512
57,5,12,85,Fl,Martin,16,32,253
57,5,41,17,Or,Deschutes,16,29,344
57,5,20,209,Ks,Wyandotte,16,32,392
57,5,47,63,Tn,Hamblen,16,37,390
57,5,16,27,Id,Canyon,16,30,377
57,5,55,105,Wi,Rock,16,26,293
57,5,36,83,NY,Rensselaer,16,29,239
57,5,17,183,Il,Vermilion,16,26,237
57,5,17,117,Il,Macoupin,16,27,322
57,5,54,71,WV,Pendleton,16,39,366
57,5,12,63,Fl,Jackson,16,35,426
57,5,18,81,In,Johnson,16,27,320
57,5,27,163,Mn,Washington,16,28,383
57,5,39,119,Oh,Muskingum,16,35,286
57,5,9,13,Ct,Tolland,16,36,552
57,5,41,71,Or,Yamhill,16,26,422
57,5,2,60,Ak,"Bristol Bay Borough",16,22,343
57,5,20,27,Ks,Clay,16,57,315
57,5,36,15,NY,Chemung,16,40,429
57,5,13,267,Ga,Tattnall,16,50,344
57,5,45,89,SC,Williamsburg,16,27,300
57,5,45,27,SC,Clarendon,16,35,335
57,5,23,29,Me,Washington,16,44,331
57,5,30,31,Mt,Gallatin,16,36,385
57,5,5,93,Ar,Mississippi,16,34,277
57,5,37,159,NC,Rowan,16,22,347
57,5,1,121,Al,Talladega,16,36,339
57,5,53,45,Wa,Mason,16,42,255
57,5,51,143,Va,Pittsylvania,15,29,266
57,5,26,75,Mi,Jackson,15,31,318
57,5,48,291,Tx,Liberty,15,27,231
57,5,18,105,In,Monroe,15,31,356
57,5,47,187,Tn,Williamson,15,21,328
57,5,55,73,Wi,Marathon,15,27,346
57,5,37,57,NC,Davidson,15,28,246
57,5,56,1,Wy,Albany,15,40,401
57,5,36,13,NY,Chautauqua,15,28,241
57,5,53,5,Wa,Benton,15,25,262
57,5,39,139,Oh,Richland,15,23,231
57,5,48,213,Tx,Henderson,15,21,324
57,5,5,45,Ar,Faulkner,15,22,294
57,5,36,113,NY,Warren,15,27,308
57,5,18,53,In,Grant,15,26,222
57,5,47,9,Tn,Blount,15,29,331
57,5,48,135,Tx,Ector,15,23,191
57,5,48,325,Tx,Medina,15,35,221
57,5,47,167,Tn,Tipton,15,43,331
57,5,34,1,NJ,Atlantic,15,19,222
57,5,20,149,Ks,Pottawatomie,15,42,298
57,5,19,13,Ia,"Black Hawk",15,32,225
57,5,54,81,WV,Raleigh,15,31,273
57,5,39,77,Oh,Huron,15,34,229
57,5,26,45,Mi,Eaton,15,23,246
57,5,37,35,NC,Catawba,15,24,310
57,5,36,87,NY,Rockland,15,28,316
57,5,15,7,Hi,Kauai,15,29,388
57,5,1,77,Al,Lauderdale,15,37,424
57,5,39,145,Oh,Scioto,15,22,207
57,5,21,227,Ky,Warren,15,31,253
57,5,51,47,Va,Culpeper,15,48,688
57,5,39,157,Oh,Tuscarawas,15,22,194
57,5,1,55,Al,Etowah,15,26,240
57,5,6,55,Ca,Napa,15,24,306
57,5,37,163,NC,Sampson,15,18,216
57,5,39,141,Oh,Ross,15,20,276
57,5,30,29,Mt,Flathead,15,25,346
57,5,26,5,Mi,Allegan,15,34,302
57,5,54,61,WV,Monongalia,15,27,315
57,5,19,193,Ia,Woodbury,15,29,256
57,5,40,17,Ok,Canadian,15,38,336
57,5,48,21,Tx,Bastrop,15,31,229
57,5,51,89,Va,Henry,14,29,258
57,5,48,231,Tx,Hunt,14,30,512
57,5,51,770,Va,"Roanoke city",14,29,191
57,5,42,73,Pa,Lawrence,14,19,257
57,5,21,199,Ky,Pulaski,14,25,272
57,5,53,15,Wa,Cowlitz,14,26,225
57,5,48,199,Tx,Hardin,14,23,225
57,5,23,11,Me,Kennebec,14,21,180
57,5,13,255,Ga,Spalding,14,31,212
57,5,29,43,Mo,Christian,14,18,268
57,5,36,69,NY,Ontario,14,21,191
57,5,39,43,Oh,Erie,14,32,298
57,5,36,9,NY,Cattaraugus,14,30,302
57,5,37,25,NC,Cabarrus,14,28,246
57,5,19,61,Ia,Dubuque,14,34,274
57,5,22,105,La,Tangipahoa,14,26,318
57,5,29,97,Mo,Jasper,14,29,301
57,5,51,165,Va,Rockingham,14,24,251
57,5,17,115,Il,Macon,14,23,296
57,5,13,139,Ga,Hall,14,30,239
57,5,22,63,La,Livingston,14,26,244
57,5,36,43,NY,Herkimer,14,29,351
57,5,22,5,La,Ascension,14,24,228
57,5,13,127,Ga,Glynn,14,24,270
57,5,37,17,NC,Bladen,14,44,315
57,5,36,93,NY,Schenectady,14,29,442
57,5,27,171,Mn,Wright,14,33,339
57,5,13,117,Ga,Forsyth,14,25,353
57,5,35,49,NM,"Santa Fe",14,21,249
57,5,39,81,Oh,Jefferson,14,31,236
57,5,44,3,RI,Kent,14,20,297
57,5,39,103,Oh,Medina,14,23,260
57,5,18,177,In,Wayne,14,36,330
57,5,1,95,Al,Marshall,14,32,343
57,5,51,630,Va,"Fredericksburg city",14,36,553
57,5,34,37,NJ,Sussex,14,26,314
57,5,51,73,Va,Gloucester,13,28,319
57,5,22,119,La,Webster,13,25,206
57,5,51,185,Va,Tazewell,13,29,230
57,5,19,155,Ia,Pottawattamie,13,24,216
57,5,28,121,Ms,Rankin,13,26,307
57,5,51,15,Va,Augusta,13,24,259
57,5,13,261,Ga,Sumter,13,25,269
57,5,13,103,Ga,Effingham,13,40,276
57,5,54,49,WV,Marion,13,30,303
57,5,5,31,Ar,Craighead,13,25,238
57,5,51,93,Va,"Isle of Wight",13,31,428
57,5,51,610,Va,"Falls Church city",13,23,808
57,5,40,125,Ok,Pottawatomie,13,21,245
57,5,37,141,NC,Pender,13,20,208
57,5,55,117,Wi,Sheboygan,13,20,226
57,5,55,87,Wi,Outagamie,13,20,192
57,5,42,63,Pa,Indiana,13,18,273
57,5,54,107,WV,Wood,13,25,259
57,5,22,45,La,Iberia,13,39,289
57,5,42,5,Pa,Armstrong,13,28,237
57,5,36,111,NY,Ulster,13,22,351
57,5,48,5,Tx,Angelina,13,22,313
57,5,34,11,NJ,Cumberland,13,15,219
57,5,29,215,Mo,Texas,13,25,313
57,5,45,73,SC,Oconee,13,21,232
57,5,17,199,Il,Williamson,13,20,207
57,5,42,9,Pa,Bedford,13,27,265
57,5,42,33,Pa,Clearfield,13,31,300
57,5,53,65,Wa,Stevens,13,21,233
57,5,21,151,Ky,Madison,13,34,289
57,5,42,81,Pa,Lycoming,13,23,578
57,5,1,43,Al,Cullman,13,30,345
57,5,16,57,Id,Latah,13,31,337
57,5,45,67,SC,Marion,13,26,187
57,5,24,1,Md,Allegany,13,24,201
57,5,51,1,Va,Accomack,13,29,312
57,5,50,23,Vt,Washington,13,29,314
57,5,33,19,NH,Sullivan,12,21,234
57,5,26,123,Mi,Newaygo,12,21,196
57,5,37,127,NC,Nash,12,19,166
57,5,40,135,Ok,Sequoyah,12,21,201
57,5,47,11,Tn,Bradley,12,32,453
57,5,42,1,Pa,Adams,12,30,374
57,5,6,45,Ca,Mendocino,12,25,192
57,5,37,61,NC,Duplin,12,25,301
57,5,29,37,Mo,Cass,12,26,292
57,5,27,109,Mn,Olmsted,12,18,282
57,5,40,79,Ok,"Le Flore",12,30,201
57,5,40,119,Ok,Payne,12,19,155
57,5,29,83,Mo,Henry,12,32,252
57,5,47,19,Tn,Carter,12,26,293
57,5,27,119,Mn,Polk,12,19,254
57,5,55,127,Wi,Walworth,12,27,253
57,5,42,37,Pa,Columbia,12,16,193
57,5,42,15,Pa,Bradford,12,19,168
57,5,39,109,Oh,Miami,12,23,213
57,5,29,29,Mo,Camden,12,31,270
57,5,37,97,NC,Iredell,12,23,298
57,5,22,109,La,Terrebonne,12,16,185
57,5,21,13,Ky,Bell,12,22,170
57,5,22,97,La,"St. Landry",12,29,291
57,5,55,27,Wi,Dodge,12,18,197
57,5,37,151,NC,Randolph,12,27,226
57,5,37,53,NC,Currituck,12,32,360
57,5,47,165,Tn,Sumner,12,19,218
57,5,40,131,Ok,Rogers,12,24,249
57,5,33,9,NH,Grafton,12,26,477
57,5,48,139,Tx,Ellis,12,22,224
57,5,42,115,Pa,Susquehanna,12,23,232
57,5,39,83,Oh,Knox,12,25,273
57,5,29,71,Mo,Franklin,12,28,335
57,5,45,21,SC,Cherokee,12,23,222
57,5,19,169,Ia,Story,12,19,180
57,5,36,3,NY,Allegany,12,23,225
57,5,36,53,NY,Madison,12,24,359
57,5,54,3,WV,Berkeley,12,35,351
57,5,50,27,Vt,Windsor,12,19,191
57,5,13,57,Ga,Cherokee,12,32,354
57,5,12,45,Fl,Gulf,12,26,330
57,5,36,31,NY,Essex,12,17,212
57,5,55,71,Wi,Manitowoc,12,22,274
57,5,13,9,Ga,Baldwin,12,22,161
57,5,39,169,Oh,Wayne,12,17,195
57,5,17,27,Il,Clinton,12,35,291
57,5,9,7,Ct,Middlesex,12,15,198
57,5,9,15,Ct,Windham,12,29,278
57,5,39,41,Oh,Delaware,12,23,238
57,5,16,5,Id,Bannock,12,16,232
57,5,55,141,Wi,Wood,12,28,231
57,5,17,37,Il,"De Kalb",12,22,247
57,5,1,117,Al,Shelby,12,21,272
57,5,51,680,Va,"Lynchburg city",12,27,239
57,5,51,135,Va,Nottoway,12,30,235
57,5,22,1,La,Acadia,12,24,180
57,5,18,59,In,Hancock,12,26,227
57,5,48,467,Tx,"Van Zandt",12,20,176
57,5,15,9,Hi,Maui,12,18,317
57,5,39,165,Oh,Warren,11,28,326
57,5,36,77,NY,Otsego,11,15,215
57,5,1,87,Al,Macon,11,15,157
57,5,17,91,Il,Kankakee,11,18,157
57,5,37,13,NC,Beaufort,11,17,182
57,5,1,47,Al,Dallas,11,20,149
57,5,21,37,Ky,Campbell,11,14,200
57,5,22,101,La,"St. Mary",11,17,245
57,5,48,259,Tx,Kendall,11,29,385
57,5,39,147,Oh,Seneca,11,13,191
57,5,45,55,SC,Kershaw,11,24,255
57,5,36,39,NY,Greene,11,19,133
57,5,27,13,Mn,"Blue Earth",11,25,240
57,5,6,17,Ca,"El Dorado",11,25,298
57,5,45,69,SC,Marlboro,11,22,212
57,5,34,35,NJ,Somerset,11,24,411
57,5,39,13,Oh,Belmont,11,20,149
57,5,50,21,Vt,Rutland,11,16,249
57,5,31,157,Ne,"Scotts Bluff",11,29,231
57,5,22,57,La,Lafourche,11,28,178
57,5,21,73,Ky,Franklin,11,21,210
57,5,28,67,Ms,Jones,11,20,193
57,5,6,39,Ca,Madera,11,16,180
57,5,13,285,Ga,Troup,11,23,190
57,5,42,117,Pa,Tioga,11,18,190
57,5,28,151,Ms,Washington,11,16,159
57,5,41,33,Or,Josephine,11,19,248
57,5,28,149,Ms,Warren,11,28,288
57,5,27,139,Mn,Scott,11,17,195
57,5,40,37,Ok,Creek,11,20,143
57,5,33,17,NH,Strafford,11,19,310
57,5,23,25,Me,Somerset,11,22,193
57,5,51,69,Va,Frederick,11,22,281
57,5,47,147,Tn,Robertson,11,20,213
57,5,16,83,Id,"Twin Falls",11,15,242
57,5,47,31,Tn,Coffee,11,25,317
57,5,47,107,Tn,McMinn,11,24,275
57,5,4,1,Az,Apache,11,17,272
57,5,13,15,Ga,Bartow,11,16,209
57,5,54,37,WV,Jefferson,11,27,399
57,5,20,155,Ks,Reno,11,20,181
57,5,41,35,Or,Klamath,11,23,187
57,5,55,17,Wi,Chippewa,11,23,271
57,5,37,55,NC,Dare,11,14,168
57,5,1,115,Al,"St. Clair",11,22,286
57,5,18,65,In,Henry,11,23,161
57,5,29,145,Mo,Newton,11,16,220
57,5,28,81,Ms,Lee,11,21,320
57,5,26,157,Mi,Tuscola,11,20,219
57,5,18,5,In,Bartholomew,11,27,271
57,5,48,53,Tx,Burnet,11,26,303
57,5,29,161,Mo,Phelps,11,31,380
57,5,48,497,Tx,Wise,11,17,213
57,5,55,35,Wi,"Eau Claire",11,22,184
57,5,13,137,Ga,Habersham,10,17,164
57,5,13,205,Ga,Mitchell,10,24,192
57,5,54,55,WV,Mercer,10,15,200
57,5,47,119,Tn,Maury,10,14,176
57,5,12,39,Fl,Gadsden,10,17,188
57,5,54,51,WV,Marshall,10,24,127
57,5,26,61,Mi,Houghton,10,21,231
57,5,13,295,Ga,Walker,10,21,202
57,5,28,93,Ms,Marshall,10,18,122
57,5,51,67,Va,Franklin,10,12,193
57,5,50,11,Vt,Franklin,10,13,196
57,5,40,137,Ok,Stephens,10,18,211
57,5,13,299,Ga,Ware,10,17,173
57,5,18,43,In,Floyd,10,18,141
57,5,13,313,Ga,Whitfield,10,21,220
57,5,48,347,Tx,Nacogdoches,10,16,129
57,5,28,113,Ms,Pike,10,23,223
57,5,37,195,NC,Wilson,10,20,176
57,5,51,117,Va,Mecklenburg,10,21,278
57,5,21,35,Ky,Calloway,10,23,215
57,5,48,249,Tx,"Jim Wells",10,13,96
57,5,48,49,Tx,Brown,10,13,146
57,5,25,3,Ma,Berkshire,10,25,234
57,5,27,27,Mn,Clay,10,19,217
57,5,37,87,NC,Haywood,10,15,275
57,5,13,77,Ga,Coweta,10,16,194
57,5,17,109,Il,McDonough,10,16,165
57,5,47,79,Tn,Henry,10,25,187
57,5,48,493,Tx,Wilson,10,17,225
57,5,29,201,Mo,Scott,10,15,195
57,5,53,41,Wa,Lewis,10,15,168
57,5,38,15,ND,Burleigh,10,16,156
57,5,26,159,Mi,"Van Buren",10,16,108
57,5,24,15,Md,Cecil,10,29,250
57,5,1,109,Al,Pike,10,20,221
57,5,17,15,Il,Carroll,10,37,453
57,5,16,69,Id,"Nez Perce",10,14,189
57,5,55,109,Wi,"St. Croix",10,13,224
57,5,17,1,Il,Adams,10,19,142
57,5,30,49,Mt,"Lewis and Clark",10,17,159
57,5,18,93,In,Lawrence,10,18,209
57,5,37,23,NC,Burke,10,14,144
57,5,17,99,Il,"La Salle",10,16,122
57,5,36,117,NY,Wayne,10,17,184
57,5,8,43,Co,Fremont,10,19,240
57,5,54,33,WV,Harrison,10,26,261
57,5,51,735,Va,"Poquoson city",10,25,366
57,5,28,1,Ms,Adams,10,21,122
57,5,51,161,Va,Roanoke,10,16,184
57,5,19,33,Ia,"Cerro Gordo",10,23,202
57,5,8,119,Co,Teller,10,24,572
57,5,40,121,Ok,Pittsburg,10,24,215
57,5,17,195,Il,Whiteside,10,16,182
57,5,18,109,In,Morgan,10,23,159
57,5,18,63,In,Hendricks,10,22,177
57,5,29,51,Mo,Cole,10,24,289
57,5,37,181,NC,Vance,10,19,212
57,5,37,83,NC,Halifax,10,23,209
57,5,20,15,Ks,Butler,10,19,162
57,5,37,179,NC,Union,10,17,237
57,5,36,11,NY,Cayuga,10,19,173
57,5,29,127,Mo,Marion,10,23,177
57,5,51,121,Va,Montgomery,10,17,239
57,5,53,75,Wa,Whitman,10,24,216
57,5,45,11,SC,Barnwell,10,12,150
57,5,63,11,XX,"Region 1: Northeast",372,712,7980
57,5,63,12,XX,"Region 2: Midwest",2225,4214,42552
57,5,63,13,XX,"Region 3: South",3043,6182,60018
57,5,63,14,XX,"Region 4: West",701,1362,15850
57,5,63,50,FR,"County Non-Migrant",158185,392880,4528387
57,7,0,1,FR,"Foreign / Virgin Islands (Total Migrant)",2209,6214,63102
57,7,57,5,FR,"APO / FPO Zip Code",186,490,4797
57,7,6,73,Ca,"San Diego",107,355,2572
57,7,15,3,Hi,Honolulu,99,323,3090
57,7,57,1,FR,"Foreign / Overseas",89,212,2542
57,7,53,35,Wa,Kitsap,54,205,1458
57,7,17,97,Il,Lake,31,113,1071
57,7,48,29,Tx,Bexar,29,103,838
57,7,48,201,Tx,Harris,29,70,1126
57,7,8,41,Co,"El Paso",22,78,659
57,7,6,1,Ca,Alameda,20,65,561
57,7,51,810,Va,"Virginia Beach city",20,62,747
57,7,6,37,Ca,"Los Angeles",20,57,474
57,7,12,25,Fl,Dade,18,34,450
57,7,12,57,Fl,Hillsborough,17,35,355
57,7,12,33,Fl,Escambia,17,47,662
57,7,53,29,Wa,Island,16,68,465
57,7,12,31,Fl,Duval,16,59,517
57,7,12,91,Fl,Okaloosa,16,55,443
57,7,6,111,Ca,Ventura,16,53,423
57,7,32,3,Nv,Clark,16,51,461
57,7,12,95,Fl,Orange,15,36,514
57,7,53,33,Wa,King,15,35,377
57,7,24,33,Md,"Prince George's",14,43,454
57,7,12,11,Fl,Broward,14,21,253
57,7,47,157,Tn,Shelby,13,40,446
57,7,13,153,Ga,Houston,13,50,339
57,7,53,53,Wa,Pierce,13,31,311
57,7,51,59,Va,Fairfax,13,48,558
57,7,4,13,Az,Maricopa,13,35,490
57,7,6,59,Ca,Orange,13,31,942
57,7,6,95,Ca,Solano,12,45,368
57,7,28,47,Ms,Harrison,12,38,296
57,7,6,31,Ca,Kings,12,41,285
57,7,48,355,Tx,Nueces,12,33,388
57,7,40,109,Ok,Oklahoma,11,41,263
57,7,22,15,La,Bossier,10,32,260
57,7,6,65,Ca,Riverside,10,28,318
57,7,63,30,XX,"Suppress All Flows",1156,3051,32529
57,7,63,50,FR,"County Non-Migrant",5563,10509,82675
