"1997-1998 County To County Migration  Inflows",,,,,,Kansas,,
"(Aggregate money amounts in thousands of dollars)",,,,,,,,
,,,,,,,,
"Migration into ",,"Migration from",,,,Number,Number,Aggregate
Kansas,,,,,,of,of,adjusted
State,County,State,County,State,"State totals, county totals,",returns,exemptions,gross
"FIPS Code",,,,,"and county by county detail",,,income
,,,,,,,,
20,000,96,000,KS,"Total Mig - US & For",72589,148337,2383477
20,000,97,000,KS,"Total Mig - US",70494,144470,2342171
20,000,97,001,KS,"Total Mig - US Same St",32928,64673,932435
20,000,97,003,KS,"Total Mig - US Diff St",37566,79797,1409736
20,000,98,000,KS,"Total Mig - Foreign",2095,3867,41306
20,001,96,000,KS,"Allen County Tot Mig-US & For",351,737,8080
20,001,97,000,KS,"Allen County Tot Mig-US",351,737,8080
20,001,97,001,KS,"Allen County Tot Mig-Same St",247,528,5621
20,001,97,003,KS,"Allen County Tot Mig-Diff St",104,209,2460
20,001,20,001,KS,"Allen County Non-Migrants",4690,10949,151219
20,001,20,133,KS,"Neosho County",48,110,982
20,001,20,003,KS,"Anderson County",34,80,857
20,001,20,037,KS,"Crawford County",16,26,296
20,001,20,173,KS,"Sedgwick County",16,26,330
20,001,20,207,KS,"Woodson County",14,29,307
20,001,20,011,KS,"Bourbon County",13,29,356
20,001,58,000,SS,"Other Flows - Same State",106,228,2493
20,001,59,000,DS,"Other Flows - Diff State",104,209,2460
20,003,96,000,KS,"Anderson County Tot Mig-US & For",165,409,4566
20,003,97,000,KS,"Anderson County Tot Mig-US",165,409,4566
20,003,97,001,KS,"Anderson County Tot Mig-Same St",122,286,3420
20,003,97,003,KS,"Anderson County Tot Mig-Diff St",43,123,1147
20,003,20,003,KS,"Anderson County Non-Migrants",2705,6345,84534
20,003,20,059,KS,"Franklin County",30,83,733
20,003,20,001,KS,"Allen County",17,45,426
20,003,20,121,KS,"Miami County",11,18,216
20,003,58,000,SS,"Other Flows - Same State",64,140,2045
20,003,59,000,DS,"Other Flows - Diff State",43,123,1147
20,005,96,000,KS,"Atchison County Tot Mig-US & For",325,732,8728
20,005,97,000,KS,"Atchison County Tot Mig-US",325,732,8728
20,005,97,001,KS,"Atchison County Tot Mig-Same St",158,371,4139
20,005,97,003,KS,"Atchison County Tot Mig-Diff St",167,361,4589
20,005,20,005,KS,"Atchison County Non-Migrants",5510,12951,192542
20,005,29,021,MO,"Buchanan County",36,84,813
20,005,20,103,KS,"Leavenworth County",25,66,860
20,005,20,087,KS,"Jefferson County",18,42,414
20,005,20,043,KS,"Doniphan County",17,40,405
20,005,20,013,KS,"Brown County",12,20,258
20,005,29,095,MO,"Jackson County",11,20,276
20,005,29,165,MO,"Platte County",11,21,284
20,005,58,000,SS,"Other Flows - Same State",86,203,2202
20,005,59,000,DS,"Other Flows - Diff State",109,236,3216
20,007,96,000,KS,"Barber County Tot Mig-US & For",107,209,2931
20,007,97,000,KS,"Barber County Tot Mig-US",107,209,2931
20,007,97,001,KS,"Barber County Tot Mig-Same St",62,121,1396
20,007,97,003,KS,"Barber County Tot Mig-Diff St",45,88,1534
20,007,20,007,KS,"Barber County Non-Migrants",1895,4581,58023
20,007,20,173,KS,"Sedgwick County",11,18,207
20,007,58,000,SS,"Other Flows - Same State",51,103,1189
20,007,59,000,DS,"Other Flows - Diff State",45,88,1534
20,009,96,000,KS,"Barton County Tot Mig-US & For",488,1044,13662
20,009,97,000,KS,"Barton County Tot Mig-US",488,1044,13662
20,009,97,001,KS,"Barton County Tot Mig-Same St",323,665,8806
20,009,97,003,KS,"Barton County Tot Mig-Diff St",165,379,4856
20,009,20,009,KS,"Barton County Non-Migrants",9783,22702,350251
20,009,20,145,KS,"Pawnee County",33,61,717
20,009,20,173,KS,"Sedgwick County",25,45,1102
20,009,20,051,KS,"Ellis County",22,32,925
20,009,20,159,KS,"Rice County",20,45,534
20,009,20,185,KS,"Stafford County",16,42,477
20,009,20,169,KS,"Saline County",14,29,273
20,009,20,057,KS,"Ford County",13,30,459
20,009,20,155,KS,"Reno County",13,28,257
20,009,20,165,KS,"Rush County",13,27,314
20,009,20,091,KS,"Johnson County",12,26,356
20,009,20,167,KS,"Russell County",11,31,218
20,009,58,000,SS,"Other Flows - Same State",131,269,3174
20,009,59,000,DS,"Other Flows - Diff State",165,379,4856
20,011,96,000,KS,"Bourbon County Tot Mig-US & For",333,731,8341
20,011,97,000,KS,"Bourbon County Tot Mig-US",333,731,8341
20,011,97,001,KS,"Bourbon County Tot Mig-Same St",170,368,4133
20,011,97,003,KS,"Bourbon County Tot Mig-Diff St",163,363,4207
20,011,20,011,KS,"Bourbon County Non-Migrants",5115,11863,168172
20,011,20,037,KS,"Crawford County",37,66,887
20,011,20,091,KS,"Johnson County",22,46,592
20,011,20,107,KS,"Linn County",19,36,367
20,011,29,217,MO,"Vernon County",15,38,203
20,011,20,001,KS,"Allen County",12,27,400
20,011,20,209,KS,"Wyandotte County",11,24,335
20,011,29,097,MO,"Jasper County",10,23,267
20,011,58,000,SS,"Other Flows - Same State",69,169,1553
20,011,59,000,DS,"Other Flows - Diff State",138,302,3738
20,013,96,000,KS,"Brown County Tot Mig-US & For",271,565,6787
20,013,97,000,KS,"Brown County Tot Mig-US",271,565,6787
20,013,97,001,KS,"Brown County Tot Mig-Same St",146,321,3974
20,013,97,003,KS,"Brown County Tot Mig-Diff St",125,244,2812
20,013,20,013,KS,"Brown County Non-Migrants",3807,9071,120246
20,013,20,131,KS,"Nemaha County",27,66,823
20,013,20,043,KS,"Doniphan County",20,46,419
20,013,20,085,KS,"Jackson County",15,28,358
20,013,20,177,KS,"Shawnee County",15,30,460
20,013,31,147,NE,"Richardson County",13,22,133
20,013,20,005,KS,"Atchison County",12,21,386
20,013,29,021,MO,"Buchanan County",11,23,254
20,013,58,000,SS,"Other Flows - Same State",57,130,1529
20,013,59,000,DS,"Other Flows - Diff State",101,199,2426
20,015,96,000,KS,"Butler County Tot Mig-US & For",1634,3711,60291
20,015,97,000,KS,"Butler County Tot Mig-US",1618,3674,60009
20,015,97,001,KS,"Butler County Tot Mig-Same St",1146,2559,42851
20,015,97,003,KS,"Butler County Tot Mig-Diff St",472,1115,17158
20,015,98,000,KS,"Butler County Tot Mig-Foreign",16,37,282
20,015,20,015,KS,"Butler County Non-Migrants",18219,45349,831651
20,015,20,173,KS,"Sedgwick County",755,1684,30719
20,015,20,035,KS,"Cowley County",37,98,1057
20,015,20,079,KS,"Harvey County",30,71,984
20,015,20,073,KS,"Greenwood County",29,62,765
20,015,20,191,KS,"Sumner County",24,55,680
20,015,20,169,KS,"Saline County",16,30,548
20,015,20,115,KS,"Marion County",15,30,528
20,015,20,111,KS,"Lyon County",14,26,406
20,015,20,161,KS,"Riley County",13,21,264
20,015,20,091,KS,"Johnson County",12,18,443
20,015,20,177,KS,"Shawnee County",12,24,642
20,015,40,143,OK,"Tulsa County",12,30,337
20,015,04,013,AZ,"Maricopa County",11,20,364
20,015,20,155,KS,"Reno County",11,28,289
20,015,58,000,SS,"Other Flows - Same State",178,412,5526
20,015,59,000,DS,"Other Flows - Diff State",449,1065,16457
20,015,59,001,DS,"Other Flows - Northeast",20,53,985
20,015,59,003,DS,"Other Flows - Midwest",125,303,4609
20,015,59,005,DS,"Other Flows - South",205,491,7765
20,015,59,007,DS,"Other Flows - West",99,218,3098
20,015,57,009,FR,"Foreign - Other flows",16,37,282
20,017,96,000,KS,"Chase County Tot Mig-US & For",90,203,2366
20,017,97,000,KS,"Chase County Tot Mig-US",90,203,2366
20,017,97,001,KS,"Chase County Tot Mig-Same St",67,152,1735
20,017,97,003,KS,"Chase County Tot Mig-Diff St",23,51,631
20,017,20,017,KS,"Chase County Non-Migrants",1040,2330,30836
20,017,20,111,KS,"Lyon County",21,52,567
20,017,58,000,SS,"Other Flows - Same State",46,100,1168
20,017,59,000,DS,"Other Flows - Diff State",23,51,631
20,019,96,000,KS,"Chautauqua Coun Tot Mig-US & For",139,319,3793
20,019,97,000,KS,"Chautauqua Coun Tot Mig-US",139,319,3793
20,019,97,001,KS,"Chautauqua Coun Tot Mig-Same St",76,187,1995
20,019,97,003,KS,"Chautauqua Coun Tot Mig-Diff St",63,132,1798
20,019,20,019,KS,"Chautauqua Coun Non-Migrants",1613,3748,43565
20,019,20,125,KS,"Montgomery County",28,74,697
20,019,20,035,KS,"Cowley County",16,37,379
20,019,58,000,SS,"Other Flows - Same State",32,76,918
20,019,59,000,DS,"Other Flows - Diff State",63,132,1798
20,021,96,000,KS,"Cherokee County Tot Mig-US & For",477,1038,9919
20,021,97,000,KS,"Cherokee County Tot Mig-US",477,1038,9919
20,021,97,001,KS,"Cherokee County Tot Mig-Same St",141,284,2815
20,021,97,003,KS,"Cherokee County Tot Mig-Diff St",336,754,7105
20,021,20,021,KS,"Cherokee County Non-Migrants",7597,17768,232892
20,021,29,097,MO,"Jasper County",96,219,2053
20,021,20,037,KS,"Crawford County",67,137,1256
20,021,40,115,OK,"Ottawa County",31,67,517
20,021,20,099,KS,"Labette County",27,58,626
20,021,29,145,MO,"Newton County",25,51,512
20,021,40,041,OK,"Delaware County",11,19,219
20,021,58,000,SS,"Other Flows - Same State",47,89,933
20,021,59,000,DS,"Other Flows - Diff State",173,398,3803
20,023,96,000,KS,"Cheyenne County Tot Mig-US & For",60,127,1416
20,023,97,000,KS,"Cheyenne County Tot Mig-US",60,127,1416
20,023,97,001,KS,"Cheyenne County Tot Mig-Same St",22,45,517
20,023,97,003,KS,"Cheyenne County Tot Mig-Diff St",38,82,899
20,023,20,023,KS,"Cheyenne County Non-Migrants",1149,2607,34379
20,023,58,000,SS,"Other Flows - Same State",22,45,517
20,023,59,000,DS,"Other Flows - Diff State",38,82,899
20,025,96,000,KS,"Clark County Tot Mig-US & For",61,148,1556
20,025,97,000,KS,"Clark County Tot Mig-US",61,148,1556
20,025,97,001,KS,"Clark County Tot Mig-Same St",39,94,944
20,025,97,003,KS,"Clark County Tot Mig-Diff St",22,54,612
20,025,20,025,KS,"Clark County Non-Migrants",836,1969,28090
20,025,20,057,KS,"Ford County",17,35,445
20,025,58,000,SS,"Other Flows - Same State",22,59,499
20,025,59,000,DS,"Other Flows - Diff State",22,54,612
20,027,96,000,KS,"Clay County Tot Mig-US & For",197,475,5200
20,027,97,000,KS,"Clay County Tot Mig-US",197,475,5200
20,027,97,001,KS,"Clay County Tot Mig-Same St",130,306,3439
20,027,97,003,KS,"Clay County Tot Mig-Diff St",67,169,1761
20,027,20,027,KS,"Clay County Non-Migrants",3367,7949,117107
20,027,20,061,KS,"Geary County",24,65,635
20,027,20,161,KS,"Riley County",17,36,508
20,027,20,029,KS,"Cloud County",14,29,281
20,027,20,041,KS,"Dickinson County",14,33,369
20,027,20,201,KS,"Washington County",10,22,250
20,027,58,000,SS,"Other Flows - Same State",51,121,1396
20,027,59,000,DS,"Other Flows - Diff State",67,169,1761
20,029,96,000,KS,"Cloud County Tot Mig-US & For",213,461,5227
20,029,97,000,KS,"Cloud County Tot Mig-US",213,461,5227
20,029,97,001,KS,"Cloud County Tot Mig-Same St",147,317,3559
20,029,97,003,KS,"Cloud County Tot Mig-Diff St",66,144,1668
20,029,20,029,KS,"Cloud County Non-Migrants",3626,8128,115874
20,029,20,157,KS,"Republic County",20,38,448
20,029,20,169,KS,"Saline County",15,26,251
20,029,20,201,KS,"Washington County",14,31,303
20,029,20,027,KS,"Clay County",10,22,230
20,029,58,000,SS,"Other Flows - Same State",88,200,2327
20,029,59,000,DS,"Other Flows - Diff State",66,144,1668
20,031,96,000,KS,"Coffey County Tot Mig-US & For",215,455,6114
20,031,97,000,KS,"Coffey County Tot Mig-US",215,455,6114
20,031,97,001,KS,"Coffey County Tot Mig-Same St",152,307,4121
20,031,97,003,KS,"Coffey County Tot Mig-Diff St",63,148,1993
20,031,20,031,KS,"Coffey County Non-Migrants",3152,7656,123395
20,031,20,111,KS,"Lyon County",48,97,1436
20,031,20,139,KS,"Osage County",10,24,331
20,031,58,000,SS,"Other Flows - Same State",94,186,2355
20,031,59,000,DS,"Other Flows - Diff State",63,148,1993
20,033,96,000,KS,"Comanche County Tot Mig-US & For",36,78,609
20,033,97,000,KS,"Comanche County Tot Mig-US",36,78,609
20,033,97,001,KS,"Comanche County Tot Mig-Same St",25,51,448
20,033,97,003,KS,"Comanche County Tot Mig-Diff St",11,27,162
20,033,20,033,KS,"Comanche County Non-Migrants",711,1536,19927
20,033,58,000,SS,"Other Flows - Same State",25,51,448
20,033,59,000,DS,"Other Flows - Diff State",11,27,162
20,035,96,000,KS,"Cowley County Tot Mig-US & For",709,1472,18538
20,035,97,000,KS,"Cowley County Tot Mig-US",697,1460,18498
20,035,97,001,KS,"Cowley County Tot Mig-Same St",410,835,10977
20,035,97,003,KS,"Cowley County Tot Mig-Diff St",287,625,7521
20,035,98,000,KS,"Cowley County Tot Mig-Foreign",12,12,40
20,035,20,035,KS,"Cowley County Non-Migrants",11524,27058,431290
20,035,20,173,KS,"Sedgwick County",129,260,3672
20,035,20,191,KS,"Sumner County",78,153,2100
20,035,40,071,OK,"Kay County",45,105,1067
20,035,20,015,KS,"Butler County",37,89,953
20,035,20,155,KS,"Reno County",13,25,258
20,035,20,161,KS,"Riley County",11,16,179
20,035,20,057,KS,"Ford County",10,16,250
20,035,58,000,SS,"Other Flows - Same State",132,276,3564
20,035,59,000,DS,"Other Flows - Diff State",242,520,6454
20,035,57,009,FR,"Foreign - Other flows",12,12,40
20,037,96,000,KS,"Crawford County Tot Mig-US & For",865,1605,19835
20,037,97,000,KS,"Crawford County Tot Mig-US",832,1564,19593
20,037,97,001,KS,"Crawford County Tot Mig-Same St",439,809,9903
20,037,97,003,KS,"Crawford County Tot Mig-Diff St",393,755,9689
20,037,98,000,KS,"Crawford County Tot Mig-Foreign",33,41,242
20,037,20,037,KS,"Crawford County Non-Migrants",11068,24017,365633
20,037,20,021,KS,"Cherokee County",85,185,1815
20,037,20,091,KS,"Johnson County",45,73,1327
20,037,29,097,MO,"Jasper County",37,64,953
20,037,20,011,KS,"Bourbon County",32,69,693
20,037,20,133,KS,"Neosho County",32,54,569
20,037,20,099,KS,"Labette County",31,67,874
20,037,20,125,KS,"Montgomery County",28,48,572
20,037,29,011,MO,"Barton County",27,55,469
20,037,20,173,KS,"Sedgwick County",22,46,459
20,037,20,209,KS,"Wyandotte County",14,17,187
20,037,40,115,OK,"Ottawa County",13,25,274
20,037,29,145,MO,"Newton County",12,17,102
20,037,20,001,KS,"Allen County",11,18,199
20,037,29,217,MO,"Vernon County",11,22,204
20,037,58,000,SS,"Other Flows - Same State",139,232,3209
20,037,59,000,DS,"Other Flows - Diff State",293,572,7686
20,037,57,009,FR,"Foreign - Other flows",33,41,242
20,039,96,000,KS,"Decatur County Tot Mig-US & For",60,139,1415
20,039,97,000,KS,"Decatur County Tot Mig-US",60,139,1415
20,039,97,001,KS,"Decatur County Tot Mig-Same St",28,57,436
20,039,97,003,KS,"Decatur County Tot Mig-Diff St",32,82,979
20,039,20,039,KS,"Decatur County Non-Migrants",1287,2893,38821
20,039,58,000,SS,"Other Flows - Same State",28,57,436
20,039,59,000,DS,"Other Flows - Diff State",32,82,979
20,041,96,000,KS,"Dickinson Count Tot Mig-US & For",493,1095,13192
20,041,97,000,KS,"Dickinson Count Tot Mig-US",493,1095,13192
20,041,97,001,KS,"Dickinson Count Tot Mig-Same St",321,692,8793
20,041,97,003,KS,"Dickinson Count Tot Mig-Diff St",172,403,4399
20,041,20,041,KS,"Dickinson Count Non-Migrants",6736,15582,234876
20,041,20,169,KS,"Saline County",98,220,2528
20,041,20,061,KS,"Geary County",41,102,1244
20,041,20,161,KS,"Riley County",30,55,781
20,041,20,127,KS,"Morris County",14,35,560
20,041,20,173,KS,"Sedgwick County",13,23,306
20,041,20,027,KS,"Clay County",10,16,176
20,041,58,000,SS,"Other Flows - Same State",115,241,3198
20,041,59,000,DS,"Other Flows - Diff State",172,403,4399
20,041,59,001,DS,"Other Flows - Northeast",12,26,190
20,041,59,003,DS,"Other Flows - Midwest",39,87,1022
20,041,59,005,DS,"Other Flows - South",56,138,1538
20,041,59,007,DS,"Other Flows - West",65,152,1648
20,043,96,000,KS,"Doniphan County Tot Mig-US & For",171,387,4075
20,043,97,000,KS,"Doniphan County Tot Mig-US",171,387,4075
20,043,97,001,KS,"Doniphan County Tot Mig-Same St",44,84,1187
20,043,97,003,KS,"Doniphan County Tot Mig-Diff St",127,303,2888
20,043,20,043,KS,"Doniphan County Non-Migrants",2515,5904,78350
20,043,29,021,MO,"Buchanan County",52,118,1135
20,043,20,013,KS,"Brown County",15,36,492
20,043,20,005,KS,"Atchison County",10,22,238
20,043,58,000,SS,"Other Flows - Same State",19,26,457
20,043,59,000,DS,"Other Flows - Diff State",75,185,1753
20,045,96,000,KS,"Douglas County Tot Mig-US & For",3868,6250,107954
20,045,97,000,KS,"Douglas County Tot Mig-US",3590,5927,106581
20,045,97,001,KS,"Douglas County Tot Mig-Same St",1951,3062,52386
20,045,97,003,KS,"Douglas County Tot Mig-Diff St",1639,2865,54195
20,045,98,000,KS,"Douglas County Tot Mig-Foreign",278,323,1373
20,045,20,045,KS,"Douglas County Non-Migrants",28425,59901,1218425
20,045,20,091,KS,"Johnson County",524,767,15400
20,045,20,177,KS,"Shawnee County",345,578,10464
20,045,29,095,MO,"Jackson County",147,224,4081
20,045,20,173,KS,"Sedgwick County",132,195,4011
20,045,20,103,KS,"Leavenworth County",106,167,2444
20,045,20,087,KS,"Jefferson County",100,178,2836
20,045,20,059,KS,"Franklin County",77,131,1888
20,045,20,209,KS,"Wyandotte County",74,134,1914
20,045,20,161,KS,"Riley County",53,87,1305
20,045,17,031,IL,"Cook County",41,60,1843
20,045,20,111,KS,"Lyon County",32,49,682
20,045,12,011,FL,"Broward County",30,69,1992
20,045,06,037,CA,"Los Angeles County",26,33,768
20,045,20,055,KS,"Finney County",26,43,676
20,045,29,047,MO,"Clay County",26,45,929
20,045,20,037,KS,"Crawford County",24,39,628
20,045,20,139,KS,"Osage County",24,32,393
20,045,20,169,KS,"Saline County",23,35,436
20,045,29,189,MO,"St Louis County",22,29,621
20,045,31,109,NE,"Lancaster County",22,53,952
20,045,40,143,OK,"Tulsa County",22,37,469
20,045,20,121,KS,"Miami County",21,32,433
20,045,20,155,KS,"Reno County",19,30,473
20,045,31,055,NE,"Douglas County",19,21,452
20,045,20,035,KS,"Cowley County",18,33,504
20,045,20,051,KS,"Ellis County",18,35,529
20,045,20,015,KS,"Butler County",17,27,445
20,045,29,165,MO,"Platte County",17,31,560
20,045,04,013,AZ,"Maricopa County",16,26,324
20,045,57,005,FR,"Foreign - APO/FPO ZIPs",16,39,503
20,045,20,113,KS,"Mcpherson County",15,17,220
20,045,20,125,KS,"Montgomery County",15,17,243
20,045,20,001,KS,"Allen County",14,27,314
20,045,20,009,KS,"Barton County",14,24,302
20,045,29,037,MO,"Cass County",14,22,371
20,045,29,077,MO,"Greene County",14,22,362
20,045,20,079,KS,"Harvey County",13,18,411
20,045,20,149,KS,"Pottawatomie County",13,37,382
20,045,29,097,MO,"Jasper County",13,21,241
20,045,48,439,TX,"Tarrant County",13,22,449
20,045,53,033,WA,"King County",13,19,264
20,045,20,057,KS,"Ford County",12,17,234
20,045,20,131,KS,"Nemaha County",12,22,269
20,045,40,109,OK,"Oklahoma County",12,15,234
20,045,48,453,TX,"Travis County",12,18,220
20,045,06,073,CA,"San Diego County",11,27,276
20,045,48,201,TX,"Harris County",11,20,536
20,045,06,059,CA,"Orange County",10,19,203
20,045,19,013,IA,"Black Hawk County",10,20,393
20,045,20,061,KS,"Geary County",10,23,337
20,045,29,019,MO,"Boone County",10,15,224
20,045,58,000,SS,"Other Flows - Same State",200,268,4210
20,045,59,000,DS,"Other Flows - Diff State",1108,1997,37431
20,045,59,001,DS,"Other Flows - Northeast",102,182,5941
20,045,59,003,DS,"Other Flows - Midwest",387,665,12324
20,045,59,005,DS,"Other Flows - South",338,628,10750
20,045,59,007,DS,"Other Flows - West",281,522,8416
20,045,57,009,FR,"Foreign - Other flows",262,284,870
20,047,96,000,KS,"Edwards County Tot Mig-US & For",80,202,2298
20,047,97,000,KS,"Edwards County Tot Mig-US",80,202,2298
20,047,97,001,KS,"Edwards County Tot Mig-Same St",48,135,1297
20,047,97,003,KS,"Edwards County Tot Mig-Diff St",32,67,1000
20,047,20,047,KS,"Edwards County Non-Migrants",1240,2754,40392
20,047,58,000,SS,"Other Flows - Same State",48,135,1297
20,047,59,000,DS,"Other Flows - Diff State",32,67,1000
20,049,96,000,KS,"Elk County Tot Mig-US & For",82,182,2646
20,049,97,000,KS,"Elk County Tot Mig-US",82,182,2646
20,049,97,001,KS,"Elk County Tot Mig-Same St",64,140,2104
20,049,97,003,KS,"Elk County Tot Mig-Diff St",18,42,542
20,049,20,049,KS,"Elk County Non-Migrants",903,2051,23241
20,049,20,173,KS,"Sedgwick County",14,32,414
20,049,20,015,KS,"Butler County",10,18,637
20,049,58,000,SS,"Other Flows - Same State",40,90,1052
20,049,59,000,DS,"Other Flows - Diff State",18,42,542
20,051,96,000,KS,"Ellis County Tot Mig-US & For",774,1375,18199
20,051,97,000,KS,"Ellis County Tot Mig-US",756,1354,18138
20,051,97,001,KS,"Ellis County Tot Mig-Same St",540,918,11520
20,051,97,003,KS,"Ellis County Tot Mig-Diff St",216,436,6618
20,051,98,000,KS,"Ellis County Tot Mig-Foreign",18,21,62
20,051,20,051,KS,"Ellis County Non-Migrants",9127,20587,340036
20,051,20,163,KS,"Rooks County",31,61,728
20,051,20,173,KS,"Sedgwick County",29,45,675
20,051,20,009,KS,"Barton County",26,47,724
20,051,20,057,KS,"Ford County",23,35,484
20,051,20,167,KS,"Russell County",23,32,517
20,051,20,195,KS,"Trego County",23,43,428
20,051,20,165,KS,"Rush County",21,43,507
20,051,20,193,KS,"Thomas County",21,35,330
20,051,20,169,KS,"Saline County",20,30,464
20,051,20,065,KS,"Graham County",17,28,456
20,051,20,055,KS,"Finney County",15,24,338
20,051,20,177,KS,"Shawnee County",15,29,274
20,051,20,147,KS,"Phillips County",13,17,158
20,051,20,141,KS,"Osborne County",12,22,230
20,051,20,091,KS,"Johnson County",11,17,347
20,051,20,135,KS,"Ness County",10,12,192
20,051,20,155,KS,"Reno County",10,16,186
20,051,20,181,KS,"Sherman County",10,15,168
20,051,58,000,SS,"Other Flows - Same State",210,367,4314
20,051,59,000,DS,"Other Flows - Diff State",216,436,6618
20,051,57,009,FR,"Foreign - Other flows",18,21,62
20,053,96,000,KS,"Ellsworth Count Tot Mig-US & For",141,267,3272
20,053,97,000,KS,"Ellsworth Count Tot Mig-US",141,267,3272
20,053,97,001,KS,"Ellsworth Count Tot Mig-Same St",103,188,2092
20,053,97,003,KS,"Ellsworth Count Tot Mig-Diff St",38,79,1180
20,053,20,053,KS,"Ellsworth Count Non-Migrants",2234,5049,77212
20,053,20,169,KS,"Saline County",17,28,467
20,053,58,000,SS,"Other Flows - Same State",86,160,1625
20,053,59,000,DS,"Other Flows - Diff State",38,79,1180
20,055,96,000,KS,"Finney County Tot Mig-US & For",978,2238,23805
20,055,97,000,KS,"Finney County Tot Mig-US",978,2238,23805
20,055,97,001,KS,"Finney County Tot Mig-Same St",419,906,10585
20,055,97,003,KS,"Finney County Tot Mig-Diff St",559,1332,13220
20,055,20,055,KS,"Finney County Non-Migrants",11188,29504,431893
20,055,20,057,KS,"Ford County",51,112,1198
20,055,20,093,KS,"Kearny County",38,96,881
20,055,20,175,KS,"Seward County",31,82,637
20,055,06,037,CA,"Los Angeles County",30,74,394
20,055,20,173,KS,"Sedgwick County",28,61,1022
20,055,20,067,KS,"Grant County",22,42,410
20,055,20,069,KS,"Gray County",17,32,539
20,055,20,171,KS,"Scott County",17,35,502
20,055,20,081,KS,"Haskell County",14,27,289
20,055,20,169,KS,"Saline County",14,37,279
20,055,08,041,CO,"El Paso County",12,26,325
20,055,20,045,KS,"Douglas County",12,20,207
20,055,48,141,TX,"El Paso County",12,37,156
20,055,20,111,KS,"Lyon County",11,22,172
20,055,20,009,KS,"Barton County",10,23,218
20,055,20,177,KS,"Shawnee County",10,16,301
20,055,48,201,TX,"Harris County",10,19,191
20,055,58,000,SS,"Other Flows - Same State",144,301,3930
20,055,59,000,DS,"Other Flows - Diff State",495,1176,12154
20,055,59,001,DS,"Other Flows - Northeast",14,28,400
20,055,59,003,DS,"Other Flows - Midwest",117,268,3260
20,055,59,005,DS,"Other Flows - South",204,484,5039
20,055,59,007,DS,"Other Flows - West",160,396,3455
20,057,96,000,KS,"Ford County Tot Mig-US & For",734,1682,16211
20,057,97,000,KS,"Ford County Tot Mig-US",734,1682,16211
20,057,97,001,KS,"Ford County Tot Mig-Same St",333,681,7546
20,057,97,003,KS,"Ford County Tot Mig-Diff St",401,1001,8665
20,057,20,057,KS,"Ford County Non-Migrants",9290,23190,351284
20,057,20,055,KS,"Finney County",50,127,1048
20,057,20,069,KS,"Gray County",32,60,690
20,057,20,173,KS,"Sedgwick County",30,51,519
20,057,06,037,CA,"Los Angeles County",26,61,486
20,057,20,175,KS,"Seward County",20,51,337
20,057,20,047,KS,"Edwards County",15,30,327
20,057,20,111,KS,"Lyon County",15,30,315
20,057,20,051,KS,"Ellis County",14,22,268
20,057,48,141,TX,"El Paso County",14,42,185
20,057,20,025,KS,"Clark County",13,20,358
20,057,08,041,CO,"El Paso County",12,32,261
20,057,04,013,AZ,"Maricopa County",10,27,187
20,057,20,009,KS,"Barton County",10,19,291
20,057,20,161,KS,"Riley County",10,17,375
20,057,58,000,SS,"Other Flows - Same State",124,254,3016
20,057,59,000,DS,"Other Flows - Diff State",339,839,7547
20,059,96,000,KS,"Franklin County Tot Mig-US & For",677,1421,18052
20,059,97,000,KS,"Franklin County Tot Mig-US",677,1421,18052
20,059,97,001,KS,"Franklin County Tot Mig-Same St",451,921,11960
20,059,97,003,KS,"Franklin County Tot Mig-Diff St",226,500,6092
20,059,20,059,KS,"Franklin County Non-Migrants",7783,18333,276924
20,059,20,091,KS,"Johnson County",116,243,3626
20,059,20,045,KS,"Douglas County",64,119,1728
20,059,20,121,KS,"Miami County",44,101,1056
20,059,20,139,KS,"Osage County",38,80,892
20,059,20,003,KS,"Anderson County",28,43,631
20,059,29,095,MO,"Jackson County",25,47,580
20,059,20,209,KS,"Wyandotte County",23,48,671
20,059,20,177,KS,"Shawnee County",18,34,423
20,059,20,031,KS,"Coffey County",16,25,330
20,059,20,111,KS,"Lyon County",16,35,392
20,059,58,000,SS,"Other Flows - Same State",88,193,2211
20,059,59,000,DS,"Other Flows - Diff State",201,453,5512
20,061,96,000,KS,"Geary County Tot Mig-US & For",3096,6521,58322
20,061,97,000,KS,"Geary County Tot Mig-US",2633,5549,49117
20,061,97,001,KS,"Geary County Tot Mig-Same St",548,1298,12209
20,061,97,003,KS,"Geary County Tot Mig-Diff St",2085,4251,36908
20,061,98,000,KS,"Geary County Tot Mig-Foreign",463,972,9205
20,061,20,061,KS,"Geary County Non-Migrants",10668,24706,301294
20,061,57,005,FR,"Foreign - APO/FPO ZIPs",452,946,9024
20,061,20,161,KS,"Riley County",262,660,6118
20,061,20,041,KS,"Dickinson County",59,137,1468
20,061,15,003,HI,"Honolulu County",49,133,1398
20,061,48,029,TX,"Bexar County",36,96,1039
20,061,06,037,CA,"Los Angeles County",32,51,421
20,061,20,177,KS,"Shawnee County",28,61,492
20,061,40,031,OK,"Comanche County",28,76,727
20,061,20,149,KS,"Pottawatomie County",27,54,509
20,061,08,041,CO,"El Paso County",25,70,638
20,061,37,051,NC,"Cumberland County",25,64,607
20,061,21,093,KY,"Hardin County",24,81,678
20,061,13,215,GA,"Muscogee County",23,64,573
20,061,48,027,TX,"Bell County",23,61,600
20,061,13,179,GA,"Liberty County",21,55,586
20,061,20,027,KS,"Clay County",21,42,350
20,061,48,141,TX,"El Paso County",20,68,582
20,061,17,031,IL,"Cook County",17,31,198
20,061,53,053,WA,"Pierce County",17,44,347
20,061,04,013,AZ,"Maricopa County",16,23,234
20,061,20,103,KS,"Leavenworth County",16,59,676
20,061,20,169,KS,"Saline County",16,29,214
20,061,48,201,TX,"Harris County",16,21,169
20,061,02,090,AK,"Fairbanks North Star",15,34,357
20,061,20,127,KS,"Morris County",15,37,287
20,061,06,073,CA,"San Diego County",14,24,229
20,061,12,031,FL,"Duval County",13,27,278
20,061,06,071,CA,"San Bernardino Count",12,27,309
20,061,20,173,KS,"Sedgwick County",12,26,218
20,061,48,099,TX,"Coryell County",12,37,356
20,061,01,015,AL,"Calhoun County",11,30,240
20,061,29,095,MO,"Jackson County",11,24,154
20,061,36,047,NY,"Kings County",11,24,186
20,061,40,109,OK,"Oklahoma County",11,34,265
20,061,48,113,TX,"Dallas County",11,11,111
20,061,06,059,CA,"Orange County",10,13,307
20,061,09,003,CT,"Hartford County",10,13,124
20,061,13,245,GA,"Richmond County",10,20,136
20,061,24,025,MD,"Harford County",10,23,169
20,061,45,079,SC,"Richland County",10,24,345
20,061,47,125,TN,"Montgomery County",10,22,245
20,061,58,000,SS,"Other Flows - Same State",92,193,1879
20,061,59,000,DS,"Other Flows - Diff State",1532,2926,24301
20,061,59,001,DS,"Other Flows - Northeast",227,346,3045
20,061,59,003,DS,"Other Flows - Midwest",359,694,6026
20,061,59,005,DS,"Other Flows - South",697,1403,11305
20,061,59,007,DS,"Other Flows - West",249,483,3926
20,061,57,009,FR,"Foreign - Other flows",11,26,181
20,063,96,000,KS,"Gove County Tot Mig-US & For",58,135,1644
20,063,97,000,KS,"Gove County Tot Mig-US",58,135,1644
20,063,97,001,KS,"Gove County Tot Mig-Same St",39,91,1010
20,063,97,003,KS,"Gove County Tot Mig-Diff St",19,44,634
20,063,20,063,KS,"Gove County Non-Migrants",1141,2734,33028
20,063,58,000,SS,"Other Flows - Same State",39,91,1010
20,063,59,000,DS,"Other Flows - Diff State",19,44,634
20,065,96,000,KS,"Graham County Tot Mig-US & For",62,131,1647
20,065,97,000,KS,"Graham County Tot Mig-US",62,131,1647
20,065,97,001,KS,"Graham County Tot Mig-Same St",32,62,812
20,065,97,003,KS,"Graham County Tot Mig-Diff St",30,69,835
20,065,20,065,KS,"Graham County Non-Migrants",1100,2585,31832
20,065,58,000,SS,"Other Flows - Same State",32,62,812
20,065,59,000,DS,"Other Flows - Diff State",30,69,835
20,067,96,000,KS,"Grant County Tot Mig-US & For",223,541,5964
20,067,97,000,KS,"Grant County Tot Mig-US",223,541,5964
20,067,97,001,KS,"Grant County Tot Mig-Same St",98,218,2578
20,067,97,003,KS,"Grant County Tot Mig-Diff St",125,323,3386
20,067,20,067,KS,"Grant County Non-Migrants",2476,6656,107406
20,067,20,055,KS,"Finney County",16,38,332
20,067,20,187,KS,"Stanton County",16,36,511
20,067,58,000,SS,"Other Flows - Same State",66,144,1736
20,067,59,000,DS,"Other Flows - Diff State",125,323,3386
20,069,96,000,KS,"Gray County Tot Mig-US & For",152,398,4665
20,069,97,000,KS,"Gray County Tot Mig-US",152,398,4665
20,069,97,001,KS,"Gray County Tot Mig-Same St",99,266,3269
20,069,97,003,KS,"Gray County Tot Mig-Diff St",53,132,1396
20,069,20,069,KS,"Gray County Non-Migrants",1935,4992,73778
20,069,20,057,KS,"Ford County",24,66,826
20,069,20,055,KS,"Finney County",22,57,684
20,069,58,000,SS,"Other Flows - Same State",53,143,1758
20,069,59,000,DS,"Other Flows - Diff State",53,132,1396
20,071,96,000,KS,"Greeley County Tot Mig-US & For",35,77,922
20,071,97,000,KS,"Greeley County Tot Mig-US",35,77,922
20,071,20,071,KS,"Greeley County Non-Migrants",533,1288,18179
20,073,96,000,KS,"Greenwood Count Tot Mig-US & For",216,496,5447
20,073,97,000,KS,"Greenwood Count Tot Mig-US",216,496,5447
20,073,97,001,KS,"Greenwood Count Tot Mig-Same St",160,367,4145
20,073,97,003,KS,"Greenwood Count Tot Mig-Diff St",56,129,1303
20,073,20,073,KS,"Greenwood Count Non-Migrants",2628,5885,80178
20,073,20,015,KS,"Butler County",33,68,978
20,073,20,173,KS,"Sedgwick County",32,86,1145
20,073,20,111,KS,"Lyon County",18,44,394
20,073,58,000,SS,"Other Flows - Same State",77,169,1627
20,073,59,000,DS,"Other Flows - Diff State",56,129,1303
20,075,96,000,KS,"Hamilton County Tot Mig-US & For",72,206,1861
20,075,97,000,KS,"Hamilton County Tot Mig-US",72,206,1861
20,075,97,001,KS,"Hamilton County Tot Mig-Same St",24,66,850
20,075,97,003,KS,"Hamilton County Tot Mig-Diff St",48,140,1012
20,075,20,075,KS,"Hamilton County Non-Migrants",861,1989,30134
20,075,58,000,SS,"Other Flows - Same State",24,66,850
20,075,59,000,DS,"Other Flows - Diff State",48,140,1012
20,077,96,000,KS,"Harper County Tot Mig-US & For",144,317,3772
20,077,97,000,KS,"Harper County Tot Mig-US",144,317,3772
20,077,97,001,KS,"Harper County Tot Mig-Same St",90,188,2505
20,077,97,003,KS,"Harper County Tot Mig-Diff St",54,129,1267
20,077,20,077,KS,"Harper County Non-Migrants",2249,5034,75222
20,077,20,173,KS,"Sedgwick County",36,79,1341
20,077,58,000,SS,"Other Flows - Same State",54,109,1164
20,077,59,000,DS,"Other Flows - Diff State",54,129,1267
20,079,96,000,KS,"Harvey County Tot Mig-US & For",817,1830,26509
20,079,97,000,KS,"Harvey County Tot Mig-US",817,1830,26509
20,079,97,001,KS,"Harvey County Tot Mig-Same St",551,1210,17614
20,079,97,003,KS,"Harvey County Tot Mig-Diff St",266,620,8895
20,079,20,079,KS,"Harvey County Non-Migrants",11029,26276,452941
20,079,20,173,KS,"Sedgwick County",212,453,7474
20,079,20,155,KS,"Reno County",57,143,1899
20,079,20,115,KS,"Marion County",37,71,796
20,079,20,113,KS,"Mcpherson County",36,84,1028
20,079,20,015,KS,"Butler County",31,74,1221
20,079,20,169,KS,"Saline County",16,36,546
20,079,20,161,KS,"Riley County",11,17,253
20,079,58,000,SS,"Other Flows - Same State",151,332,4397
20,079,59,000,DS,"Other Flows - Diff State",266,620,8895
20,079,59,001,DS,"Other Flows - Northeast",14,35,386
20,079,59,003,DS,"Other Flows - Midwest",81,191,2556
20,079,59,005,DS,"Other Flows - South",97,231,3730
20,079,59,007,DS,"Other Flows - West",74,163,2223
20,081,96,000,KS,"Haskell County Tot Mig-US & For",96,217,1907
20,081,97,000,KS,"Haskell County Tot Mig-US",96,217,1907
20,081,97,001,KS,"Haskell County Tot Mig-Same St",67,144,1413
20,081,97,003,KS,"Haskell County Tot Mig-Diff St",29,73,494
20,081,20,081,KS,"Haskell County Non-Migrants",1084,2910,51211
20,081,20,175,KS,"Seward County",11,25,329
20,081,58,000,SS,"Other Flows - Same State",56,119,1084
20,081,59,000,DS,"Other Flows - Diff State",29,73,494
20,083,96,000,KS,"Hodgeman County Tot Mig-US & For",30,71,745
20,083,97,000,KS,"Hodgeman County Tot Mig-US",30,71,745
20,083,20,083,KS,"Hodgeman County Non-Migrants",699,1724,21641
20,085,96,000,KS,"Jackson County Tot Mig-US & For",335,747,9813
20,085,97,000,KS,"Jackson County Tot Mig-US",335,747,9813
20,085,97,001,KS,"Jackson County Tot Mig-Same St",251,559,7267
20,085,97,003,KS,"Jackson County Tot Mig-Diff St",84,188,2546
20,085,20,085,KS,"Jackson County Non-Migrants",4401,10645,148393
20,085,20,177,KS,"Shawnee County",126,275,3868
20,085,20,087,KS,"Jefferson County",18,40,505
20,085,20,149,KS,"Pottawatomie County",16,35,522
20,085,20,013,KS,"Brown County",11,28,238
20,085,20,161,KS,"Riley County",11,18,218
20,085,58,000,SS,"Other Flows - Same State",69,163,1917
20,085,59,000,DS,"Other Flows - Diff State",84,188,2546
20,087,96,000,KS,"Jefferson Count Tot Mig-US & For",506,1092,17356
20,087,97,000,KS,"Jefferson Count Tot Mig-US",506,1092,17356
20,087,97,001,KS,"Jefferson Count Tot Mig-Same St",420,910,14292
20,087,97,003,KS,"Jefferson Count Tot Mig-Diff St",86,182,3064
20,087,20,087,KS,"Jefferson Count Non-Migrants",5746,13882,215961
20,087,20,177,KS,"Shawnee County",118,231,3874
20,087,20,045,KS,"Douglas County",116,262,4107
20,087,20,103,KS,"Leavenworth County",47,100,1186
20,087,20,209,KS,"Wyandotte County",31,71,1549
20,087,20,091,KS,"Johnson County",24,49,1048
20,087,20,085,KS,"Jackson County",15,31,521
20,087,20,005,KS,"Atchison County",13,26,252
20,087,58,000,SS,"Other Flows - Same State",56,140,1755
20,087,59,000,DS,"Other Flows - Diff State",86,182,3064
20,089,96,000,KS,"Jewell County Tot Mig-US & For",74,165,1561
20,089,97,000,KS,"Jewell County Tot Mig-US",74,165,1561
20,089,97,001,KS,"Jewell County Tot Mig-Same St",38,78,734
20,089,97,003,KS,"Jewell County Tot Mig-Diff St",36,87,827
20,089,20,089,KS,"Jewell County Non-Migrants",1484,3381,41542
20,089,58,000,SS,"Other Flows - Same State",38,78,734
20,089,59,000,DS,"Other Flows - Diff State",36,87,827
20,091,96,000,KS,"Johnson County Tot Mig-US & For",15477,29785,746322
20,091,97,000,KS,"Johnson County Tot Mig-US",15323,29506,740161
20,091,97,001,KS,"Johnson County Tot Mig-Same St",4283,7386,141221
20,091,97,003,KS,"Johnson County Tot Mig-Diff St",11040,22120,598940
20,091,98,000,KS,"Johnson County Tot Mig-Foreign",154,279,6161
20,091,20,091,KS,"Johnson County Non-Migrants",147823,341510,10153200
20,091,29,095,MO,"Jackson County",2571,4459,120314
20,091,20,209,KS,"Wyandotte County",1323,2514,40880
20,091,20,045,KS,"Douglas County",714,1056,22541
20,091,29,047,MO,"Clay County",418,706,18261
20,091,20,173,KS,"Sedgwick County",307,589,13555
20,091,20,177,KS,"Shawnee County",299,508,13676
20,091,29,165,MO,"Platte County",213,386,9445
20,091,20,121,KS,"Miami County",205,383,6926
20,091,20,161,KS,"Riley County",199,283,4002
20,091,29,189,MO,"St Louis County",199,410,13353
20,091,29,037,MO,"Cass County",185,340,7371
20,091,20,103,KS,"Leavenworth County",174,280,6340
20,091,17,031,IL,"Cook County",158,303,10821
20,091,31,055,NE,"Douglas County",153,308,9049
20,091,04,013,AZ,"Maricopa County",150,287,8164
20,091,19,153,IA,"Polk County",125,245,7272
20,091,48,113,TX,"Dallas County",121,255,7609
20,091,20,059,KS,"Franklin County",120,213,3628
20,091,29,077,MO,"Greene County",120,205,3932
20,091,31,109,NE,"Lancaster County",100,193,3673
20,091,06,037,CA,"Los Angeles County",99,235,4935
20,091,48,201,TX,"Harris County",98,244,6833
20,091,17,043,IL,"Du Page County",97,253,9187
20,091,29,019,MO,"Boone County",86,145,3939
20,091,40,143,OK,"Tulsa County",83,143,3346
20,091,40,109,OK,"Oklahoma County",80,176,4079
20,091,20,111,KS,"Lyon County",79,126,2225
20,091,06,059,CA,"Orange County",73,169,5395
20,091,08,005,CO,"Arapahoe County",65,145,3749
20,091,20,037,KS,"Crawford County",64,96,1484
20,091,12,011,FL,"Broward County",63,159,5594
20,091,48,085,TX,"Collin County",63,163,6032
20,091,37,183,NC,"Wake County",62,141,4952
20,091,48,439,TX,"Tarrant County",62,134,4482
20,091,20,169,KS,"Saline County",60,104,1879
20,091,27,053,MN,"Hennepin County",59,114,3628
20,091,12,095,FL,"Orange County",58,124,3791
20,091,06,073,CA,"San Diego County",56,118,3020
20,091,39,139,OH,"Richland County",55,139,4516
20,091,51,059,VA,"Fairfax County",51,122,4830
20,091,20,155,KS,"Reno County",50,85,2286
20,091,20,051,KS,"Ellis County",49,69,1187
20,091,26,125,MI,"Oakland County",49,112,4281
20,091,29,183,MO,"St Charles County",49,100,2911
20,091,53,033,WA,"King County",48,99,2870
20,091,08,031,CO,"Denver County",47,101,1998
20,091,19,103,IA,"Johnson County",47,89,2156
20,091,29,021,MO,"Buchanan County",43,65,1499
20,091,29,097,MO,"Jasper County",42,77,1395
20,091,19,113,IA,"Linn County",41,78,2220
20,091,32,003,NV,"Clark County",41,80,2463
20,091,48,453,TX,"Travis County",41,96,2622
20,091,57,005,FR,"Foreign - APO/FPO ZIPs",39,87,1075
20,091,08,059,CO,"Jefferson County",37,69,2522
20,091,13,067,GA,"Cobb County",37,88,3376
20,091,13,121,GA,"Fulton County",37,80,3712
20,091,08,041,CO,"El Paso County",36,70,1794
20,091,18,097,IN,"Marion County",35,64,1897
20,091,27,037,MN,"Dakota County",35,96,2594
20,091,35,001,NM,"Bernalillo County",35,78,1490
20,091,19,193,IA,"Woodbury County",34,56,1518
20,091,29,101,MO,"Johnson County",34,66,881
20,091,06,085,CA,"Santa Clara County",32,67,4994
20,091,12,057,FL,"Hillsborough County",32,73,2119
20,091,17,097,IL,"Lake County",32,100,3357
20,091,29,051,MO,"Cole County",32,56,1435
20,091,47,157,TN,"Shelby County",32,62,2184
20,091,08,035,CO,"Douglas County",31,78,2462
20,091,20,107,KS,"Linn County",30,49,800
20,091,37,119,NC,"Mecklenburg County",30,66,2420
20,091,48,121,TX,"Denton County",30,77,2084
20,091,12,099,FL,"Palm Beach County",29,65,1973
20,091,19,163,IA,"Scott County",29,66,1339
20,091,20,149,KS,"Pottawatomie County",29,49,913
20,091,12,117,FL,"Seminole County",28,77,2147
20,091,20,061,KS,"Geary County",28,60,885
20,091,05,007,AR,"Benton County",27,48,1513
20,091,05,143,AR,"Washington County",27,57,1227
20,091,06,013,CA,"Contra Costa County",27,70,2257
20,091,12,103,FL,"Pinellas County",27,55,1249
20,091,20,015,KS,"Butler County",27,65,1259
20,091,49,035,UT,"Salt Lake County",27,70,1668
20,091,13,089,GA,"De Kalb County",26,55,1921
20,091,19,169,IA,"Story County",26,40,664
20,091,20,009,KS,"Barton County",26,45,907
20,091,31,153,NE,"Sarpy County",26,64,1548
20,091,47,037,TN,"Davidson County",26,54,1153
20,091,04,019,AZ,"Pima County",25,53,989
20,091,20,011,KS,"Bourbon County",25,44,865
20,091,20,055,KS,"Finney County",25,42,654
20,091,29,159,MO,"Pettis County",25,43,741
20,091,06,065,CA,"Riverside County",24,63,1322
20,091,29,029,MO,"Camden County",24,49,872
20,091,12,025,FL,"Dade County",23,43,902
20,091,17,089,IL,"Kane County",23,75,2362
20,091,20,113,KS,"Mcpherson County",23,44,628
20,091,39,049,OH,"Franklin County",22,57,1437
20,091,48,029,TX,"Bexar County",22,44,1008
20,091,05,119,AR,"Pulaski County",21,45,1037
20,091,20,003,KS,"Anderson County",21,32,570
20,091,26,163,MI,"Wayne County",21,40,1023
20,091,39,035,OH,"Cuyahoga County",21,35,738
20,091,40,027,OK,"Cleveland County",21,34,862
20,091,06,071,CA,"San Bernardino Count",20,55,1040
20,091,08,001,CO,"Adams County",20,30,866
20,091,20,005,KS,"Atchison County",20,31,706
20,091,20,057,KS,"Ford County",20,26,448
20,091,29,510,MO,"St Louis",20,34,976
20,091,55,025,WI,"Dane County",20,54,1695
20,091,06,001,CA,"Alameda County",19,46,1406
20,091,19,013,IA,"Black Hawk County",19,24,486
20,091,20,001,KS,"Allen County",19,23,446
20,091,21,111,KY,"Jefferson County",19,42,1170
20,091,42,003,PA,"Allegheny County",19,42,1472
20,091,08,013,CO,"Boulder County",18,36,846
20,091,09,003,CT,"Hartford County",18,43,1553
20,091,13,135,GA,"Gwinnett County",18,46,1482
20,091,29,083,MO,"Henry County",18,27,537
20,091,38,017,ND,"Cass County",18,22,490
20,091,39,061,OH,"Hamilton County",18,34,1247
20,091,46,099,SD,"Minnehaha County",18,34,962
20,091,15,003,HI,"Honolulu County",17,45,758
20,091,20,125,KS,"Montgomery County",17,32,563
20,091,06,067,CA,"Sacramento County",16,40,870
20,091,17,111,IL,"Mchenry County",16,43,2022
20,091,25,017,MA,"Middlesex County",16,35,1120
20,091,27,123,MN,"Ramsey County",16,32,783
20,091,29,147,MO,"Nodaway County",16,23,368
20,091,36,061,NY,"New York County",16,21,584
20,091,37,133,NC,"Onslow County",16,37,430
20,091,48,157,TX,"Fort Bend County",16,38,1178
20,091,06,081,CA,"San Mateo County",15,46,1624
20,091,12,031,FL,"Duval County",15,36,1048
20,091,20,099,KS,"Labette County",15,23,488
20,091,20,133,KS,"Neosho County",15,24,554
20,091,20,139,KS,"Osage County",15,22,385
20,091,29,107,MO,"Lafayette County",15,22,375
20,091,36,119,NY,"Westchester County",15,37,1293
20,091,39,113,OH,"Montgomery County",15,26,552
20,091,48,027,TX,"Bell County",15,32,493
20,091,55,079,WI,"Milwaukee County",15,37,754
20,091,09,001,CT,"Fairfield County",14,34,1545
20,091,17,119,IL,"Madison County",14,35,645
20,091,20,035,KS,"Cowley County",14,22,470
20,091,20,079,KS,"Harvey County",14,27,484
20,091,20,087,KS,"Jefferson County",14,32,454
20,091,24,031,MD,"Montgomery County",14,28,1586
20,091,24,033,MD,"Prince George's Coun",14,28,732
20,091,29,213,MO,"Taney County",14,24,412
20,091,42,041,PA,"Cumberland County",14,45,1199
20,091,06,029,CA,"Kern County",13,36,689
20,091,18,057,IN,"Hamilton County",13,40,1564
20,091,20,021,KS,"Cherokee County",13,23,596
20,091,20,041,KS,"Dickinson County",13,23,412
20,091,22,051,LA,"Jefferson Parish",13,19,577
20,091,24,005,MD,"Baltimore County",13,28,1064
20,091,34,023,NJ,"Middlesex County",13,17,2353
20,091,36,081,NY,"Queens County",13,30,367
20,091,46,127,SD,"Union County",13,27,946
20,091,55,133,WI,"Waukesha County",13,34,1154
20,091,17,001,IL,"Adams County",12,28,578
20,091,17,113,IL,"Mclean County",12,29,782
20,091,20,131,KS,"Nemaha County",12,19,532
20,091,26,081,MI,"Kent County",12,35,1033
20,091,29,013,MO,"Bates County",12,20,428
20,091,29,043,MO,"Christian County",12,30,456
20,091,40,147,OK,"Washington County",12,28,777
20,091,42,091,PA,"Montgomery County",12,19,682
20,091,48,141,TX,"El Paso County",12,22,341
20,091,01,073,AL,"Jefferson County",11,37,804
20,091,06,075,CA,"San Francisco County",11,12,302
20,091,08,069,CO,"Larimer County",11,19,330
20,091,13,057,GA,"Cherokee County",11,34,1038
20,091,17,019,IL,"Champaign County",11,23,518
20,091,17,163,IL,"St Clair County",11,25,521
20,091,17,197,IL,"Will County",11,22,624
20,091,19,049,IA,"Dallas County",11,35,766
20,091,20,013,KS,"Brown County",11,13,336
20,091,22,033,LA,"East Baton Rouge Par",11,20,439
20,091,25,021,MA,"Norfolk County",11,30,610
20,091,29,003,MO,"Andrew County",11,14,457
20,091,29,015,MO,"Benton County",11,21,186
20,091,34,027,NJ,"Morris County",11,39,2163
20,091,36,055,NY,"Monroe County",11,19,3412
20,091,36,059,NY,"Nassau County",11,23,749
20,091,37,051,NC,"Cumberland County",11,17,328
20,091,37,081,NC,"Guilford County",11,17,479
20,091,39,025,OH,"Clermont County",11,33,964
20,091,46,103,SD,"Pennington County",11,21,355
20,091,48,339,TX,"Montgomery County",11,40,1485
20,091,51,153,VA,"Prince William Count",11,21,565
20,091,53,053,WA,"Pierce County",11,24,417
20,091,12,009,FL,"Brevard County",10,16,466
20,091,19,155,IA,"Pottawattamie County",10,19,339
20,091,20,031,KS,"Coffey County",10,18,290
20,091,26,099,MI,"Macomb County",10,21,681
20,091,26,161,MI,"Washtenaw County",10,14,847
20,091,27,003,MN,"Anoka County",10,27,904
20,091,29,141,MO,"Morgan County",10,24,327
20,091,29,161,MO,"Phelps County",10,15,261
20,091,34,003,NJ,"Bergen County",10,25,501
20,091,36,047,NY,"Kings County",10,19,275
20,091,39,017,OH,"Butler County",10,27,605
20,091,39,153,OH,"Summit County",10,26,549
20,091,42,017,PA,"Bucks County",10,36,931
20,091,47,187,TN,"Williamson County",10,28,1077
20,091,49,011,UT,"Davis County",10,25,446
20,091,58,000,SS,"Other Flows - Same State",184,292,5965
20,091,59,000,DS,"Other Flows - Diff State",2503,5231,124047
20,091,59,001,DS,"Other Flows - Northeast",299,648,20402
20,091,59,003,DS,"Other Flows - Midwest",945,1821,40190
20,091,59,005,DS,"Other Flows - South",928,2056,50939
20,091,59,007,DS,"Other Flows - West",331,706,12516
20,091,57,009,FR,"Foreign - Other flows",115,192,5086
20,093,96,000,KS,"Kearny County Tot Mig-US & For",96,232,1748
20,093,97,000,KS,"Kearny County Tot Mig-US",96,232,1748
20,093,97,001,KS,"Kearny County Tot Mig-Same St",54,132,1673
20,093,97,003,KS,"Kearny County Tot Mig-Diff St",42,100,74
20,093,20,093,KS,"Kearny County Non-Migrants",1263,3381,51819
20,093,20,055,KS,"Finney County",23,58,546
20,093,58,000,SS,"Other Flows - Same State",31,74,1127
20,093,59,000,DS,"Other Flows - Diff State",42,100,74
20,095,96,000,KS,"Kingman County Tot Mig-US & For",196,443,5512
20,095,97,000,KS,"Kingman County Tot Mig-US",196,443,5512
20,095,97,001,KS,"Kingman County Tot Mig-Same St",147,348,4287
20,095,97,003,KS,"Kingman County Tot Mig-Diff St",49,95,1225
20,095,20,095,KS,"Kingman County Non-Migrants",3048,7427,111576
20,095,20,173,KS,"Sedgwick County",62,152,1919
20,095,20,155,KS,"Reno County",17,35,384
20,095,20,077,KS,"Harper County",11,32,352
20,095,58,000,SS,"Other Flows - Same State",57,129,1632
20,095,59,000,DS,"Other Flows - Diff State",49,95,1225
20,097,96,000,KS,"Kiowa County Tot Mig-US & For",104,226,2302
20,097,97,000,KS,"Kiowa County Tot Mig-US",104,226,2302
20,097,97,001,KS,"Kiowa County Tot Mig-Same St",63,127,1502
20,097,97,003,KS,"Kiowa County Tot Mig-Diff St",41,99,800
20,097,20,097,KS,"Kiowa County Non-Migrants",1119,2669,39316
20,097,58,000,SS,"Other Flows - Same State",63,127,1502
20,097,59,000,DS,"Other Flows - Diff State",41,99,800
20,099,96,000,KS,"Labette County Tot Mig-US & For",473,1031,10836
20,099,97,000,KS,"Labette County Tot Mig-US",473,1031,10836
20,099,97,001,KS,"Labette County Tot Mig-Same St",253,526,5438
20,099,97,003,KS,"Labette County Tot Mig-Diff St",220,505,5398
20,099,20,099,KS,"Labette County Non-Migrants",7509,17132,242556
20,099,20,125,KS,"Montgomery County",50,96,1204
20,099,20,133,KS,"Neosho County",43,85,836
20,099,20,037,KS,"Crawford County",42,80,924
20,099,20,021,KS,"Cherokee County",19,46,278
20,099,29,097,MO,"Jasper County",16,47,257
20,099,20,173,KS,"Sedgwick County",10,21,308
20,099,20,205,KS,"Wilson County",10,19,193
20,099,58,000,SS,"Other Flows - Same State",79,179,1695
20,099,59,000,DS,"Other Flows - Diff State",204,458,5141
20,101,96,000,KS,"Lane County Tot Mig-US & For",65,134,1014
20,101,97,000,KS,"Lane County Tot Mig-US",65,134,1014
20,101,97,001,KS,"Lane County Tot Mig-Same St",50,111,657
20,101,97,003,KS,"Lane County Tot Mig-Diff St",15,23,357
20,101,20,101,KS,"Lane County Non-Migrants",846,1917,28928
20,101,58,000,SS,"Other Flows - Same State",50,111,657
20,101,59,000,DS,"Other Flows - Diff State",15,23,357
20,103,96,000,KS,"Leavenworth Cou Tot Mig-US & For",2575,7009,104248
20,103,97,000,KS,"Leavenworth Cou Tot Mig-US",2348,6265,94423
20,103,97,001,KS,"Leavenworth Cou Tot Mig-Same St",698,1524,25509
20,103,97,003,KS,"Leavenworth Cou Tot Mig-Diff St",1650,4741,68914
20,103,98,000,KS,"Leavenworth Cou Tot Mig-Foreign",227,744,9826
20,103,20,103,KS,"Leavenworth Cou Non-Migrants",19596,46197,836935
20,103,20,209,KS,"Wyandotte County",266,603,9404
20,103,20,091,KS,"Johnson County",164,367,7772
20,103,20,045,KS,"Douglas County",73,141,2533
20,103,29,095,MO,"Jackson County",70,129,2137
20,103,51,059,VA,"Fairfax County",66,239,3559
20,103,37,051,NC,"Cumberland County",56,197,3263
20,103,36,071,NY,"Orange County",45,178,2556
20,103,29,165,MO,"Platte County",44,83,1406
20,103,15,003,HI,"Honolulu County",38,138,1941
20,103,48,027,TX,"Bell County",38,140,2002
20,103,06,071,CA,"San Bernardino Count",29,106,1598
20,103,20,005,KS,"Atchison County",27,61,601
20,103,29,047,MO,"Clay County",27,46,757
20,103,08,041,CO,"El Paso County",26,82,1259
20,103,13,215,GA,"Muscogee County",26,85,1257
20,103,53,053,WA,"Pierce County",25,85,1230
20,103,20,087,KS,"Jefferson County",24,50,679
20,103,40,031,OK,"Comanche County",23,82,1173
20,103,48,029,TX,"Bexar County",23,66,1085
20,103,20,177,KS,"Shawnee County",21,36,762
20,103,21,093,KY,"Hardin County",21,71,1037
20,103,20,173,KS,"Sedgwick County",20,43,500
20,103,47,125,TN,"Montgomery County",18,61,933
20,103,22,115,LA,"Vernon Parish",17,57,860
20,103,24,003,MD,"Anne Arundel County",17,64,885
20,103,51,153,VA,"Prince William Count",17,62,762
20,103,04,013,AZ,"Maricopa County",14,28,409
20,103,06,037,CA,"Los Angeles County",14,29,463
20,103,06,053,CA,"Monterey County",13,48,725
20,103,20,061,KS,"Geary County",13,46,481
20,103,51,810,VA,"Virginia Beach",13,55,676
20,103,04,003,AZ,"Cochise County",12,34,544
20,103,13,179,GA,"Liberty County",12,51,542
20,103,20,161,KS,"Riley County",12,21,491
20,103,21,047,KY,"Christian County",12,45,602
20,103,17,031,IL,"Cook County",11,26,511
20,103,51,149,VA,"Prince George County",11,32,534
20,103,36,045,NY,"Jefferson County",10,28,396
20,103,58,000,SS,"Other Flows - Same State",78,156,2287
20,103,59,000,DS,"Other Flows - Diff State",902,2394,33813
20,103,59,001,DS,"Other Flows - Northeast",66,181,2513
20,103,59,003,DS,"Other Flows - Midwest",234,575,8149
20,103,59,005,DS,"Other Flows - South",430,1200,16904
20,103,59,007,DS,"Other Flows - West",172,438,6247
20,103,57,009,FR,"Foreign - Other flows",227,744,9826
20,105,96,000,KS,"Lincoln County Tot Mig-US & For",75,173,2253
20,105,97,000,KS,"Lincoln County Tot Mig-US",75,173,2253
20,105,97,001,KS,"Lincoln County Tot Mig-Same St",51,123,1557
20,105,97,003,KS,"Lincoln County Tot Mig-Diff St",24,50,696
20,105,20,105,KS,"Lincoln County Non-Migrants",1319,2965,37506
20,105,20,169,KS,"Saline County",16,37,698
20,105,58,000,SS,"Other Flows - Same State",35,86,858
20,105,59,000,DS,"Other Flows - Diff State",24,50,696
20,107,96,000,KS,"Linn County Tot Mig-US & For",261,570,7618
20,107,97,000,KS,"Linn County Tot Mig-US",261,570,7618
20,107,97,001,KS,"Linn County Tot Mig-Same St",183,429,5732
20,107,97,003,KS,"Linn County Tot Mig-Diff St",78,141,1886
20,107,20,107,KS,"Linn County Non-Migrants",2963,6917,94526
20,107,20,091,KS,"Johnson County",60,156,2421
20,107,20,121,KS,"Miami County",52,113,1521
20,107,20,209,KS,"Wyandotte County",19,53,682
20,107,20,011,KS,"Bourbon County",13,26,288
20,107,29,095,MO,"Jackson County",11,21,258
20,107,58,000,SS,"Other Flows - Same State",39,81,819
20,107,59,000,DS,"Other Flows - Diff State",67,120,1628
20,109,96,000,KS,"Logan County Tot Mig-US & For",72,174,1923
20,109,97,000,KS,"Logan County Tot Mig-US",72,174,1923
20,109,97,001,KS,"Logan County Tot Mig-Same St",48,119,1378
20,109,97,003,KS,"Logan County Tot Mig-Diff St",24,55,545
20,109,20,109,KS,"Logan County Non-Migrants",1156,2765,38200
20,109,58,000,SS,"Other Flows - Same State",48,119,1378
20,109,59,000,DS,"Other Flows - Diff State",24,55,545
20,111,96,000,KS,"Lyon County Tot Mig-US & For",928,1765,20229
20,111,97,000,KS,"Lyon County Tot Mig-US",917,1751,20178
20,111,97,001,KS,"Lyon County Tot Mig-Same St",564,993,11689
20,111,97,003,KS,"Lyon County Tot Mig-Diff St",353,758,8489
20,111,98,000,KS,"Lyon County Tot Mig-Foreign",11,14,50
20,111,20,111,KS,"Lyon County Non-Migrants",11063,25503,413199
20,111,20,031,KS,"Coffey County",50,88,1043
20,111,20,177,KS,"Shawnee County",41,85,1091
20,111,20,173,KS,"Sedgwick County",40,72,1152
20,111,20,139,KS,"Osage County",32,60,684
20,111,06,037,CA,"Los Angeles County",31,93,529
20,111,20,091,KS,"Johnson County",29,54,665
20,111,20,017,KS,"Chase County",26,42,634
20,111,20,045,KS,"Douglas County",23,36,380
20,111,20,127,KS,"Morris County",19,36,364
20,111,20,059,KS,"Franklin County",16,31,267
20,111,20,169,KS,"Saline County",15,26,203
20,111,20,015,KS,"Butler County",13,22,254
20,111,20,073,KS,"Greenwood County",13,26,264
20,111,20,055,KS,"Finney County",12,23,229
20,111,20,155,KS,"Reno County",12,27,327
20,111,20,161,KS,"Riley County",12,20,160
20,111,20,035,KS,"Cowley County",10,14,193
20,111,20,121,KS,"Miami County",10,14,134
20,111,20,133,KS,"Neosho County",10,13,143
20,111,20,209,KS,"Wyandotte County",10,19,175
20,111,29,095,MO,"Jackson County",10,15,212
20,111,58,000,SS,"Other Flows - Same State",171,285,3326
20,111,59,000,DS,"Other Flows - Diff State",312,650,7748
20,111,59,001,DS,"Other Flows - Northeast",20,41,400
20,111,59,003,DS,"Other Flows - Midwest",100,190,2653
20,111,59,005,DS,"Other Flows - South",108,238,2947
20,111,59,007,DS,"Other Flows - West",84,181,1748
20,111,57,009,FR,"Foreign - Other flows",11,14,50
20,113,96,000,KS,"Mcpherson Count Tot Mig-US & For",627,1388,18643
20,113,97,000,KS,"Mcpherson Count Tot Mig-US",614,1365,18551
20,113,97,001,KS,"Mcpherson Count Tot Mig-Same St",403,876,11608
20,113,97,003,KS,"Mcpherson Count Tot Mig-Diff St",211,489,6943
20,113,98,000,KS,"Mcpherson Count Tot Mig-Foreign",13,23,92
20,113,20,113,KS,"Mcpherson Count Non-Migrants",9763,23277,422729
20,113,20,169,KS,"Saline County",80,172,2109
20,113,20,155,KS,"Reno County",59,121,2120
20,113,20,079,KS,"Harvey County",39,86,1094
20,113,20,173,KS,"Sedgwick County",29,78,956
20,113,20,115,KS,"Marion County",21,41,460
20,113,20,159,KS,"Rice County",14,28,273
20,113,20,161,KS,"Riley County",12,17,228
20,113,20,009,KS,"Barton County",11,27,244
20,113,20,177,KS,"Shawnee County",10,20,215
20,113,58,000,SS,"Other Flows - Same State",128,286,3909
20,113,59,000,DS,"Other Flows - Diff State",211,489,6943
20,113,57,009,FR,"Foreign - Other flows",13,23,92
20,115,96,000,KS,"Marion County Tot Mig-US & For",239,522,5770
20,115,97,000,KS,"Marion County Tot Mig-US",239,522,5770
20,115,97,001,KS,"Marion County Tot Mig-Same St",163,341,4067
20,115,97,003,KS,"Marion County Tot Mig-Diff St",76,181,1704
20,115,20,115,KS,"Marion County Non-Migrants",4077,9877,143779
20,115,20,079,KS,"Harvey County",32,65,807
20,115,20,173,KS,"Sedgwick County",32,59,760
20,115,20,113,KS,"Mcpherson County",22,56,635
20,115,20,015,KS,"Butler County",14,26,273
20,115,20,041,KS,"Dickinson County",10,23,365
20,115,58,000,SS,"Other Flows - Same State",53,112,1226
20,115,59,000,DS,"Other Flows - Diff State",76,181,1704
20,117,96,000,KS,"Marshall County Tot Mig-US & For",199,427,5322
20,117,97,000,KS,"Marshall County Tot Mig-US",199,427,5322
20,117,97,001,KS,"Marshall County Tot Mig-Same St",95,195,2580
20,117,97,003,KS,"Marshall County Tot Mig-Diff St",104,232,2742
20,117,20,117,KS,"Marshall County Non-Migrants",3962,9435,137898
20,117,20,161,KS,"Riley County",12,23,246
20,117,31,067,NE,"Gage County",12,27,302
20,117,20,201,KS,"Washington County",11,20,228
20,117,58,000,SS,"Other Flows - Same State",72,152,2106
20,117,59,000,DS,"Other Flows - Diff State",92,205,2440
20,119,96,000,KS,"Meade County Tot Mig-US & For",118,277,3434
20,119,97,000,KS,"Meade County Tot Mig-US",118,277,3434
20,119,97,001,KS,"Meade County Tot Mig-Same St",46,115,1863
20,119,97,003,KS,"Meade County Tot Mig-Diff St",72,162,1571
20,119,20,119,KS,"Meade County Non-Migrants",1458,3614,53397
20,119,20,175,KS,"Seward County",12,36,526
20,119,58,000,SS,"Other Flows - Same State",34,79,1336
20,119,59,000,DS,"Other Flows - Diff State",72,162,1571
20,121,96,000,KS,"Miami County Tot Mig-US & For",652,1413,23121
20,121,97,000,KS,"Miami County Tot Mig-US",652,1413,23121
20,121,97,001,KS,"Miami County Tot Mig-Same St",470,1003,16816
20,121,97,003,KS,"Miami County Tot Mig-Diff St",182,410,6305
20,121,20,121,KS,"Miami County Non-Migrants",7476,17963,312253
20,121,20,091,KS,"Johnson County",287,624,12160
20,121,20,209,KS,"Wyandotte County",35,73,1042
20,121,20,107,KS,"Linn County",26,58,607
20,121,20,059,KS,"Franklin County",19,35,389
20,121,29,095,MO,"Jackson County",19,50,674
20,121,29,037,MO,"Cass County",14,36,380
20,121,20,045,KS,"Douglas County",11,28,283
20,121,58,000,SS,"Other Flows - Same State",92,185,2335
20,121,59,000,DS,"Other Flows - Diff State",149,324,5252
20,123,96,000,KS,"Mitchell County Tot Mig-US & For",114,233,2600
20,123,97,000,KS,"Mitchell County Tot Mig-US",114,233,2600
20,123,97,001,KS,"Mitchell County Tot Mig-Same St",87,186,2053
20,123,97,003,KS,"Mitchell County Tot Mig-Diff St",27,47,547
20,123,20,123,KS,"Mitchell County Non-Migrants",2527,5849,88513
20,123,20,141,KS,"Osborne County",10,20,344
20,123,58,000,SS,"Other Flows - Same State",77,166,1709
20,123,59,000,DS,"Other Flows - Diff State",27,47,547
20,125,96,000,KS,"Montgomery Coun Tot Mig-US & For",805,1750,21081
20,125,97,000,KS,"Montgomery Coun Tot Mig-US",805,1750,21081
20,125,97,001,KS,"Montgomery Coun Tot Mig-Same St",363,748,8391
20,125,97,003,KS,"Montgomery Coun Tot Mig-Diff St",442,1002,12690
20,125,20,125,KS,"Montgomery Coun Non-Migrants",11793,26960,391130
20,125,20,099,KS,"Labette County",58,114,1104
20,125,20,205,KS,"Wilson County",46,100,1056
20,125,40,105,OK,"Nowata County",44,92,846
20,125,20,173,KS,"Sedgwick County",37,68,1001
20,125,40,147,OK,"Washington County",35,90,828
20,125,20,037,KS,"Crawford County",31,47,414
20,125,20,019,KS,"Chautauqua County",29,66,649
20,125,40,143,OK,"Tulsa County",26,41,741
20,125,20,133,KS,"Neosho County",15,30,246
20,125,20,015,KS,"Butler County",12,28,359
20,125,20,091,KS,"Johnson County",10,17,368
20,125,20,111,KS,"Lyon County",10,20,187
20,125,29,095,MO,"Jackson County",10,16,229
20,125,29,097,MO,"Jasper County",10,21,237
20,125,58,000,SS,"Other Flows - Same State",115,258,3007
20,125,59,000,DS,"Other Flows - Diff State",317,742,9808
20,125,59,001,DS,"Other Flows - Northeast",10,27,338
20,125,59,003,DS,"Other Flows - Midwest",87,200,3092
20,125,59,005,DS,"Other Flows - South",154,349,4357
20,125,59,007,DS,"Other Flows - West",66,166,2021
20,127,96,000,KS,"Morris County Tot Mig-US & For",139,284,3430
20,127,97,000,KS,"Morris County Tot Mig-US",139,284,3430
20,127,97,001,KS,"Morris County Tot Mig-Same St",87,168,2206
20,127,97,003,KS,"Morris County Tot Mig-Diff St",52,116,1224
20,127,20,127,KS,"Morris County Non-Migrants",2252,5256,76503
20,127,20,111,KS,"Lyon County",17,33,449
20,127,58,000,SS,"Other Flows - Same State",70,135,1757
20,127,59,000,DS,"Other Flows - Diff State",52,116,1224
20,129,96,000,KS,"Morton County Tot Mig-US & For",95,234,2401
20,129,97,000,KS,"Morton County Tot Mig-US",95,234,2401
20,129,97,001,KS,"Morton County Tot Mig-Same St",24,55,716
20,129,97,003,KS,"Morton County Tot Mig-Diff St",71,179,1685
20,129,20,129,KS,"Morton County Non-Migrants",1169,2852,47354
20,129,40,139,OK,"Texas County",10,29,382
20,129,58,000,SS,"Other Flows - Same State",24,55,716
20,129,59,000,DS,"Other Flows - Diff State",61,150,1302
20,131,96,000,KS,"Nemaha County Tot Mig-US & For",176,366,4777
20,131,97,000,KS,"Nemaha County Tot Mig-US",176,366,4777
20,131,97,001,KS,"Nemaha County Tot Mig-Same St",118,244,3304
20,131,97,003,KS,"Nemaha County Tot Mig-Diff St",58,122,1473
20,131,20,131,KS,"Nemaha County Non-Migrants",3441,8437,126706
20,131,20,013,KS,"Brown County",23,44,652
20,131,20,177,KS,"Shawnee County",19,39,661
20,131,20,117,KS,"Marshall County",14,28,325
20,131,20,085,KS,"Jackson County",10,20,166
20,131,58,000,SS,"Other Flows - Same State",52,113,1500
20,131,59,000,DS,"Other Flows - Diff State",58,122,1473
20,133,96,000,KS,"Neosho County Tot Mig-US & For",356,740,8623
20,133,97,000,KS,"Neosho County Tot Mig-US",356,740,8623
20,133,97,001,KS,"Neosho County Tot Mig-Same St",236,490,5988
20,133,97,003,KS,"Neosho County Tot Mig-Diff St",120,250,2635
20,133,20,133,KS,"Neosho County Non-Migrants",5414,12638,177079
20,133,20,001,KS,"Allen County",60,124,1700
20,133,20,099,KS,"Labette County",32,75,670
20,133,20,037,KS,"Crawford County",19,29,338
20,133,20,205,KS,"Wilson County",19,40,395
20,133,20,125,KS,"Montgomery County",10,17,286
20,133,20,173,KS,"Sedgwick County",10,21,370
20,133,20,177,KS,"Shawnee County",10,20,300
20,133,58,000,SS,"Other Flows - Same State",76,164,1929
20,133,59,000,DS,"Other Flows - Diff State",120,250,2635
20,135,96,000,KS,"Ness County Tot Mig-US & For",81,174,1965
20,135,97,000,KS,"Ness County Tot Mig-US",81,174,1965
20,135,97,001,KS,"Ness County Tot Mig-Same St",62,135,1461
20,135,97,003,KS,"Ness County Tot Mig-Diff St",19,39,504
20,135,20,135,KS,"Ness County Non-Migrants",1325,2998,43716
20,135,20,051,KS,"Ellis County",11,15,224
20,135,58,000,SS,"Other Flows - Same State",51,120,1237
20,135,59,000,DS,"Other Flows - Diff State",19,39,504
20,137,96,000,KS,"Norton County Tot Mig-US & For",119,254,2906
20,137,97,000,KS,"Norton County Tot Mig-US",119,254,2906
20,137,97,001,KS,"Norton County Tot Mig-Same St",71,148,1723
20,137,97,003,KS,"Norton County Tot Mig-Diff St",48,106,1183
20,137,20,137,KS,"Norton County Non-Migrants",1960,4465,61213
20,137,58,000,SS,"Other Flows - Same State",71,148,1723
20,137,59,000,DS,"Other Flows - Diff State",48,106,1183
20,139,96,000,KS,"Osage County Tot Mig-US & For",474,1041,13967
20,139,97,000,KS,"Osage County Tot Mig-US",474,1041,13967
20,139,97,001,KS,"Osage County Tot Mig-Same St",385,850,11803
20,139,97,003,KS,"Osage County Tot Mig-Diff St",89,191,2164
20,139,20,139,KS,"Osage County Non-Migrants",5753,13820,207541
20,139,20,177,KS,"Shawnee County",202,439,6310
20,139,20,059,KS,"Franklin County",37,98,1042
20,139,20,111,KS,"Lyon County",28,55,766
20,139,20,045,KS,"Douglas County",17,36,608
20,139,20,031,KS,"Coffey County",15,35,429
20,139,20,091,KS,"Johnson County",14,23,418
20,139,58,000,SS,"Other Flows - Same State",72,164,2229
20,139,59,000,DS,"Other Flows - Diff State",89,191,2164
20,141,96,000,KS,"Osborne County Tot Mig-US & For",88,216,2058
20,141,97,000,KS,"Osborne County Tot Mig-US",88,216,2058
20,141,97,001,KS,"Osborne County Tot Mig-Same St",59,144,1349
20,141,97,003,KS,"Osborne County Tot Mig-Diff St",29,72,710
20,141,20,141,KS,"Osborne County Non-Migrants",1625,3613,48950
20,141,20,123,KS,"Mitchell County",11,26,242
20,141,58,000,SS,"Other Flows - Same State",48,118,1107
20,141,59,000,DS,"Other Flows - Diff State",29,72,710
20,143,96,000,KS,"Ottawa County Tot Mig-US & For",218,480,6148
20,143,97,000,KS,"Ottawa County Tot Mig-US",218,480,6148
20,143,97,001,KS,"Ottawa County Tot Mig-Same St",166,364,4731
20,143,97,003,KS,"Ottawa County Tot Mig-Diff St",52,116,1417
20,143,20,143,KS,"Ottawa County Non-Migrants",2710,6575,115215
20,143,20,169,KS,"Saline County",86,185,2403
20,143,58,000,SS,"Other Flows - Same State",80,179,2327
20,143,59,000,DS,"Other Flows - Diff State",52,116,1417
20,145,96,000,KS,"Pawnee County Tot Mig-US & For",167,356,4333
20,145,97,000,KS,"Pawnee County Tot Mig-US",167,356,4333
20,145,97,001,KS,"Pawnee County Tot Mig-Same St",118,234,2856
20,145,97,003,KS,"Pawnee County Tot Mig-Diff St",49,122,1478
20,145,20,145,KS,"Pawnee County Non-Migrants",2307,5146,81143
20,145,20,009,KS,"Barton County",26,56,571
20,145,58,000,SS,"Other Flows - Same State",92,178,2284
20,145,59,000,DS,"Other Flows - Diff State",49,122,1478
20,147,96,000,KS,"Phillips County Tot Mig-US & For",137,288,2562
20,147,97,000,KS,"Phillips County Tot Mig-US",137,288,2562
20,147,97,001,KS,"Phillips County Tot Mig-Same St",86,171,1590
20,147,97,003,KS,"Phillips County Tot Mig-Diff St",51,117,972
20,147,20,147,KS,"Phillips County Non-Migrants",2249,5281,71356
20,147,58,000,SS,"Other Flows - Same State",86,171,1590
20,147,59,000,DS,"Other Flows - Diff State",51,117,972
20,149,96,000,KS,"Pottawatomie Co Tot Mig-US & For",723,1504,22366
20,149,97,000,KS,"Pottawatomie Co Tot Mig-US",709,1468,21989
20,149,97,001,KS,"Pottawatomie Co Tot Mig-Same St",489,1001,14598
20,149,97,003,KS,"Pottawatomie Co Tot Mig-Diff St",220,467,7391
20,149,98,000,KS,"Pottawatomie Co Tot Mig-Foreign",14,36,378
20,149,20,149,KS,"Pottawatomie Co Non-Migrants",6831,16868,277245
20,149,20,161,KS,"Riley County",197,415,6745
20,149,20,177,KS,"Shawnee County",48,105,1242
20,149,20,061,KS,"Geary County",24,45,560
20,149,20,091,KS,"Johnson County",16,23,541
20,149,20,197,KS,"Wabaunsee County",15,33,523
20,149,20,085,KS,"Jackson County",13,22,155
20,149,20,045,KS,"Douglas County",11,23,350
20,149,20,117,KS,"Marshall County",11,23,295
20,149,20,173,KS,"Sedgwick County",11,22,306
20,149,20,169,KS,"Saline County",10,25,340
20,149,58,000,SS,"Other Flows - Same State",133,265,3540
20,149,59,000,DS,"Other Flows - Diff State",220,467,7391
20,149,59,001,DS,"Other Flows - Northeast",25,54,829
20,149,59,003,DS,"Other Flows - Midwest",76,155,2742
20,149,59,005,DS,"Other Flows - South",72,167,2258
20,149,59,007,DS,"Other Flows - West",47,91,1562
20,149,57,009,FR,"Foreign - Other flows",14,36,378
20,151,96,000,KS,"Pratt County Tot Mig-US & For",255,548,7118
20,151,97,000,KS,"Pratt County Tot Mig-US",255,548,7118
20,151,97,001,KS,"Pratt County Tot Mig-Same St",169,379,4802
20,151,97,003,KS,"Pratt County Tot Mig-Diff St",86,169,2317
20,151,20,151,KS,"Pratt County Non-Migrants",3159,7360,122764
20,151,20,173,KS,"Sedgwick County",24,55,560
20,151,20,007,KS,"Barber County",16,22,251
20,151,20,095,KS,"Kingman County",13,27,500
20,151,20,097,KS,"Kiowa County",12,30,620
20,151,20,155,KS,"Reno County",12,32,316
20,151,58,000,SS,"Other Flows - Same State",92,213,2555
20,151,59,000,DS,"Other Flows - Diff State",86,169,2317
20,153,96,000,KS,"Rawlins County Tot Mig-US & For",52,123,1171
20,153,97,000,KS,"Rawlins County Tot Mig-US",52,123,1171
20,153,97,001,KS,"Rawlins County Tot Mig-Same St",22,43,444
20,153,97,003,KS,"Rawlins County Tot Mig-Diff St",30,80,727
20,153,20,153,KS,"Rawlins County Non-Migrants",1114,2610,32125
20,153,58,000,SS,"Other Flows - Same State",22,43,444
20,153,59,000,DS,"Other Flows - Diff State",30,80,727
20,155,96,000,KS,"Reno County Tot Mig-US & For",1288,2603,37689
20,155,97,000,KS,"Reno County Tot Mig-US",1288,2603,37689
20,155,97,001,KS,"Reno County Tot Mig-Same St",795,1595,23100
20,155,97,003,KS,"Reno County Tot Mig-Diff St",493,1008,14590
20,155,20,155,KS,"Reno County Non-Migrants",21264,48143,812375
20,155,20,173,KS,"Sedgwick County",151,315,4907
20,155,20,113,KS,"Mcpherson County",65,123,1816
20,155,20,159,KS,"Rice County",61,123,2393
20,155,20,079,KS,"Harvey County",58,130,1608
20,155,20,169,KS,"Saline County",34,64,873
20,155,20,009,KS,"Barton County",33,65,935
20,155,20,177,KS,"Shawnee County",25,51,565
20,155,20,091,KS,"Johnson County",24,48,903
20,155,20,051,KS,"Ellis County",20,44,699
20,155,20,151,KS,"Pratt County",18,32,451
20,155,20,057,KS,"Ford County",17,27,497
20,155,20,095,KS,"Kingman County",17,33,226
20,155,20,161,KS,"Riley County",15,28,373
20,155,20,185,KS,"Stafford County",15,30,449
20,155,08,041,CO,"El Paso County",12,22,247
20,155,20,045,KS,"Douglas County",12,23,298
20,155,20,115,KS,"Marion County",12,28,230
20,155,20,015,KS,"Butler County",11,25,320
20,155,20,145,KS,"Pawnee County",11,18,285
20,155,29,095,MO,"Jackson County",11,30,357
20,155,20,035,KS,"Cowley County",10,15,162
20,155,58,000,SS,"Other Flows - Same State",186,373,5109
20,155,59,000,DS,"Other Flows - Diff State",470,956,13986
20,155,59,001,DS,"Other Flows - Northeast",17,23,621
20,155,59,003,DS,"Other Flows - Midwest",154,324,5158
20,155,59,005,DS,"Other Flows - South",166,345,4907
20,155,59,007,DS,"Other Flows - West",133,264,3301
20,157,96,000,KS,"Republic County Tot Mig-US & For",107,234,2392
20,157,97,000,KS,"Republic County Tot Mig-US",107,234,2392
20,157,97,001,KS,"Republic County Tot Mig-Same St",61,132,1472
20,157,97,003,KS,"Republic County Tot Mig-Diff St",46,102,920
20,157,20,157,KS,"Republic County Non-Migrants",2163,4876,67933
20,157,20,029,KS,"Cloud County",19,37,372
20,157,58,000,SS,"Other Flows - Same State",42,95,1100
20,157,59,000,DS,"Other Flows - Diff State",46,102,920
20,159,96,000,KS,"Rice County Tot Mig-US & For",254,557,6685
20,159,97,000,KS,"Rice County Tot Mig-US",254,557,6685
20,159,97,001,KS,"Rice County Tot Mig-Same St",169,377,4592
20,159,97,003,KS,"Rice County Tot Mig-Diff St",85,180,2093
20,159,20,159,KS,"Rice County Non-Migrants",3283,7813,116427
20,159,20,155,KS,"Reno County",43,97,1443
20,159,20,009,KS,"Barton County",24,51,496
20,159,20,113,KS,"Mcpherson County",18,41,527
20,159,20,173,KS,"Sedgwick County",12,31,399
20,159,58,000,SS,"Other Flows - Same State",72,157,1727
20,159,59,000,DS,"Other Flows - Diff State",85,180,2093
20,161,96,000,KS,"Riley County Tot Mig-US & For",2370,4109,54182
20,161,97,000,KS,"Riley County Tot Mig-US",2113,3774,51933
20,161,97,001,KS,"Riley County Tot Mig-Same St",1176,1934,25193
20,161,97,003,KS,"Riley County Tot Mig-Diff St",937,1840,26741
20,161,98,000,KS,"Riley County Tot Mig-Foreign",257,335,2249
20,161,20,161,KS,"Riley County Non-Migrants",12968,27672,509197
20,161,20,061,KS,"Geary County",193,409,4125
20,161,20,149,KS,"Pottawatomie County",168,293,4628
20,161,20,173,KS,"Sedgwick County",72,97,1245
20,161,20,091,KS,"Johnson County",71,100,1509
20,161,57,005,FR,"Foreign - APO/FPO ZIPs",65,133,1617
20,161,20,177,KS,"Shawnee County",55,91,1307
20,161,20,169,KS,"Saline County",44,65,779
20,161,20,027,KS,"Clay County",33,64,763
20,161,20,155,KS,"Reno County",32,53,835
20,161,20,117,KS,"Marshall County",25,39,428
20,161,29,095,MO,"Jackson County",25,30,537
20,161,20,045,KS,"Douglas County",24,32,359
20,161,20,041,KS,"Dickinson County",20,26,320
20,161,20,051,KS,"Ellis County",20,31,450
20,161,20,009,KS,"Barton County",19,38,656
20,161,20,209,KS,"Wyandotte County",17,18,251
20,161,20,055,KS,"Finney County",16,25,357
20,161,48,027,TX,"Bell County",16,34,674
20,161,06,037,CA,"Los Angeles County",15,29,383
20,161,08,041,CO,"El Paso County",14,30,451
20,161,15,003,HI,"Honolulu County",14,40,650
20,161,20,103,KS,"Leavenworth County",14,33,476
20,161,20,125,KS,"Montgomery County",14,20,181
20,161,20,037,KS,"Crawford County",13,16,190
20,161,20,127,KS,"Morris County",13,19,274
20,161,20,197,KS,"Wabaunsee County",13,26,267
20,161,20,035,KS,"Cowley County",12,15,215
20,161,20,111,KS,"Lyon County",12,13,156
20,161,20,029,KS,"Cloud County",11,34,197
20,161,20,057,KS,"Ford County",11,11,179
20,161,20,079,KS,"Harvey County",11,17,300
20,161,31,055,NE,"Douglas County",11,14,135
20,161,37,051,NC,"Cumberland County",11,27,236
20,161,48,029,TX,"Bexar County",11,27,350
20,161,04,013,AZ,"Maricopa County",10,18,171
20,161,20,085,KS,"Jackson County",10,13,157
20,161,20,113,KS,"Mcpherson County",10,15,267
20,161,31,109,NE,"Lancaster County",10,16,337
20,161,58,000,SS,"Other Flows - Same State",223,321,4321
20,161,59,000,DS,"Other Flows - Diff State",800,1575,22818
20,161,59,001,DS,"Other Flows - Northeast",69,120,1526
20,161,59,003,DS,"Other Flows - Midwest",259,468,7116
20,161,59,005,DS,"Other Flows - South",281,593,8861
20,161,59,007,DS,"Other Flows - West",191,394,5315
20,161,57,009,FR,"Foreign - Other flows",192,202,632
20,163,96,000,KS,"Rooks County Tot Mig-US & For",120,257,2641
20,163,97,000,KS,"Rooks County Tot Mig-US",120,257,2641
20,163,97,001,KS,"Rooks County Tot Mig-Same St",77,163,1674
20,163,97,003,KS,"Rooks County Tot Mig-Diff St",43,94,967
20,163,20,163,KS,"Rooks County Non-Migrants",2000,4654,61973
20,163,20,051,KS,"Ellis County",28,49,567
20,163,58,000,SS,"Other Flows - Same State",49,114,1108
20,163,59,000,DS,"Other Flows - Diff State",43,94,967
20,165,96,000,KS,"Rush County Tot Mig-US & For",95,216,2406
20,165,97,000,KS,"Rush County Tot Mig-US",95,216,2406
20,165,97,001,KS,"Rush County Tot Mig-Same St",74,164,1980
20,165,97,003,KS,"Rush County Tot Mig-Diff St",21,52,426
20,165,20,165,KS,"Rush County Non-Migrants",1372,2923,40501
20,165,20,051,KS,"Ellis County",20,38,514
20,165,58,000,SS,"Other Flows - Same State",54,126,1466
20,165,59,000,DS,"Other Flows - Diff State",21,52,426
20,167,96,000,KS,"Russell County Tot Mig-US & For",152,284,3424
20,167,97,000,KS,"Russell County Tot Mig-US",152,284,3424
20,167,97,001,KS,"Russell County Tot Mig-Same St",106,205,2434
20,167,97,003,KS,"Russell County Tot Mig-Diff St",46,79,990
20,167,20,167,KS,"Russell County Non-Migrants",2488,5371,75565
20,167,20,051,KS,"Ellis County",26,47,472
20,167,58,000,SS,"Other Flows - Same State",80,158,1962
20,167,59,000,DS,"Other Flows - Diff State",46,79,990
20,169,96,000,KS,"Saline County Tot Mig-US & For",1234,2422,34304
20,169,97,000,KS,"Saline County Tot Mig-US",1224,2404,34080
20,169,97,001,KS,"Saline County Tot Mig-Same St",766,1453,20736
20,169,97,003,KS,"Saline County Tot Mig-Diff St",458,951,13344
20,169,98,000,KS,"Saline County Tot Mig-Foreign",10,18,224
20,169,20,169,KS,"Saline County Non-Migrants",17894,39458,713407
20,169,20,041,KS,"Dickinson County",92,177,2372
20,169,20,143,KS,"Ottawa County",64,125,1851
20,169,20,173,KS,"Sedgwick County",60,106,1457
20,169,20,113,KS,"Mcpherson County",59,100,1392
20,169,20,051,KS,"Ellis County",35,79,1174
20,169,20,155,KS,"Reno County",33,56,943
20,169,20,091,KS,"Johnson County",29,76,1466
20,169,20,177,KS,"Shawnee County",29,45,644
20,169,20,161,KS,"Riley County",28,48,631
20,169,20,053,KS,"Ellsworth County",22,47,511
20,169,20,105,KS,"Lincoln County",22,34,492
20,169,20,029,KS,"Cloud County",21,48,457
20,169,20,061,KS,"Geary County",20,34,390
20,169,20,009,KS,"Barton County",15,34,838
20,169,20,045,KS,"Douglas County",15,23,444
20,169,20,111,KS,"Lyon County",12,23,373
20,169,29,095,MO,"Jackson County",12,16,225
20,169,20,055,KS,"Finney County",11,38,295
20,169,20,123,KS,"Mitchell County",11,15,192
20,169,20,167,KS,"Russell County",11,21,206
20,169,04,013,AZ,"Maricopa County",10,21,191
20,169,08,041,CO,"El Paso County",10,24,262
20,169,20,193,KS,"Thomas County",10,22,302
20,169,40,109,OK,"Oklahoma County",10,26,253
20,169,48,113,TX,"Dallas County",10,13,204
20,169,58,000,SS,"Other Flows - Same State",167,302,4307
20,169,59,000,DS,"Other Flows - Diff State",406,851,12207
20,169,59,001,DS,"Other Flows - Northeast",16,26,994
20,169,59,003,DS,"Other Flows - Midwest",128,258,3806
20,169,59,005,DS,"Other Flows - South",154,318,4201
20,169,59,007,DS,"Other Flows - West",108,249,3206
20,169,57,009,FR,"Foreign - Other flows",10,18,224
20,171,96,000,KS,"Scott County Tot Mig-US & For",148,363,5206
20,171,97,000,KS,"Scott County Tot Mig-US",148,363,5206
20,171,97,001,KS,"Scott County Tot Mig-Same St",88,212,2217
20,171,97,003,KS,"Scott County Tot Mig-Diff St",60,151,2989
20,171,20,171,KS,"Scott County Non-Migrants",1682,4086,67279
20,171,20,055,KS,"Finney County",16,37,309
20,171,58,000,SS,"Other Flows - Same State",72,175,1908
20,171,59,000,DS,"Other Flows - Diff State",60,151,2989
20,173,96,000,KS,"Sedgwick County Tot Mig-US & For",9868,20307,353807
20,173,97,000,KS,"Sedgwick County Tot Mig-US",9457,19619,346793
20,173,97,001,KS,"Sedgwick County Tot Mig-Same St",3626,6983,113883
20,173,97,003,KS,"Sedgwick County Tot Mig-Diff St",5831,12636,232910
20,173,98,000,KS,"Sedgwick County Tot Mig-Foreign",411,688,7014
20,173,20,173,KS,"Sedgwick County Non-Migrants",146861,333335,6902653
20,173,20,015,KS,"Butler County",686,1292,22840
20,173,20,191,KS,"Sumner County",254,512,8398
20,173,20,079,KS,"Harvey County",243,482,7841
20,173,20,155,KS,"Reno County",215,369,6299
20,173,20,035,KS,"Cowley County",198,389,6139
20,173,20,091,KS,"Johnson County",180,366,7739
20,173,57,005,FR,"Foreign - APO/FPO ZIPs",155,377,4215
20,173,20,177,KS,"Shawnee County",147,290,6847
20,173,06,037,CA,"Los Angeles County",129,276,4829
20,173,40,109,OK,"Oklahoma County",121,234,3528
20,173,20,169,KS,"Saline County",117,215,3513
20,173,40,143,OK,"Tulsa County",111,234,3379
20,173,20,111,KS,"Lyon County",104,214,2727
20,173,20,045,KS,"Douglas County",94,136,2475
20,173,48,201,TX,"Harris County",93,223,5516
20,173,48,113,TX,"Dallas County",92,194,3641
20,173,48,439,TX,"Tarrant County",89,182,3588
20,173,20,095,KS,"Kingman County",88,166,2529
20,173,20,057,KS,"Ford County",87,192,2985
20,173,29,095,MO,"Jackson County",86,146,2962
20,173,04,013,AZ,"Maricopa County",85,180,3706
20,173,20,161,KS,"Riley County",85,139,1806
20,173,20,055,KS,"Finney County",75,171,2771
20,173,06,073,CA,"San Diego County",67,156,1516
20,173,20,113,KS,"Mcpherson County",63,131,2005
20,173,48,029,TX,"Bexar County",56,131,1613
20,173,20,077,KS,"Harper County",55,99,1690
20,173,06,059,CA,"Orange County",54,125,2228
20,173,53,033,WA,"King County",54,104,2367
20,173,20,125,KS,"Montgomery County",52,104,1259
20,173,08,041,CO,"El Paso County",51,110,1376
20,173,20,209,KS,"Wyandotte County",51,94,979
20,173,29,077,MO,"Greene County",50,98,1299
20,173,31,055,NE,"Douglas County",50,111,2193
20,173,17,031,IL,"Cook County",49,103,2121
20,173,29,189,MO,"St Louis County",48,108,2863
20,173,08,059,CO,"Jefferson County",46,107,2342
20,173,20,051,KS,"Ellis County",46,77,1101
20,173,20,175,KS,"Seward County",45,97,1158
20,173,32,003,NV,"Clark County",45,81,1064
20,173,20,037,KS,"Crawford County",43,69,887
20,173,08,031,CO,"Denver County",41,81,1050
20,173,08,005,CO,"Arapahoe County",40,73,1829
20,173,08,001,CO,"Adams County",39,89,1186
20,173,29,047,MO,"Clay County",39,74,1573
20,173,48,141,TX,"El Paso County",39,107,1131
20,173,40,071,OK,"Kay County",38,78,1221
20,173,29,097,MO,"Jasper County",37,65,1104
20,173,31,109,NE,"Lancaster County",37,68,888
20,173,48,453,TX,"Travis County",37,70,1145
20,173,20,009,KS,"Barton County",36,74,1369
20,173,19,153,IA,"Polk County",35,73,1478
20,173,20,115,KS,"Marion County",34,68,1068
20,173,20,073,KS,"Greenwood County",31,57,846
20,173,40,047,OK,"Garfield County",31,59,884
20,173,04,019,AZ,"Pima County",30,71,1288
20,173,20,061,KS,"Geary County",30,75,806
20,173,53,061,WA,"Snohomish County",29,78,1712
20,173,06,071,CA,"San Bernardino Count",28,78,1007
20,173,20,151,KS,"Pratt County",28,60,704
20,173,40,027,OK,"Cleveland County",28,49,901
20,173,53,053,WA,"Pierce County",28,74,850
20,173,06,065,CA,"Riverside County",27,71,665
20,173,13,051,GA,"Chatham County",26,69,1166
20,173,48,121,TX,"Denton County",26,51,1283
20,173,05,119,AR,"Pulaski County",25,50,909
20,173,20,099,KS,"Labette County",25,50,876
20,173,48,085,TX,"Collin County",25,58,1925
20,173,40,119,OK,"Payne County",24,46,646
20,173,05,007,AR,"Benton County",23,44,623
20,173,12,005,FL,"Bay County",23,56,671
20,173,17,163,IL,"St Clair County",23,59,986
20,173,17,043,IL,"Du Page County",22,60,1623
20,173,27,053,MN,"Hennepin County",22,47,1437
20,173,35,001,NM,"Bernalillo County",22,44,567
20,173,05,143,AR,"Washington County",21,47,725
20,173,06,095,CA,"Solano County",21,60,664
20,173,48,303,TX,"Lubbock County",21,48,586
20,173,51,059,VA,"Fairfax County",21,46,1325
20,173,06,029,CA,"Kern County",20,51,676
20,173,06,085,CA,"Santa Clara County",20,49,489
20,173,15,003,HI,"Honolulu County",20,44,758
20,173,47,157,TN,"Shelby County",19,47,1027
20,173,18,097,IN,"Marion County",18,32,493
20,173,20,041,KS,"Dickinson County",18,38,453
20,173,40,147,OK,"Washington County",18,35,707
20,173,42,003,PA,"Allegheny County",18,29,657
20,173,48,355,TX,"Nueces County",18,42,810
20,173,48,441,TX,"Taylor County",18,52,646
20,173,48,485,TX,"Wichita County",18,50,508
20,173,49,035,UT,"Salt Lake County",18,37,649
20,173,20,001,KS,"Allen County",17,42,424
20,173,20,205,KS,"Wilson County",17,32,524
20,173,28,047,MS,"Harrison County",17,49,327
20,173,05,131,AR,"Sebastian County",16,33,690
20,173,06,067,CA,"Sacramento County",16,32,510
20,173,08,069,CO,"Larimer County",16,41,662
20,173,12,031,FL,"Duval County",16,23,442
20,173,12,091,FL,"Okaloosa County",16,33,768
20,173,12,127,FL,"Volusia County",16,28,445
20,173,20,097,KS,"Kiowa County",16,23,408
20,173,20,103,KS,"Leavenworth County",15,32,410
20,173,20,149,KS,"Pottawatomie County",15,32,357
20,173,20,159,KS,"Rice County",15,37,253
20,173,25,017,MA,"Middlesex County",15,28,828
20,173,29,101,MO,"Johnson County",15,47,558
20,173,29,183,MO,"St Charles County",15,32,1150
20,173,29,510,MO,"St Louis",15,22,313
20,173,39,035,OH,"Cuyahoga County",15,22,435
20,173,48,215,TX,"Hidalgo County",15,31,396
20,173,51,810,VA,"Virginia Beach",15,31,287
20,173,06,001,CA,"Alameda County",14,29,784
20,173,12,025,FL,"Dade County",14,26,338
20,173,12,057,FL,"Hillsborough County",14,34,757
20,173,20,007,KS,"Barber County",14,26,275
20,173,20,133,KS,"Neosho County",14,31,377
20,173,21,111,KY,"Jefferson County",14,31,914
20,173,29,165,MO,"Platte County",14,25,543
20,173,31,079,NE,"Hall County",14,33,486
20,173,31,153,NE,"Sarpy County",14,32,637
20,173,40,065,OK,"Jackson County",14,37,462
20,173,47,037,TN,"Davidson County",14,30,704
20,173,12,095,FL,"Orange County",13,25,315
20,173,20,031,KS,"Coffey County",13,26,300
20,173,20,049,KS,"Elk County",13,29,472
20,173,20,117,KS,"Marshall County",13,20,368
20,173,20,143,KS,"Ottawa County",13,20,372
20,173,20,193,KS,"Thomas County",13,33,347
20,173,22,033,LA,"East Baton Rouge Par",13,32,530
20,173,37,119,NC,"Mecklenburg County",13,27,489
20,173,48,375,TX,"Potter County",13,35,362
20,173,53,063,WA,"Spokane County",13,30,776
20,173,19,193,IA,"Woodbury County",12,19,406
20,173,32,031,NV,"Washoe County",12,22,266
20,173,38,035,ND,"Grand Forks County",12,25,368
20,173,39,049,OH,"Franklin County",12,23,325
20,173,40,017,OK,"Canadian County",12,37,779
20,173,42,101,PA,"Philadelphia County",12,23,315
20,173,02,020,AK,"Anchorage Borough",11,31,295
20,173,08,123,CO,"Weld County",11,24,219
20,173,12,033,FL,"Escambia County",11,31,269
20,173,13,067,GA,"Cobb County",11,30,782
20,173,13,135,GA,"Gwinnett County",11,32,551
20,173,20,011,KS,"Bourbon County",11,20,317
20,173,20,139,KS,"Osage County",11,28,362
20,173,29,019,MO,"Boone County",11,21,345
20,173,35,035,NM,"Otero County",11,26,251
20,173,36,061,NY,"New York County",11,18,724
20,173,41,051,OR,"Multnomah County",11,20,224
20,173,48,027,TX,"Bell County",11,22,485
20,173,48,167,TX,"Galveston County",11,33,715
20,173,06,019,CA,"Fresno County",10,19,226
20,173,08,013,CO,"Boulder County",10,19,198
20,173,12,071,FL,"Lee County",10,20,324
20,173,12,103,FL,"Pinellas County",10,20,99
20,173,17,097,IL,"Lake County",10,24,459
20,173,19,103,IA,"Johnson County",10,19,502
20,173,19,113,IA,"Linn County",10,32,638
20,173,20,021,KS,"Cherokee County",10,18,168
20,173,20,047,KS,"Edwards County",10,14,249
20,173,20,059,KS,"Franklin County",10,26,232
20,173,20,123,KS,"Mitchell County",10,20,271
20,173,20,163,KS,"Rooks County",10,18,243
20,173,29,043,MO,"Christian County",10,15,233
20,173,35,005,NM,"Chaves County",10,26,148
20,173,36,059,NY,"Nassau County",10,17,675
20,173,40,113,OK,"Osage County",10,21,227
20,173,46,103,SD,"Pennington County",10,27,386
20,173,48,309,TX,"Mclennan County",10,24,378
20,173,48,339,TX,"Montgomery County",10,29,2098
20,173,48,423,TX,"Smith County",10,19,254
20,173,51,153,VA,"Prince William Count",10,26,580
20,173,55,025,WI,"Dane County",10,26,491
20,173,58,000,SS,"Other Flows - Same State",236,430,7043
20,173,59,000,DS,"Other Flows - Diff State",2550,5524,107166
20,173,59,001,DS,"Other Flows - Northeast",248,511,12871
20,173,59,003,DS,"Other Flows - Midwest",762,1577,27022
20,173,59,005,DS,"Other Flows - South",1119,2479,54225
20,173,59,007,DS,"Other Flows - West",421,957,13049
20,173,57,009,FR,"Foreign - Other flows",256,311,2799
20,175,96,000,KS,"Seward County Tot Mig-US & For",613,1424,13823
20,175,97,000,KS,"Seward County Tot Mig-US",613,1424,13823
20,175,97,001,KS,"Seward County Tot Mig-Same St",198,418,4663
20,175,97,003,KS,"Seward County Tot Mig-Diff St",415,1006,9160
20,175,20,175,KS,"Seward County Non-Migrants",6113,15751,237872
20,175,20,055,KS,"Finney County",69,125,948
20,175,40,139,OK,"Texas County",46,93,1070
20,175,40,007,OK,"Beaver County",28,55,819
20,175,20,057,KS,"Ford County",17,54,237
20,175,48,141,TX,"El Paso County",15,51,186
20,175,20,119,KS,"Meade County",12,31,282
20,175,20,173,KS,"Sedgwick County",12,22,478
20,175,06,037,CA,"Los Angeles County",11,37,229
20,175,48,375,TX,"Potter County",11,20,121
20,175,58,000,SS,"Other Flows - Same State",88,186,2717
20,175,59,000,DS,"Other Flows - Diff State",304,750,6736
20,177,96,000,KS,"Shawnee County Tot Mig-US & For",3441,6555,111441
20,177,97,000,KS,"Shawnee County Tot Mig-US",3415,6505,110542
20,177,97,001,KS,"Shawnee County Tot Mig-Same St",1800,3273,49310
20,177,97,003,KS,"Shawnee County Tot Mig-Diff St",1615,3232,61232
20,177,98,000,KS,"Shawnee County Tot Mig-Foreign",26,50,899
20,177,20,177,KS,"Shawnee County Non-Migrants",58258,125701,2514739
20,177,20,045,KS,"Douglas County",190,310,5295
20,177,20,139,KS,"Osage County",167,332,4254
20,177,20,085,KS,"Jackson County",156,294,3945
20,177,20,087,KS,"Jefferson County",134,253,3831
20,177,20,091,KS,"Johnson County",124,201,4469
20,177,20,161,KS,"Riley County",116,214,2945
20,177,20,173,KS,"Sedgwick County",110,215,3676
20,177,20,111,KS,"Lyon County",72,126,1634
20,177,29,095,MO,"Jackson County",71,119,2064
20,177,20,149,KS,"Pottawatomie County",65,114,1711
20,177,20,197,KS,"Wabaunsee County",49,94,1363
20,177,20,061,KS,"Geary County",42,80,759
20,177,20,209,KS,"Wyandotte County",40,71,951
20,177,20,169,KS,"Saline County",33,60,1186
20,177,31,109,NE,"Lancaster County",30,58,1107
20,177,20,131,KS,"Nemaha County",29,44,664
20,177,29,047,MO,"Clay County",27,38,800
20,177,08,005,CO,"Arapahoe County",26,50,1525
20,177,20,103,KS,"Leavenworth County",26,57,608
20,177,20,155,KS,"Reno County",25,49,1224
20,177,20,059,KS,"Franklin County",23,46,518
20,177,06,037,CA,"Los Angeles County",22,43,584
20,177,20,005,KS,"Atchison County",22,39,533
20,177,04,013,AZ,"Maricopa County",21,36,535
20,177,20,037,KS,"Crawford County",20,37,510
20,177,29,165,MO,"Platte County",19,38,900
20,177,32,003,NV,"Clark County",19,31,815
20,177,08,031,CO,"Denver County",18,36,631
20,177,20,051,KS,"Ellis County",18,29,611
20,177,29,189,MO,"St Louis County",18,31,897
20,177,08,041,CO,"El Paso County",17,40,439
20,177,17,031,IL,"Cook County",17,28,603
20,177,20,009,KS,"Barton County",17,22,370
20,177,20,117,KS,"Marshall County",17,36,418
20,177,48,439,TX,"Tarrant County",17,36,883
20,177,40,109,OK,"Oklahoma County",16,30,381
20,177,20,031,KS,"Coffey County",15,22,426
20,177,29,065,MO,"Dent County",15,26,492
20,177,31,055,NE,"Douglas County",15,25,515
20,177,38,017,ND,"Cass County",15,36,950
20,177,20,041,KS,"Dickinson County",14,24,345
20,177,20,113,KS,"Mcpherson County",14,19,370
20,177,20,163,KS,"Rooks County",14,24,271
20,177,29,021,MO,"Buchanan County",14,26,371
20,177,57,005,FR,"Foreign - APO/FPO ZIPs",14,30,280
20,177,20,013,KS,"Brown County",13,16,217
20,177,08,035,CO,"Douglas County",12,31,962
20,177,20,035,KS,"Cowley County",12,32,320
20,177,20,125,KS,"Montgomery County",12,21,341
20,177,29,183,MO,"St Charles County",12,19,412
20,177,49,035,UT,"Salt Lake County",12,30,443
20,177,06,071,CA,"San Bernardino Count",11,23,236
20,177,06,073,CA,"San Diego County",11,21,325
20,177,20,011,KS,"Bourbon County",11,21,273
20,177,20,079,KS,"Harvey County",11,16,280
20,177,29,077,MO,"Greene County",11,16,266
20,177,47,157,TN,"Shelby County",11,17,388
20,177,48,201,TX,"Harris County",11,16,428
20,177,04,019,AZ,"Pima County",10,15,278
20,177,06,059,CA,"Orange County",10,20,576
20,177,08,059,CO,"Jefferson County",10,17,472
20,177,19,153,IA,"Polk County",10,16,274
20,177,20,057,KS,"Ford County",10,17,336
20,177,20,127,KS,"Morris County",10,15,220
20,177,48,027,TX,"Bell County",10,26,260
20,177,58,000,SS,"Other Flows - Same State",169,323,4437
20,177,59,000,DS,"Other Flows - Diff State",1077,2238,41421
20,177,59,001,DS,"Other Flows - Northeast",77,141,5518
20,177,59,003,DS,"Other Flows - Midwest",374,807,13676
20,177,59,005,DS,"Other Flows - South",419,861,15837
20,177,59,007,DS,"Other Flows - West",207,429,6390
20,177,57,009,FR,"Foreign - Other flows",12,20,620
20,179,96,000,KS,"Sheridan County Tot Mig-US & For",66,149,1717
20,179,97,000,KS,"Sheridan County Tot Mig-US",66,149,1717
20,179,97,001,KS,"Sheridan County Tot Mig-Same St",43,99,949
20,179,97,003,KS,"Sheridan County Tot Mig-Diff St",23,50,769
20,179,20,179,KS,"Sheridan County Non-Migrants",1001,2411,33200
20,179,58,000,SS,"Other Flows - Same State",43,99,949
20,179,59,000,DS,"Other Flows - Diff State",23,50,769
20,181,96,000,KS,"Sherman County Tot Mig-US & For",205,469,5183
20,181,97,000,KS,"Sherman County Tot Mig-US",205,469,5183
20,181,97,001,KS,"Sherman County Tot Mig-Same St",87,180,1952
20,181,97,003,KS,"Sherman County Tot Mig-Diff St",118,289,3231
20,181,20,181,KS,"Sherman County Non-Migrants",2078,4798,68336
20,181,20,193,KS,"Thomas County",17,38,535
20,181,08,041,CO,"El Paso County",12,28,451
20,181,58,000,SS,"Other Flows - Same State",70,142,1417
20,181,59,000,DS,"Other Flows - Diff State",106,261,2780
20,183,96,000,KS,"Smith County Tot Mig-US & For",77,173,2020
20,183,97,000,KS,"Smith County Tot Mig-US",77,173,2020
20,183,97,001,KS,"Smith County Tot Mig-Same St",48,118,1405
20,183,97,003,KS,"Smith County Tot Mig-Diff St",29,55,615
20,183,20,183,KS,"Smith County Non-Migrants",1527,3373,42007
20,183,58,000,SS,"Other Flows - Same State",48,118,1405
20,183,59,000,DS,"Other Flows - Diff State",29,55,615
20,185,96,000,KS,"Stafford County Tot Mig-US & For",93,238,1983
20,185,97,000,KS,"Stafford County Tot Mig-US",93,238,1983
20,185,97,001,KS,"Stafford County Tot Mig-Same St",66,171,1760
20,185,97,003,KS,"Stafford County Tot Mig-Diff St",27,67,223
20,185,20,185,KS,"Stafford County Non-Migrants",1632,3791,54530
20,185,20,009,KS,"Barton County",15,39,377
20,185,20,155,KS,"Reno County",14,24,264
20,185,58,000,SS,"Other Flows - Same State",37,108,1118
20,185,59,000,DS,"Other Flows - Diff State",27,67,223
20,187,96,000,KS,"Stanton County Tot Mig-US & For",60,133,1508
20,187,97,000,KS,"Stanton County Tot Mig-US",60,133,1508
20,187,97,001,KS,"Stanton County Tot Mig-Same St",23,50,643
20,187,97,003,KS,"Stanton County Tot Mig-Diff St",37,83,865
20,187,20,187,KS,"Stanton County Non-Migrants",732,1847,31584
20,187,58,000,SS,"Other Flows - Same State",23,50,643
20,187,59,000,DS,"Other Flows - Diff State",37,83,865
20,189,96,000,KS,"Stevens County Tot Mig-US & For",127,318,3001
20,189,97,000,KS,"Stevens County Tot Mig-US",127,318,3001
20,189,97,001,KS,"Stevens County Tot Mig-Same St",69,167,1822
20,189,97,003,KS,"Stevens County Tot Mig-Diff St",58,151,1179
20,189,20,189,KS,"Stevens County Non-Migrants",1678,4173,75917
20,189,20,129,KS,"Morton County",12,29,388
20,189,20,067,KS,"Grant County",10,23,522
20,189,20,175,KS,"Seward County",10,23,179
20,189,58,000,SS,"Other Flows - Same State",37,92,734
20,189,59,000,DS,"Other Flows - Diff State",58,151,1179
20,191,96,000,KS,"Sumner County Tot Mig-US & For",585,1305,16611
20,191,97,000,KS,"Sumner County Tot Mig-US",585,1305,16611
20,191,97,001,KS,"Sumner County Tot Mig-Same St",414,923,12305
20,191,97,003,KS,"Sumner County Tot Mig-Diff St",171,382,4306
20,191,20,191,KS,"Sumner County Non-Migrants",7410,18152,302197
20,191,20,173,KS,"Sedgwick County",222,524,7431
20,191,20,035,KS,"Cowley County",49,110,1267
20,191,20,015,KS,"Butler County",25,67,885
20,191,58,000,SS,"Other Flows - Same State",118,222,2722
20,191,59,000,DS,"Other Flows - Diff State",171,382,4306
20,193,96,000,KS,"Thomas County Tot Mig-US & For",218,444,5795
20,193,97,000,KS,"Thomas County Tot Mig-US",218,444,5795
20,193,97,001,KS,"Thomas County Tot Mig-Same St",134,274,3807
20,193,97,003,KS,"Thomas County Tot Mig-Diff St",84,170,1987
20,193,20,193,KS,"Thomas County Non-Migrants",2505,6031,91809
20,193,20,153,KS,"Rawlins County",15,27,260
20,193,20,109,KS,"Logan County",12,28,276
20,193,20,051,KS,"Ellis County",10,21,297
20,193,20,179,KS,"Sheridan County",10,36,931
20,193,20,181,KS,"Sherman County",10,21,255
20,193,58,000,SS,"Other Flows - Same State",77,141,1788
20,193,59,000,DS,"Other Flows - Diff State",84,170,1987
20,195,96,000,KS,"Trego County Tot Mig-US & For",61,120,1429
20,195,97,000,KS,"Trego County Tot Mig-US",61,120,1429
20,195,97,001,KS,"Trego County Tot Mig-Same St",44,83,983
20,195,97,003,KS,"Trego County Tot Mig-Diff St",17,37,447
20,195,20,195,KS,"Trego County Non-Migrants",1142,2594,34638
20,195,20,051,KS,"Ellis County",13,31,263
20,195,58,000,SS,"Other Flows - Same State",31,52,719
20,195,59,000,DS,"Other Flows - Diff State",17,37,447
20,197,96,000,KS,"Wabaunsee Count Tot Mig-US & For",153,308,4329
20,197,97,000,KS,"Wabaunsee Count Tot Mig-US",153,308,4329
20,197,20,197,KS,"Wabaunsee Count Non-Migrants",2090,4988,73342
20,199,96,000,KS,"Wallace County Tot Mig-US & For",43,86,919
20,199,97,000,KS,"Wallace County Tot Mig-US",43,86,919
20,199,97,001,KS,"Wallace County Tot Mig-Same St",26,51,499
20,199,97,003,KS,"Wallace County Tot Mig-Diff St",17,35,420
20,199,20,199,KS,"Wallace County Non-Migrants",608,1544,19740
20,199,58,000,SS,"Other Flows - Same State",26,51,499
20,199,59,000,DS,"Other Flows - Diff State",17,35,420
20,201,96,000,KS,"Washington Coun Tot Mig-US & For",81,181,1748
20,201,97,000,KS,"Washington Coun Tot Mig-US",81,181,1748
20,201,97,001,KS,"Washington Coun Tot Mig-Same St",53,114,1306
20,201,97,003,KS,"Washington Coun Tot Mig-Diff St",28,67,442
20,201,20,201,KS,"Washington Coun Non-Migrants",2245,5127,64063
20,201,58,000,SS,"Other Flows - Same State",53,114,1306
20,201,59,000,DS,"Other Flows - Diff State",28,67,442
20,203,96,000,KS,"Wichita County Tot Mig-US & For",62,147,1540
20,203,97,000,KS,"Wichita County Tot Mig-US",62,147,1540
20,203,97,001,KS,"Wichita County Tot Mig-Same St",41,91,1158
20,203,97,003,KS,"Wichita County Tot Mig-Diff St",21,56,382
20,203,20,203,KS,"Wichita County Non-Migrants",850,2163,29545
20,203,58,000,SS,"Other Flows - Same State",41,91,1158
20,203,59,000,DS,"Other Flows - Diff State",21,56,382
20,205,96,000,KS,"Wilson County Tot Mig-US & For",223,511,5032
20,205,97,000,KS,"Wilson County Tot Mig-US",223,511,5032
20,205,97,001,KS,"Wilson County Tot Mig-Same St",146,322,3071
20,205,97,003,KS,"Wilson County Tot Mig-Diff St",77,189,1961
20,205,20,205,KS,"Wilson County Non-Migrants",2958,6882,96068
20,205,20,125,KS,"Montgomery County",38,85,746
20,205,20,133,KS,"Neosho County",23,51,461
20,205,20,173,KS,"Sedgwick County",18,46,425
20,205,58,000,SS,"Other Flows - Same State",67,140,1439
20,205,59,000,DS,"Other Flows - Diff State",77,189,1961
20,207,96,000,KS,"Woodson County Tot Mig-US & For",101,209,2404
20,207,97,000,KS,"Woodson County Tot Mig-US",101,209,2404
20,207,97,001,KS,"Woodson County Tot Mig-Same St",76,170,1941
20,207,97,003,KS,"Woodson County Tot Mig-Diff St",25,39,463
20,207,20,207,KS,"Woodson County Non-Migrants",1162,2613,34096
20,207,20,001,KS,"Allen County",16,47,311
20,207,20,133,KS,"Neosho County",10,20,181
20,207,58,000,SS,"Other Flows - Same State",50,103,1449
20,207,59,000,DS,"Other Flows - Diff State",25,39,463
20,209,96,000,KS,"Wyandotte Count Tot Mig-US & For",3878,7354,91244
20,209,97,000,KS,"Wyandotte Count Tot Mig-US",3843,7303,90754
20,209,97,001,KS,"Wyandotte Count Tot Mig-Same St",1701,3051,44138
20,209,97,003,KS,"Wyandotte Count Tot Mig-Diff St",2142,4252,46616
20,209,98,000,KS,"Wyandotte Count Tot Mig-Foreign",35,51,490
20,209,20,209,KS,"Wyandotte Count Non-Migrants",47577,104216,1517410
20,209,20,091,KS,"Johnson County",1130,2003,30622
20,209,29,095,MO,"Jackson County",792,1492,16954
20,209,29,047,MO,"Clay County",158,282,4207
20,209,20,103,KS,"Leavenworth County",150,319,4138
20,209,20,045,KS,"Douglas County",81,117,1715
20,209,29,165,MO,"Platte County",62,104,1552
20,209,20,173,KS,"Sedgwick County",53,86,1248
20,209,20,177,KS,"Shawnee County",52,90,1361
20,209,06,037,CA,"Los Angeles County",41,126,629
20,209,29,037,MO,"Cass County",28,51,542
20,209,20,161,KS,"Riley County",23,38,413
20,209,20,121,KS,"Miami County",20,45,413
20,209,48,113,TX,"Dallas County",19,29,274
20,209,17,031,IL,"Cook County",18,33,339
20,209,57,005,FR,"Foreign - APO/FPO ZIPs",18,34,340
20,209,20,111,KS,"Lyon County",17,29,329
20,209,48,141,TX,"El Paso County",17,46,166
20,209,04,013,AZ,"Maricopa County",16,30,299
20,209,20,059,KS,"Franklin County",15,26,359
20,209,20,107,KS,"Linn County",15,32,252
20,209,31,055,NE,"Douglas County",15,32,432
20,209,29,101,MO,"Johnson County",14,28,292
20,209,29,021,MO,"Buchanan County",13,37,562
20,209,48,439,TX,"Tarrant County",13,25,485
20,209,29,077,MO,"Greene County",12,26,183
20,209,40,143,OK,"Tulsa County",12,21,305
20,209,20,037,KS,"Crawford County",11,20,218
20,209,29,019,MO,"Boone County",11,17,186
20,209,29,189,MO,"St Louis County",11,16,268
20,209,48,201,TX,"Harris County",11,27,180
20,209,06,071,CA,"San Bernardino Count",10,14,177
20,209,06,073,CA,"San Diego County",10,31,144
20,209,19,153,IA,"Polk County",10,20,188
20,209,58,000,SS,"Other Flows - Same State",134,246,3069
20,209,59,000,DS,"Other Flows - Diff State",849,1765,18253
20,209,59,001,DS,"Other Flows - Northeast",40,72,1135
20,209,59,003,DS,"Other Flows - Midwest",302,607,6501
20,209,59,005,DS,"Other Flows - South",315,638,6605
20,209,59,007,DS,"Other Flows - West",192,448,4012
20,209,57,009,FR,"Foreign - Other flows",17,17,149
