"1999 - 2000 County to County Migration Outflow",,,,,,,,
"(Aggregate money amounts are in thousands of dollars)",,,,,,,,
,,,,,,,,
,,,,,,,,
"Migration from",,"Migration into",,,,Number,Number,Aggregate
Maryland,,,,,,of,of,adjusted
State,County,State,County,State,"State totals, county totals,",returns,exemptions,gross
"FIPS Code",,,,,"and county by county detail",,,income
24,000,96,000,MD,"Total Mig - US & For",150764,280559,7054418
24,000,97,000,MD,"Total Mig - US",147743,274317,6933821
24,000,97,001,MD,"Total Mig - US Same St",76563,142968,3254004
24,000,97,003,MD,"Total Mig - US Diff St",71180,131349,3679816
24,000,98,000,MD,"Total Mig - Foreign",3021,6242,120597
24,001,96,000,MD,"Allegany County Tot Mig-US & For",1197,2216,41410
24,001,97,000,MD,"Allegany County Tot Mig-US",1182,2195,41122
24,001,97,001,MD,"Allegany County Tot Mig-Same St",323,541,10507
24,001,97,003,MD,"Allegany County Tot Mig-Diff St",859,1654,30615
24,001,98,000,MD,"Allegany County Tot Mig-Foreign",15,21,288
24,001,24,001,MD,"Allegany County Non-Migrants",24629,52999,914188
24,001,54,057,WV,"Mineral County",144,326,4187
24,001,24,043,MD,"Washington County",74,112,2021
24,001,24,023,MD,"Garrett County",61,130,2553
24,001,24,005,MD,"Baltimore County",37,53,1012
24,001,42,009,PA,"Bedford County",37,82,1209
24,001,24,021,MD,"Frederick County",35,63,1248
24,001,24,031,MD,"Montgomery County",27,45,1454
24,001,54,027,WV,"Hampshire County",24,49,569
24,001,24,003,MD,"Anne Arundel County",23,37,882
24,001,54,003,WV,"Berkeley County",19,41,590
24,001,39,153,OH,"Summit County",17,39,1357
24,001,45,051,SC,"Horry County",16,27,604
24,001,24,510,MD,Baltimore,15,22,218
24,001,39,151,OH,"Stark County",15,49,1580
24,001,51,069,VA,"Frederick County",15,26,445
24,001,24,033,MD,"Prince George's Coun",14,17,346
24,001,42,111,PA,"Somerset County",13,26,-101
24,001,54,065,WV,"Morgan County",13,28,311
24,001,42,003,PA,"Allegheny County",12,18,421
24,001,42,055,PA,"Franklin County",12,19,283
24,001,54,061,WV,"Monongalia County",12,15,298
24,001,24,047,MD,"Worcester County",10,16,191
24,001,54,023,WV,"Grant County",10,22,251
24,001,58,000,SS,"Other Flows - Same State",27,46,581
24,001,59,000,DS,"Other Flows - Diff State",500,887,18611
24,001,59,001,DS,"Other Flows - Northeast",107,205,4299
24,001,59,003,DS,"Other Flows - Midwest",72,117,2896
24,001,59,005,DS,"Other Flows - South",268,472,9789
24,001,59,007,DS,"Other Flows - West",53,93,1628
24,001,57,009,FR,"Foreign - Other flows",15,21,288
24,003,96,000,MD,"Anne Arundel Co Tot Mig-US & For",15083,28507,734151
24,003,97,000,MD,"Anne Arundel Co Tot Mig-US",14575,27403,709560
24,003,97,001,MD,"Anne Arundel Co Tot Mig-Same St",7296,13370,335055
24,003,97,003,MD,"Anne Arundel Co Tot Mig-Diff St",7279,14033,374504
24,003,98,000,MD,"Anne Arundel Co Tot Mig-Foreign",508,1104,24591
24,003,24,003,MD,"Anne Arundel Co Non-Migrants",178847,388569,11119984
24,003,24,005,MD,"Baltimore County",1435,2387,63062
24,003,24,033,MD,"Prince George's Coun",1318,2401,50412
24,003,24,510,MD,Baltimore,1067,1813,32091
24,003,24,027,MD,"Howard County",1015,1886,48651
24,003,24,031,MD,"Montgomery County",477,786,30314
24,003,57,005,FR,"Foreign - APO/FPO ZIPs",437,968,17421
24,003,24,035,MD,"Queen Anne's County",381,767,23393
24,003,24,009,MD,"Calvert County",338,765,17932
24,003,24,013,MD,"Carroll County",270,626,15804
24,003,51,059,VA,"Fairfax County",267,463,15011
24,003,11,001,DC,"District Of Columbia",216,306,10155
24,003,24,025,MD,"Harford County",163,308,8384
24,003,24,017,MD,"Charles County",125,258,5446
24,003,24,021,MD,"Frederick County",124,274,7188
24,003,06,073,CA,"San Diego County",119,241,4396
24,003,24,047,MD,"Worcester County",119,227,10357
24,003,12,033,FL,"Escambia County",115,151,2650
24,003,24,011,MD,"Caroline County",111,208,3926
24,003,10,005,DE,"Sussex County",99,173,5188
24,003,15,003,HI,"Honolulu County",90,213,4275
24,003,51,153,VA,"Prince William Count",84,171,4039
24,003,06,037,CA,"Los Angeles County",81,117,3343
24,003,51,013,VA,"Arlington County",81,106,4435
24,003,51,107,VA,"Loudoun County",78,163,6238
24,003,51,810,VA,"Virginia Beach",74,157,3181
24,003,51,510,VA,Alexandria,69,91,3791
24,003,48,029,TX,"Bexar County",68,153,3278
24,003,04,013,AZ,"Maricopa County",66,132,4117
24,003,24,041,MD,"Talbot County",64,120,6732
24,003,24,037,MD,"St Mary's County",63,127,2377
24,003,42,133,PA,"York County",62,159,3401
24,003,45,019,SC,"Charleston County",59,83,2025
24,003,37,051,NC,"Cumberland County",55,111,1853
24,003,12,011,FL,"Broward County",54,105,2822
24,003,12,031,FL,"Duval County",54,123,2901
24,003,44,005,RI,"Newport County",53,69,1363
24,003,12,057,FL,"Hillsborough County",52,94,1985
24,003,17,031,IL,"Cook County",51,90,3840
24,003,36,061,NY,"New York County",51,56,3945
24,003,24,045,MD,"Wicomico County",50,90,1636
24,003,48,355,TX,"Nueces County",50,56,899
24,003,12,103,FL,"Pinellas County",48,85,2340
24,003,24,043,MD,"Washington County",46,92,1773
24,003,12,009,FL,"Brevard County",44,89,2426
24,003,37,133,NC,"Onslow County",42,89,1048
24,003,42,003,PA,"Allegheny County",41,83,2140
24,003,10,003,DE,"New Castle County",39,73,1992
24,003,37,119,NC,"Mecklenburg County",39,68,2386
24,003,25,017,MA,"Middlesex County",38,67,1832
24,003,37,183,NC,"Wake County",38,101,2437
24,003,12,071,FL,"Lee County",37,62,3083
24,003,12,095,FL,"Orange County",37,65,2569
24,003,06,059,CA,"Orange County",36,76,3014
24,003,08,041,CO,"El Paso County",36,73,1782
24,003,12,099,FL,"Palm Beach County",36,70,2732
24,003,24,029,MD,"Kent County",36,66,1867
24,003,48,201,TX,"Harris County",36,61,1792
24,003,42,101,PA,"Philadelphia County",34,55,1168
24,003,53,033,WA,"King County",34,68,2150
24,003,54,003,WV,"Berkeley County",34,72,1336
24,003,42,017,PA,"Bucks County",33,58,2211
24,003,42,091,PA,"Montgomery County",33,51,1679
24,003,51,179,VA,"Stafford County",32,57,1156
24,003,45,015,SC,"Berkeley County",30,38,779
24,003,51,710,VA,Norfolk,30,46,816
24,003,06,053,CA,"Monterey County",29,48,862
24,003,24,001,MD,"Allegany County",29,44,887
24,003,24,015,MD,"Cecil County",29,56,1200
24,003,34,005,NJ,"Burlington County",29,55,1465
24,003,42,029,PA,"Chester County",29,66,2655
24,003,48,113,TX,"Dallas County",29,53,1400
24,003,48,439,TX,"Tarrant County",29,49,1140
24,003,13,121,GA,"Fulton County",28,48,1517
24,003,13,135,GA,"Gwinnett County",28,70,1357
24,003,42,001,PA,"Adams County",27,57,1250
24,003,12,025,FL,"Dade County",26,50,1420
24,003,13,089,GA,"De Kalb County",26,38,2206
24,003,32,003,NV,"Clark County",26,43,966
24,003,48,453,TX,"Travis County",26,37,2318
24,003,06,085,CA,"Santa Clara County",25,43,1851
24,003,08,013,CO,"Boulder County",25,31,1037
24,003,09,001,CT,"Fairfield County",25,59,3729
24,003,42,045,PA,"Delaware County",25,44,1377
24,003,51,177,VA,"Spotsylvania County",25,59,1037
24,003,51,087,VA,"Henrico County",24,40,1104
24,003,06,001,CA,"Alameda County",23,42,2151
24,003,12,101,FL,"Pasco County",23,41,838
24,003,12,127,FL,"Volusia County",23,45,951
24,003,13,067,GA,"Cobb County",23,50,1234
24,003,08,005,CO,"Arapahoe County",22,43,1186
24,003,12,069,FL,"Lake County",22,39,1111
24,003,42,043,PA,"Dauphin County",22,46,735
24,003,45,051,SC,"Horry County",22,42,846
24,003,04,019,AZ,"Pima County",21,41,912
24,003,12,021,FL,"Collier County",21,44,2279
24,003,12,115,FL,"Sarasota County",21,34,1601
24,003,06,071,CA,"San Bernardino Count",20,42,644
24,003,12,117,FL,"Seminole County",20,40,1253
24,003,26,125,MI,"Oakland County",20,36,2005
24,003,42,041,PA,"Cumberland County",20,46,996
24,003,48,451,TX,"Tom Green County",20,56,723
24,003,51,041,VA,"Chesterfield County",20,45,1077
24,003,12,015,FL,"Charlotte County",19,34,1696
24,003,12,087,FL,"Monroe County",19,32,3136
24,003,36,059,NY,"Nassau County",19,34,1242
24,003,45,045,SC,"Greenville County",19,39,1137
24,003,48,027,TX,"Bell County",19,47,694
24,003,53,053,WA,"Pierce County",19,45,740
24,003,04,003,AZ,"Cochise County",18,51,735
24,003,06,075,CA,"San Francisco County",18,20,656
24,003,08,059,CO,"Jefferson County",18,21,979
24,003,25,025,MA,"Suffolk County",18,25,1569
24,003,34,007,NJ,"Camden County",18,36,1393
24,003,36,047,NY,"Kings County",18,24,503
24,003,36,055,NY,"Monroe County",18,46,802
24,003,45,079,SC,"Richland County",18,40,853
24,003,48,085,TX,"Collin County",18,48,1362
24,003,12,109,FL,"St Johns County",17,26,861
24,003,17,043,IL,"Du Page County",17,42,1373
24,003,21,111,KY,"Jefferson County",17,35,1284
24,003,36,103,NY,"Suffolk County",17,29,731
24,003,48,141,TX,"El Paso County",17,50,533
24,003,06,065,CA,"Riverside County",16,32,740
24,003,10,001,DE,"Kent County",16,29,575
24,003,13,179,GA,"Liberty County",16,36,372
24,003,24,019,MD,"Dorchester County",16,27,564
24,003,25,021,MA,"Norfolk County",16,28,543
24,003,34,023,NJ,"Middlesex County",16,29,953
24,003,42,071,PA,"Lancaster County",16,38,923
24,003,51,650,VA,Hampton,16,29,545
24,003,53,061,WA,"Snohomish County",16,32,603
24,003,06,067,CA,"Sacramento County",15,28,558
24,003,09,003,CT,"Hartford County",15,18,542
24,003,12,061,FL,"Indian River County",15,30,767
24,003,23,005,ME,"Cumberland County",15,31,883
24,003,27,053,MN,"Hennepin County",15,32,1366
24,003,33,011,NH,"Hillsborough County",15,35,1122
24,003,33,015,NH,"Rockingham County",15,26,880
24,003,36,029,NY,"Erie County",15,30,895
24,003,37,019,NC,"Brunswick County",15,30,1325
24,003,39,049,OH,"Franklin County",15,31,784
24,003,47,157,TN,"Shelby County",15,30,1327
24,003,51,550,VA,Chesapeake,15,41,935
24,003,54,037,WV,"Jefferson County",15,35,708
24,003,54,065,WV,"Morgan County",15,26,553
24,003,12,019,FL,"Clay County",14,29,554
24,003,12,105,FL,"Polk County",14,30,472
24,003,13,063,GA,"Clayton County",14,26,367
24,003,13,245,GA,"Richmond County",14,30,618
24,003,25,027,MA,"Worcester County",14,28,645
24,003,36,081,NY,"Queens County",14,20,435
24,003,37,049,NC,"Craven County",14,24,851
24,003,37,055,NC,"Dare County",14,27,374
24,003,51,003,VA,"Albemarle County",14,20,1160
24,003,51,700,VA,"Newport News",14,23,441
24,003,57,003,FR,"Foreign - Puerto Rico",14,33,861
24,003,08,031,CO,"Denver County",13,17,754
24,003,12,017,FL,"Citrus County",13,25,735
24,003,17,097,IL,"Lake County",13,29,787
24,003,21,047,KY,"Christian County",13,30,219
24,003,37,081,NC,"Guilford County",13,17,467
24,003,42,011,PA,"Berks County",13,25,714
24,003,42,055,PA,"Franklin County",13,31,851
24,003,51,740,VA,Portsmouth,13,25,427
24,003,53,067,WA,"Thurston County",13,39,529
24,003,06,013,CA,"Contra Costa County",12,21,472
24,003,06,111,CA,"Ventura County",12,35,672
24,003,09,011,CT,"New London County",12,19,429
24,003,12,081,FL,"Manatee County",12,22,780
24,003,12,083,FL,"Marion County",12,21,577
24,003,13,073,GA,"Columbia County",12,34,871
24,003,29,189,MO,"St Louis County",12,32,1447
24,003,32,031,NV,"Washoe County",12,24,520
24,003,34,001,NJ,"Atlantic County",12,23,398
24,003,34,003,NJ,"Bergen County",12,27,1542
24,003,34,017,NJ,"Hudson County",12,15,542
24,003,34,021,NJ,"Mercer County",12,19,567
24,003,34,025,NJ,"Monmouth County",12,26,776
24,003,36,071,NY,"Orange County",12,15,570
24,003,37,129,NC,"New Hanover County",12,19,294
24,003,40,031,OK,"Comanche County",12,29,486
24,003,47,037,TN,"Davidson County",12,20,845
24,003,48,121,TX,"Denton County",12,23,731
24,003,51,061,VA,"Fauquier County",12,26,594
24,003,51,760,VA,Richmond,12,18,614
24,003,02,020,AK,"Anchorage Borough",11,26,498
24,003,12,113,FL,"Santa Rosa County",11,19,516
24,003,13,215,GA,"Muscogee County",11,32,588
24,003,21,093,KY,"Hardin County",11,31,359
24,003,34,027,NJ,"Morris County",11,21,1232
24,003,34,035,NJ,"Somerset County",11,23,941
24,003,36,067,NY,"Onondaga County",11,21,379
24,003,36,119,NY,"Westchester County",11,14,715
24,003,42,013,PA,"Blair County",11,17,304
24,003,42,027,PA,"Centre County",11,24,866
24,003,49,035,UT,"Salt Lake County",11,19,405
24,003,01,089,AL,"Madison County",10,24,705
24,003,06,097,CA,"Sonoma County",10,16,350
24,003,09,007,CT,"Middlesex County",10,25,901
24,003,12,091,FL,"Okaloosa County",10,21,465
24,003,26,099,MI,"Macomb County",10,26,456
24,003,26,163,MI,"Wayne County",10,20,463
24,003,34,013,NJ,"Essex County",10,16,370
24,003,36,045,NY,"Jefferson County",10,19,251
24,003,39,061,OH,"Hamilton County",10,19,709
24,003,41,051,OR,"Multnomah County",10,12,342
24,003,42,129,PA,"Westmoreland County",10,25,482
24,003,45,013,SC,"Beaufort County",10,22,1233
24,003,51,069,VA,"Frederick County",10,21,413
24,003,51,095,VA,"James City County",10,25,648
24,003,53,035,WA,"Kitsap County",10,21,859
24,003,54,061,WV,"Monongalia County",10,20,262
24,003,58,000,SS,"Other Flows - Same State",20,42,1060
24,003,59,000,DS,"Other Flows - Diff State",2103,4379,102255
24,003,59,001,DS,"Other Flows - Northeast",388,789,20626
24,003,59,003,DS,"Other Flows - Midwest",443,971,23897
24,003,59,005,DS,"Other Flows - South",1017,2133,46128
24,003,59,007,DS,"Other Flows - West",255,486,11604
24,003,57,009,FR,"Foreign - Other flows",57,103,6309
24,005,96,000,MD,"Baltimore Count Tot Mig-US & For",21742,39849,1029935
24,005,97,000,MD,"Baltimore Count Tot Mig-US",21507,39413,1020590
24,005,97,001,MD,"Baltimore Count Tot Mig-Same St",13987,26086,595505
24,005,97,003,MD,"Baltimore Count Tot Mig-Diff St",7520,13327,425085
24,005,98,000,MD,"Baltimore Count Tot Mig-Foreign",235,436,9345
24,005,24,005,MD,"Baltimore Count Non-Migrants",287611,598027,16824168
24,005,24,510,MD,Baltimore,6023,11014,178808
24,005,24,025,MD,"Harford County",1997,4052,98156
24,005,24,027,MD,"Howard County",1665,3169,97459
24,005,24,003,MD,"Anne Arundel County",1459,2520,64959
24,005,24,013,MD,"Carroll County",1174,2483,62251
24,005,42,133,PA,"York County",515,1064,24062
24,005,24,031,MD,"Montgomery County",468,739,21899
24,005,24,033,MD,"Prince George's Coun",383,596,14448
24,005,51,059,VA,"Fairfax County",223,344,10380
24,005,24,047,MD,"Worcester County",162,274,22335
24,005,24,021,MD,"Frederick County",148,262,7084
24,005,11,001,DC,"District Of Columbia",130,168,4675
24,005,36,061,NY,"New York County",128,152,6114
24,005,57,001,FR,"Foreign - Overseas",117,241,5729
24,005,10,005,DE,"Sussex County",105,193,4534
24,005,57,005,FR,"Foreign - APO/FPO ZIPs",103,169,3032
24,005,24,015,MD,"Cecil County",100,214,5240
24,005,06,037,CA,"Los Angeles County",99,152,5085
24,005,12,099,FL,"Palm Beach County",99,174,25481
24,005,12,011,FL,"Broward County",92,151,10259
24,005,42,001,PA,"Adams County",89,186,5127
24,005,06,073,CA,"San Diego County",87,116,3118
24,005,17,031,IL,"Cook County",84,121,3810
24,005,42,101,PA,"Philadelphia County",78,120,2565
24,005,10,003,DE,"New Castle County",76,143,4165
24,005,42,003,PA,"Allegheny County",70,120,3788
24,005,24,045,MD,"Wicomico County",69,126,2487
24,005,51,013,VA,"Arlington County",65,71,2953
24,005,04,013,AZ,"Maricopa County",64,107,2739
24,005,12,057,FL,"Hillsborough County",63,112,3343
24,005,37,119,NC,"Mecklenburg County",61,126,5199
24,005,42,091,PA,"Montgomery County",59,96,5352
24,005,36,047,NY,"Kings County",58,93,1352
24,005,12,103,FL,"Pinellas County",57,88,2282
24,005,42,029,PA,"Chester County",55,112,3743
24,005,13,089,GA,"De Kalb County",54,91,1899
24,005,25,017,MA,"Middlesex County",54,99,3618
24,005,12,095,FL,"Orange County",53,88,2531
24,005,42,045,PA,"Delaware County",52,76,2672
24,005,24,043,MD,"Washington County",51,104,2537
24,005,37,183,NC,"Wake County",49,93,2554
24,005,24,041,MD,"Talbot County",47,90,6065
24,005,51,510,VA,Alexandria,47,56,1879
24,005,13,121,GA,"Fulton County",46,70,2321
24,005,24,035,MD,"Queen Anne's County",46,86,3102
24,005,48,113,TX,"Dallas County",45,79,2122
24,005,36,103,NY,"Suffolk County",44,72,1586
24,005,51,810,VA,"Virginia Beach",44,92,1944
24,005,12,031,FL,"Duval County",41,86,2342
24,005,42,071,PA,"Lancaster County",41,70,1549
24,005,13,067,GA,"Cobb County",40,71,1868
24,005,51,107,VA,"Loudoun County",39,81,2590
24,005,06,075,CA,"San Francisco County",38,47,3126
24,005,42,017,PA,"Bucks County",38,59,1797
24,005,42,043,PA,"Dauphin County",38,59,1370
24,005,12,025,FL,"Dade County",35,69,2407
24,005,34,023,NJ,"Middlesex County",35,53,1841
24,005,53,033,WA,"King County",34,57,1777
24,005,25,025,MA,"Suffolk County",33,39,7335
24,005,32,003,NV,"Clark County",33,43,1077
24,005,37,133,NC,"Onslow County",33,41,480
24,005,51,153,VA,"Prince William Count",33,50,1232
24,005,36,081,NY,"Queens County",32,47,868
24,005,48,201,TX,"Harris County",32,61,1134
24,005,51,087,VA,"Henrico County",32,52,1227
24,005,06,059,CA,"Orange County",31,60,3014
24,005,12,021,FL,"Collier County",31,60,3553
24,005,34,003,NJ,"Bergen County",30,62,3576
24,005,13,135,GA,"Gwinnett County",29,64,1322
24,005,34,025,NJ,"Monmouth County",29,60,2277
24,005,12,009,FL,"Brevard County",28,64,1297
24,005,24,009,MD,"Calvert County",28,56,1647
24,005,34,017,NJ,"Hudson County",28,38,917
24,005,36,055,NY,"Monroe County",28,44,1041
24,005,42,041,PA,"Cumberland County",28,41,1539
24,005,45,051,SC,"Horry County",28,56,1237
24,005,08,041,CO,"El Paso County",27,52,1875
24,005,12,105,FL,"Polk County",27,49,1191
24,005,34,005,NJ,"Burlington County",27,56,1490
24,005,34,007,NJ,"Camden County",27,48,1119
24,005,36,059,NY,"Nassau County",27,41,1213
24,005,39,035,OH,"Cuyahoga County",27,37,1966
24,005,06,085,CA,"Santa Clara County",26,38,1053
24,005,09,001,CT,"Fairfield County",26,51,1676
24,005,12,071,FL,"Lee County",26,45,1646
24,005,24,001,MD,"Allegany County",26,46,1753
24,005,24,011,MD,"Caroline County",26,49,703
24,005,25,009,MA,"Essex County",26,50,1489
24,005,47,037,TN,"Davidson County",26,44,1778
24,005,54,003,WV,"Berkeley County",26,63,1215
24,005,34,027,NJ,"Morris County",25,53,1901
24,005,48,027,TX,"Bell County",25,34,565
24,005,04,019,AZ,"Pima County",24,46,2866
24,005,12,101,FL,"Pasco County",24,50,1106
24,005,24,037,MD,"St Mary's County",24,38,844
24,005,51,003,VA,"Albemarle County",24,40,1189
24,005,08,031,CO,"Denver County",23,35,1032
24,005,24,023,MD,"Garrett County",23,44,779
24,005,25,021,MA,"Norfolk County",23,40,1377
24,005,26,125,MI,"Oakland County",23,51,7076
24,005,37,081,NC,"Guilford County",23,42,817
24,005,48,453,TX,"Travis County",23,32,843
24,005,51,760,VA,Richmond,23,30,591
24,005,12,115,FL,"Sarasota County",22,35,3746
24,005,12,117,FL,"Seminole County",22,48,1386
24,005,09,009,CT,"New Haven County",21,35,800
24,005,10,001,DE,"Kent County",21,49,623
24,005,24,017,MD,"Charles County",21,42,1152
24,005,24,019,MD,"Dorchester County",21,39,1106
24,005,37,051,NC,"Cumberland County",21,41,449
24,005,53,053,WA,"Pierce County",21,41,747
24,005,06,001,CA,"Alameda County",20,23,628
24,005,09,003,CT,"Hartford County",20,40,1126
24,005,39,049,OH,"Franklin County",20,30,709
24,005,48,439,TX,"Tarrant County",20,34,828
24,005,12,087,FL,"Monroe County",19,31,4177
24,005,27,053,MN,"Hennepin County",19,37,1033
24,005,39,061,OH,"Hamilton County",19,26,942
24,005,51,710,VA,Norfolk,19,29,355
24,005,08,013,CO,"Boulder County",18,25,1000
24,005,12,033,FL,"Escambia County",18,29,613
24,005,12,127,FL,"Volusia County",18,44,1032
24,005,15,003,HI,"Honolulu County",18,34,671
24,005,34,021,NJ,"Mercer County",18,32,896
24,005,36,029,NY,"Erie County",18,35,1405
24,005,36,119,NY,"Westchester County",18,35,1348
24,005,45,019,SC,"Charleston County",18,27,1198
24,005,01,073,AL,"Jefferson County",17,35,611
24,005,17,097,IL,"Lake County",17,45,1505
24,005,26,163,MI,"Wayne County",17,38,1112
24,005,33,011,NH,"Hillsborough County",17,38,895
24,005,34,013,NJ,"Essex County",17,26,649
24,005,34,029,NJ,"Ocean County",17,33,1064
24,005,37,063,NC,"Durham County",17,29,1477
24,005,42,055,PA,"Franklin County",17,35,807
24,005,06,071,CA,"San Bernardino Count",16,23,319
24,005,12,081,FL,"Manatee County",16,29,2214
24,005,17,043,IL,"Du Page County",16,45,1050
24,005,33,015,NH,"Rockingham County",16,37,986
24,005,42,011,PA,"Berks County",16,26,523
24,005,42,077,PA,"Lehigh County",16,30,676
24,005,47,157,TN,"Shelby County",16,34,848
24,005,48,085,TX,"Collin County",16,36,1558
24,005,51,041,VA,"Chesterfield County",16,45,1523
24,005,54,027,WV,"Hampshire County",16,25,753
24,005,09,011,CT,"New London County",15,28,445
24,005,12,069,FL,"Lake County",15,31,944
24,005,34,039,NJ,"Union County",15,26,1756
24,005,35,001,NM,"Bernalillo County",15,32,887
24,005,54,065,WV,"Morgan County",15,26,568
24,005,06,013,CA,"Contra Costa County",14,38,1069
24,005,21,111,KY,"Jefferson County",14,28,1275
24,005,29,189,MO,"St Louis County",14,38,1041
24,005,34,001,NJ,"Atlantic County",14,19,771
24,005,34,035,NJ,"Somerset County",14,27,998
24,005,12,109,FL,"St Johns County",13,25,1802
24,005,20,091,KS,"Johnson County",13,34,1391
24,005,22,071,LA,"Orleans Parish",13,19,549
24,005,37,067,NC,"Forsyth County",13,21,387
24,005,42,129,PA,"Westmoreland County",13,17,366
24,005,45,079,SC,"Richland County",13,30,883
24,005,51,700,VA,"Newport News",13,27,375
24,005,12,083,FL,"Marion County",12,19,469
24,005,23,005,ME,"Cumberland County",12,28,674
24,005,37,049,NC,"Craven County",12,21,300
24,005,40,109,OK,"Oklahoma County",12,18,398
24,005,42,079,PA,"Luzerne County",12,20,540
24,005,45,045,SC,"Greenville County",12,21,530
24,005,54,037,WV,"Jefferson County",12,18,425
24,005,06,081,CA,"San Mateo County",11,15,764
24,005,12,001,FL,"Alachua County",11,18,393
24,005,18,097,IN,"Marion County",11,17,376
24,005,26,161,MI,"Washtenaw County",11,23,615
24,005,36,005,NY,"Bronx County",11,21,233
24,005,36,067,NY,"Onondaga County",11,16,411
24,005,44,007,RI,"Providence County",11,12,428
24,005,08,005,CO,"Arapahoe County",10,20,959
24,005,12,097,FL,"Osceola County",10,24,419
24,005,37,147,NC,"Pitt County",10,16,305
24,005,42,049,PA,"Erie County",10,18,541
24,005,47,093,TN,"Knox County",10,22,556
24,005,48,029,TX,"Bexar County",10,25,578
24,005,51,121,VA,"Montgomery County",10,13,371
24,005,51,177,VA,"Spotsylvania County",10,16,280
24,005,51,550,VA,Chesapeake,10,22,383
24,005,58,000,SS,"Other Flows - Same State",26,43,690
24,005,59,000,DS,"Other Flows - Diff State",1989,3663,100224
24,005,59,001,DS,"Other Flows - Northeast",398,696,21813
24,005,59,003,DS,"Other Flows - Midwest",381,733,20499
24,005,59,005,DS,"Other Flows - South",938,1750,44384
24,005,59,007,DS,"Other Flows - West",272,484,13529
24,005,57,009,FR,"Foreign - Other flows",15,26,583
24,009,96,000,MD,"Calvert County Tot Mig-US & For",1714,3163,71498
24,009,97,000,MD,"Calvert County Tot Mig-US",1694,3120,70831
24,009,97,001,MD,"Calvert County Tot Mig-Same St",973,1714,36982
24,009,97,003,MD,"Calvert County Tot Mig-Diff St",721,1406,33849
24,009,98,000,MD,"Calvert County Tot Mig-Foreign",20,43,666
24,009,24,009,MD,"Calvert County Non-Migrants",25124,59816,1476817
24,009,24,003,MD,"Anne Arundel County",268,461,10613
24,009,24,037,MD,"St Mary's County",197,384,7029
24,009,24,033,MD,"Prince George's Coun",193,318,5856
24,009,24,017,MD,"Charles County",108,203,3490
24,009,24,031,MD,"Montgomery County",46,84,3002
24,009,24,005,MD,"Baltimore County",36,46,1263
24,009,51,059,VA,"Fairfax County",36,52,1791
24,009,24,021,MD,"Frederick County",26,54,996
24,009,11,001,DC,"District Of Columbia",25,37,1744
24,009,24,027,MD,"Howard County",23,38,1949
24,009,24,510,MD,Baltimore,23,35,656
24,009,51,810,VA,"Virginia Beach",18,50,547
24,009,51,510,VA,Alexandria,16,22,900
24,009,51,013,VA,"Arlington County",14,18,786
24,009,06,073,CA,"San Diego County",12,19,280
24,009,10,005,DE,"Sussex County",12,17,525
24,009,24,013,MD,"Carroll County",11,20,420
24,009,51,153,VA,"Prince William Count",11,26,510
24,009,51,107,VA,"Loudoun County",10,27,1307
24,009,58,000,SS,"Other Flows - Same State",42,71,1707
24,009,59,000,DS,"Other Flows - Diff State",567,1138,25460
24,009,59,001,DS,"Other Flows - Northeast",106,204,4789
24,009,59,003,DS,"Other Flows - Midwest",61,130,3584
24,009,59,005,DS,"Other Flows - South",325,662,13588
24,009,59,007,DS,"Other Flows - West",75,142,3499
24,009,57,009,FR,"Foreign - Other flows",20,43,666
24,011,96,000,MD,"Caroline County Tot Mig-US & For",767,1494,21650
24,011,97,000,MD,"Caroline County Tot Mig-US",767,1494,21650
24,011,97,001,MD,"Caroline County Tot Mig-Same St",440,856,12545
24,011,97,003,MD,"Caroline County Tot Mig-Diff St",327,638,9105
24,011,24,011,MD,"Caroline County Non-Migrants",10610,23637,387830
24,011,24,041,MD,"Talbot County",117,230,3512
24,011,10,005,DE,"Sussex County",94,182,2253
24,011,24,019,MD,"Dorchester County",78,162,1785
24,011,10,001,DE,"Kent County",72,146,1700
24,011,24,035,MD,"Queen Anne's County",69,147,1547
24,011,24,003,MD,"Anne Arundel County",56,102,2212
24,011,24,029,MD,"Kent County",20,44,614
24,011,24,005,MD,"Baltimore County",18,25,346
24,011,24,045,MD,"Wicomico County",16,27,437
24,011,10,003,DE,"New Castle County",14,22,244
24,011,24,033,MD,"Prince George's Coun",14,22,355
24,011,24,510,MD,Baltimore,12,26,238
24,011,58,000,SS,"Other Flows - Same State",40,71,1500
24,011,59,000,DS,"Other Flows - Diff State",147,288,4908
24,013,96,000,MD,"Carroll County Tot Mig-US & For",3598,6814,164836
24,013,97,000,MD,"Carroll County Tot Mig-US",3546,6674,161951
24,013,97,001,MD,"Carroll County Tot Mig-Same St",1960,3447,85685
24,013,97,003,MD,"Carroll County Tot Mig-Diff St",1586,3227,76266
24,013,98,000,MD,"Carroll County Tot Mig-Foreign",52,140,2885
24,013,24,013,MD,"Carroll County Non-Migrants",57281,136507,3332557
24,013,24,005,MD,"Baltimore County",809,1311,30598
24,013,24,021,MD,"Frederick County",277,586,12506
24,013,42,001,PA,"Adams County",261,552,9554
24,013,24,027,MD,"Howard County",221,457,15148
24,013,42,133,PA,"York County",152,334,5720
24,013,24,510,MD,Baltimore,147,190,4741
24,013,24,003,MD,"Anne Arundel County",140,240,5883
24,013,24,031,MD,"Montgomery County",123,212,6046
24,013,24,043,MD,"Washington County",48,103,1740
24,013,24,033,MD,"Prince George's Coun",46,70,1485
24,013,24,025,MD,"Harford County",41,79,1824
24,013,51,059,VA,"Fairfax County",27,38,1552
24,013,24,047,MD,"Worcester County",23,37,1935
24,013,54,037,WV,"Jefferson County",20,46,744
24,013,04,013,AZ,"Maricopa County",17,44,1580
24,013,10,003,DE,"New Castle County",16,21,508
24,013,12,103,FL,"Pinellas County",16,25,792
24,013,11,001,DC,"District Of Columbia",13,18,365
24,013,12,057,FL,"Hillsborough County",13,21,436
24,013,24,001,MD,"Allegany County",13,28,642
24,013,42,055,PA,"Franklin County",13,22,567
24,013,51,107,VA,"Loudoun County",13,29,1065
24,013,06,073,CA,"San Diego County",12,14,215
24,013,10,005,DE,"Sussex County",12,20,386
24,013,12,095,FL,"Orange County",12,25,667
24,013,24,035,MD,"Queen Anne's County",12,26,864
24,013,42,091,PA,"Montgomery County",12,28,793
24,013,06,037,CA,"Los Angeles County",10,11,208
24,013,12,071,FL,"Lee County",10,20,512
24,013,12,101,FL,"Pasco County",10,19,769
24,013,12,127,FL,"Volusia County",10,17,494
24,013,37,119,NC,"Mecklenburg County",10,24,427
24,013,42,003,PA,"Allegheny County",10,24,533
24,013,51,153,VA,"Prince William Count",10,19,467
24,013,54,003,WV,"Berkeley County",10,21,391
24,013,58,000,SS,"Other Flows - Same State",60,108,2273
24,013,59,000,DS,"Other Flows - Diff State",897,1835,47520
24,013,59,001,DS,"Other Flows - Northeast",212,441,11414
24,013,59,003,DS,"Other Flows - Midwest",108,255,7578
24,013,59,005,DS,"Other Flows - South",462,927,22976
24,013,59,007,DS,"Other Flows - West",115,212,5552
24,013,57,009,FR,"Foreign - Other flows",52,140,2885
24,015,96,000,MD,"Cecil County Tot Mig-US & For",1799,3337,70173
24,015,97,000,MD,"Cecil County Tot Mig-US",1788,3317,69870
24,015,97,001,MD,"Cecil County Tot Mig-Same St",487,881,17388
24,015,97,003,MD,"Cecil County Tot Mig-Diff St",1301,2436,52482
24,015,98,000,MD,"Cecil County Tot Mig-Foreign",11,20,303
24,015,24,015,MD,"Cecil County Non-Migrants",29479,67099,1410878
24,015,10,003,DE,"New Castle County",544,957,21554
24,015,24,025,MD,"Harford County",246,483,8238
24,015,42,029,PA,"Chester County",81,191,3246
24,015,24,005,MD,"Baltimore County",73,120,2804
24,015,24,510,MD,Baltimore,33,51,1333
24,015,24,029,MD,"Kent County",29,53,1248
24,015,24,003,MD,"Anne Arundel County",24,35,630
24,015,42,071,PA,"Lancaster County",24,39,764
24,015,10,001,DE,"Kent County",21,36,777
24,015,10,005,DE,"Sussex County",20,34,732
24,015,42,045,PA,"Delaware County",17,24,998
24,015,24,033,MD,"Prince George's Coun",14,20,475
24,015,24,031,MD,"Montgomery County",13,20,635
24,015,24,045,MD,"Wicomico County",13,21,344
24,015,42,101,PA,"Philadelphia County",12,27,369
24,015,24,047,MD,"Worcester County",11,15,443
24,015,42,133,PA,"York County",11,23,290
24,015,58,000,SS,"Other Flows - Same State",31,63,1238
24,015,59,000,DS,"Other Flows - Diff State",571,1105,23752
24,015,59,001,DS,"Other Flows - Northeast",146,286,7345
24,015,59,003,DS,"Other Flows - Midwest",48,106,2230
24,015,59,005,DS,"Other Flows - South",310,600,11835
24,015,59,007,DS,"Other Flows - West",67,113,2343
24,015,57,009,FR,"Foreign - Other flows",11,20,303
24,017,96,000,MD,"Charles County Tot Mig-US & For",3621,7299,154332
24,017,97,000,MD,"Charles County Tot Mig-US",3536,7082,151232
24,017,97,001,MD,"Charles County Tot Mig-Same St",1783,3469,69352
24,017,97,003,MD,"Charles County Tot Mig-Diff St",1753,3613,81879
24,017,98,000,MD,"Charles County Tot Mig-Foreign",85,217,3100
24,017,24,017,MD,"Charles County Non-Migrants",43290,98481,2310864
24,017,24,033,MD,"Prince George's Coun",718,1387,23794
24,017,24,037,MD,"St Mary's County",431,890,18453
24,017,24,003,MD,"Anne Arundel County",169,298,6520
24,017,24,009,MD,"Calvert County",164,362,7603
24,017,51,059,VA,"Fairfax County",157,266,8619
24,017,24,031,MD,"Montgomery County",95,166,5414
24,017,11,001,DC,"District Of Columbia",86,152,2911
24,017,51,153,VA,"Prince William Count",62,130,2911
24,017,51,510,VA,Alexandria,52,66,2290
24,017,24,005,MD,"Baltimore County",50,73,1243
24,017,24,027,MD,"Howard County",39,64,1413
24,017,51,099,VA,"King George County",35,79,1051
24,017,12,091,FL,"Okaloosa County",33,93,1231
24,017,06,073,CA,"San Diego County",28,55,1105
24,017,51,013,VA,"Arlington County",26,38,1148
24,017,24,021,MD,"Frederick County",25,59,1327
24,017,24,510,MD,Baltimore,22,26,578
24,017,51,810,VA,"Virginia Beach",22,61,789
24,017,51,107,VA,"Loudoun County",21,46,1419
24,017,12,009,FL,"Brevard County",19,37,1065
24,017,12,057,FL,"Hillsborough County",19,34,906
24,017,45,051,SC,"Horry County",18,32,644
24,017,37,133,NC,"Onslow County",17,41,486
24,017,51,177,VA,"Spotsylvania County",15,39,743
24,017,51,193,VA,"Westmoreland County",15,30,769
24,017,12,011,FL,"Broward County",14,36,934
24,017,24,025,MD,"Harford County",13,29,855
24,017,37,119,NC,"Mecklenburg County",13,22,465
24,017,48,029,TX,"Bexar County",13,26,529
24,017,10,005,DE,"Sussex County",12,26,437
24,017,12,031,FL,"Duval County",12,23,360
24,017,15,003,HI,"Honolulu County",12,30,556
24,017,51,061,VA,"Fauquier County",12,29,667
24,017,51,179,VA,"Stafford County",12,25,583
24,017,24,047,MD,"Worcester County",10,21,569
24,017,37,051,NC,"Cumberland County",10,12,222
24,017,58,000,SS,"Other Flows - Same State",47,94,1582
24,017,59,000,DS,"Other Flows - Diff State",1018,2185,49041
24,017,59,001,DS,"Other Flows - Northeast",186,359,9307
24,017,59,003,DS,"Other Flows - Midwest",113,257,5311
24,017,59,005,DS,"Other Flows - South",571,1238,26644
24,017,59,007,DS,"Other Flows - West",148,331,7779
24,017,57,009,FR,"Foreign - Other flows",85,217,3100
24,019,96,000,MD,"Dorchester Coun Tot Mig-US & For",612,1145,16473
24,019,97,000,MD,"Dorchester Coun Tot Mig-US",602,1133,16317
24,019,97,001,MD,"Dorchester Coun Tot Mig-Same St",366,702,10056
24,019,97,003,MD,"Dorchester Coun Tot Mig-Diff St",236,431,6261
24,019,98,000,MD,"Dorchester Coun Tot Mig-Foreign",10,12,156
24,019,24,019,MD,"Dorchester Coun Non-Migrants",11117,22819,390869
24,019,24,011,MD,"Caroline County",96,199,2249
24,019,24,041,MD,"Talbot County",84,171,2476
24,019,24,045,MD,"Wicomico County",65,112,1870
24,019,10,005,DE,"Sussex County",45,98,1120
24,019,24,003,MD,"Anne Arundel County",23,44,630
24,019,24,033,MD,"Prince George's Coun",17,25,362
24,019,24,005,MD,"Baltimore County",13,20,491
24,019,24,035,MD,"Queen Anne's County",12,26,491
24,019,10,001,DE,"Kent County",10,15,200
24,019,24,047,MD,"Worcester County",10,19,241
24,019,24,510,MD,Baltimore,10,18,138
24,019,58,000,SS,"Other Flows - Same State",36,68,1107
24,019,59,000,DS,"Other Flows - Diff State",181,318,4942
24,019,59,001,DS,"Other Flows - Northeast",30,63,922
24,019,59,003,DS,"Other Flows - Midwest",15,19,306
24,019,59,005,DS,"Other Flows - South",115,211,3110
24,019,59,007,DS,"Other Flows - West",21,25,604
24,019,57,009,FR,"Foreign - Other flows",10,12,156
24,021,96,000,MD,"Frederick Count Tot Mig-US & For",4770,8971,220431
24,021,97,000,MD,"Frederick Count Tot Mig-US",4664,8754,217276
24,021,97,001,MD,"Frederick Count Tot Mig-Same St",2117,3784,89412
24,021,97,003,MD,"Frederick Count Tot Mig-Diff St",2547,4970,127863
24,021,98,000,MD,"Frederick Count Tot Mig-Foreign",106,217,3156
24,021,24,021,MD,"Frederick Count Non-Migrants",68888,156644,3953613
24,021,24,031,MD,"Montgomery County",672,1124,29924
24,021,24,043,MD,"Washington County",612,1169,22128
24,021,24,013,MD,"Carroll County",222,468,8876
24,021,54,037,WV,"Jefferson County",150,306,6526
24,021,24,005,MD,"Baltimore County",127,182,4392
24,021,24,027,MD,"Howard County",112,184,5540
24,021,51,059,VA,"Fairfax County",112,156,5045
24,021,42,001,PA,"Adams County",99,218,4977
24,021,54,003,WV,"Berkeley County",96,189,3308
24,021,24,003,MD,"Anne Arundel County",84,154,5110
24,021,57,005,FR,"Foreign - APO/FPO ZIPs",84,176,2358
24,021,24,033,MD,"Prince George's Coun",83,120,2384
24,021,42,055,PA,"Franklin County",68,122,2743
24,021,24,510,MD,Baltimore,65,93,2561
24,021,51,107,VA,"Loudoun County",49,109,5721
24,021,11,001,DC,"District Of Columbia",39,50,1390
24,021,04,013,AZ,"Maricopa County",27,66,1265
24,021,24,001,MD,"Allegany County",25,47,822
24,021,37,183,NC,"Wake County",24,56,1535
24,021,51,153,VA,"Prince William Count",24,47,1008
24,021,24,025,MD,"Harford County",22,45,881
24,021,42,003,PA,"Allegheny County",21,38,882
24,021,42,133,PA,"York County",21,42,671
24,021,51,510,VA,Alexandria,20,26,2094
24,021,06,073,CA,"San Diego County",18,32,597
24,021,12,057,FL,"Hillsborough County",18,32,1142
24,021,10,003,DE,"New Castle County",17,36,1223
24,021,12,031,FL,"Duval County",17,38,718
24,021,12,103,FL,"Pinellas County",17,28,505
24,021,24,047,MD,"Worcester County",17,34,685
24,021,51,013,VA,"Arlington County",17,21,884
24,021,37,133,NC,"Onslow County",16,33,386
24,021,06,037,CA,"Los Angeles County",15,25,1079
24,021,24,045,MD,"Wicomico County",15,25,452
24,021,37,051,NC,"Cumberland County",15,27,370
24,021,51,810,VA,"Virginia Beach",15,32,501
24,021,13,067,GA,"Cobb County",14,24,533
24,021,15,003,HI,"Honolulu County",14,31,766
24,021,48,029,TX,"Bexar County",14,34,798
24,021,10,005,DE,"Sussex County",13,27,944
24,021,37,119,NC,"Mecklenburg County",13,34,901
24,021,48,113,TX,"Dallas County",13,27,473
24,021,53,033,WA,"King County",13,18,320
24,021,12,009,FL,"Brevard County",12,22,543
24,021,12,011,FL,"Broward County",12,21,838
24,021,12,071,FL,"Lee County",12,23,708
24,021,13,135,GA,"Gwinnett County",12,25,1080
24,021,24,017,MD,"Charles County",12,21,390
24,021,48,439,TX,"Tarrant County",12,24,273
24,021,51,069,VA,"Frederick County",12,30,958
24,021,12,127,FL,"Volusia County",11,20,592
24,021,17,031,IL,"Cook County",11,14,458
24,021,42,029,PA,"Chester County",11,25,818
24,021,45,019,SC,"Charleston County",11,13,419
24,021,48,201,TX,"Harris County",11,24,461
24,021,51,087,VA,"Henrico County",11,26,631
24,021,06,065,CA,"Riverside County",10,19,391
24,021,12,095,FL,"Orange County",10,19,552
24,021,36,061,NY,"New York County",10,10,262
24,021,36,081,NY,"Queens County",10,14,425
24,021,42,041,PA,"Cumberland County",10,14,518
24,021,42,071,PA,"Lancaster County",10,17,845
24,021,51,177,VA,"Spotsylvania County",10,18,445
24,021,58,000,SS,"Other Flows - Same State",49,118,5270
24,021,59,000,DS,"Other Flows - Diff State",1330,2668,67342
24,021,59,001,DS,"Other Flows - Northeast",322,616,17408
24,021,59,003,DS,"Other Flows - Midwest",178,371,9579
24,021,59,005,DS,"Other Flows - South",612,1227,29136
24,021,59,007,DS,"Other Flows - West",218,454,11218
24,021,57,009,FR,"Foreign - Other flows",22,41,798
24,023,96,000,MD,"Garrett County Tot Mig-US & For",478,910,14286
24,023,97,000,MD,"Garrett County Tot Mig-US",478,910,14286
24,023,97,001,MD,"Garrett County Tot Mig-Same St",132,234,4046
24,023,97,003,MD,"Garrett County Tot Mig-Diff St",346,676,10239
24,023,24,023,MD,"Garrett County Non-Migrants",9744,22880,343714
24,023,24,001,MD,"Allegany County",64,128,1666
24,023,54,077,WV,"Preston County",27,74,593
24,023,54,057,WV,"Mineral County",18,33,403
24,023,24,003,MD,"Anne Arundel County",16,18,317
24,023,54,061,WV,"Monongalia County",16,23,378
24,023,24,043,MD,"Washington County",15,26,557
24,023,42,111,PA,"Somerset County",11,29,346
24,023,58,000,SS,"Other Flows - Same State",37,62,1506
24,023,59,000,DS,"Other Flows - Diff State",274,517,8519
24,023,59,001,DS,"Other Flows - Northeast",53,87,1476
24,023,59,003,DS,"Other Flows - Midwest",30,53,622
24,023,59,005,DS,"Other Flows - South",168,321,5620
24,023,59,007,DS,"Other Flows - West",23,56,801
24,025,96,000,MD,"Harford County Tot Mig-US & For",5260,10428,231937
24,025,97,000,MD,"Harford County Tot Mig-US",5136,10131,227383
24,025,97,001,MD,"Harford County Tot Mig-Same St",2683,4747,109550
24,025,97,003,MD,"Harford County Tot Mig-Diff St",2453,5384,117833
24,025,98,000,MD,"Harford County Tot Mig-Foreign",124,297,4554
24,025,24,025,MD,"Harford County Non-Migrants",77237,178400,4296338
24,025,24,005,MD,"Baltimore County",1347,2297,53468
24,025,24,015,MD,"Cecil County",377,778,14513
24,025,24,510,MD,Baltimore,362,543,10736
24,025,42,133,PA,"York County",226,525,9439
24,025,24,003,MD,"Anne Arundel County",159,305,7714
24,025,57,005,FR,"Foreign - APO/FPO ZIPs",102,236,3407
24,025,24,027,MD,"Howard County",92,168,6509
24,025,10,003,DE,"New Castle County",69,142,3707
24,025,24,013,MD,"Carroll County",63,148,3433
24,025,24,031,MD,"Montgomery County",63,111,3887
24,025,24,033,MD,"Prince George's Coun",59,100,2168
24,025,51,059,VA,"Fairfax County",55,102,3007
24,025,24,047,MD,"Worcester County",38,79,2210
24,025,42,029,PA,"Chester County",30,75,2483
24,025,06,073,CA,"San Diego County",28,45,1314
24,025,24,021,MD,"Frederick County",27,49,1168
24,025,10,005,DE,"Sussex County",25,39,1014
24,025,24,045,MD,"Wicomico County",23,43,857
24,025,37,051,NC,"Cumberland County",22,51,610
24,025,37,133,NC,"Onslow County",22,37,550
24,025,04,013,AZ,"Maricopa County",21,42,1980
24,025,08,041,CO,"El Paso County",21,53,749
24,025,48,027,TX,"Bell County",21,58,543
24,025,12,057,FL,"Hillsborough County",20,52,956
24,025,42,101,PA,"Philadelphia County",19,27,485
24,025,11,001,DC,"District Of Columbia",18,26,488
24,025,12,095,FL,"Orange County",18,35,842
24,025,12,103,FL,"Pinellas County",16,36,695
24,025,42,071,PA,"Lancaster County",16,37,495
24,025,17,031,IL,"Cook County",15,24,648
24,025,42,017,PA,"Bucks County",15,28,1017
24,025,42,091,PA,"Montgomery County",15,25,673
24,025,51,510,VA,Alexandria,15,26,895
24,025,10,001,DE,"Kent County",14,28,325
24,025,12,011,FL,"Broward County",14,29,423
24,025,12,071,FL,"Lee County",14,28,434
24,025,12,099,FL,"Palm Beach County",14,20,329
24,025,13,215,GA,"Muscogee County",14,39,451
24,025,24,043,MD,"Washington County",14,23,501
24,025,32,003,NV,"Clark County",14,24,462
24,025,51,810,VA,"Virginia Beach",14,35,411
24,025,42,003,PA,"Allegheny County",13,27,648
24,025,42,045,PA,"Delaware County",13,21,497
24,025,51,087,VA,"Henrico County",13,32,1431
24,025,51,153,VA,"Prince William Count",13,36,825
24,025,06,071,CA,"San Bernardino Count",12,34,317
24,025,24,037,MD,"St Mary's County",12,23,546
24,025,34,025,NJ,"Monmouth County",12,26,839
24,025,48,029,TX,"Bexar County",12,31,594
24,025,48,113,TX,"Dallas County",12,25,490
24,025,48,201,TX,"Harris County",12,23,304
24,025,51,013,VA,"Arlington County",12,18,503
24,025,53,053,WA,"Pierce County",12,31,403
24,025,06,059,CA,"Orange County",11,27,812
24,025,12,009,FL,"Brevard County",11,29,510
24,025,13,179,GA,"Liberty County",11,36,319
24,025,24,041,MD,"Talbot County",11,15,289
24,025,36,047,NY,"Kings County",11,21,382
24,025,36,081,NY,"Queens County",11,18,355
24,025,37,119,NC,"Mecklenburg County",11,24,677
24,025,54,003,WV,"Berkeley County",11,23,387
24,025,12,105,FL,"Polk County",10,19,395
24,025,13,121,GA,"Fulton County",10,17,517
24,025,15,003,HI,"Honolulu County",10,20,238
24,025,36,061,NY,"New York County",10,12,252
24,025,39,035,OH,"Cuyahoga County",10,18,672
24,025,58,000,SS,"Other Flows - Same State",36,65,1551
24,025,59,000,DS,"Other Flows - Diff State",1385,3128,70046
24,025,59,001,DS,"Other Flows - Northeast",336,742,17305
24,025,59,003,DS,"Other Flows - Midwest",217,537,15527
24,025,59,005,DS,"Other Flows - South",657,1494,29874
24,025,59,007,DS,"Other Flows - West",175,355,7339
24,025,57,009,FR,"Foreign - Other flows",22,61,1148
24,027,96,000,MD,"Howard County Tot Mig-US & For",9287,17005,535198
24,027,97,000,MD,"Howard County Tot Mig-US",9118,16635,525814
24,027,97,001,MD,"Howard County Tot Mig-Same St",5459,9761,281347
24,027,97,003,MD,"Howard County Tot Mig-Diff St",3659,6874,244467
24,027,98,000,MD,"Howard County Tot Mig-Foreign",169,370,9383
24,027,24,027,MD,"Howard County Non-Migrants",79465,185707,6371526
24,027,24,005,MD,"Baltimore County",1424,2433,63469
24,027,24,003,MD,"Anne Arundel County",1065,1856,57921
24,027,24,031,MD,"Montgomery County",750,1299,44505
24,027,24,033,MD,"Prince George's Coun",719,1219,27925
24,027,24,013,MD,"Carroll County",525,1215,35589
24,027,24,510,MD,Baltimore,449,708,19445
24,027,51,059,VA,"Fairfax County",206,360,14166
24,027,24,021,MD,"Frederick County",199,418,12632
24,027,57,005,FR,"Foreign - APO/FPO ZIPs",126,270,7143
24,027,11,001,DC,"District Of Columbia",105,146,8538
24,027,51,013,VA,"Arlington County",69,79,3129
24,027,24,025,MD,"Harford County",68,125,3878
24,027,51,107,VA,"Loudoun County",52,109,4461
24,027,06,037,CA,"Los Angeles County",49,79,2034
24,027,36,061,NY,"New York County",44,56,2808
24,027,13,121,GA,"Fulton County",42,70,3335
24,027,17,031,IL,"Cook County",42,68,2491
24,027,25,017,MA,"Middlesex County",42,83,4442
24,027,06,073,CA,"San Diego County",41,71,2181
24,027,24,047,MD,"Worcester County",41,72,2804
24,027,12,011,FL,"Broward County",40,95,3136
24,027,42,133,PA,"York County",40,86,2392
24,027,12,057,FL,"Hillsborough County",38,71,2396
24,027,24,017,MD,"Charles County",38,77,1902
24,027,42,003,PA,"Allegheny County",38,65,2110
24,027,51,153,VA,"Prince William Count",37,75,2094
24,027,51,510,VA,Alexandria,37,51,1930
24,027,53,033,WA,"King County",36,68,3318
24,027,42,101,PA,"Philadelphia County",33,50,1532
24,027,15,003,HI,"Honolulu County",32,47,1305
24,027,04,013,AZ,"Maricopa County",31,53,3028
24,027,12,099,FL,"Palm Beach County",31,67,4022
24,027,24,035,MD,"Queen Anne's County",31,60,2565
24,027,24,043,MD,"Washington County",31,55,1272
24,027,10,005,DE,"Sussex County",30,44,2231
24,027,37,119,NC,"Mecklenburg County",29,61,2277
24,027,37,183,NC,"Wake County",28,65,2237
24,027,48,201,TX,"Harris County",28,56,1630
24,027,10,003,DE,"New Castle County",27,46,1704
24,027,13,089,GA,"De Kalb County",26,43,1045
24,027,24,009,MD,"Calvert County",26,49,1721
24,027,48,029,TX,"Bexar County",26,57,1585
24,027,06,059,CA,"Orange County",24,45,1244
24,027,13,067,GA,"Cobb County",24,61,1973
24,027,51,087,VA,"Henrico County",24,50,1602
24,027,36,047,NY,"Kings County",23,27,383
24,027,42,091,PA,"Montgomery County",23,41,1575
24,027,06,075,CA,"San Francisco County",22,24,-19
24,027,34,027,NJ,"Morris County",22,45,2280
24,027,25,025,MA,"Suffolk County",21,22,549
24,027,42,001,PA,"Adams County",21,36,1049
24,027,12,031,FL,"Duval County",20,41,1187
24,027,34,003,NJ,"Bergen County",19,31,867
24,027,48,113,TX,"Dallas County",19,35,1200
24,027,51,810,VA,"Virginia Beach",19,34,1143
24,027,06,085,CA,"Santa Clara County",18,28,1249
24,027,13,135,GA,"Gwinnett County",18,41,1384
24,027,17,043,IL,"Du Page County",18,41,1754
24,027,32,003,NV,"Clark County",18,31,861
24,027,24,041,MD,"Talbot County",17,30,2114
24,027,24,045,MD,"Wicomico County",17,25,779
24,027,26,125,MI,"Oakland County",17,32,1078
24,027,06,001,CA,"Alameda County",16,22,981
24,027,08,041,CO,"El Paso County",16,35,781
24,027,09,001,CT,"Fairfield County",16,33,1821
24,027,39,035,OH,"Cuyahoga County",16,30,1454
24,027,39,049,OH,"Franklin County",16,27,816
24,027,42,017,PA,"Bucks County",16,36,981
24,027,42,029,PA,"Chester County",16,50,1598
24,027,42,045,PA,"Delaware County",16,27,992
24,027,08,059,CO,"Jefferson County",15,28,778
24,027,09,003,CT,"Hartford County",15,32,1033
24,027,12,127,FL,"Volusia County",15,29,699
24,027,48,085,TX,"Collin County",15,43,1390
24,027,51,041,VA,"Chesterfield County",15,36,820
24,027,08,005,CO,"Arapahoe County",14,24,1165
24,027,12,025,FL,"Dade County",14,22,814
24,027,12,095,FL,"Orange County",14,33,1561
24,027,24,037,MD,"St Mary's County",14,23,560
24,027,27,053,MN,"Hennepin County",14,38,2001
24,027,34,023,NJ,"Middlesex County",14,26,743
24,027,36,119,NY,"Westchester County",14,33,1433
24,027,54,003,WV,"Berkeley County",14,29,774
24,027,12,009,FL,"Brevard County",13,27,447
24,027,25,009,MA,"Essex County",13,26,889
24,027,42,011,PA,"Berks County",13,20,723
24,027,45,045,SC,"Greenville County",13,30,1108
24,027,06,081,CA,"San Mateo County",12,15,755
24,027,24,001,MD,"Allegany County",12,26,292
24,027,34,005,NJ,"Burlington County",12,20,770
24,027,35,001,NM,"Bernalillo County",12,23,1233
24,027,48,453,TX,"Travis County",12,22,1087
24,027,04,019,AZ,"Pima County",11,28,985
24,027,12,103,FL,"Pinellas County",11,17,786
24,027,25,027,MA,"Worcester County",11,24,747
24,027,36,103,NY,"Suffolk County",11,24,995
24,027,42,043,PA,"Dauphin County",11,21,563
24,027,45,019,SC,"Charleston County",11,22,746
24,027,47,157,TN,"Shelby County",11,23,1281
24,027,06,013,CA,"Contra Costa County",10,31,1420
24,027,08,013,CO,"Boulder County",10,14,637
24,027,12,033,FL,"Escambia County",10,20,524
24,027,12,073,FL,"Leon County",10,15,299
24,027,12,115,FL,"Sarasota County",10,23,978
24,027,12,117,FL,"Seminole County",10,19,786
24,027,34,013,NJ,"Essex County",10,18,430
24,027,34,025,NJ,"Monmouth County",10,15,457
24,027,48,439,TX,"Tarrant County",10,25,729
24,027,51,003,VA,"Albemarle County",10,14,483
24,027,58,000,SS,"Other Flows - Same State",33,71,1974
24,027,59,000,DS,"Other Flows - Diff State",1432,2819,93058
24,027,59,001,DS,"Other Flows - Northeast",331,631,19721
24,027,59,003,DS,"Other Flows - Midwest",241,504,16144
24,027,59,005,DS,"Other Flows - South",655,1282,42006
24,027,59,007,DS,"Other Flows - West",205,402,15187
24,027,57,009,FR,"Foreign - Other flows",43,100,2240
24,029,96,000,MD,"Kent County Tot Mig-US & For",468,795,16217
24,029,97,000,MD,"Kent County Tot Mig-US",468,795,16217
24,029,97,001,MD,"Kent County Tot Mig-Same St",216,360,6286
24,029,97,003,MD,"Kent County Tot Mig-Diff St",252,435,9931
24,029,24,029,MD,"Kent County Non-Migrants",8204,17039,392028
24,029,24,035,MD,"Queen Anne's County",75,134,1674
24,029,10,001,DE,"Kent County",36,58,880
24,029,10,003,DE,"New Castle County",26,37,759
24,029,24,003,MD,"Anne Arundel County",23,31,1004
24,029,24,015,MD,"Cecil County",23,45,696
24,029,10,005,DE,"Sussex County",15,35,472
24,029,24,011,MD,"Caroline County",14,30,284
24,029,24,041,MD,"Talbot County",14,22,931
24,029,24,005,MD,"Baltimore County",11,14,227
24,029,24,510,MD,Baltimore,10,11,303
24,029,58,000,SS,"Other Flows - Same State",46,73,1167
24,029,59,000,DS,"Other Flows - Diff State",175,305,7819
24,029,59,001,DS,"Other Flows - Northeast",55,91,2790
24,029,59,003,DS,"Other Flows - Midwest",13,25,1068
24,029,59,005,DS,"Other Flows - South",80,146,3092
24,029,59,007,DS,"Other Flows - West",27,43,870
24,031,96,000,MD,"Montgomery Coun Tot Mig-US & For",26565,46626,1616071
24,031,97,000,MD,"Montgomery Coun Tot Mig-US",25757,44956,1579420
24,031,97,001,MD,"Montgomery Coun Tot Mig-Same St",9006,16592,446066
24,031,97,003,MD,"Montgomery Coun Tot Mig-Diff St",16751,28364,1133354
24,031,98,000,MD,"Montgomery Coun Tot Mig-Foreign",808,1670,36651
24,031,24,031,MD,"Montgomery Coun Non-Migrants",314149,676388,25945311
24,031,24,033,MD,"Prince George's Coun",3971,7263,128831
24,031,11,001,DC,"District Of Columbia",2258,3188,118594
24,031,51,059,VA,"Fairfax County",1664,2885,126835
24,031,24,021,MD,"Frederick County",1475,3110,86760
24,031,24,027,MD,"Howard County",1131,2119,68337
24,031,24,003,MD,"Anne Arundel County",682,1173,59457
24,031,51,013,VA,"Arlington County",662,819,34379
24,031,24,005,MD,"Baltimore County",425,653,18308
24,031,36,061,NY,"New York County",396,484,24850
24,031,51,510,VA,Alexandria,362,506,18578
24,031,24,510,MD,Baltimore,333,436,15275
24,031,06,037,CA,"Los Angeles County",328,483,16684
24,031,51,107,VA,"Loudoun County",314,667,31756
24,031,57,005,FR,"Foreign - APO/FPO ZIPs",296,660,16401
24,031,24,013,MD,"Carroll County",290,597,16967
24,031,06,073,CA,"San Diego County",219,381,26733
24,031,25,017,MA,"Middlesex County",185,300,10897
24,031,17,031,IL,"Cook County",178,276,12115
24,031,12,011,FL,"Broward County",175,317,13617
24,031,51,153,VA,"Prince William Count",168,326,8326
24,031,36,047,NY,"Kings County",146,198,4878
24,031,24,043,MD,"Washington County",141,291,5215
24,031,04,013,AZ,"Maricopa County",133,236,8541
24,031,42,101,PA,"Philadelphia County",130,165,5289
24,031,06,075,CA,"San Francisco County",129,154,7370
24,031,06,085,CA,"Santa Clara County",129,215,9280
24,031,12,099,FL,"Palm Beach County",129,228,14480
24,031,12,025,FL,"Dade County",123,219,6482
24,031,42,003,PA,"Allegheny County",117,187,12325
24,031,25,025,MA,"Suffolk County",106,130,4850
24,031,37,119,NC,"Mecklenburg County",98,193,7630
24,031,48,201,TX,"Harris County",98,188,10745
24,031,24,047,MD,"Worcester County",96,151,12112
24,031,53,033,WA,"King County",94,150,7348
24,031,06,001,CA,"Alameda County",93,132,5598
24,031,37,183,NC,"Wake County",93,185,7532
24,031,06,059,CA,"Orange County",92,167,6864
24,031,24,009,MD,"Calvert County",87,151,5155
24,031,48,029,TX,"Bexar County",87,206,5246
24,031,13,121,GA,"Fulton County",86,144,7713
24,031,24,017,MD,"Charles County",86,159,5134
24,031,10,005,DE,"Sussex County",83,129,7724
24,031,42,091,PA,"Montgomery County",83,167,6287
24,031,13,089,GA,"De Kalb County",81,130,3503
24,031,12,095,FL,"Orange County",79,147,3961
24,031,48,113,TX,"Dallas County",72,118,4291
24,031,12,103,FL,"Pinellas County",70,128,4026
24,031,15,003,HI,"Honolulu County",70,147,9417
24,031,36,081,NY,"Queens County",69,100,2282
24,031,51,810,VA,"Virginia Beach",68,143,3855
24,031,54,037,WV,"Jefferson County",67,140,3410
24,031,12,057,FL,"Hillsborough County",65,114,3676
24,031,34,017,NJ,"Hudson County",65,88,4360
24,031,08,031,CO,"Denver County",63,85,3031
24,031,25,021,MA,"Norfolk County",63,94,6123
24,031,54,003,WV,"Berkeley County",63,132,3237
24,031,36,119,NY,"Westchester County",61,118,10531
24,031,32,003,NV,"Clark County",60,108,3075
24,031,06,081,CA,"San Mateo County",57,94,11380
24,031,48,453,TX,"Travis County",57,90,3920
24,031,51,087,VA,"Henrico County",56,97,3594
24,031,10,003,DE,"New Castle County",54,104,2815
24,031,04,019,AZ,"Pima County",53,84,3650
24,031,09,001,CT,"Fairfield County",53,104,12903
24,031,13,067,GA,"Cobb County",52,92,3880
24,031,27,053,MN,"Hennepin County",52,108,2633
24,031,39,049,OH,"Franklin County",51,82,1906
24,031,36,059,NY,"Nassau County",50,74,3272
24,031,12,009,FL,"Brevard County",48,84,3255
24,031,34,003,NJ,"Bergen County",48,90,3097
24,031,24,037,MD,"St Mary's County",47,74,2694
24,031,39,035,OH,"Cuyahoga County",46,79,2238
24,031,37,133,NC,"Onslow County",45,92,1393
24,031,42,045,PA,"Delaware County",45,80,3018
24,031,06,013,CA,"Contra Costa County",44,83,6205
24,031,42,029,PA,"Chester County",44,97,3583
24,031,24,041,MD,"Talbot County",43,73,10626
24,031,34,023,NJ,"Middlesex County",43,84,2685
24,031,08,005,CO,"Arapahoe County",42,75,4346
24,031,08,013,CO,"Boulder County",42,63,2242
24,031,09,009,CT,"New Haven County",42,71,2080
24,031,12,021,FL,"Collier County",42,82,4432
24,031,12,115,FL,"Sarasota County",42,79,6534
24,031,09,003,CT,"Hartford County",41,73,2497
24,031,36,103,NY,"Suffolk County",40,83,2492
24,031,13,135,GA,"Gwinnett County",39,80,2234
24,031,24,035,MD,"Queen Anne's County",39,69,3296
24,031,29,189,MO,"St Louis County",39,95,2289
24,031,36,005,NY,"Bronx County",39,74,1084
24,031,42,001,PA,"Adams County",38,72,3172
24,031,45,019,SC,"Charleston County",38,60,2197
24,031,48,027,TX,"Bell County",38,87,1594
24,031,48,085,TX,"Collin County",38,69,2820
24,031,12,031,FL,"Duval County",37,73,2818
24,031,24,025,MD,"Harford County",37,62,1741
24,031,24,045,MD,"Wicomico County",36,68,1342
24,031,26,125,MI,"Oakland County",36,64,2510
24,031,12,117,FL,"Seminole County",35,68,23773
24,031,34,013,NJ,"Essex County",35,65,2704
24,031,42,017,PA,"Bucks County",35,66,2682
24,031,48,439,TX,"Tarrant County",34,73,2415
24,031,51,710,VA,Norfolk,34,59,1356
24,031,37,051,NC,"Cumberland County",33,64,1197
24,031,34,021,NJ,"Mercer County",32,60,2771
24,031,26,161,MI,"Washtenaw County",31,53,1669
24,031,34,025,NJ,"Monmouth County",31,63,2524
24,031,37,063,NC,"Durham County",31,55,1774
24,031,42,043,PA,"Dauphin County",31,53,1116
24,031,45,051,SC,"Horry County",31,46,978
24,031,51,177,VA,"Spotsylvania County",31,60,1580
24,031,55,025,WI,"Dane County",31,56,2225
24,031,08,041,CO,"El Paso County",30,65,3076
24,031,12,127,FL,"Volusia County",30,54,1817
24,031,17,043,IL,"Du Page County",30,52,3052
24,031,26,163,MI,"Wayne County",30,52,950
24,031,33,011,NH,"Hillsborough County",30,57,2132
24,031,35,001,NM,"Bernalillo County",30,52,1292
24,031,12,033,FL,"Escambia County",29,48,1385
24,031,34,027,NJ,"Morris County",29,61,3405
24,031,47,037,TN,"Davidson County",29,41,1152
24,031,51,550,VA,Chesapeake,29,84,1568
24,031,06,071,CA,"San Bernardino Count",28,35,850
24,031,08,059,CO,"Jefferson County",28,42,1775
24,031,51,740,VA,Portsmouth,28,50,756
24,031,06,067,CA,"Sacramento County",27,50,1252
24,031,24,001,MD,"Allegany County",27,31,691
24,031,34,035,NJ,"Somerset County",27,61,2905
24,031,48,141,TX,"El Paso County",27,71,1554
24,031,51,760,VA,Richmond,27,34,1357
24,031,34,007,NJ,"Camden County",26,53,1254
24,031,53,053,WA,"Pierce County",26,58,1014
24,031,06,065,CA,"Riverside County",25,49,1002
24,031,12,071,FL,"Lee County",25,40,1237
24,031,25,027,MA,"Worcester County",25,52,1934
24,031,34,005,NJ,"Burlington County",25,49,1776
24,031,36,055,NY,"Monroe County",25,49,1144
24,031,37,129,NC,"New Hanover County",25,37,1513
24,031,42,133,PA,"York County",25,34,957
24,031,18,097,IN,"Marion County",24,38,1615
24,031,36,029,NY,"Erie County",24,43,1293
24,031,37,135,NC,"Orange County",24,45,2022
24,031,41,051,OR,"Multnomah County",24,37,813
24,031,42,055,PA,"Franklin County",24,46,1778
24,031,44,007,RI,"Providence County",24,45,950
24,031,47,157,TN,"Shelby County",24,41,1096
24,031,51,600,VA,Fairfax,24,44,2200
24,031,49,035,UT,"Salt Lake County",23,42,2130
24,031,51,003,VA,"Albemarle County",23,45,2242
24,031,51,061,VA,"Fauquier County",23,43,11848
24,031,57,003,FR,"Foreign - Puerto Rico",23,63,1025
24,031,36,067,NY,"Onondaga County",22,36,740
24,031,45,013,SC,"Beaufort County",22,42,1691
24,031,51,179,VA,"Stafford County",22,41,1176
24,031,12,081,FL,"Manatee County",21,32,1466
24,031,17,097,IL,"Lake County",21,51,1816
24,031,22,071,LA,"Orleans Parish",21,26,730
24,031,27,123,MN,"Ramsey County",21,35,946
24,031,39,061,OH,"Hamilton County",21,48,1795
24,031,06,111,CA,"Ventura County",20,38,1725
24,031,25,009,MA,"Essex County",20,30,1378
24,031,37,081,NC,"Guilford County",20,27,686
24,031,45,045,SC,"Greenville County",20,40,1449
24,031,36,087,NY,"Rockland County",19,52,2168
24,031,45,079,SC,"Richland County",19,39,1116
24,031,49,049,UT,"Utah County",19,35,675
24,031,50,007,VT,"Chittenden County",19,34,1181
24,031,12,001,FL,"Alachua County",18,36,624
24,031,23,005,ME,"Cumberland County",18,36,1211
24,031,39,113,OH,"Montgomery County",18,32,1012
24,031,51,041,VA,"Chesterfield County",18,34,1550
24,031,51,069,VA,"Frederick County",18,31,733
24,031,51,095,VA,"James City County",18,44,1711
24,031,54,027,WV,"Hampshire County",18,36,1205
24,031,04,025,AZ,"Yavapai County",17,31,949
24,031,08,069,CO,"Larimer County",17,28,2409
24,031,21,111,KY,"Jefferson County",17,33,1109
24,031,37,067,NC,"Forsyth County",17,28,578
24,031,37,147,NC,"Pitt County",17,23,609
24,031,51,650,VA,Hampton,17,31,537
24,031,55,079,WI,"Milwaukee County",17,26,475
24,031,09,011,CT,"New London County",16,25,1414
24,031,12,109,FL,"St Johns County",16,35,1141
24,031,36,071,NY,"Orange County",16,29,930
24,031,44,005,RI,"Newport County",16,26,664
24,031,51,121,VA,"Montgomery County",16,23,649
24,031,51,610,VA,"Falls Church",16,27,881
24,031,08,001,CO,"Adams County",15,24,844
24,031,12,069,FL,"Lake County",15,27,970
24,031,12,073,FL,"Leon County",15,20,676
24,031,13,051,GA,"Chatham County",15,25,1044
24,031,24,015,MD,"Cecil County",15,33,742
24,031,36,001,NY,"Albany County",15,23,1116
24,031,41,067,OR,"Washington County",15,34,1078
24,031,42,027,PA,"Centre County",15,31,932
24,031,42,071,PA,"Lancaster County",15,22,667
24,031,06,095,CA,"Solano County",14,33,468
24,031,10,001,DE,"Kent County",14,22,446
24,031,21,067,KY,"Fayette County",14,26,745
24,031,25,023,MA,"Plymouth County",14,32,1118
24,031,36,109,NY,"Tompkins County",14,20,692
24,031,42,021,PA,"Cambria County",14,24,588
24,031,42,077,PA,"Lehigh County",14,36,876
24,031,01,073,AL,"Jefferson County",13,26,1006
24,031,06,083,CA,"Santa Barbara County",13,24,1373
24,031,08,035,CO,"Douglas County",13,33,1694
24,031,08,117,CO,"Summit County",13,16,524
24,031,12,017,FL,"Citrus County",13,21,951
24,031,12,061,FL,"Indian River County",13,28,2532
24,031,12,083,FL,"Marion County",13,23,624
24,031,12,091,FL,"Okaloosa County",13,26,1555
24,031,20,091,KS,"Johnson County",13,27,3475
24,031,26,065,MI,"Ingham County",13,23,434
24,031,31,055,NE,"Douglas County",13,25,590
24,031,33,015,NH,"Rockingham County",13,21,733
24,031,34,001,NJ,"Atlantic County",13,20,785
24,031,34,039,NJ,"Union County",13,21,513
24,031,37,019,NC,"Brunswick County",13,24,903
24,031,37,021,NC,"Buncombe County",13,23,1108
24,031,48,157,TX,"Fort Bend County",13,30,666
24,031,48,491,TX,"Williamson County",13,25,1241
24,031,51,047,VA,"Culpeper County",13,24,560
24,031,53,035,WA,"Kitsap County",13,24,523
24,031,01,089,AL,"Madison County",12,26,579
24,031,06,041,CA,"Marin County",12,17,670
24,031,06,087,CA,"Santa Cruz County",12,15,487
24,031,12,015,FL,"Charlotte County",12,26,797
24,031,13,073,GA,"Columbia County",12,34,599
24,031,18,105,IN,"Monroe County",12,18,469
24,031,24,023,MD,"Garrett County",12,20,909
24,031,34,009,NJ,"Cape May County",12,25,652
24,031,40,143,OK,"Tulsa County",12,23,927
24,031,42,041,PA,"Cumberland County",12,15,579
24,031,54,065,WV,"Morgan County",12,21,641
24,031,12,035,FL,"Flagler County",11,19,1037
24,031,12,101,FL,"Pasco County",11,22,937
24,031,19,153,IA,"Polk County",11,29,1209
24,031,29,510,MO,"St Louis",11,12,337
24,031,33,009,NH,"Grafton County",11,23,702
24,031,36,027,NY,"Dutchess County",11,13,463
24,031,36,091,NY,"Saratoga County",11,17,619
24,031,37,037,NC,"Chatham County",11,22,1016
24,031,48,121,TX,"Denton County",11,17,673
24,031,48,355,TX,"Nueces County",11,20,508
24,031,51,171,VA,"Shenandoah County",11,22,839
24,031,51,187,VA,"Warren County",11,21,473
24,031,51,683,VA,Manassas,11,19,474
24,031,53,063,WA,"Spokane County",11,18,516
24,031,04,005,AZ,"Coconino County",10,15,593
24,031,06,053,CA,"Monterey County",10,21,863
24,031,08,037,CO,"Eagle County",10,18,3334
24,031,09,007,CT,"Middlesex County",10,28,809
24,031,12,097,FL,"Osceola County",10,20,259
24,031,16,001,ID,"Ada County",10,21,686
24,031,24,019,MD,"Dorchester County",10,20,714
24,031,25,001,MA,"Barnstable County",10,18,1645
24,031,31,109,NE,"Lancaster County",10,20,1173
24,031,32,031,NV,"Washoe County",10,16,671
24,031,34,029,NJ,"Ocean County",10,14,406
24,031,34,031,NJ,"Passaic County",10,17,788
24,031,35,049,NM,"Santa Fe County",10,18,957
24,031,37,125,NC,"Moore County",10,29,1216
24,031,42,079,PA,"Luzerne County",10,15,674
24,031,42,095,PA,"Northampton County",10,15,681
24,031,42,125,PA,"Washington County",10,22,438
24,031,45,015,SC,"Berkeley County",10,14,337
24,031,47,093,TN,"Knox County",10,18,550
24,031,51,137,VA,"Orange County",10,21,786
24,031,51,630,VA,Fredericksburg,10,12,541
24,031,51,700,VA,"Newport News",10,23,231
24,031,58,000,SS,"Other Flows - Same State",23,39,1758
24,031,59,000,DS,"Other Flows - Diff State",2185,4097,126385
24,031,59,001,DS,"Other Flows - Northeast",373,638,23568
24,031,59,003,DS,"Other Flows - Midwest",488,929,29755
24,031,59,005,DS,"Other Flows - South",1019,1950,52951
24,031,59,007,DS,"Other Flows - West",305,580,20111
24,031,57,009,FR,"Foreign - Other flows",489,947,19225
24,033,96,000,MD,"Prince George's Tot Mig-US & For",25226,48844,1049963
24,033,97,000,MD,"Prince George's Tot Mig-US",24730,47852,1034867
24,033,97,001,MD,"Prince George's Tot Mig-Same St",11747,22936,513667
24,033,97,003,MD,"Prince George's Tot Mig-Diff St",12983,24916,521200
24,033,98,000,MD,"Prince George's Tot Mig-Foreign",496,992,15096
24,033,24,033,MD,"Prince George's Non-Migrants",279298,586629,13027931
24,033,24,031,MD,"Montgomery County",4036,7664,147797
24,033,11,001,DC,"District Of Columbia",3679,7214,143064
24,033,24,003,MD,"Anne Arundel County",2440,4644,129775
24,033,24,017,MD,"Charles County",1700,3682,69463
24,033,24,027,MD,"Howard County",1418,2761,69336
24,033,51,059,VA,"Fairfax County",1034,1875,52632
24,033,24,009,MD,"Calvert County",559,1329,32615
24,033,24,005,MD,"Baltimore County",436,706,13989
24,033,57,005,FR,"Foreign - APO/FPO ZIPs",376,784,11596
24,033,51,510,VA,Alexandria,344,539,13430
24,033,51,153,VA,"Prince William Count",323,662,12706
24,033,51,013,VA,"Arlington County",303,452,12994
24,033,24,510,MD,Baltimore,301,454,8051
24,033,24,037,MD,"St Mary's County",189,379,7984
24,033,24,021,MD,"Frederick County",178,349,8622
24,033,51,107,VA,"Loudoun County",143,299,9146
24,033,24,013,MD,"Carroll County",115,282,7673
24,033,06,037,CA,"Los Angeles County",108,174,3796
24,033,10,005,DE,"Sussex County",95,173,5248
24,033,24,035,MD,"Queen Anne's County",90,186,6016
24,033,36,047,NY,"Kings County",87,143,2137
24,033,06,073,CA,"San Diego County",86,157,2206
24,033,12,011,FL,"Broward County",77,138,3422
24,033,48,029,TX,"Bexar County",76,188,3137
24,033,36,061,NY,"New York County",72,96,2506
24,033,42,101,PA,"Philadelphia County",71,99,2150
24,033,48,201,TX,"Harris County",69,131,2201
24,033,37,119,NC,"Mecklenburg County",68,122,2451
24,033,13,089,GA,"De Kalb County",67,133,1909
24,033,51,810,VA,"Virginia Beach",66,138,2083
24,033,04,013,AZ,"Maricopa County",65,119,3139
24,033,37,183,NC,"Wake County",65,111,2338
24,033,12,025,FL,"Dade County",64,99,1962
24,033,12,095,FL,"Orange County",62,102,1945
24,033,24,047,MD,"Worcester County",62,108,3271
24,033,51,179,VA,"Stafford County",61,154,2638
24,033,39,049,OH,"Franklin County",60,110,1240
24,033,42,003,PA,"Allegheny County",60,114,2710
24,033,17,031,IL,"Cook County",59,107,2526
24,033,06,085,CA,"Santa Clara County",56,86,2834
24,033,12,057,FL,"Hillsborough County",51,96,1887
24,033,13,121,GA,"Fulton County",51,98,1940
24,033,37,051,NC,"Cumberland County",51,93,1390
24,033,48,113,TX,"Dallas County",51,97,1772
24,033,32,003,NV,"Clark County",50,101,2206
24,033,12,009,FL,"Brevard County",48,116,2100
24,033,13,067,GA,"Cobb County",48,97,2353
24,033,36,081,NY,"Queens County",47,75,1230
24,033,51,087,VA,"Henrico County",47,91,2032
24,033,15,003,HI,"Honolulu County",43,104,1490
24,033,24,045,MD,"Wicomico County",42,64,1104
24,033,25,017,MA,"Middlesex County",42,77,2580
24,033,08,041,CO,"El Paso County",41,94,2164
24,033,24,043,MD,"Washington County",41,75,1474
24,033,37,081,NC,"Guilford County",41,61,1209
24,033,42,091,PA,"Montgomery County",41,63,1410
24,033,51,177,VA,"Spotsylvania County",41,104,2043
24,033,10,003,DE,"New Castle County",40,67,1591
24,033,12,103,FL,"Pinellas County",40,63,1655
24,033,24,025,MD,"Harford County",39,58,1410
24,033,51,710,VA,Norfolk,37,78,1111
24,033,12,031,FL,"Duval County",36,84,1225
24,033,37,133,NC,"Onslow County",36,76,813
24,033,36,005,NY,"Bronx County",35,62,533
24,033,51,650,VA,Hampton,35,66,793
24,033,34,013,NJ,"Essex County",34,64,878
24,033,26,163,MI,"Wayne County",33,60,1023
24,033,48,439,TX,"Tarrant County",33,75,1322
24,033,06,001,CA,"Alameda County",32,53,1086
24,033,12,127,FL,"Volusia County",32,65,1255
24,033,53,033,WA,"King County",31,56,1724
24,033,06,059,CA,"Orange County",30,47,1457
24,033,10,001,DE,"Kent County",30,60,1014
24,033,06,081,CA,"San Mateo County",29,37,1588
24,033,12,099,FL,"Palm Beach County",29,57,1520
24,033,42,133,PA,"York County",28,58,1128
24,033,48,453,TX,"Travis County",28,42,916
24,033,51,700,VA,"Newport News",28,50,608
24,033,27,053,MN,"Hennepin County",26,51,756
24,033,54,037,WV,"Jefferson County",26,62,1046
24,033,13,135,GA,"Gwinnett County",25,60,1147
24,033,45,019,SC,"Charleston County",25,52,713
24,033,45,051,SC,"Horry County",25,45,1075
24,033,47,157,TN,"Shelby County",25,65,1965
24,033,06,095,CA,"Solano County",24,53,1092
24,033,24,041,MD,"Talbot County",24,43,1733
24,033,51,041,VA,"Chesterfield County",24,47,894
24,033,36,059,NY,"Nassau County",23,39,711
24,033,37,063,NC,"Durham County",23,41,649
24,033,42,017,PA,"Bucks County",23,37,939
24,033,48,027,TX,"Bell County",23,37,524
24,033,04,019,AZ,"Pima County",22,37,753
24,033,12,091,FL,"Okaloosa County",22,50,1197
24,033,37,049,NC,"Craven County",22,55,927
24,033,42,055,PA,"Franklin County",22,43,1281
24,033,45,085,SC,"Sumter County",22,66,590
24,033,12,117,FL,"Seminole County",21,37,751
24,033,26,125,MI,"Oakland County",21,29,874
24,033,34,005,NJ,"Burlington County",21,41,1241
24,033,34,023,NJ,"Middlesex County",21,36,988
24,033,37,067,NC,"Forsyth County",21,36,623
24,033,39,035,OH,"Cuyahoga County",21,34,863
24,033,48,141,TX,"El Paso County",21,41,659
24,033,51,760,VA,Richmond,21,33,523
24,033,54,003,WV,"Berkeley County",21,39,877
24,033,08,005,CO,"Arapahoe County",20,43,815
24,033,09,003,CT,"Hartford County",20,49,702
24,033,12,033,FL,"Escambia County",20,44,617
24,033,12,071,FL,"Lee County",20,39,1419
24,033,25,025,MA,"Suffolk County",20,27,660
24,033,51,061,VA,"Fauquier County",20,43,1222
24,033,06,067,CA,"Sacramento County",19,34,675
24,033,13,063,GA,"Clayton County",19,40,664
24,033,45,045,SC,"Greenville County",19,32,790
24,033,45,079,SC,"Richland County",19,41,637
24,033,12,115,FL,"Sarasota County",18,33,3245
24,033,29,189,MO,"St Louis County",18,32,465
24,033,36,029,NY,"Erie County",18,31,667
24,033,36,119,NY,"Westchester County",18,26,687
24,033,40,109,OK,"Oklahoma County",18,40,542
24,033,42,029,PA,"Chester County",18,32,621
24,033,42,045,PA,"Delaware County",18,35,865
24,033,51,099,VA,"King George County",18,33,1268
24,033,51,165,VA,"Rockingham County",18,33,471
24,033,06,071,CA,"San Bernardino Count",17,32,478
24,033,08,031,CO,"Denver County",17,24,748
24,033,09,009,CT,"New Haven County",17,28,486
24,033,12,001,FL,"Alachua County",17,34,774
24,033,36,055,NY,"Monroe County",17,31,700
24,033,44,007,RI,"Providence County",17,22,562
24,033,47,037,TN,"Davidson County",17,27,317
24,033,51,121,VA,"Montgomery County",17,27,408
24,033,51,550,VA,Chesapeake,17,39,875
24,033,34,017,NJ,"Hudson County",16,27,438
24,033,35,001,NM,"Bernalillo County",16,38,833
24,033,37,083,NC,"Halifax County",16,28,462
24,033,51,683,VA,Manassas,16,32,603
24,033,06,075,CA,"San Francisco County",15,21,601
24,033,12,083,FL,"Marion County",15,24,1007
24,033,17,163,IL,"St Clair County",15,40,632
24,033,22,071,LA,"Orleans Parish",15,24,622
24,033,24,001,MD,"Allegany County",15,22,338
24,033,34,003,NJ,"Bergen County",15,22,604
24,033,34,007,NJ,"Camden County",15,36,685
24,033,34,025,NJ,"Monmouth County",15,24,263
24,033,36,103,NY,"Suffolk County",15,22,333
24,033,39,113,OH,"Montgomery County",15,34,602
24,033,41,051,OR,"Multnomah County",15,24,571
24,033,48,485,TX,"Wichita County",15,47,499
24,033,57,003,FR,"Foreign - Puerto Rico",15,36,492
24,033,12,019,FL,"Clay County",14,39,574
24,033,13,179,GA,"Liberty County",14,27,385
24,033,13,215,GA,"Muscogee County",14,21,228
24,033,17,043,IL,"Du Page County",14,31,597
24,033,26,161,MI,"Washtenaw County",14,30,755
24,033,36,109,NY,"Tompkins County",14,23,482
24,033,37,065,NC,"Edgecombe County",14,28,318
24,033,37,129,NC,"New Hanover County",14,21,525
24,033,37,147,NC,"Pitt County",14,27,408
24,033,42,001,PA,"Adams County",14,19,618
24,033,42,043,PA,"Dauphin County",14,36,477
24,033,51,003,VA,"Albemarle County",14,26,913
24,033,51,137,VA,"Orange County",14,25,786
24,033,51,187,VA,"Warren County",14,32,866
24,033,53,053,WA,"Pierce County",14,23,518
24,033,06,065,CA,"Riverside County",13,27,479
24,033,09,001,CT,"Fairfield County",13,21,724
24,033,12,073,FL,"Leon County",13,18,465
24,033,24,019,MD,"Dorchester County",13,22,517
24,033,28,047,MS,"Harrison County",13,30,357
24,033,34,035,NJ,"Somerset County",13,26,1358
24,033,34,039,NJ,"Union County",13,27,450
24,033,36,067,NY,"Onondaga County",13,25,454
24,033,37,195,NC,"Wilson County",13,29,423
24,033,51,069,VA,"Frederick County",13,23,576
24,033,51,193,VA,"Westmoreland County",13,27,617
24,033,06,013,CA,"Contra Costa County",12,25,498
24,033,06,111,CA,"Ventura County",12,26,531
24,033,08,013,CO,"Boulder County",12,21,470
24,033,09,011,CT,"New London County",12,19,784
24,033,13,051,GA,"Chatham County",12,19,351
24,033,18,097,IN,"Marion County",12,28,527
24,033,22,051,LA,"Jefferson Parish",12,19,378
24,033,24,039,MD,"Somerset County",12,19,452
24,033,34,001,NJ,"Atlantic County",12,19,375
24,033,34,021,NJ,"Mercer County",12,22,535
24,033,37,191,NC,"Wayne County",12,20,356
24,033,42,011,PA,"Berks County",12,22,395
24,033,42,079,PA,"Luzerne County",12,18,313
24,033,45,013,SC,"Beaufort County",12,21,383
24,033,01,089,AL,"Madison County",11,20,738
24,033,12,069,FL,"Lake County",11,19,537
24,033,17,097,IL,"Lake County",11,24,885
24,033,24,011,MD,"Caroline County",11,32,683
24,033,24,023,MD,"Garrett County",11,25,567
24,033,25,021,MA,"Norfolk County",11,20,496
24,033,27,123,MN,"Ramsey County",11,26,354
24,033,29,095,MO,"Jackson County",11,26,617
24,033,37,101,NC,"Johnston County",11,26,461
24,033,37,155,NC,"Robeson County",11,26,445
24,033,39,061,OH,"Hamilton County",11,19,181
24,033,42,071,PA,"Lancaster County",11,23,540
24,033,49,011,UT,"Davis County",11,27,318
24,033,51,133,VA,"Northumberland Count",11,23,578
24,033,51,199,VA,"York County",11,37,603
24,033,02,020,AK,"Anchorage Borough",10,26,247
24,033,05,119,AR,"Pulaski County",10,22,362
24,033,12,005,FL,"Bay County",10,17,427
24,033,12,097,FL,"Osceola County",10,23,496
24,033,21,067,KY,"Fayette County",10,19,541
24,033,45,015,SC,"Berkeley County",10,19,257
24,033,45,027,SC,"Clarendon County",10,19,188
24,033,45,041,SC,"Florence County",10,21,325
24,033,45,063,SC,"Lexington County",10,22,331
24,033,47,163,TN,"Sullivan County",10,21,356
24,033,51,171,VA,"Shenandoah County",10,25,518
24,033,51,730,VA,Petersburg,10,26,227
24,033,51,740,VA,Portsmouth,10,16,802
24,033,55,025,WI,"Dane County",10,17,330
24,033,58,000,SS,"Other Flows - Same State",15,32,798
24,033,59,000,DS,"Other Flows - Diff State",2204,4485,84406
24,033,59,001,DS,"Other Flows - Northeast",377,730,14947
24,033,59,003,DS,"Other Flows - Midwest",379,785,13501
24,033,59,005,DS,"Other Flows - South",1187,2428,44908
24,033,59,007,DS,"Other Flows - West",261,542,11051
24,033,57,009,FR,"Foreign - Other flows",105,172,3008
24,035,96,000,MD,"Queen Anne's Co Tot Mig-US & For",1046,1912,46121
24,035,97,000,MD,"Queen Anne's Co Tot Mig-US",1034,1891,45642
24,035,97,001,MD,"Queen Anne's Co Tot Mig-Same St",714,1319,30502
24,035,97,003,MD,"Queen Anne's Co Tot Mig-Diff St",320,572,15141
24,035,98,000,MD,"Queen Anne's Co Tot Mig-Foreign",12,21,479
24,035,24,035,MD,"Queen Anne's Co Non-Migrants",12824,28649,746390
24,035,24,003,MD,"Anne Arundel County",223,404,11804
24,035,24,011,MD,"Caroline County",101,208,2678
24,035,24,041,MD,"Talbot County",97,177,5000
24,035,24,029,MD,"Kent County",90,190,3222
24,035,24,031,MD,"Montgomery County",33,53,1342
24,035,24,005,MD,"Baltimore County",32,46,1062
24,035,24,033,MD,"Prince George's Coun",31,50,1207
24,035,10,005,DE,"Sussex County",21,43,740
24,035,10,001,DE,"Kent County",19,32,568
24,035,24,045,MD,"Wicomico County",16,25,459
24,035,24,510,MD,Baltimore,14,19,718
24,035,24,047,MD,"Worcester County",13,27,555
24,035,10,003,DE,"New Castle County",12,18,312
24,035,24,019,MD,"Dorchester County",12,25,374
24,035,24,027,MD,"Howard County",11,12,442
24,035,58,000,SS,"Other Flows - Same State",41,83,1640
24,035,59,000,DS,"Other Flows - Diff State",268,479,13520
24,035,57,009,FR,"Foreign - Other flows",12,21,479
24,037,96,000,MD,"St Mary's Count Tot Mig-US & For",2538,5396,101845
24,037,97,000,MD,"St Mary's Count Tot Mig-US",2408,5085,98196
24,037,97,001,MD,"St Mary's Count Tot Mig-Same St",904,1680,34083
24,037,97,003,MD,"St Mary's Count Tot Mig-Diff St",1504,3405,64112
24,037,98,000,MD,"St Mary's Count Tot Mig-Foreign",130,311,3650
24,037,24,037,MD,"St Mary's Count Non-Migrants",28937,66817,1456145
24,037,24,017,MD,"Charles County",296,585,11246
24,037,24,009,MD,"Calvert County",276,544,10825
24,037,57,005,FR,"Foreign - APO/FPO ZIPs",118,285,3384
24,037,24,033,MD,"Prince George's Coun",108,177,3453
24,037,51,810,VA,"Virginia Beach",78,214,2487
24,037,24,003,MD,"Anne Arundel County",73,124,2921
24,037,51,059,VA,"Fairfax County",51,97,3106
24,037,06,073,CA,"San Diego County",44,104,1768
24,037,37,133,NC,"Onslow County",44,116,1690
24,037,24,031,MD,"Montgomery County",43,70,1872
24,037,12,031,FL,"Duval County",40,119,1670
24,037,48,439,TX,"Tarrant County",30,75,2838
24,037,11,001,DC,"District Of Columbia",29,52,922
24,037,24,005,MD,"Baltimore County",23,33,806
24,037,12,019,FL,"Clay County",20,60,815
24,037,51,153,VA,"Prince William Count",19,35,759
24,037,51,710,VA,Norfolk,19,41,622
24,037,24,510,MD,Baltimore,18,28,357
24,037,51,510,VA,Alexandria,16,26,1210
24,037,06,029,CA,"Kern County",14,38,778
24,037,24,027,MD,"Howard County",14,19,565
24,037,12,033,FL,"Escambia County",12,33,572
24,037,51,013,VA,"Arlington County",12,15,443
24,037,51,179,VA,"Stafford County",12,26,529
24,037,53,029,WA,"Island County",12,29,483
24,037,04,013,AZ,"Maricopa County",11,29,425
24,037,15,003,HI,"Honolulu County",11,34,464
24,037,06,037,CA,"Los Angeles County",10,14,693
24,037,10,003,DE,"New Castle County",10,15,430
24,037,24,025,MD,"Harford County",10,20,360
24,037,24,045,MD,"Wicomico County",10,15,180
24,037,45,013,SC,"Beaufort County",10,26,270
24,037,51,099,VA,"King George County",10,24,463
24,037,51,550,VA,Chesapeake,10,28,502
24,037,58,000,SS,"Other Flows - Same State",33,65,1498
24,037,59,000,DS,"Other Flows - Diff State",980,2155,40177
24,037,59,001,DS,"Other Flows - Northeast",212,472,8708
24,037,59,003,DS,"Other Flows - Midwest",144,327,6290
24,037,59,005,DS,"Other Flows - South",509,1102,20583
24,037,59,007,DS,"Other Flows - West",115,254,4595
24,037,57,009,FR,"Foreign - Other flows",12,26,266
24,039,96,000,MD,"Somerset County Tot Mig-US & For",506,934,12261
24,039,97,000,MD,"Somerset County Tot Mig-US",506,934,12261
24,039,97,001,MD,"Somerset County Tot Mig-Same St",350,652,8028
24,039,97,003,MD,"Somerset County Tot Mig-Diff St",156,282,4233
24,039,24,039,MD,"Somerset County Non-Migrants",6991,14526,217332
24,039,24,045,MD,"Wicomico County",205,411,4581
24,039,24,047,MD,"Worcester County",57,94,1140
24,039,10,005,DE,"Sussex County",18,38,519
24,039,24,033,MD,"Prince George's Coun",18,28,371
24,039,24,510,MD,Baltimore,14,20,204
24,039,51,001,VA,"Accomack County",13,26,277
24,039,24,005,MD,"Baltimore County",12,16,525
24,039,24,003,MD,"Anne Arundel County",10,15,289
24,039,58,000,SS,"Other Flows - Same State",34,68,919
24,039,59,000,DS,"Other Flows - Diff State",125,218,3437
24,041,96,000,MD,"Talbot County Tot Mig-US & For",920,1652,37167
24,041,97,000,MD,"Talbot County Tot Mig-US",920,1652,37167
24,041,97,001,MD,"Talbot County Tot Mig-Same St",539,980,18529
24,041,97,003,MD,"Talbot County Tot Mig-Diff St",381,672,18638
24,041,24,041,MD,"Talbot County Non-Migrants",12504,25901,784115
24,041,24,011,MD,"Caroline County",163,341,4355
24,041,24,019,MD,"Dorchester County",92,153,2931
24,041,24,035,MD,"Queen Anne's County",67,123,2158
24,041,24,003,MD,"Anne Arundel County",54,92,2882
24,041,24,005,MD,"Baltimore County",30,45,1263
24,041,10,005,DE,"Sussex County",28,46,837
24,041,24,045,MD,"Wicomico County",27,48,752
24,041,24,033,MD,"Prince George's Coun",20,30,450
24,041,24,029,MD,"Kent County",14,22,478
24,041,10,001,DE,"Kent County",12,21,392
24,041,24,047,MD,"Worcester County",12,28,775
24,041,11,001,DC,"District Of Columbia",10,12,446
24,041,24,027,MD,"Howard County",10,13,424
24,041,24,031,MD,"Montgomery County",10,11,571
24,041,24,510,MD,Baltimore,10,13,303
24,041,58,000,SS,"Other Flows - Same State",30,61,1188
24,041,59,000,DS,"Other Flows - Diff State",331,593,16963
24,041,59,001,DS,"Other Flows - Northeast",85,163,4176
24,041,59,003,DS,"Other Flows - Midwest",27,52,1438
24,041,59,005,DS,"Other Flows - South",171,309,9197
24,041,59,007,DS,"Other Flows - West",48,69,2152
24,043,96,000,MD,"Washington Coun Tot Mig-US & For",2474,4675,87844
24,043,97,000,MD,"Washington Coun Tot Mig-US",2442,4614,87143
24,043,97,001,MD,"Washington Coun Tot Mig-Same St",706,1269,24290
24,043,97,003,MD,"Washington Coun Tot Mig-Diff St",1736,3345,62853
24,043,98,000,MD,"Washington Coun Tot Mig-Foreign",32,61,701
24,043,24,043,MD,"Washington Coun Non-Migrants",46795,100075,2026592
24,043,24,021,MD,"Frederick County",377,745,13497
24,043,42,055,PA,"Franklin County",293,581,9678
24,043,54,003,WV,"Berkeley County",279,558,8204
24,043,24,031,MD,"Montgomery County",68,114,2210
24,043,54,037,WV,"Jefferson County",42,79,1342
24,043,24,003,MD,"Anne Arundel County",40,59,1382
24,043,24,005,MD,"Baltimore County",40,55,1307
24,043,24,001,MD,"Allegany County",36,73,992
24,043,54,065,WV,"Morgan County",36,65,1084
24,043,42,057,PA,"Fulton County",34,66,1048
24,043,24,033,MD,"Prince George's Coun",26,44,709
24,043,24,510,MD,Baltimore,25,30,643
24,043,51,059,VA,"Fairfax County",20,35,735
24,043,24,027,MD,"Howard County",18,25,568
24,043,51,069,VA,"Frederick County",18,33,487
24,043,24,013,MD,"Carroll County",17,35,742
24,043,42,001,PA,"Adams County",17,32,977
24,043,06,073,CA,"San Diego County",16,22,306
24,043,11,001,DC,"District Of Columbia",15,18,940
24,043,37,183,NC,"Wake County",15,23,576
24,043,10,003,DE,"New Castle County",14,29,560
24,043,51,153,VA,"Prince William Count",13,26,444
24,043,12,031,FL,"Duval County",11,24,360
24,043,24,045,MD,"Wicomico County",11,16,327
24,043,37,133,NC,"Onslow County",11,23,226
24,043,42,041,PA,"Cumberland County",11,27,447
24,043,42,043,PA,"Dauphin County",11,17,425
24,043,45,051,SC,"Horry County",11,21,281
24,043,04,013,AZ,"Maricopa County",10,22,450
24,043,06,037,CA,"Los Angeles County",10,13,386
24,043,12,057,FL,"Hillsborough County",10,14,502
24,043,24,025,MD,"Harford County",10,16,588
24,043,36,061,NY,"New York County",10,11,275
24,043,51,107,VA,"Loudoun County",10,17,342
24,043,58,000,SS,"Other Flows - Same State",38,57,1325
24,043,59,000,DS,"Other Flows - Diff State",819,1589,32776
24,043,59,001,DS,"Other Flows - Northeast",189,356,7163
24,043,59,003,DS,"Other Flows - Midwest",105,246,4947
24,043,59,005,DS,"Other Flows - South",426,805,16490
24,043,59,007,DS,"Other Flows - West",99,182,4176
24,043,57,009,FR,"Foreign - Other flows",32,61,701
24,045,96,000,MD,"Wicomico County Tot Mig-US & For",1972,3650,65436
24,045,97,000,MD,"Wicomico County Tot Mig-US",1958,3628,65114
24,045,97,001,MD,"Wicomico County Tot Mig-Same St",857,1499,29828
24,045,97,003,MD,"Wicomico County Tot Mig-Diff St",1101,2129,35286
24,045,98,000,MD,"Wicomico County Tot Mig-Foreign",14,22,322
24,045,24,045,MD,"Wicomico County Non-Migrants",28645,61232,1225159
24,045,24,047,MD,"Worcester County",286,525,10747
24,045,10,005,DE,"Sussex County",243,528,6641
24,045,24,039,MD,"Somerset County",150,276,5604
24,045,24,003,MD,"Anne Arundel County",67,95,1867
24,045,24,005,MD,"Baltimore County",64,98,1779
24,045,24,033,MD,"Prince George's Coun",38,57,876
24,045,24,019,MD,"Dorchester County",32,59,972
24,045,24,031,MD,"Montgomery County",32,50,1039
24,045,24,510,MD,Baltimore,32,56,481
24,045,10,001,DE,"Kent County",31,65,883
24,045,10,003,DE,"New Castle County",30,60,927
24,045,24,041,MD,"Talbot County",27,43,1980
24,045,24,027,MD,"Howard County",25,47,965
24,045,51,059,VA,"Fairfax County",19,44,717
24,045,51,001,VA,"Accomack County",18,36,488
24,045,24,011,MD,"Caroline County",17,31,421
24,045,24,021,MD,"Frederick County",17,34,811
24,045,24,025,MD,"Harford County",15,21,565
24,045,24,043,MD,"Washington County",12,17,329
24,045,51,810,VA,"Virginia Beach",12,13,255
24,045,42,101,PA,"Philadelphia County",11,17,114
24,045,12,011,FL,"Broward County",10,16,223
24,045,12,099,FL,"Palm Beach County",10,14,255
24,045,58,000,SS,"Other Flows - Same State",43,90,1392
24,045,59,000,DS,"Other Flows - Diff State",717,1336,24782
24,045,59,001,DS,"Other Flows - Northeast",189,346,6363
24,045,59,003,DS,"Other Flows - Midwest",75,150,2550
24,045,59,005,DS,"Other Flows - South",361,702,13041
24,045,59,007,DS,"Other Flows - West",92,138,2828
24,045,57,009,FR,"Foreign - Other flows",14,22,322
24,047,96,000,MD,"Worcester Count Tot Mig-US & For",1484,2585,47158
24,047,97,000,MD,"Worcester Count Tot Mig-US",1484,2585,47158
24,047,97,001,MD,"Worcester Count Tot Mig-Same St",718,1261,20000
24,047,97,003,MD,"Worcester Count Tot Mig-Diff St",766,1324,27158
24,047,24,047,MD,"Worcester Count Non-Migrants",18587,36673,809537
24,047,24,045,MD,"Wicomico County",368,693,9927
24,047,10,005,DE,"Sussex County",165,286,5113
24,047,24,005,MD,"Baltimore County",84,117,2281
24,047,24,039,MD,"Somerset County",54,113,1338
24,047,51,001,VA,"Accomack County",41,86,929
24,047,24,510,MD,Baltimore,36,50,819
24,047,24,003,MD,"Anne Arundel County",31,56,1093
24,047,24,031,MD,"Montgomery County",28,42,818
24,047,24,033,MD,"Prince George's Coun",21,33,645
24,047,12,099,FL,"Palm Beach County",17,28,934
24,047,42,133,PA,"York County",16,31,638
24,047,24,013,MD,"Carroll County",15,20,437
24,047,24,025,MD,"Harford County",14,21,462
24,047,24,027,MD,"Howard County",12,16,334
24,047,51,059,VA,"Fairfax County",12,13,377
24,047,06,073,CA,"San Diego County",11,14,351
24,047,10,001,DE,"Kent County",11,18,181
24,047,24,021,MD,"Frederick County",10,15,371
24,047,58,000,SS,"Other Flows - Same State",45,85,1474
24,047,59,000,DS,"Other Flows - Diff State",493,848,18635
24,047,59,001,DS,"Other Flows - Northeast",117,196,3262
24,047,59,003,DS,"Other Flows - Midwest",32,63,1011
24,047,59,005,DS,"Other Flows - South",293,509,13097
24,047,59,007,DS,"Other Flows - West",51,80,1265
24,510,96,000,MD,"Baltimore Tot Mig-US & For",17637,32352,668026
24,510,97,000,MD,"Baltimore Tot Mig-US",17467,32097,663490
24,510,97,001,MD,"Baltimore Tot Mig-Same St",12800,24828,465294
24,510,97,003,MD,"Baltimore Tot Mig-Diff St",4667,7269,198195
24,510,98,000,MD,"Baltimore Tot Mig-Foreign",170,255,4536
24,510,24,510,MD,"Baltimore Non-Migrants",196512,399893,6810787
24,510,24,005,MD,"Baltimore County",9172,18085,311314
24,510,24,003,MD,"Anne Arundel County",1231,2354,51512
24,510,24,025,MD,"Harford County",636,1339,25980
24,510,24,027,MD,"Howard County",537,945,25521
24,510,24,031,MD,"Montgomery County",306,444,15466
24,510,24,033,MD,"Prince George's Coun",274,435,8881
24,510,24,013,MD,"Carroll County",235,481,11618
24,510,11,001,DC,"District Of Columbia",218,262,11619
24,510,42,133,PA,"York County",155,362,6467
24,510,36,061,NY,"New York County",147,173,11629
24,510,51,059,VA,"Fairfax County",109,158,5292
24,510,42,101,PA,"Philadelphia County",96,132,2576
24,510,06,037,CA,"Los Angeles County",87,126,3698
24,510,17,031,IL,"Cook County",84,111,5614
24,510,36,047,NY,"Kings County",77,106,1839
24,510,24,021,MD,"Frederick County",73,136,3066
24,510,24,047,MD,"Worcester County",70,111,2450
24,510,51,013,VA,"Arlington County",66,72,3400
24,510,24,015,MD,"Cecil County",62,136,2663
24,510,06,075,CA,"San Francisco County",61,66,2864
24,510,06,073,CA,"San Diego County",58,75,1758
24,510,25,017,MA,"Middlesex County",58,80,3041
24,510,10,005,DE,"Sussex County",55,105,2239
24,510,57,005,FR,"Foreign - APO/FPO ZIPs",54,83,1184
24,510,25,025,MA,"Suffolk County",48,57,2450
24,510,13,089,GA,"De Kalb County",46,73,1471
24,510,13,121,GA,"Fulton County",46,75,2419
24,510,42,003,PA,"Allegheny County",44,56,1575
24,510,53,033,WA,"King County",39,52,2002
24,510,12,025,FL,"Dade County",38,50,3726
24,510,10,003,DE,"New Castle County",36,51,1856
24,510,12,011,FL,"Broward County",36,52,6609
24,510,06,001,CA,"Alameda County",34,36,1229
24,510,36,081,NY,"Queens County",34,49,1373
24,510,37,183,NC,"Wake County",33,61,832
24,510,42,091,PA,"Montgomery County",33,51,1808
24,510,12,103,FL,"Pinellas County",32,47,1313
24,510,51,510,VA,Alexandria,32,41,1354
24,510,34,017,NJ,"Hudson County",31,37,1173
24,510,12,031,FL,"Duval County",29,52,855
24,510,06,085,CA,"Santa Clara County",28,39,861
24,510,04,013,AZ,"Maricopa County",27,33,907
24,510,12,099,FL,"Palm Beach County",26,37,1222
24,510,24,035,MD,"Queen Anne's County",26,52,1349
24,510,36,005,NY,"Bronx County",26,45,682
24,510,39,035,OH,"Cuyahoga County",25,34,1008
24,510,42,029,PA,"Chester County",25,30,1176
24,510,48,201,TX,"Harris County",25,41,887
24,510,37,119,NC,"Mecklenburg County",24,40,815
24,510,42,045,PA,"Delaware County",24,44,1587
24,510,48,113,TX,"Dallas County",24,36,1267
24,510,51,760,VA,Richmond,24,36,833
24,510,36,103,NY,"Suffolk County",23,31,651
24,510,08,031,CO,"Denver County",22,30,819
24,510,24,043,MD,"Washington County",22,35,543
24,510,24,045,MD,"Wicomico County",22,44,510
24,510,39,049,OH,"Franklin County",22,33,587
24,510,41,051,OR,"Multnomah County",22,30,700
24,510,09,009,CT,"New Haven County",21,28,1201
24,510,24,001,MD,"Allegany County",21,27,526
24,510,24,017,MD,"Charles County",21,30,704
24,510,42,001,PA,"Adams County",20,43,696
24,510,51,153,VA,"Prince William Count",20,37,571
24,510,51,810,VA,"Virginia Beach",20,35,525
24,510,12,057,FL,"Hillsborough County",19,25,748
24,510,12,095,FL,"Orange County",19,38,432
24,510,27,053,MN,"Hennepin County",19,21,1039
24,510,34,013,NJ,"Essex County",19,33,1057
24,510,36,029,NY,"Erie County",19,26,590
24,510,26,125,MI,"Oakland County",18,27,957
24,510,51,710,VA,Norfolk,18,42,441
24,510,09,001,CT,"Fairfield County",17,22,1033
24,510,24,019,MD,"Dorchester County",17,31,513
24,510,25,021,MA,"Norfolk County",17,23,873
24,510,34,003,NJ,"Bergen County",17,23,633
24,510,34,023,NJ,"Middlesex County",17,27,662
24,510,47,037,TN,"Davidson County",17,25,693
24,510,54,003,WV,"Berkeley County",17,34,544
24,510,08,013,CO,"Boulder County",16,19,502
24,510,15,003,HI,"Honolulu County",16,21,362
24,510,32,003,NV,"Clark County",16,25,951
24,510,37,051,NC,"Cumberland County",16,31,372
24,510,37,063,NC,"Durham County",16,22,397
24,510,48,027,TX,"Bell County",16,23,223
24,510,51,003,VA,"Albemarle County",16,22,724
24,510,10,001,DE,"Kent County",15,19,235
24,510,13,067,GA,"Cobb County",15,16,505
24,510,24,041,MD,"Talbot County",15,24,589
24,510,39,061,OH,"Hamilton County",15,24,392
24,510,42,043,PA,"Dauphin County",15,27,304
24,510,44,007,RI,"Providence County",15,29,564
24,510,06,059,CA,"Orange County",14,17,409
24,510,06,081,CA,"San Mateo County",14,20,627
24,510,09,003,CT,"Hartford County",14,23,413
24,510,24,037,MD,"St Mary's County",14,25,463
24,510,34,025,NJ,"Monmouth County",14,23,638
24,510,42,071,PA,"Lancaster County",14,25,544
24,510,51,087,VA,"Henrico County",14,29,433
24,510,36,059,NY,"Nassau County",13,19,345
24,510,42,017,PA,"Bucks County",13,19,486
24,510,53,053,WA,"Pierce County",13,24,289
24,510,12,009,FL,"Brevard County",12,19,314
24,510,12,127,FL,"Volusia County",12,20,351
24,510,22,071,LA,"Orleans Parish",12,15,299
24,510,24,011,MD,"Caroline County",12,25,453
24,510,37,081,NC,"Guilford County",12,22,296
24,510,37,133,NC,"Onslow County",12,19,130
24,510,45,019,SC,"Charleston County",12,19,604
24,510,45,051,SC,"Horry County",12,18,474
24,510,48,453,TX,"Travis County",12,14,562
24,510,51,107,VA,"Loudoun County",12,20,665
24,510,06,071,CA,"San Bernardino Count",11,19,337
24,510,08,041,CO,"El Paso County",11,17,538
24,510,12,033,FL,"Escambia County",11,17,169
24,510,24,009,MD,"Calvert County",11,23,385
24,510,34,005,NJ,"Burlington County",11,19,368
24,510,34,007,NJ,"Camden County",11,16,1457
24,510,34,027,NJ,"Morris County",11,18,618
24,510,34,035,NJ,"Somerset County",11,17,543
24,510,36,119,NY,"Westchester County",11,11,962
24,510,37,155,NC,"Robeson County",11,26,183
24,510,51,041,VA,"Chesterfield County",11,15,259
24,510,51,700,VA,"Newport News",11,26,245
24,510,04,019,AZ,"Pima County",10,11,352
24,510,06,013,CA,"Contra Costa County",10,13,682
24,510,06,067,CA,"Sacramento County",10,11,170
24,510,12,115,FL,"Sarasota County",10,15,271
24,510,13,135,GA,"Gwinnett County",10,24,342
24,510,26,163,MI,"Wayne County",10,21,483
24,510,29,510,MO,"St Louis",10,11,312
24,510,42,011,PA,"Berks County",10,17,256
24,510,47,157,TN,"Shelby County",10,19,474
24,510,48,029,TX,"Bexar County",10,16,274
24,510,55,025,WI,"Dane County",10,13,327
24,510,55,079,WI,"Milwaukee County",10,16,197
24,510,58,000,SS,"Other Flows - Same State",23,46,788
24,510,59,000,DS,"Other Flows - Diff State",1465,2522,54188
24,510,59,001,DS,"Other Flows - Northeast",322,516,12495
24,510,59,003,DS,"Other Flows - Midwest",226,367,10297
24,510,59,005,DS,"Other Flows - South",759,1395,22092
24,510,59,007,DS,"Other Flows - West",158,244,9305
24,510,57,009,FR,"Foreign - Other flows",116,172,3352
